bot_guid	population_key	race_id	race_key	class_id	class_key	gender_id	gender_key	race_variant_key	profession_skill_ids
18281	active_random_rotation	5	undead	4	rogue	0	male		
18282	active_random_rotation	10	high_elf	1	warrior	1	female		
18283	active_random_rotation	3	dwarf	1	warrior	0	male		
18284	active_random_rotation	1	human	8	mage	1	female		
18285	active_random_rotation	10	high_elf	4	rogue	1	female		
18286	active_random_rotation	1	human	3	hunter	1	female		
18287	active_random_rotation	10	high_elf	3	hunter	0	male		
18288	active_random_rotation	7	gnome	4	rogue	1	female		
18289	active_random_rotation	9	goblin	3	hunter	0	male		
18533	active_random_rotation	9	goblin	8	mage	0	male		
18534	active_random_rotation	5	undead	8	mage	1	female		
18535	active_random_rotation	9	goblin	9	warlock	0	male		
18536	active_random_rotation	7	gnome	9	warlock	1	female		
18537	active_random_rotation	1	human	3	hunter	0	male		
18538	active_random_rotation	4	night_elf	11	druid	1	female		
18539	active_random_rotation	9	goblin	3	hunter	0	male		
18540	active_random_rotation	9	goblin	1	warrior	0	male		
18541	active_random_rotation	1	human	9	warlock	1	female		
18587	active_random_rotation	4	night_elf	1	warrior	1	female		
18588	active_random_rotation	1	human	3	hunter	0	male		
18589	active_random_rotation	1	human	3	hunter	1	female		
18590	active_random_rotation	9	goblin	4	rogue	1	female		
18591	active_random_rotation	9	goblin	1	warrior	0	male		
18592	active_random_rotation	10	high_elf	2	paladin	0	male		
18593	active_random_rotation	10	high_elf	2	paladin	1	female		
18594	active_random_rotation	9	goblin	3	hunter	1	female		
18595	active_random_rotation	9	goblin	8	mage	0	male		
19028	active_random_rotation	10	high_elf	4	rogue	0	male		
19029	active_random_rotation	6	tauren	3	hunter	1	female		
19030	active_random_rotation	4	night_elf	3	hunter	1	female		
19031	active_random_rotation	6	tauren	11	druid	0	male		
19032	active_random_rotation	7	gnome	1	warrior	1	female		
19033	active_random_rotation	3	dwarf	3	hunter	0	male		
19034	active_random_rotation	4	night_elf	3	hunter	1	female		
19035	active_random_rotation	10	high_elf	2	paladin	1	female		
19036	active_random_rotation	6	tauren	11	druid	0	male		
19127	active_random_rotation	9	goblin	1	warrior	0	male		
19128	active_random_rotation	10	high_elf	5	priest	1	female		
19129	active_random_rotation	10	high_elf	2	paladin	0	male		
19130	active_random_rotation	10	high_elf	4	rogue	1	female		
19131	active_random_rotation	4	night_elf	3	hunter	1	female		
19132	active_random_rotation	2	orc	3	hunter	1	female		
19133	active_random_rotation	5	undead	4	rogue	0	male		
19134	active_random_rotation	9	goblin	4	rogue	0	male		
19135	active_random_rotation	4	night_elf	5	priest	0	male		
19161	active_random_rotation	1	human	3	hunter	0	male		
19253	active_random_rotation	4	night_elf	4	rogue	0	male		
19254	active_random_rotation	10	high_elf	1	warrior	1	female		
19255	active_random_rotation	6	tauren	7	shaman	0	male		
19256	active_random_rotation	4	night_elf	4	rogue	1	female		
19257	active_random_rotation	10	high_elf	1	warrior	1	female		
19258	active_random_rotation	3	dwarf	3	hunter	1	female		
19259	active_random_rotation	9	goblin	9	warlock	0	male		
19260	active_random_rotation	10	high_elf	4	rogue	0	male		
19261	active_random_rotation	6	tauren	11	druid	1	female		
19316	active_random_rotation	10	high_elf	1	warrior	0	male		
19317	active_random_rotation	5	undead	9	warlock	0	male		
19318	active_random_rotation	2	orc	3	hunter	0	male		
19319	active_random_rotation	7	gnome	4	rogue	1	female		
19320	active_random_rotation	10	high_elf	4	rogue	1	female		
19321	active_random_rotation	6	tauren	3	hunter	1	female		
19322	active_random_rotation	2	orc	1	warrior	1	female		
19323	active_random_rotation	7	gnome	8	mage	1	female		
19324	active_random_rotation	10	high_elf	3	hunter	1	female		
20513	active_random_rotation	9	goblin	8	mage	1	female		
20514	active_random_rotation	10	high_elf	4	rogue	0	male		
20515	active_random_rotation	10	high_elf	1	warrior	0	male		
20516	active_random_rotation	9	goblin	8	mage	0	male		
20517	active_random_rotation	5	undead	4	rogue	1	female		
20518	active_random_rotation	6	tauren	7	shaman	0	male		
20519	active_random_rotation	10	high_elf	1	warrior	0	male		
20520	active_random_rotation	1	human	4	rogue	0	male		
20521	active_random_rotation	7	gnome	4	rogue	1	female		
20963	active_random_rotation	8	troll	7	shaman	0	male		
20964	active_random_rotation	10	high_elf	3	hunter	1	female		
20965	active_random_rotation	10	high_elf	3	hunter	0	male		
20966	active_random_rotation	5	undead	4	rogue	0	male		
20967	active_random_rotation	1	human	1	warrior	1	female		
20968	active_random_rotation	2	orc	3	hunter	1	female		
20969	active_random_rotation	5	undead	4	rogue	1	female		
20970	active_random_rotation	10	high_elf	3	hunter	1	female		
20971	active_random_rotation	2	orc	1	warrior	1	female		
22160	active_random_rotation	9	goblin	9	warlock	1	female		
22161	active_random_rotation	1	human	8	mage	1	female		
22162	active_random_rotation	10	high_elf	3	hunter	0	male		
22163	active_random_rotation	1	human	3	hunter	0	male		
22164	active_random_rotation	10	high_elf	8	mage	0	male		
22165	active_random_rotation	4	night_elf	4	rogue	1	female		
22166	active_random_rotation	7	gnome	4	rogue	1	female		
22167	active_random_rotation	5	undead	4	rogue	0	male		
22168	active_random_rotation	8	troll	5	priest	0	male		
22349	active_random_rotation	10	high_elf	2	paladin	1	female		
22350	active_random_rotation	10	high_elf	8	mage	0	male		
22351	active_random_rotation	1	human	2	paladin	0	male		
22352	active_random_rotation	10	high_elf	1	warrior	0	male		
22353	active_random_rotation	5	undead	9	warlock	0	male		
22354	active_random_rotation	9	goblin	3	hunter	1	female		
22355	active_random_rotation	9	goblin	1	warrior	0	male		
22356	active_random_rotation	1	human	3	hunter	1	female		
22357	active_random_rotation	8	troll	1	warrior	1	female		
17930	inactive_random_reserve	8	troll	5	priest	0	male		
17931	inactive_random_reserve	10	high_elf	1	warrior	0	male		
17932	inactive_random_reserve	6	tauren	7	shaman	1	female		
17933	inactive_random_reserve	10	high_elf	4	rogue	0	male		
17934	inactive_random_reserve	10	high_elf	2	paladin	0	male		
17935	inactive_random_reserve	6	tauren	7	shaman	0	male		
17936	inactive_random_reserve	7	gnome	8	mage	1	female		
17937	inactive_random_reserve	10	high_elf	2	paladin	0	male		
17938	inactive_random_reserve	10	high_elf	4	rogue	0	male		
17939	inactive_random_reserve	4	night_elf	3	hunter	0	male		
17940	inactive_random_reserve	1	human	9	warlock	1	female		
17941	inactive_random_reserve	5	undead	8	mage	1	female		
17942	inactive_random_reserve	10	high_elf	2	paladin	0	male		
17943	inactive_random_reserve	9	goblin	1	warrior	0	male		
17944	inactive_random_reserve	1	human	3	hunter	1	female		
17945	inactive_random_reserve	5	undead	4	rogue	1	female		
17946	inactive_random_reserve	8	troll	3	hunter	1	female		
17947	inactive_random_reserve	1	human	3	hunter	1	female		
17948	inactive_random_reserve	9	goblin	8	mage	0	male		
17949	inactive_random_reserve	1	human	3	hunter	0	male		
17950	inactive_random_reserve	4	night_elf	3	hunter	1	female		
17951	inactive_random_reserve	10	high_elf	3	hunter	0	male		
17952	inactive_random_reserve	2	orc	7	shaman	0	male		
17953	inactive_random_reserve	9	goblin	3	hunter	0	male		
17954	inactive_random_reserve	10	high_elf	5	priest	0	male		
17955	inactive_random_reserve	9	goblin	9	warlock	0	male		
17956	inactive_random_reserve	3	dwarf	3	hunter	1	female		
17957	inactive_random_reserve	4	night_elf	4	rogue	1	female		
17958	inactive_random_reserve	3	dwarf	3	hunter	0	male		
17959	inactive_random_reserve	1	human	2	paladin	1	female		
17960	inactive_random_reserve	8	troll	8	mage	0	male		
17961	inactive_random_reserve	1	human	3	hunter	0	male		
17962	inactive_random_reserve	4	night_elf	4	rogue	0	male		
17963	inactive_random_reserve	4	night_elf	5	priest	1	female		
17964	inactive_random_reserve	4	night_elf	4	rogue	0	male		
17965	inactive_random_reserve	9	goblin	4	rogue	1	female		
17966	inactive_random_reserve	1	human	9	warlock	1	female		
17967	inactive_random_reserve	6	tauren	1	warrior	0	male		
17968	inactive_random_reserve	10	high_elf	2	paladin	0	male		
17969	inactive_random_reserve	10	high_elf	4	rogue	1	female		
17970	inactive_random_reserve	10	high_elf	3	hunter	1	female		
17971	inactive_random_reserve	10	high_elf	5	priest	0	male		
17972	inactive_random_reserve	10	high_elf	2	paladin	1	female		
17973	inactive_random_reserve	5	undead	8	mage	1	female		
17974	inactive_random_reserve	10	high_elf	2	paladin	1	female		
17975	inactive_random_reserve	10	high_elf	1	warrior	1	female		
17976	inactive_random_reserve	10	high_elf	1	warrior	0	male		
17977	inactive_random_reserve	1	human	9	warlock	1	female		
17978	inactive_random_reserve	9	goblin	1	warrior	0	male		
17979	inactive_random_reserve	6	tauren	7	shaman	0	male		
17980	inactive_random_reserve	2	orc	9	warlock	1	female		
17981	inactive_random_reserve	9	goblin	9	warlock	1	female		
17982	inactive_random_reserve	10	high_elf	4	rogue	0	male		
17983	inactive_random_reserve	4	night_elf	4	rogue	1	female		
17984	inactive_random_reserve	9	goblin	3	hunter	1	female		
17985	inactive_random_reserve	9	goblin	8	mage	0	male		
17986	inactive_random_reserve	9	goblin	3	hunter	1	female		
17987	inactive_random_reserve	1	human	2	paladin	0	male		
17988	inactive_random_reserve	9	goblin	4	rogue	0	male		
17989	inactive_random_reserve	9	goblin	8	mage	1	female		
17990	inactive_random_reserve	5	undead	4	rogue	1	female		
17991	inactive_random_reserve	1	human	2	paladin	1	female		
17992	inactive_random_reserve	9	goblin	9	warlock	0	male		
17993	inactive_random_reserve	9	goblin	3	hunter	1	female		
17994	inactive_random_reserve	1	human	5	priest	0	male		
17995	inactive_random_reserve	10	high_elf	8	mage	0	male		
17996	inactive_random_reserve	10	high_elf	1	warrior	1	female		
17997	inactive_random_reserve	6	tauren	11	druid	0	male		
17998	inactive_random_reserve	10	high_elf	4	rogue	0	male		
17999	inactive_random_reserve	8	troll	7	shaman	0	male		
18000	inactive_random_reserve	9	goblin	8	mage	1	female		
18001	inactive_random_reserve	9	goblin	3	hunter	0	male		
18002	inactive_random_reserve	1	human	3	hunter	0	male		
18003	inactive_random_reserve	10	high_elf	2	paladin	1	female		
18004	inactive_random_reserve	2	orc	3	hunter	1	female		
18005	inactive_random_reserve	3	dwarf	2	paladin	1	female		
18006	inactive_random_reserve	6	tauren	11	druid	0	male		
18007	inactive_random_reserve	10	high_elf	4	rogue	1	female		
18008	inactive_random_reserve	4	night_elf	4	rogue	1	female		
18009	inactive_random_reserve	9	goblin	9	warlock	0	male		
18010	inactive_random_reserve	10	high_elf	3	hunter	1	female		
18011	inactive_random_reserve	9	goblin	1	warrior	0	male		
18012	inactive_random_reserve	10	high_elf	1	warrior	0	male		
18013	inactive_random_reserve	4	night_elf	3	hunter	1	female		
18014	inactive_random_reserve	10	high_elf	4	rogue	0	male		
18015	inactive_random_reserve	10	high_elf	2	paladin	0	male		
18016	inactive_random_reserve	1	human	2	paladin	0	male		
18017	inactive_random_reserve	10	high_elf	3	hunter	1	female		
18018	inactive_random_reserve	3	dwarf	5	priest	0	male		
18019	inactive_random_reserve	10	high_elf	8	mage	0	male		
18020	inactive_random_reserve	1	human	2	paladin	1	female		
18021	inactive_random_reserve	9	goblin	8	mage	1	female		
18022	inactive_random_reserve	2	orc	7	shaman	0	male		
18023	inactive_random_reserve	2	orc	1	warrior	0	male		
18024	inactive_random_reserve	1	human	9	warlock	0	male		
18025	inactive_random_reserve	1	human	8	mage	1	female		
18026	inactive_random_reserve	10	high_elf	4	rogue	0	male		
18027	inactive_random_reserve	10	high_elf	8	mage	0	male		
18028	inactive_random_reserve	10	high_elf	1	warrior	1	female		
18029	inactive_random_reserve	4	night_elf	11	druid	0	male		
18030	inactive_random_reserve	3	dwarf	1	warrior	1	female		
18031	inactive_random_reserve	9	goblin	9	warlock	1	female		
18032	inactive_random_reserve	4	night_elf	3	hunter	1	female		
18033	inactive_random_reserve	1	human	4	rogue	1	female		
18034	inactive_random_reserve	7	gnome	4	rogue	1	female		
18035	inactive_random_reserve	9	goblin	1	warrior	0	male		
18036	inactive_random_reserve	5	undead	1	warrior	0	male		
18037	inactive_random_reserve	10	high_elf	3	hunter	1	female		
18038	inactive_random_reserve	2	orc	7	shaman	1	female		
18039	inactive_random_reserve	4	night_elf	5	priest	1	female		
18040	inactive_random_reserve	5	undead	4	rogue	1	female		
18041	inactive_random_reserve	9	goblin	4	rogue	0	male		
18042	inactive_random_reserve	10	high_elf	1	warrior	0	male		
18043	inactive_random_reserve	3	dwarf	3	hunter	1	female		
18044	inactive_random_reserve	6	tauren	7	shaman	0	male		
18045	inactive_random_reserve	4	night_elf	4	rogue	0	male		
18046	inactive_random_reserve	10	high_elf	1	warrior	0	male		
18047	inactive_random_reserve	5	undead	8	mage	1	female		
18048	inactive_random_reserve	9	goblin	9	warlock	1	female		
18049	inactive_random_reserve	7	gnome	9	warlock	1	female		
18050	inactive_random_reserve	6	tauren	7	shaman	0	male		
18051	inactive_random_reserve	10	high_elf	5	priest	0	male		
18052	inactive_random_reserve	10	high_elf	5	priest	1	female		
18053	inactive_random_reserve	10	high_elf	8	mage	0	male		
18054	inactive_random_reserve	9	goblin	9	warlock	1	female		
18055	inactive_random_reserve	10	high_elf	5	priest	0	male		
18056	inactive_random_reserve	5	undead	8	mage	1	female		
18057	inactive_random_reserve	9	goblin	9	warlock	1	female		
18058	inactive_random_reserve	1	human	1	warrior	0	male		
18059	inactive_random_reserve	4	night_elf	11	druid	0	male		
18060	inactive_random_reserve	4	night_elf	3	hunter	1	female		
18061	inactive_random_reserve	9	goblin	4	rogue	0	male		
18062	inactive_random_reserve	3	dwarf	3	hunter	0	male		
18063	inactive_random_reserve	2	orc	7	shaman	0	male		
18064	inactive_random_reserve	9	goblin	8	mage	0	male		
18065	inactive_random_reserve	8	troll	7	shaman	1	female		
18066	inactive_random_reserve	9	goblin	8	mage	1	female		
18067	inactive_random_reserve	3	dwarf	5	priest	1	female		
18068	inactive_random_reserve	8	troll	7	shaman	0	male		
18069	inactive_random_reserve	10	high_elf	8	mage	1	female		
18070	inactive_random_reserve	4	night_elf	1	warrior	0	male		
18071	inactive_random_reserve	4	night_elf	5	priest	0	male		
18072	inactive_random_reserve	4	night_elf	3	hunter	1	female		
18073	inactive_random_reserve	1	human	3	hunter	0	male		
18074	inactive_random_reserve	7	gnome	9	warlock	1	female		
18075	inactive_random_reserve	10	high_elf	3	hunter	1	female		
18076	inactive_random_reserve	4	night_elf	4	rogue	0	male		
18077	inactive_random_reserve	1	human	4	rogue	1	female		
18078	inactive_random_reserve	5	undead	9	warlock	0	male		
18079	inactive_random_reserve	10	high_elf	2	paladin	0	male		
18080	inactive_random_reserve	4	night_elf	5	priest	1	female		
18081	inactive_random_reserve	9	goblin	4	rogue	1	female		
18082	inactive_random_reserve	5	undead	4	rogue	0	male		
18083	inactive_random_reserve	4	night_elf	3	hunter	0	male		
18084	inactive_random_reserve	1	human	3	hunter	0	male		
18085	inactive_random_reserve	10	high_elf	4	rogue	1	female		
18086	inactive_random_reserve	9	goblin	3	hunter	1	female		
18087	inactive_random_reserve	9	goblin	1	warrior	1	female		
18088	inactive_random_reserve	7	gnome	8	mage	1	female		
18089	inactive_random_reserve	10	high_elf	8	mage	1	female		
18090	inactive_random_reserve	9	goblin	8	mage	0	male		
18091	inactive_random_reserve	9	goblin	1	warrior	0	male		
18092	inactive_random_reserve	9	goblin	8	mage	1	female		
18093	inactive_random_reserve	10	high_elf	2	paladin	1	female		
18094	inactive_random_reserve	2	orc	9	warlock	1	female		
18095	inactive_random_reserve	5	undead	9	warlock	1	female		
18096	inactive_random_reserve	9	goblin	1	warrior	1	female		
18097	inactive_random_reserve	10	high_elf	3	hunter	0	male		
18098	inactive_random_reserve	9	goblin	8	mage	1	female		
18099	inactive_random_reserve	6	tauren	1	warrior	1	female		
18100	inactive_random_reserve	4	night_elf	4	rogue	1	female		
18101	inactive_random_reserve	10	high_elf	4	rogue	0	male		
18102	inactive_random_reserve	10	high_elf	3	hunter	0	male		
18103	inactive_random_reserve	10	high_elf	2	paladin	0	male		
18104	inactive_random_reserve	1	human	8	mage	1	female		
18105	inactive_random_reserve	10	high_elf	8	mage	0	male		
18106	inactive_random_reserve	5	undead	4	rogue	0	male		
18107	inactive_random_reserve	10	high_elf	8	mage	0	male		
18108	inactive_random_reserve	9	goblin	1	warrior	1	female		
18109	inactive_random_reserve	1	human	4	rogue	1	female		
18110	inactive_random_reserve	6	tauren	1	warrior	0	male		
18111	inactive_random_reserve	10	high_elf	2	paladin	1	female		
18112	inactive_random_reserve	9	goblin	8	mage	0	male		
18113	inactive_random_reserve	9	goblin	1	warrior	1	female		
18114	inactive_random_reserve	10	high_elf	8	mage	1	female		
18115	inactive_random_reserve	4	night_elf	3	hunter	0	male		
18116	inactive_random_reserve	1	human	4	rogue	0	male		
18117	inactive_random_reserve	10	high_elf	8	mage	0	male		
18118	inactive_random_reserve	8	troll	4	rogue	1	female		
18119	inactive_random_reserve	4	night_elf	3	hunter	0	male		
18120	inactive_random_reserve	10	high_elf	5	priest	1	female		
18121	inactive_random_reserve	10	high_elf	3	hunter	1	female		
18122	inactive_random_reserve	10	high_elf	5	priest	0	male		
18123	inactive_random_reserve	1	human	3	hunter	0	male		
18124	inactive_random_reserve	5	undead	8	mage	0	male		
18125	inactive_random_reserve	1	human	2	paladin	0	male		
18126	inactive_random_reserve	4	night_elf	11	druid	1	female		
18127	inactive_random_reserve	1	human	3	hunter	1	female		
18128	inactive_random_reserve	1	human	2	paladin	1	female		
18129	inactive_random_reserve	9	goblin	9	warlock	0	male		
18130	inactive_random_reserve	1	human	8	mage	0	male		
18131	inactive_random_reserve	9	goblin	3	hunter	0	male		
18132	inactive_random_reserve	7	gnome	4	rogue	1	female		
18133	inactive_random_reserve	10	high_elf	5	priest	1	female		
18134	inactive_random_reserve	9	goblin	8	mage	0	male		
18135	inactive_random_reserve	5	undead	5	priest	0	male		
18136	inactive_random_reserve	10	high_elf	4	rogue	1	female		
18137	inactive_random_reserve	10	high_elf	1	warrior	1	female		
18138	inactive_random_reserve	10	high_elf	4	rogue	1	female		
18139	inactive_random_reserve	1	human	5	priest	0	male		
18140	inactive_random_reserve	10	high_elf	4	rogue	1	female		
18141	inactive_random_reserve	1	human	2	paladin	1	female		
18142	inactive_random_reserve	2	orc	4	rogue	1	female		
18143	inactive_random_reserve	4	night_elf	3	hunter	0	male		
18144	inactive_random_reserve	1	human	1	warrior	0	male		
18145	inactive_random_reserve	10	high_elf	1	warrior	0	male		
18146	inactive_random_reserve	9	goblin	3	hunter	0	male		
18147	inactive_random_reserve	9	goblin	1	warrior	1	female		
18148	inactive_random_reserve	9	goblin	1	warrior	1	female		
18149	inactive_random_reserve	1	human	1	warrior	0	male		
18150	inactive_random_reserve	2	orc	7	shaman	1	female		
18151	inactive_random_reserve	1	human	3	hunter	0	male		
18152	inactive_random_reserve	1	human	1	warrior	1	female		
18153	inactive_random_reserve	2	orc	3	hunter	0	male		
18154	inactive_random_reserve	10	high_elf	5	priest	0	male		
18155	inactive_random_reserve	1	human	2	paladin	0	male		
18156	inactive_random_reserve	9	goblin	3	hunter	0	male		
18157	inactive_random_reserve	9	goblin	9	warlock	0	male		
18158	inactive_random_reserve	9	goblin	3	hunter	0	male		
18159	inactive_random_reserve	5	undead	4	rogue	1	female		
18160	inactive_random_reserve	10	high_elf	1	warrior	1	female		
18161	inactive_random_reserve	10	high_elf	2	paladin	1	female		
18162	inactive_random_reserve	6	tauren	3	hunter	0	male		
18163	inactive_random_reserve	9	goblin	1	warrior	1	female		
18164	inactive_random_reserve	10	high_elf	2	paladin	0	male		
18165	inactive_random_reserve	5	undead	4	rogue	1	female		
18166	inactive_random_reserve	5	undead	4	rogue	1	female		
18167	inactive_random_reserve	1	human	2	paladin	1	female		
18168	inactive_random_reserve	5	undead	9	warlock	1	female		
18169	inactive_random_reserve	1	human	2	paladin	0	male		
18170	inactive_random_reserve	10	high_elf	8	mage	1	female		
18171	inactive_random_reserve	9	goblin	3	hunter	1	female		
18172	inactive_random_reserve	2	orc	1	warrior	0	male		
18173	inactive_random_reserve	6	tauren	7	shaman	1	female		
18174	inactive_random_reserve	10	high_elf	4	rogue	1	female		
18175	inactive_random_reserve	6	tauren	7	shaman	1	female		
18176	inactive_random_reserve	10	high_elf	5	priest	1	female		
18177	inactive_random_reserve	10	high_elf	5	priest	0	male		
18178	inactive_random_reserve	10	high_elf	2	paladin	1	female		
18179	inactive_random_reserve	4	night_elf	4	rogue	0	male		
18180	inactive_random_reserve	1	human	8	mage	1	female		
18181	inactive_random_reserve	9	goblin	3	hunter	0	male		
18182	inactive_random_reserve	2	orc	9	warlock	1	female		
18183	inactive_random_reserve	8	troll	3	hunter	1	female		
18184	inactive_random_reserve	6	tauren	11	druid	1	female		
18185	inactive_random_reserve	9	goblin	3	hunter	0	male		
18186	inactive_random_reserve	9	goblin	4	rogue	0	male		
18187	inactive_random_reserve	1	human	4	rogue	1	female		
18188	inactive_random_reserve	4	night_elf	11	druid	0	male		
18189	inactive_random_reserve	1	human	1	warrior	1	female		
18190	inactive_random_reserve	10	high_elf	5	priest	1	female		
18191	inactive_random_reserve	6	tauren	1	warrior	1	female		
18192	inactive_random_reserve	9	goblin	1	warrior	0	male		
18193	inactive_random_reserve	1	human	5	priest	0	male		
18194	inactive_random_reserve	6	tauren	7	shaman	1	female		
18195	inactive_random_reserve	10	high_elf	5	priest	0	male		
18196	inactive_random_reserve	9	goblin	4	rogue	0	male		
18197	inactive_random_reserve	2	orc	1	warrior	0	male		
18198	inactive_random_reserve	9	goblin	3	hunter	0	male		
18199	inactive_random_reserve	9	goblin	1	warrior	1	female		
18200	inactive_random_reserve	1	human	5	priest	0	male		
18201	inactive_random_reserve	10	high_elf	5	priest	1	female		
18202	inactive_random_reserve	6	tauren	11	druid	1	female		
18203	inactive_random_reserve	9	goblin	3	hunter	0	male		
18204	inactive_random_reserve	2	orc	7	shaman	1	female		
18205	inactive_random_reserve	9	goblin	1	warrior	0	male		
18206	inactive_random_reserve	1	human	3	hunter	1	female		
18207	inactive_random_reserve	1	human	2	paladin	1	female		
18208	inactive_random_reserve	10	high_elf	8	mage	1	female		
18209	inactive_random_reserve	1	human	9	warlock	0	male		
18210	inactive_random_reserve	9	goblin	1	warrior	0	male		
18211	inactive_random_reserve	1	human	3	hunter	0	male		
18212	inactive_random_reserve	4	night_elf	11	druid	1	female		
18213	inactive_random_reserve	4	night_elf	1	warrior	1	female		
18214	inactive_random_reserve	9	goblin	1	warrior	1	female		
18215	inactive_random_reserve	10	high_elf	5	priest	1	female		
18216	inactive_random_reserve	6	tauren	7	shaman	0	male		
18217	inactive_random_reserve	9	goblin	1	warrior	0	male		
18218	inactive_random_reserve	10	high_elf	2	paladin	0	male		
18219	inactive_random_reserve	4	night_elf	4	rogue	1	female		
18220	inactive_random_reserve	10	high_elf	1	warrior	1	female		
18221	inactive_random_reserve	9	goblin	9	warlock	1	female		
18222	inactive_random_reserve	9	goblin	3	hunter	1	female		
18223	inactive_random_reserve	10	high_elf	4	rogue	0	male		
18224	inactive_random_reserve	9	goblin	8	mage	1	female		
18225	inactive_random_reserve	2	orc	4	rogue	0	male		
18226	inactive_random_reserve	4	night_elf	11	druid	0	male		
18227	inactive_random_reserve	4	night_elf	11	druid	0	male		
18228	inactive_random_reserve	4	night_elf	3	hunter	1	female		
18229	inactive_random_reserve	4	night_elf	1	warrior	1	female		
18230	inactive_random_reserve	10	high_elf	1	warrior	0	male		
18231	inactive_random_reserve	10	high_elf	2	paladin	0	male		
18232	inactive_random_reserve	1	human	2	paladin	1	female		
18233	inactive_random_reserve	9	goblin	1	warrior	0	male		
18234	inactive_random_reserve	1	human	2	paladin	0	male		
18235	inactive_random_reserve	9	goblin	3	hunter	1	female		
18236	inactive_random_reserve	5	undead	1	warrior	1	female		
18237	inactive_random_reserve	4	night_elf	1	warrior	0	male		
18238	inactive_random_reserve	9	goblin	8	mage	0	male		
18239	inactive_random_reserve	10	high_elf	8	mage	0	male		
18240	inactive_random_reserve	10	high_elf	8	mage	1	female		
18241	inactive_random_reserve	10	high_elf	2	paladin	1	female		
18242	inactive_random_reserve	10	high_elf	8	mage	0	male		
18243	inactive_random_reserve	9	goblin	9	warlock	0	male		
18244	inactive_random_reserve	4	night_elf	3	hunter	1	female		
18245	inactive_random_reserve	6	tauren	7	shaman	0	male		
18246	inactive_random_reserve	10	high_elf	5	priest	1	female		
18247	inactive_random_reserve	1	human	9	warlock	1	female		
18248	inactive_random_reserve	5	undead	8	mage	1	female		
18249	inactive_random_reserve	10	high_elf	2	paladin	0	male		
18250	inactive_random_reserve	4	night_elf	4	rogue	0	male		
18251	inactive_random_reserve	1	human	3	hunter	1	female		
18252	inactive_random_reserve	4	night_elf	3	hunter	0	male		
18253	inactive_random_reserve	1	human	8	mage	0	male		
18254	inactive_random_reserve	9	goblin	9	warlock	0	male		
18255	inactive_random_reserve	1	human	1	warrior	1	female		
18256	inactive_random_reserve	9	goblin	3	hunter	1	female		
18257	inactive_random_reserve	10	high_elf	8	mage	1	female		
18258	inactive_random_reserve	6	tauren	3	hunter	0	male		
18259	inactive_random_reserve	10	high_elf	4	rogue	1	female		
18260	inactive_random_reserve	9	goblin	8	mage	1	female		
18261	inactive_random_reserve	10	high_elf	1	warrior	1	female		
18262	inactive_random_reserve	10	high_elf	1	warrior	1	female		
18263	inactive_random_reserve	9	goblin	4	rogue	0	male		
18264	inactive_random_reserve	9	goblin	4	rogue	1	female		
18265	inactive_random_reserve	5	undead	5	priest	0	male		
18266	inactive_random_reserve	8	troll	4	rogue	0	male		
18267	inactive_random_reserve	9	goblin	4	rogue	1	female		
18268	inactive_random_reserve	9	goblin	8	mage	0	male		
18269	inactive_random_reserve	9	goblin	9	warlock	1	female		
18270	inactive_random_reserve	9	goblin	1	warrior	1	female		
18271	inactive_random_reserve	2	orc	7	shaman	0	male		
18272	inactive_random_reserve	9	goblin	4	rogue	0	male		
18273	inactive_random_reserve	1	human	9	warlock	0	male		
18274	inactive_random_reserve	10	high_elf	4	rogue	1	female		
18275	inactive_random_reserve	1	human	2	paladin	0	male		
18276	inactive_random_reserve	5	undead	1	warrior	1	female		
18277	inactive_random_reserve	9	goblin	8	mage	1	female		
18278	inactive_random_reserve	4	night_elf	3	hunter	0	male		
18279	inactive_random_reserve	3	dwarf	2	paladin	1	female		
18280	inactive_random_reserve	10	high_elf	8	mage	1	female		
18290	inactive_random_reserve	9	goblin	3	hunter	0	male		
18291	inactive_random_reserve	4	night_elf	3	hunter	0	male		
18292	inactive_random_reserve	4	night_elf	4	rogue	1	female		
18293	inactive_random_reserve	9	goblin	4	rogue	0	male		
18294	inactive_random_reserve	9	goblin	3	hunter	0	male		
18295	inactive_random_reserve	1	human	8	mage	1	female		
18296	inactive_random_reserve	4	night_elf	11	druid	0	male		
18297	inactive_random_reserve	9	goblin	3	hunter	0	male		
18298	inactive_random_reserve	4	night_elf	3	hunter	0	male		
18299	inactive_random_reserve	2	orc	9	warlock	1	female		
18300	inactive_random_reserve	1	human	3	hunter	1	female		
18301	inactive_random_reserve	10	high_elf	1	warrior	1	female		
18302	inactive_random_reserve	1	human	3	hunter	0	male		
18303	inactive_random_reserve	5	undead	4	rogue	0	male		
18304	inactive_random_reserve	5	undead	4	rogue	1	female		
18305	inactive_random_reserve	5	undead	8	mage	0	male		
18306	inactive_random_reserve	9	goblin	1	warrior	0	male		
18307	inactive_random_reserve	9	goblin	1	warrior	0	male		
18308	inactive_random_reserve	2	orc	1	warrior	0	male		
18309	inactive_random_reserve	4	night_elf	5	priest	1	female		
18310	inactive_random_reserve	10	high_elf	3	hunter	0	male		
18311	inactive_random_reserve	7	gnome	8	mage	1	female		
18312	inactive_random_reserve	10	high_elf	3	hunter	1	female		
18313	inactive_random_reserve	9	goblin	3	hunter	0	male		
18314	inactive_random_reserve	10	high_elf	4	rogue	1	female		
18315	inactive_random_reserve	4	night_elf	4	rogue	0	male		
18316	inactive_random_reserve	5	undead	8	mage	0	male		
18317	inactive_random_reserve	4	night_elf	1	warrior	0	male		
18318	inactive_random_reserve	9	goblin	8	mage	0	male		
18319	inactive_random_reserve	2	orc	1	warrior	1	female		
18320	inactive_random_reserve	10	high_elf	4	rogue	0	male		
18321	inactive_random_reserve	9	goblin	8	mage	0	male		
18322	inactive_random_reserve	10	high_elf	5	priest	1	female		
18323	inactive_random_reserve	10	high_elf	2	paladin	0	male		
18324	inactive_random_reserve	10	high_elf	8	mage	1	female		
18325	inactive_random_reserve	10	high_elf	8	mage	0	male		
18326	inactive_random_reserve	5	undead	9	warlock	0	male		
18327	inactive_random_reserve	1	human	2	paladin	0	male		
18328	inactive_random_reserve	10	high_elf	5	priest	1	female		
18329	inactive_random_reserve	10	high_elf	5	priest	0	male		
18330	inactive_random_reserve	9	goblin	4	rogue	0	male		
18331	inactive_random_reserve	9	goblin	8	mage	1	female		
18332	inactive_random_reserve	3	dwarf	2	paladin	1	female		
18333	inactive_random_reserve	10	high_elf	3	hunter	0	male		
18334	inactive_random_reserve	1	human	4	rogue	1	female		
18335	inactive_random_reserve	1	human	9	warlock	0	male		
18336	inactive_random_reserve	9	goblin	9	warlock	1	female		
18337	inactive_random_reserve	10	high_elf	2	paladin	0	male		
18338	inactive_random_reserve	9	goblin	1	warrior	1	female		
18339	inactive_random_reserve	6	tauren	1	warrior	1	female		
18340	inactive_random_reserve	10	high_elf	5	priest	0	male		
18341	inactive_random_reserve	3	dwarf	2	paladin	0	male		
18342	inactive_random_reserve	4	night_elf	11	druid	1	female		
18343	inactive_random_reserve	10	high_elf	3	hunter	0	male		
18344	inactive_random_reserve	3	dwarf	2	paladin	0	male		
18345	inactive_random_reserve	1	human	3	hunter	1	female		
18346	inactive_random_reserve	10	high_elf	4	rogue	0	male		
18347	inactive_random_reserve	4	night_elf	3	hunter	1	female		
18348	inactive_random_reserve	10	high_elf	5	priest	0	male		
18349	inactive_random_reserve	5	undead	4	rogue	1	female		
18350	inactive_random_reserve	10	high_elf	3	hunter	1	female		
18351	inactive_random_reserve	9	goblin	4	rogue	0	male		
18352	inactive_random_reserve	9	goblin	9	warlock	1	female		
18353	inactive_random_reserve	1	human	2	paladin	1	female		
18354	inactive_random_reserve	4	night_elf	4	rogue	0	male		
18355	inactive_random_reserve	6	tauren	7	shaman	0	male		
18356	inactive_random_reserve	9	goblin	9	warlock	0	male		
18357	inactive_random_reserve	4	night_elf	3	hunter	1	female		
18358	inactive_random_reserve	5	undead	4	rogue	0	male		
18359	inactive_random_reserve	10	high_elf	4	rogue	1	female		
18360	inactive_random_reserve	9	goblin	8	mage	0	male		
18361	inactive_random_reserve	4	night_elf	5	priest	0	male		
18362	inactive_random_reserve	1	human	8	mage	0	male		
18363	inactive_random_reserve	7	gnome	8	mage	1	female		
18364	inactive_random_reserve	4	night_elf	3	hunter	1	female		
18365	inactive_random_reserve	9	goblin	8	mage	0	male		
18366	inactive_random_reserve	3	dwarf	3	hunter	0	male		
18367	inactive_random_reserve	3	dwarf	1	warrior	0	male		
18368	inactive_random_reserve	9	goblin	3	hunter	1	female		
18369	inactive_random_reserve	10	high_elf	4	rogue	0	male		
18370	inactive_random_reserve	10	high_elf	4	rogue	1	female		
18371	inactive_random_reserve	9	goblin	4	rogue	0	male		
18372	inactive_random_reserve	1	human	3	hunter	0	male		
18373	inactive_random_reserve	2	orc	1	warrior	1	female		
18374	inactive_random_reserve	9	goblin	8	mage	1	female		
18375	inactive_random_reserve	1	human	2	paladin	1	female		
18376	inactive_random_reserve	1	human	2	paladin	1	female		
18377	inactive_random_reserve	3	dwarf	3	hunter	0	male		
18378	inactive_random_reserve	4	night_elf	11	druid	1	female		
18379	inactive_random_reserve	4	night_elf	3	hunter	1	female		
18380	inactive_random_reserve	9	goblin	3	hunter	1	female		
18381	inactive_random_reserve	3	dwarf	2	paladin	0	male		
18382	inactive_random_reserve	9	goblin	9	warlock	1	female		
18383	inactive_random_reserve	1	human	3	hunter	1	female		
18384	inactive_random_reserve	9	goblin	4	rogue	1	female		
18385	inactive_random_reserve	1	human	2	paladin	1	female		
18386	inactive_random_reserve	9	goblin	1	warrior	0	male		
18387	inactive_random_reserve	5	undead	8	mage	0	male		
18388	inactive_random_reserve	3	dwarf	3	hunter	1	female		
18389	inactive_random_reserve	9	goblin	9	warlock	1	female		
18390	inactive_random_reserve	1	human	5	priest	1	female		
18391	inactive_random_reserve	10	high_elf	3	hunter	0	male		
18392	inactive_random_reserve	9	goblin	4	rogue	0	male		
18393	inactive_random_reserve	8	troll	4	rogue	1	female		
18394	inactive_random_reserve	10	high_elf	4	rogue	0	male		
18395	inactive_random_reserve	10	high_elf	2	paladin	1	female		
18396	inactive_random_reserve	1	human	5	priest	0	male		
18397	inactive_random_reserve	4	night_elf	11	druid	0	male		
18398	inactive_random_reserve	9	goblin	1	warrior	0	male		
18399	inactive_random_reserve	9	goblin	3	hunter	0	male		
18400	inactive_random_reserve	10	high_elf	4	rogue	1	female		
18401	inactive_random_reserve	8	troll	7	shaman	0	male		
18402	inactive_random_reserve	5	undead	8	mage	1	female		
18403	inactive_random_reserve	9	goblin	9	warlock	1	female		
18404	inactive_random_reserve	10	high_elf	1	warrior	0	male		
18405	inactive_random_reserve	1	human	3	hunter	1	female		
18406	inactive_random_reserve	10	high_elf	1	warrior	1	female		
18407	inactive_random_reserve	1	human	1	warrior	0	male		
18408	inactive_random_reserve	3	dwarf	1	warrior	1	female		
18409	inactive_random_reserve	9	goblin	8	mage	0	male		
18410	inactive_random_reserve	9	goblin	9	warlock	1	female		
18411	inactive_random_reserve	4	night_elf	4	rogue	0	male		
18412	inactive_random_reserve	9	goblin	9	warlock	0	male		
18413	inactive_random_reserve	1	human	5	priest	1	female		
18414	inactive_random_reserve	7	gnome	8	mage	1	female		
18415	inactive_random_reserve	1	human	2	paladin	1	female		
18416	inactive_random_reserve	3	dwarf	4	rogue	1	female		
18417	inactive_random_reserve	9	goblin	4	rogue	1	female		
18418	inactive_random_reserve	6	tauren	1	warrior	0	male		
18419	inactive_random_reserve	10	high_elf	4	rogue	1	female		
18420	inactive_random_reserve	10	high_elf	3	hunter	1	female		
18421	inactive_random_reserve	8	troll	4	rogue	0	male		
18422	inactive_random_reserve	3	dwarf	5	priest	1	female		
18423	inactive_random_reserve	10	high_elf	1	warrior	1	female		
18424	inactive_random_reserve	9	goblin	1	warrior	1	female		
18425	inactive_random_reserve	1	human	2	paladin	1	female		
18426	inactive_random_reserve	5	undead	1	warrior	1	female		
18427	inactive_random_reserve	6	tauren	7	shaman	1	female		
18428	inactive_random_reserve	4	night_elf	11	druid	0	male		
18429	inactive_random_reserve	9	goblin	3	hunter	1	female		
18430	inactive_random_reserve	2	orc	3	hunter	0	male		
18431	inactive_random_reserve	8	troll	7	shaman	0	male		
18432	inactive_random_reserve	1	human	5	priest	1	female		
18433	inactive_random_reserve	5	undead	8	mage	1	female		
18434	inactive_random_reserve	4	night_elf	11	druid	1	female		
18435	inactive_random_reserve	10	high_elf	5	priest	0	male		
18436	inactive_random_reserve	1	human	2	paladin	0	male		
18437	inactive_random_reserve	6	tauren	7	shaman	0	male		
18438	inactive_random_reserve	9	goblin	1	warrior	0	male		
18439	inactive_random_reserve	10	high_elf	1	warrior	0	male		
18440	inactive_random_reserve	7	gnome	8	mage	1	female		
18441	inactive_random_reserve	5	undead	9	warlock	1	female		
18442	inactive_random_reserve	1	human	8	mage	1	female		
18443	inactive_random_reserve	1	human	3	hunter	1	female		
18444	inactive_random_reserve	6	tauren	1	warrior	0	male		
18445	inactive_random_reserve	9	goblin	1	warrior	0	male		
18446	inactive_random_reserve	9	goblin	3	hunter	0	male		
18447	inactive_random_reserve	3	dwarf	3	hunter	1	female		
18448	inactive_random_reserve	9	goblin	1	warrior	0	male		
18449	inactive_random_reserve	1	human	3	hunter	0	male		
18450	inactive_random_reserve	10	high_elf	5	priest	1	female		
18451	inactive_random_reserve	5	undead	1	warrior	1	female		
18452	inactive_random_reserve	7	gnome	9	warlock	1	female		
18453	inactive_random_reserve	6	tauren	7	shaman	1	female		
18454	inactive_random_reserve	4	night_elf	11	druid	1	female		
18455	inactive_random_reserve	6	tauren	7	shaman	1	female		
18456	inactive_random_reserve	6	tauren	7	shaman	1	female		
18457	inactive_random_reserve	3	dwarf	5	priest	1	female		
18458	inactive_random_reserve	9	goblin	1	warrior	1	female		
18459	inactive_random_reserve	1	human	4	rogue	1	female		
18460	inactive_random_reserve	9	goblin	9	warlock	1	female		
18461	inactive_random_reserve	10	high_elf	5	priest	1	female		
18462	inactive_random_reserve	9	goblin	4	rogue	0	male		
18463	inactive_random_reserve	1	human	2	paladin	1	female		
18464	inactive_random_reserve	4	night_elf	5	priest	1	female		
18465	inactive_random_reserve	10	high_elf	2	paladin	0	male		
18466	inactive_random_reserve	10	high_elf	5	priest	1	female		
18467	inactive_random_reserve	1	human	3	hunter	1	female		
18468	inactive_random_reserve	8	troll	7	shaman	0	male		
18469	inactive_random_reserve	4	night_elf	4	rogue	0	male		
18470	inactive_random_reserve	2	orc	4	rogue	0	male		
18471	inactive_random_reserve	9	goblin	9	warlock	1	female		
18472	inactive_random_reserve	9	goblin	1	warrior	1	female		
18473	inactive_random_reserve	9	goblin	8	mage	1	female		
18474	inactive_random_reserve	10	high_elf	2	paladin	0	male		
18475	inactive_random_reserve	4	night_elf	1	warrior	1	female		
18476	inactive_random_reserve	10	high_elf	8	mage	1	female		
18477	inactive_random_reserve	9	goblin	4	rogue	1	female		
18478	inactive_random_reserve	6	tauren	1	warrior	0	male		
18479	inactive_random_reserve	9	goblin	3	hunter	0	male		
18480	inactive_random_reserve	10	high_elf	4	rogue	1	female		
18481	inactive_random_reserve	10	high_elf	1	warrior	0	male		
18482	inactive_random_reserve	6	tauren	1	warrior	1	female		
18483	inactive_random_reserve	7	gnome	9	warlock	0	male		
18484	inactive_random_reserve	9	goblin	8	mage	0	male		
18485	inactive_random_reserve	6	tauren	7	shaman	0	male		
18486	inactive_random_reserve	1	human	2	paladin	1	female		
18487	inactive_random_reserve	3	dwarf	2	paladin	1	female		
18488	inactive_random_reserve	9	goblin	1	warrior	1	female		
18489	inactive_random_reserve	10	high_elf	3	hunter	1	female		
18490	inactive_random_reserve	10	high_elf	1	warrior	0	male		
18491	inactive_random_reserve	4	night_elf	3	hunter	0	male		
18492	inactive_random_reserve	10	high_elf	3	hunter	1	female		
18493	inactive_random_reserve	5	undead	1	warrior	1	female		
18494	inactive_random_reserve	9	goblin	9	warlock	0	male		
18495	inactive_random_reserve	1	human	2	paladin	1	female		
18496	inactive_random_reserve	10	high_elf	1	warrior	1	female		
18497	inactive_random_reserve	10	high_elf	4	rogue	0	male		
18498	inactive_random_reserve	10	high_elf	5	priest	0	male		
18499	inactive_random_reserve	8	troll	3	hunter	0	male		
18500	inactive_random_reserve	9	goblin	4	rogue	0	male		
18501	inactive_random_reserve	2	orc	3	hunter	0	male		
18502	inactive_random_reserve	3	dwarf	2	paladin	0	male		
18503	inactive_random_reserve	9	goblin	1	warrior	1	female		
18504	inactive_random_reserve	4	night_elf	11	druid	1	female		
18505	inactive_random_reserve	9	goblin	3	hunter	0	male		
18506	inactive_random_reserve	10	high_elf	4	rogue	0	male		
18507	inactive_random_reserve	6	tauren	1	warrior	0	male		
18508	inactive_random_reserve	5	undead	4	rogue	0	male		
18509	inactive_random_reserve	10	high_elf	4	rogue	1	female		
18510	inactive_random_reserve	9	goblin	9	warlock	1	female		
18511	inactive_random_reserve	10	high_elf	5	priest	0	male		
18512	inactive_random_reserve	1	human	3	hunter	1	female		
18513	inactive_random_reserve	9	goblin	4	rogue	1	female		
18514	inactive_random_reserve	8	troll	4	rogue	0	male		
18515	inactive_random_reserve	8	troll	4	rogue	0	male		
18516	inactive_random_reserve	1	human	8	mage	1	female		
18517	inactive_random_reserve	4	night_elf	4	rogue	0	male		
18518	inactive_random_reserve	9	goblin	3	hunter	0	male		
18519	inactive_random_reserve	1	human	9	warlock	1	female		
18520	inactive_random_reserve	4	night_elf	3	hunter	0	male		
18521	inactive_random_reserve	3	dwarf	3	hunter	1	female		
18522	inactive_random_reserve	1	human	2	paladin	1	female		
18523	inactive_random_reserve	8	troll	4	rogue	0	male		
18524	inactive_random_reserve	1	human	8	mage	1	female		
18525	inactive_random_reserve	4	night_elf	4	rogue	0	male		
18526	inactive_random_reserve	10	high_elf	5	priest	0	male		
18527	inactive_random_reserve	9	goblin	8	mage	0	male		
18528	inactive_random_reserve	9	goblin	1	warrior	1	female		
18529	inactive_random_reserve	1	human	1	warrior	1	female		
18530	inactive_random_reserve	5	undead	1	warrior	1	female		
18531	inactive_random_reserve	4	night_elf	5	priest	1	female		
18532	inactive_random_reserve	9	goblin	1	warrior	0	male		
18542	inactive_random_reserve	2	orc	1	warrior	0	male		
18543	inactive_random_reserve	9	goblin	3	hunter	0	male		
18544	inactive_random_reserve	10	high_elf	1	warrior	1	female		
18545	inactive_random_reserve	9	goblin	3	hunter	1	female		
18546	inactive_random_reserve	9	goblin	1	warrior	0	male		
18547	inactive_random_reserve	1	human	3	hunter	1	female		
18548	inactive_random_reserve	9	goblin	8	mage	1	female		
18549	inactive_random_reserve	4	night_elf	4	rogue	0	male		
18550	inactive_random_reserve	9	goblin	1	warrior	1	female		
18551	inactive_random_reserve	10	high_elf	8	mage	0	male		
18552	inactive_random_reserve	10	high_elf	5	priest	0	male		
18553	inactive_random_reserve	2	orc	4	rogue	0	male		
18554	inactive_random_reserve	9	goblin	8	mage	0	male		
18555	inactive_random_reserve	10	high_elf	3	hunter	0	male		
18556	inactive_random_reserve	1	human	2	paladin	0	male		
18557	inactive_random_reserve	9	goblin	8	mage	1	female		
18558	inactive_random_reserve	10	high_elf	2	paladin	0	male		
18559	inactive_random_reserve	10	high_elf	2	paladin	0	male		
18560	inactive_random_reserve	9	goblin	9	warlock	0	male		
18561	inactive_random_reserve	9	goblin	8	mage	0	male		
18562	inactive_random_reserve	10	high_elf	4	rogue	0	male		
18563	inactive_random_reserve	3	dwarf	3	hunter	1	female		
18564	inactive_random_reserve	5	undead	1	warrior	0	male		
18565	inactive_random_reserve	9	goblin	1	warrior	1	female		
18566	inactive_random_reserve	5	undead	9	warlock	1	female		
18567	inactive_random_reserve	4	night_elf	5	priest	1	female		
18568	inactive_random_reserve	10	high_elf	2	paladin	1	female		
18569	inactive_random_reserve	1	human	1	warrior	0	male		
18570	inactive_random_reserve	10	high_elf	8	mage	1	female		
18571	inactive_random_reserve	9	goblin	9	warlock	1	female		
18572	inactive_random_reserve	3	dwarf	3	hunter	1	female		
18573	inactive_random_reserve	1	human	3	hunter	0	male		
18574	inactive_random_reserve	9	goblin	3	hunter	0	male		
18575	inactive_random_reserve	9	goblin	8	mage	1	female		
18576	inactive_random_reserve	6	tauren	3	hunter	1	female		
18577	inactive_random_reserve	10	high_elf	8	mage	0	male		
18578	inactive_random_reserve	2	orc	7	shaman	0	male		
18579	inactive_random_reserve	5	undead	5	priest	1	female		
18580	inactive_random_reserve	6	tauren	7	shaman	1	female		
18581	inactive_random_reserve	1	human	3	hunter	0	male		
18582	inactive_random_reserve	8	troll	8	mage	1	female		
18583	inactive_random_reserve	8	troll	3	hunter	1	female		
18584	inactive_random_reserve	10	high_elf	1	warrior	1	female		
18585	inactive_random_reserve	9	goblin	1	warrior	1	female		
18586	inactive_random_reserve	3	dwarf	3	hunter	1	female		
18596	inactive_random_reserve	9	goblin	9	warlock	0	male		
18597	inactive_random_reserve	9	goblin	9	warlock	0	male		
18598	inactive_random_reserve	10	high_elf	2	paladin	1	female		
18599	inactive_random_reserve	1	human	4	rogue	0	male		
18600	inactive_random_reserve	4	night_elf	4	rogue	1	female		
18601	inactive_random_reserve	1	human	1	warrior	0	male		
18602	inactive_random_reserve	10	high_elf	3	hunter	1	female		
18603	inactive_random_reserve	10	high_elf	1	warrior	0	male		
18604	inactive_random_reserve	1	human	3	hunter	1	female		
18605	inactive_random_reserve	6	tauren	3	hunter	1	female		
18606	inactive_random_reserve	9	goblin	8	mage	1	female		
18607	inactive_random_reserve	9	goblin	8	mage	0	male		
18608	inactive_random_reserve	10	high_elf	3	hunter	0	male		
18609	inactive_random_reserve	2	orc	1	warrior	1	female		
18610	inactive_random_reserve	10	high_elf	2	paladin	1	female		
18611	inactive_random_reserve	2	orc	7	shaman	0	male		
18612	inactive_random_reserve	9	goblin	3	hunter	0	male		
18613	inactive_random_reserve	3	dwarf	2	paladin	1	female		
18614	inactive_random_reserve	1	human	1	warrior	1	female		
18615	inactive_random_reserve	9	goblin	9	warlock	1	female		
18616	inactive_random_reserve	3	dwarf	3	hunter	0	male		
18617	inactive_random_reserve	10	high_elf	3	hunter	0	male		
18618	inactive_random_reserve	10	high_elf	5	priest	1	female		
18619	inactive_random_reserve	10	high_elf	2	paladin	1	female		
18620	inactive_random_reserve	2	orc	4	rogue	0	male		
18621	inactive_random_reserve	10	high_elf	8	mage	1	female		
18622	inactive_random_reserve	10	high_elf	5	priest	1	female		
18623	inactive_random_reserve	1	human	2	paladin	0	male		
18624	inactive_random_reserve	9	goblin	1	warrior	0	male		
18625	inactive_random_reserve	6	tauren	11	druid	1	female		
18626	inactive_random_reserve	2	orc	4	rogue	1	female		
18627	inactive_random_reserve	1	human	4	rogue	1	female		
18628	inactive_random_reserve	1	human	2	paladin	1	female		
18629	inactive_random_reserve	9	goblin	1	warrior	0	male		
18630	inactive_random_reserve	9	goblin	8	mage	1	female		
18631	inactive_random_reserve	8	troll	4	rogue	0	male		
18632	inactive_random_reserve	4	night_elf	4	rogue	0	male		
18633	inactive_random_reserve	1	human	9	warlock	1	female		
18634	inactive_random_reserve	9	goblin	8	mage	0	male		
18635	inactive_random_reserve	10	high_elf	3	hunter	1	female		
18636	inactive_random_reserve	1	human	3	hunter	0	male		
18637	inactive_random_reserve	9	goblin	8	mage	1	female		
18638	inactive_random_reserve	10	high_elf	1	warrior	1	female		
18639	inactive_random_reserve	5	undead	9	warlock	0	male		
18640	inactive_random_reserve	1	human	9	warlock	0	male		
18641	inactive_random_reserve	10	high_elf	4	rogue	0	male		
18642	inactive_random_reserve	1	human	9	warlock	0	male		
18643	inactive_random_reserve	9	goblin	4	rogue	1	female		
18644	inactive_random_reserve	4	night_elf	11	druid	1	female		
18645	inactive_random_reserve	10	high_elf	5	priest	1	female		
18646	inactive_random_reserve	9	goblin	4	rogue	1	female		
18647	inactive_random_reserve	4	night_elf	3	hunter	0	male		
18648	inactive_random_reserve	10	high_elf	5	priest	0	male		
18649	inactive_random_reserve	10	high_elf	2	paladin	1	female		
18650	inactive_random_reserve	6	tauren	3	hunter	0	male		
18651	inactive_random_reserve	9	goblin	1	warrior	1	female		
18652	inactive_random_reserve	10	high_elf	2	paladin	0	male		
18653	inactive_random_reserve	6	tauren	7	shaman	1	female		
18654	inactive_random_reserve	1	human	2	paladin	1	female		
18655	inactive_random_reserve	9	goblin	4	rogue	1	female		
18656	inactive_random_reserve	8	troll	4	rogue	1	female		
18657	inactive_random_reserve	9	goblin	1	warrior	1	female		
18658	inactive_random_reserve	4	night_elf	4	rogue	0	male		
18659	inactive_random_reserve	9	goblin	3	hunter	0	male		
18660	inactive_random_reserve	1	human	3	hunter	1	female		
18661	inactive_random_reserve	9	goblin	9	warlock	0	male		
18662	inactive_random_reserve	9	goblin	4	rogue	0	male		
18663	inactive_random_reserve	8	troll	3	hunter	0	male		
18664	inactive_random_reserve	1	human	8	mage	1	female		
18665	inactive_random_reserve	3	dwarf	3	hunter	0	male		
18666	inactive_random_reserve	5	undead	1	warrior	0	male		
18667	inactive_random_reserve	8	troll	8	mage	1	female		
18668	inactive_random_reserve	10	high_elf	1	warrior	0	male		
18669	inactive_random_reserve	10	high_elf	2	paladin	0	male		
18670	inactive_random_reserve	3	dwarf	3	hunter	1	female		
18671	inactive_random_reserve	1	human	1	warrior	0	male		
18672	inactive_random_reserve	9	goblin	8	mage	1	female		
18673	inactive_random_reserve	1	human	2	paladin	0	male		
18674	inactive_random_reserve	4	night_elf	4	rogue	1	female		
18675	inactive_random_reserve	10	high_elf	5	priest	1	female		
18676	inactive_random_reserve	10	high_elf	4	rogue	1	female		
18677	inactive_random_reserve	2	orc	4	rogue	1	female		
18678	inactive_random_reserve	2	orc	3	hunter	1	female		
18679	inactive_random_reserve	10	high_elf	3	hunter	0	male		
18680	inactive_random_reserve	10	high_elf	4	rogue	1	female		
18681	inactive_random_reserve	1	human	3	hunter	1	female		
18682	inactive_random_reserve	1	human	9	warlock	0	male		
18683	inactive_random_reserve	9	goblin	1	warrior	0	male		
18684	inactive_random_reserve	9	goblin	4	rogue	1	female		
18685	inactive_random_reserve	4	night_elf	3	hunter	1	female		
18686	inactive_random_reserve	10	high_elf	1	warrior	0	male		
18687	inactive_random_reserve	10	high_elf	4	rogue	0	male		
18688	inactive_random_reserve	5	undead	1	warrior	1	female		
18689	inactive_random_reserve	10	high_elf	1	warrior	1	female		
18690	inactive_random_reserve	10	high_elf	4	rogue	1	female		
18691	inactive_random_reserve	10	high_elf	4	rogue	0	male		
18692	inactive_random_reserve	10	high_elf	2	paladin	1	female		
18693	inactive_random_reserve	10	high_elf	1	warrior	1	female		
18694	inactive_random_reserve	6	tauren	3	hunter	0	male		
18695	inactive_random_reserve	1	human	9	warlock	1	female		
18696	inactive_random_reserve	10	high_elf	5	priest	1	female		
18697	inactive_random_reserve	10	high_elf	1	warrior	0	male		
18698	inactive_random_reserve	10	high_elf	8	mage	1	female		
18699	inactive_random_reserve	9	goblin	3	hunter	0	male		
18700	inactive_random_reserve	9	goblin	4	rogue	1	female		
18701	inactive_random_reserve	1	human	3	hunter	1	female		
18702	inactive_random_reserve	4	night_elf	4	rogue	1	female		
18703	inactive_random_reserve	10	high_elf	2	paladin	1	female		
18704	inactive_random_reserve	5	undead	4	rogue	0	male		
18705	inactive_random_reserve	6	tauren	11	druid	1	female		
18706	inactive_random_reserve	9	goblin	8	mage	1	female		
18707	inactive_random_reserve	6	tauren	11	druid	1	female		
18708	inactive_random_reserve	10	high_elf	2	paladin	0	male		
18709	inactive_random_reserve	1	human	2	paladin	0	male		
18710	inactive_random_reserve	10	high_elf	4	rogue	0	male		
18711	inactive_random_reserve	2	orc	1	warrior	1	female		
18712	inactive_random_reserve	9	goblin	8	mage	0	male		
18713	inactive_random_reserve	5	undead	8	mage	0	male		
18714	inactive_random_reserve	10	high_elf	4	rogue	1	female		
18715	inactive_random_reserve	1	human	2	paladin	1	female		
18716	inactive_random_reserve	2	orc	7	shaman	0	male		
18717	inactive_random_reserve	10	high_elf	1	warrior	0	male		
18718	inactive_random_reserve	1	human	8	mage	0	male		
18719	inactive_random_reserve	4	night_elf	3	hunter	1	female		
18720	inactive_random_reserve	4	night_elf	3	hunter	0	male		
18721	inactive_random_reserve	1	human	2	paladin	0	male		
18722	inactive_random_reserve	10	high_elf	4	rogue	1	female		
18723	inactive_random_reserve	4	night_elf	4	rogue	0	male		
18724	inactive_random_reserve	1	human	3	hunter	0	male		
18725	inactive_random_reserve	1	human	8	mage	0	male		
18726	inactive_random_reserve	9	goblin	8	mage	1	female		
18727	inactive_random_reserve	4	night_elf	3	hunter	1	female		
18728	inactive_random_reserve	1	human	2	paladin	1	female		
18729	inactive_random_reserve	10	high_elf	4	rogue	1	female		
18730	inactive_random_reserve	1	human	2	paladin	0	male		
18731	inactive_random_reserve	10	high_elf	2	paladin	1	female		
18732	inactive_random_reserve	10	high_elf	4	rogue	0	male		
18733	inactive_random_reserve	10	high_elf	1	warrior	1	female		
18734	inactive_random_reserve	9	goblin	1	warrior	0	male		
18735	inactive_random_reserve	10	high_elf	3	hunter	1	female		
18736	inactive_random_reserve	3	dwarf	3	hunter	1	female		
18737	inactive_random_reserve	5	undead	5	priest	0	male		
18738	inactive_random_reserve	3	dwarf	3	hunter	1	female		
18739	inactive_random_reserve	1	human	3	hunter	0	male		
18740	inactive_random_reserve	8	troll	7	shaman	1	female		
18741	inactive_random_reserve	5	undead	4	rogue	0	male		
18742	inactive_random_reserve	6	tauren	7	shaman	1	female		
18743	inactive_random_reserve	10	high_elf	1	warrior	1	female		
18744	inactive_random_reserve	9	goblin	8	mage	1	female		
18745	inactive_random_reserve	6	tauren	11	druid	1	female		
18746	inactive_random_reserve	6	tauren	3	hunter	1	female		
18747	inactive_random_reserve	10	high_elf	5	priest	1	female		
18748	inactive_random_reserve	10	high_elf	3	hunter	1	female		
18749	inactive_random_reserve	9	goblin	1	warrior	1	female		
18750	inactive_random_reserve	10	high_elf	1	warrior	1	female		
18751	inactive_random_reserve	10	high_elf	1	warrior	1	female		
18752	inactive_random_reserve	4	night_elf	4	rogue	0	male		
18753	inactive_random_reserve	9	goblin	3	hunter	1	female		
18754	inactive_random_reserve	5	undead	1	warrior	1	female		
18755	inactive_random_reserve	5	undead	5	priest	0	male		
18756	inactive_random_reserve	9	goblin	9	warlock	0	male		
18757	inactive_random_reserve	7	gnome	4	rogue	1	female		
18758	inactive_random_reserve	10	high_elf	2	paladin	0	male		
18759	inactive_random_reserve	2	orc	7	shaman	0	male		
18760	inactive_random_reserve	9	goblin	1	warrior	0	male		
18761	inactive_random_reserve	9	goblin	3	hunter	0	male		
18762	inactive_random_reserve	1	human	5	priest	1	female		
18763	inactive_random_reserve	10	high_elf	1	warrior	1	female		
18764	inactive_random_reserve	10	high_elf	5	priest	1	female		
18765	inactive_random_reserve	1	human	8	mage	0	male		
18766	inactive_random_reserve	9	goblin	1	warrior	1	female		
18767	inactive_random_reserve	10	high_elf	2	paladin	1	female		
18768	inactive_random_reserve	10	high_elf	3	hunter	0	male		
18769	inactive_random_reserve	10	high_elf	2	paladin	0	male		
18770	inactive_random_reserve	10	high_elf	1	warrior	0	male		
18771	inactive_random_reserve	2	orc	1	warrior	1	female		
18772	inactive_random_reserve	10	high_elf	5	priest	1	female		
18773	inactive_random_reserve	3	dwarf	1	warrior	1	female		
18774	inactive_random_reserve	8	troll	4	rogue	0	male		
18775	inactive_random_reserve	10	high_elf	2	paladin	0	male		
18776	inactive_random_reserve	10	high_elf	1	warrior	1	female		
18777	inactive_random_reserve	6	tauren	11	druid	1	female		
18778	inactive_random_reserve	9	goblin	9	warlock	1	female		
18779	inactive_random_reserve	9	goblin	3	hunter	1	female		
18780	inactive_random_reserve	8	troll	4	rogue	1	female		
18781	inactive_random_reserve	5	undead	5	priest	1	female		
18782	inactive_random_reserve	1	human	1	warrior	0	male		
18783	inactive_random_reserve	9	goblin	4	rogue	0	male		
18784	inactive_random_reserve	10	high_elf	5	priest	1	female		
18785	inactive_random_reserve	1	human	4	rogue	0	male		
18786	inactive_random_reserve	8	troll	7	shaman	0	male		
18787	inactive_random_reserve	7	gnome	4	rogue	1	female		
18788	inactive_random_reserve	9	goblin	1	warrior	0	male		
18789	inactive_random_reserve	4	night_elf	5	priest	0	male		
18790	inactive_random_reserve	2	orc	1	warrior	0	male		
18791	inactive_random_reserve	4	night_elf	3	hunter	1	female		
18792	inactive_random_reserve	1	human	2	paladin	0	male		
18793	inactive_random_reserve	9	goblin	4	rogue	1	female		
18794	inactive_random_reserve	10	high_elf	5	priest	0	male		
18795	inactive_random_reserve	9	goblin	4	rogue	1	female		
18796	inactive_random_reserve	5	undead	1	warrior	0	male		
18797	inactive_random_reserve	10	high_elf	5	priest	0	male		
18798	inactive_random_reserve	9	goblin	4	rogue	0	male		
18799	inactive_random_reserve	3	dwarf	3	hunter	1	female		
18800	inactive_random_reserve	9	goblin	1	warrior	0	male		
18801	inactive_random_reserve	10	high_elf	8	mage	1	female		
18802	inactive_random_reserve	3	dwarf	3	hunter	0	male		
18803	inactive_random_reserve	10	high_elf	3	hunter	1	female		
18804	inactive_random_reserve	7	gnome	4	rogue	1	female		
18805	inactive_random_reserve	9	goblin	9	warlock	1	female		
18806	inactive_random_reserve	9	goblin	4	rogue	1	female		
18807	inactive_random_reserve	2	orc	1	warrior	0	male		
18808	inactive_random_reserve	3	dwarf	1	warrior	1	female		
18809	inactive_random_reserve	1	human	4	rogue	1	female		
18810	inactive_random_reserve	7	gnome	8	mage	0	male		
18811	inactive_random_reserve	8	troll	3	hunter	0	male		
18812	inactive_random_reserve	1	human	3	hunter	1	female		
18813	inactive_random_reserve	10	high_elf	5	priest	1	female		
18814	inactive_random_reserve	5	undead	9	warlock	1	female		
18815	inactive_random_reserve	6	tauren	3	hunter	1	female		
18816	inactive_random_reserve	1	human	1	warrior	1	female		
18817	inactive_random_reserve	10	high_elf	8	mage	0	male		
18818	inactive_random_reserve	1	human	4	rogue	1	female		
18819	inactive_random_reserve	3	dwarf	3	hunter	1	female		
18820	inactive_random_reserve	7	gnome	9	warlock	0	male		
18821	inactive_random_reserve	9	goblin	8	mage	1	female		
18822	inactive_random_reserve	4	night_elf	11	druid	1	female		
18823	inactive_random_reserve	2	orc	3	hunter	1	female		
18824	inactive_random_reserve	9	goblin	4	rogue	0	male		
18825	inactive_random_reserve	10	high_elf	1	warrior	1	female		
18826	inactive_random_reserve	10	high_elf	3	hunter	1	female		
18827	inactive_random_reserve	10	high_elf	4	rogue	1	female		
18828	inactive_random_reserve	7	gnome	9	warlock	0	male		
18829	inactive_random_reserve	3	dwarf	2	paladin	0	male		
18830	inactive_random_reserve	6	tauren	1	warrior	0	male		
18831	inactive_random_reserve	9	goblin	8	mage	1	female		
18832	inactive_random_reserve	4	night_elf	4	rogue	1	female		
18833	inactive_random_reserve	10	high_elf	4	rogue	1	female		
18834	inactive_random_reserve	8	troll	3	hunter	0	male		
18835	inactive_random_reserve	9	goblin	8	mage	0	male		
18836	inactive_random_reserve	3	dwarf	3	hunter	1	female		
18837	inactive_random_reserve	6	tauren	11	druid	0	male		
18838	inactive_random_reserve	1	human	9	warlock	1	female		
18839	inactive_random_reserve	1	human	2	paladin	0	male		
18840	inactive_random_reserve	9	goblin	8	mage	0	male		
18841	inactive_random_reserve	10	high_elf	4	rogue	1	female		
18842	inactive_random_reserve	8	troll	3	hunter	0	male		
18843	inactive_random_reserve	3	dwarf	4	rogue	1	female		
18844	inactive_random_reserve	9	goblin	4	rogue	1	female		
18845	inactive_random_reserve	6	tauren	3	hunter	1	female		
18846	inactive_random_reserve	9	goblin	1	warrior	1	female		
18847	inactive_random_reserve	9	goblin	8	mage	0	male		
18848	inactive_random_reserve	10	high_elf	3	hunter	1	female		
18849	inactive_random_reserve	4	night_elf	3	hunter	0	male		
18850	inactive_random_reserve	8	troll	4	rogue	1	female		
18851	inactive_random_reserve	1	human	2	paladin	1	female		
18852	inactive_random_reserve	4	night_elf	1	warrior	0	male		
18853	inactive_random_reserve	1	human	9	warlock	0	male		
18854	inactive_random_reserve	10	high_elf	8	mage	1	female		
18855	inactive_random_reserve	4	night_elf	3	hunter	1	female		
18856	inactive_random_reserve	5	undead	8	mage	1	female		
18857	inactive_random_reserve	8	troll	1	warrior	1	female		
18858	inactive_random_reserve	1	human	2	paladin	1	female		
18859	inactive_random_reserve	3	dwarf	3	hunter	0	male		
18860	inactive_random_reserve	10	high_elf	2	paladin	1	female		
18861	inactive_random_reserve	4	night_elf	1	warrior	1	female		
18862	inactive_random_reserve	1	human	5	priest	1	female		
18863	inactive_random_reserve	9	goblin	8	mage	1	female		
18864	inactive_random_reserve	7	gnome	4	rogue	1	female		
18865	inactive_random_reserve	10	high_elf	3	hunter	0	male		
18866	inactive_random_reserve	1	human	9	warlock	0	male		
18867	inactive_random_reserve	2	orc	9	warlock	0	male		
18868	inactive_random_reserve	9	goblin	9	warlock	0	male		
18869	inactive_random_reserve	9	goblin	9	warlock	1	female		
18870	inactive_random_reserve	9	goblin	3	hunter	1	female		
18871	inactive_random_reserve	9	goblin	8	mage	1	female		
18872	inactive_random_reserve	1	human	8	mage	0	male		
18873	inactive_random_reserve	9	goblin	1	warrior	1	female		
18874	inactive_random_reserve	3	dwarf	2	paladin	0	male		
18875	inactive_random_reserve	5	undead	9	warlock	1	female		
18876	inactive_random_reserve	8	troll	7	shaman	1	female		
18877	inactive_random_reserve	9	goblin	3	hunter	0	male		
18878	inactive_random_reserve	10	high_elf	4	rogue	0	male		
18879	inactive_random_reserve	6	tauren	1	warrior	1	female		
18880	inactive_random_reserve	10	high_elf	4	rogue	1	female		
18881	inactive_random_reserve	9	goblin	3	hunter	1	female		
18882	inactive_random_reserve	1	human	3	hunter	1	female		
18883	inactive_random_reserve	10	high_elf	1	warrior	1	female		
18884	inactive_random_reserve	9	goblin	9	warlock	1	female		
18885	inactive_random_reserve	6	tauren	11	druid	1	female		
18886	inactive_random_reserve	1	human	5	priest	0	male		
18887	inactive_random_reserve	3	dwarf	2	paladin	1	female		
18888	inactive_random_reserve	9	goblin	9	warlock	0	male		
18889	inactive_random_reserve	9	goblin	4	rogue	0	male		
18890	inactive_random_reserve	10	high_elf	4	rogue	1	female		
18891	inactive_random_reserve	1	human	2	paladin	0	male		
18892	inactive_random_reserve	1	human	1	warrior	1	female		
18893	inactive_random_reserve	1	human	2	paladin	0	male		
18894	inactive_random_reserve	10	high_elf	5	priest	0	male		
18895	inactive_random_reserve	7	gnome	8	mage	0	male		
18896	inactive_random_reserve	3	dwarf	4	rogue	0	male		
18897	inactive_random_reserve	10	high_elf	4	rogue	0	male		
18898	inactive_random_reserve	10	high_elf	2	paladin	0	male		
18899	inactive_random_reserve	9	goblin	3	hunter	1	female		
18900	inactive_random_reserve	6	tauren	11	druid	0	male		
18901	inactive_random_reserve	10	high_elf	5	priest	1	female		
18902	inactive_random_reserve	10	high_elf	5	priest	1	female		
18903	inactive_random_reserve	1	human	3	hunter	1	female		
18904	inactive_random_reserve	10	high_elf	5	priest	1	female		
18905	inactive_random_reserve	3	dwarf	2	paladin	1	female		
18906	inactive_random_reserve	1	human	8	mage	1	female		
18907	inactive_random_reserve	4	night_elf	11	druid	0	male		
18908	inactive_random_reserve	5	undead	9	warlock	0	male		
18909	inactive_random_reserve	5	undead	5	priest	0	male		
18910	inactive_random_reserve	10	high_elf	3	hunter	0	male		
18911	inactive_random_reserve	10	high_elf	3	hunter	1	female		
18912	inactive_random_reserve	9	goblin	8	mage	1	female		
18913	inactive_random_reserve	1	human	3	hunter	1	female		
18914	inactive_random_reserve	1	human	2	paladin	0	male		
18915	inactive_random_reserve	9	goblin	1	warrior	0	male		
18916	inactive_random_reserve	4	night_elf	5	priest	0	male		
18917	inactive_random_reserve	6	tauren	1	warrior	0	male		
18918	inactive_random_reserve	9	goblin	3	hunter	1	female		
18919	inactive_random_reserve	9	goblin	8	mage	0	male		
18920	inactive_random_reserve	4	night_elf	4	rogue	1	female		
18921	inactive_random_reserve	10	high_elf	4	rogue	1	female		
18922	inactive_random_reserve	4	night_elf	4	rogue	0	male		
18923	inactive_random_reserve	3	dwarf	2	paladin	0	male		
18924	inactive_random_reserve	9	goblin	1	warrior	0	male		
18925	inactive_random_reserve	1	human	9	warlock	0	male		
18926	inactive_random_reserve	1	human	8	mage	0	male		
18927	inactive_random_reserve	4	night_elf	3	hunter	0	male		
18928	inactive_random_reserve	5	undead	8	mage	1	female		
18929	inactive_random_reserve	5	undead	9	warlock	1	female		
18930	inactive_random_reserve	9	goblin	1	warrior	0	male		
18931	inactive_random_reserve	2	orc	7	shaman	1	female		
18932	inactive_random_reserve	10	high_elf	3	hunter	1	female		
18933	inactive_random_reserve	3	dwarf	3	hunter	1	female		
18934	inactive_random_reserve	10	high_elf	4	rogue	0	male		
18935	inactive_random_reserve	9	goblin	1	warrior	0	male		
18936	inactive_random_reserve	8	troll	4	rogue	0	male		
18937	inactive_random_reserve	2	orc	9	warlock	0	male		
18938	inactive_random_reserve	7	gnome	8	mage	1	female		
18939	inactive_random_reserve	5	undead	5	priest	1	female		
18940	inactive_random_reserve	10	high_elf	8	mage	1	female		
18941	inactive_random_reserve	4	night_elf	1	warrior	0	male		
18942	inactive_random_reserve	10	high_elf	1	warrior	1	female		
18943	inactive_random_reserve	9	goblin	3	hunter	1	female		
18944	inactive_random_reserve	4	night_elf	3	hunter	1	female		
18945	inactive_random_reserve	6	tauren	1	warrior	1	female		
18946	inactive_random_reserve	9	goblin	9	warlock	0	male		
18947	inactive_random_reserve	8	troll	7	shaman	0	male		
18948	inactive_random_reserve	2	orc	3	hunter	0	male		
18949	inactive_random_reserve	8	troll	4	rogue	1	female		
18950	inactive_random_reserve	9	goblin	8	mage	1	female		
18951	inactive_random_reserve	1	human	4	rogue	0	male		
18952	inactive_random_reserve	3	dwarf	4	rogue	1	female		
18953	inactive_random_reserve	1	human	3	hunter	1	female		
18954	inactive_random_reserve	1	human	5	priest	1	female		
18955	inactive_random_reserve	1	human	3	hunter	1	female		
18956	inactive_random_reserve	1	human	8	mage	0	male		
18957	inactive_random_reserve	5	undead	9	warlock	1	female		
18958	inactive_random_reserve	10	high_elf	2	paladin	0	male		
18959	inactive_random_reserve	9	goblin	1	warrior	1	female		
18960	inactive_random_reserve	10	high_elf	8	mage	0	male		
18961	inactive_random_reserve	9	goblin	9	warlock	0	male		
18962	inactive_random_reserve	2	orc	9	warlock	1	female		
18963	inactive_random_reserve	9	goblin	9	warlock	0	male		
18964	inactive_random_reserve	9	goblin	3	hunter	1	female		
18965	inactive_random_reserve	10	high_elf	4	rogue	0	male		
18966	inactive_random_reserve	8	troll	4	rogue	0	male		
18967	inactive_random_reserve	10	high_elf	1	warrior	0	male		
18968	inactive_random_reserve	9	goblin	4	rogue	1	female		
18969	inactive_random_reserve	9	goblin	9	warlock	1	female		
18970	inactive_random_reserve	8	troll	3	hunter	0	male		
18971	inactive_random_reserve	9	goblin	9	warlock	0	male		
18972	inactive_random_reserve	4	night_elf	11	druid	0	male		
18973	inactive_random_reserve	10	high_elf	8	mage	1	female		
18974	inactive_random_reserve	3	dwarf	3	hunter	0	male		
18975	inactive_random_reserve	8	troll	8	mage	1	female		
18976	inactive_random_reserve	10	high_elf	4	rogue	0	male		
18977	inactive_random_reserve	9	goblin	9	warlock	1	female		
18978	inactive_random_reserve	9	goblin	9	warlock	1	female		
18979	inactive_random_reserve	1	human	9	warlock	1	female		
18980	inactive_random_reserve	9	goblin	1	warrior	1	female		
18981	inactive_random_reserve	8	troll	4	rogue	1	female		
18982	inactive_random_reserve	3	dwarf	2	paladin	1	female		
18983	inactive_random_reserve	10	high_elf	4	rogue	1	female		
18984	inactive_random_reserve	9	goblin	8	mage	0	male		
18985	inactive_random_reserve	10	high_elf	2	paladin	1	female		
18986	inactive_random_reserve	4	night_elf	1	warrior	1	female		
18987	inactive_random_reserve	10	high_elf	4	rogue	1	female		
18988	inactive_random_reserve	9	goblin	9	warlock	1	female		
18989	inactive_random_reserve	10	high_elf	2	paladin	0	male		
18990	inactive_random_reserve	3	dwarf	3	hunter	0	male		
18991	inactive_random_reserve	1	human	3	hunter	0	male		
18992	inactive_random_reserve	10	high_elf	8	mage	1	female		
18993	inactive_random_reserve	9	goblin	4	rogue	0	male		
18994	inactive_random_reserve	9	goblin	9	warlock	0	male		
18995	inactive_random_reserve	9	goblin	1	warrior	1	female		
18996	inactive_random_reserve	8	troll	7	shaman	1	female		
18997	inactive_random_reserve	1	human	2	paladin	0	male		
18998	inactive_random_reserve	4	night_elf	4	rogue	0	male		
18999	inactive_random_reserve	3	dwarf	1	warrior	0	male		
19000	inactive_random_reserve	1	human	3	hunter	0	male		
19001	inactive_random_reserve	9	goblin	3	hunter	1	female		
19002	inactive_random_reserve	10	high_elf	4	rogue	0	male		
19003	inactive_random_reserve	6	tauren	11	druid	1	female		
19004	inactive_random_reserve	10	high_elf	4	rogue	0	male		
19005	inactive_random_reserve	10	high_elf	5	priest	1	female		
19006	inactive_random_reserve	10	high_elf	3	hunter	0	male		
19007	inactive_random_reserve	10	high_elf	5	priest	0	male		
19008	inactive_random_reserve	10	high_elf	8	mage	0	male		
19009	inactive_random_reserve	9	goblin	4	rogue	1	female		
19010	inactive_random_reserve	10	high_elf	8	mage	1	female		
19011	inactive_random_reserve	4	night_elf	1	warrior	1	female		
19012	inactive_random_reserve	1	human	3	hunter	0	male		
19013	inactive_random_reserve	3	dwarf	3	hunter	0	male		
19014	inactive_random_reserve	9	goblin	4	rogue	1	female		
19015	inactive_random_reserve	10	high_elf	2	paladin	1	female		
19016	inactive_random_reserve	1	human	3	hunter	0	male		
19017	inactive_random_reserve	1	human	1	warrior	0	male		
19018	inactive_random_reserve	10	high_elf	4	rogue	0	male		
19019	inactive_random_reserve	9	goblin	3	hunter	0	male		
19020	inactive_random_reserve	1	human	5	priest	0	male		
19021	inactive_random_reserve	1	human	9	warlock	1	female		
19022	inactive_random_reserve	1	human	2	paladin	1	female		
19023	inactive_random_reserve	10	high_elf	3	hunter	1	female		
19024	inactive_random_reserve	9	goblin	9	warlock	1	female		
19025	inactive_random_reserve	9	goblin	9	warlock	1	female		
19026	inactive_random_reserve	7	gnome	8	mage	1	female		
19027	inactive_random_reserve	1	human	1	warrior	0	male		
19037	inactive_random_reserve	1	human	3	hunter	1	female		
19038	inactive_random_reserve	10	high_elf	5	priest	1	female		
19039	inactive_random_reserve	9	goblin	1	warrior	1	female		
19040	inactive_random_reserve	9	goblin	3	hunter	1	female		
19041	inactive_random_reserve	9	goblin	9	warlock	0	male		
19042	inactive_random_reserve	1	human	4	rogue	1	female		
19043	inactive_random_reserve	5	undead	4	rogue	1	female		
19044	inactive_random_reserve	5	undead	4	rogue	0	male		
19045	inactive_random_reserve	1	human	2	paladin	0	male		
19046	inactive_random_reserve	4	night_elf	4	rogue	1	female		
19047	inactive_random_reserve	4	night_elf	3	hunter	0	male		
19048	inactive_random_reserve	7	gnome	8	mage	1	female		
19049	inactive_random_reserve	1	human	3	hunter	1	female		
19050	inactive_random_reserve	9	goblin	9	warlock	0	male		
19051	inactive_random_reserve	1	human	3	hunter	1	female		
19052	inactive_random_reserve	9	goblin	3	hunter	0	male		
19053	inactive_random_reserve	9	goblin	4	rogue	0	male		
19054	inactive_random_reserve	1	human	3	hunter	1	female		
19055	inactive_random_reserve	8	troll	4	rogue	1	female		
19056	inactive_random_reserve	1	human	3	hunter	0	male		
19057	inactive_random_reserve	10	high_elf	8	mage	1	female		
19058	inactive_random_reserve	3	dwarf	3	hunter	0	male		
19059	inactive_random_reserve	8	troll	5	priest	1	female		
19060	inactive_random_reserve	9	goblin	9	warlock	0	male		
19061	inactive_random_reserve	1	human	5	priest	0	male		
19062	inactive_random_reserve	1	human	2	paladin	1	female		
19063	inactive_random_reserve	9	goblin	1	warrior	0	male		
19064	inactive_random_reserve	4	night_elf	11	druid	0	male		
19065	inactive_random_reserve	9	goblin	4	rogue	0	male		
19066	inactive_random_reserve	10	high_elf	1	warrior	1	female		
19067	inactive_random_reserve	10	high_elf	4	rogue	0	male		
19068	inactive_random_reserve	1	human	2	paladin	1	female		
19069	inactive_random_reserve	1	human	3	hunter	0	male		
19070	inactive_random_reserve	1	human	2	paladin	0	male		
19071	inactive_random_reserve	9	goblin	1	warrior	0	male		
19072	inactive_random_reserve	9	goblin	8	mage	0	male		
19073	inactive_random_reserve	5	undead	9	warlock	0	male		
19074	inactive_random_reserve	9	goblin	9	warlock	1	female		
19075	inactive_random_reserve	5	undead	4	rogue	1	female		
19076	inactive_random_reserve	9	goblin	9	warlock	1	female		
19077	inactive_random_reserve	10	high_elf	8	mage	0	male		
19078	inactive_random_reserve	1	human	2	paladin	1	female		
19079	inactive_random_reserve	4	night_elf	5	priest	0	male		
19080	inactive_random_reserve	2	orc	7	shaman	0	male		
19081	inactive_random_reserve	9	goblin	9	warlock	0	male		
19082	inactive_random_reserve	10	high_elf	3	hunter	0	male		
19083	inactive_random_reserve	10	high_elf	2	paladin	0	male		
19084	inactive_random_reserve	1	human	4	rogue	0	male		
19085	inactive_random_reserve	1	human	2	paladin	1	female		
19086	inactive_random_reserve	10	high_elf	4	rogue	0	male		
19087	inactive_random_reserve	9	goblin	1	warrior	0	male		
19088	inactive_random_reserve	6	tauren	11	druid	0	male		
19089	inactive_random_reserve	9	goblin	3	hunter	0	male		
19090	inactive_random_reserve	1	human	8	mage	1	female		
19091	inactive_random_reserve	1	human	2	paladin	1	female		
19092	inactive_random_reserve	9	goblin	9	warlock	0	male		
19093	inactive_random_reserve	10	high_elf	8	mage	0	male		
19094	inactive_random_reserve	7	gnome	8	mage	1	female		
19095	inactive_random_reserve	6	tauren	11	druid	0	male		
19096	inactive_random_reserve	4	night_elf	4	rogue	0	male		
19097	inactive_random_reserve	8	troll	4	rogue	0	male		
19098	inactive_random_reserve	10	high_elf	2	paladin	0	male		
19099	inactive_random_reserve	9	goblin	1	warrior	1	female		
19100	inactive_random_reserve	9	goblin	9	warlock	1	female		
19101	inactive_random_reserve	1	human	4	rogue	1	female		
19102	inactive_random_reserve	3	dwarf	2	paladin	0	male		
19103	inactive_random_reserve	4	night_elf	3	hunter	1	female		
19104	inactive_random_reserve	1	human	9	warlock	1	female		
19105	inactive_random_reserve	3	dwarf	2	paladin	1	female		
19106	inactive_random_reserve	1	human	3	hunter	0	male		
19107	inactive_random_reserve	6	tauren	1	warrior	1	female		
19108	inactive_random_reserve	10	high_elf	4	rogue	1	female		
19109	inactive_random_reserve	3	dwarf	2	paladin	0	male		
19110	inactive_random_reserve	10	high_elf	1	warrior	0	male		
19111	inactive_random_reserve	10	high_elf	2	paladin	1	female		
19112	inactive_random_reserve	10	high_elf	5	priest	0	male		
19113	inactive_random_reserve	7	gnome	9	warlock	1	female		
19114	inactive_random_reserve	3	dwarf	2	paladin	1	female		
19115	inactive_random_reserve	1	human	3	hunter	1	female		
19116	inactive_random_reserve	10	high_elf	4	rogue	1	female		
19117	inactive_random_reserve	5	undead	5	priest	0	male		
19118	inactive_random_reserve	10	high_elf	8	mage	0	male		
19119	inactive_random_reserve	9	goblin	3	hunter	0	male		
19120	inactive_random_reserve	3	dwarf	1	warrior	0	male		
19121	inactive_random_reserve	1	human	1	warrior	1	female		
19122	inactive_random_reserve	5	undead	8	mage	1	female		
19123	inactive_random_reserve	1	human	2	paladin	0	male		
19124	inactive_random_reserve	7	gnome	9	warlock	0	male		
19125	inactive_random_reserve	8	troll	1	warrior	0	male		
19126	inactive_random_reserve	2	orc	1	warrior	1	female		
19136	inactive_random_reserve	9	goblin	1	warrior	1	female		
19137	inactive_random_reserve	10	high_elf	4	rogue	0	male		
19138	inactive_random_reserve	9	goblin	4	rogue	0	male		
19139	inactive_random_reserve	4	night_elf	11	druid	1	female		
19140	inactive_random_reserve	10	high_elf	1	warrior	0	male		
19141	inactive_random_reserve	9	goblin	1	warrior	0	male		
19142	inactive_random_reserve	5	undead	8	mage	1	female		
19143	inactive_random_reserve	10	high_elf	5	priest	0	male		
19144	inactive_random_reserve	2	orc	3	hunter	1	female		
19145	inactive_random_reserve	9	goblin	9	warlock	1	female		
19146	inactive_random_reserve	10	high_elf	5	priest	1	female		
19147	inactive_random_reserve	3	dwarf	2	paladin	1	female		
19148	inactive_random_reserve	10	high_elf	3	hunter	1	female		
19149	inactive_random_reserve	9	goblin	3	hunter	0	male		
19150	inactive_random_reserve	3	dwarf	3	hunter	1	female		
19151	inactive_random_reserve	4	night_elf	4	rogue	0	male		
19152	inactive_random_reserve	2	orc	3	hunter	0	male		
19153	inactive_random_reserve	10	high_elf	5	priest	1	female		
19154	inactive_random_reserve	10	high_elf	4	rogue	1	female		
19155	inactive_random_reserve	2	orc	7	shaman	1	female		
19156	inactive_random_reserve	6	tauren	1	warrior	0	male		
19157	inactive_random_reserve	9	goblin	8	mage	0	male		
19158	inactive_random_reserve	7	gnome	4	rogue	0	male		
19159	inactive_random_reserve	3	dwarf	1	warrior	0	male		
19160	inactive_random_reserve	9	goblin	1	warrior	1	female		
19162	inactive_random_reserve	10	high_elf	4	rogue	1	female		
19163	inactive_random_reserve	1	human	3	hunter	0	male		
19164	inactive_random_reserve	1	human	4	rogue	1	female		
19165	inactive_random_reserve	4	night_elf	3	hunter	1	female		
19166	inactive_random_reserve	10	high_elf	3	hunter	1	female		
19167	inactive_random_reserve	2	orc	7	shaman	0	male		
19168	inactive_random_reserve	1	human	3	hunter	1	female		
19169	inactive_random_reserve	5	undead	5	priest	0	male		
19170	inactive_random_reserve	1	human	3	hunter	1	female		
19171	inactive_random_reserve	10	high_elf	4	rogue	1	female		
19172	inactive_random_reserve	10	high_elf	8	mage	1	female		
19173	inactive_random_reserve	8	troll	5	priest	0	male		
19174	inactive_random_reserve	6	tauren	11	druid	0	male		
19175	inactive_random_reserve	4	night_elf	3	hunter	0	male		
19176	inactive_random_reserve	1	human	3	hunter	0	male		
19177	inactive_random_reserve	8	troll	7	shaman	1	female		
19178	inactive_random_reserve	7	gnome	4	rogue	1	female		
19179	inactive_random_reserve	2	orc	1	warrior	1	female		
19180	inactive_random_reserve	7	gnome	9	warlock	0	male		
19181	inactive_random_reserve	4	night_elf	11	druid	1	female		
19182	inactive_random_reserve	9	goblin	9	warlock	1	female		
19183	inactive_random_reserve	10	high_elf	3	hunter	1	female		
19184	inactive_random_reserve	8	troll	5	priest	0	male		
19185	inactive_random_reserve	9	goblin	8	mage	1	female		
19186	inactive_random_reserve	10	high_elf	1	warrior	0	male		
19187	inactive_random_reserve	4	night_elf	11	druid	1	female		
19188	inactive_random_reserve	10	high_elf	4	rogue	1	female		
19189	inactive_random_reserve	9	goblin	1	warrior	1	female		
19190	inactive_random_reserve	6	tauren	7	shaman	1	female		
19191	inactive_random_reserve	9	goblin	9	warlock	1	female		
19192	inactive_random_reserve	4	night_elf	1	warrior	1	female		
19193	inactive_random_reserve	9	goblin	8	mage	0	male		
19194	inactive_random_reserve	9	goblin	1	warrior	0	male		
19195	inactive_random_reserve	4	night_elf	5	priest	1	female		
19196	inactive_random_reserve	1	human	1	warrior	1	female		
19197	inactive_random_reserve	4	night_elf	3	hunter	1	female		
19198	inactive_random_reserve	9	goblin	9	warlock	1	female		
19199	inactive_random_reserve	8	troll	7	shaman	1	female		
19200	inactive_random_reserve	1	human	2	paladin	1	female		
19201	inactive_random_reserve	10	high_elf	1	warrior	0	male		
19202	inactive_random_reserve	7	gnome	8	mage	1	female		
19203	inactive_random_reserve	9	goblin	3	hunter	1	female		
19204	inactive_random_reserve	9	goblin	8	mage	1	female		
19205	inactive_random_reserve	5	undead	8	mage	1	female		
19206	inactive_random_reserve	9	goblin	8	mage	1	female		
19207	inactive_random_reserve	10	high_elf	2	paladin	0	male		
19208	inactive_random_reserve	3	dwarf	2	paladin	0	male		
19209	inactive_random_reserve	4	night_elf	11	druid	0	male		
19210	inactive_random_reserve	2	orc	1	warrior	1	female		
19211	inactive_random_reserve	9	goblin	3	hunter	1	female		
19212	inactive_random_reserve	10	high_elf	1	warrior	0	male		
19213	inactive_random_reserve	10	high_elf	1	warrior	0	male		
19214	inactive_random_reserve	9	goblin	8	mage	1	female		
19215	inactive_random_reserve	1	human	2	paladin	0	male		
19216	inactive_random_reserve	1	human	2	paladin	0	male		
19217	inactive_random_reserve	10	high_elf	8	mage	1	female		
19218	inactive_random_reserve	2	orc	4	rogue	1	female		
19219	inactive_random_reserve	5	undead	1	warrior	0	male		
19220	inactive_random_reserve	3	dwarf	2	paladin	1	female		
19221	inactive_random_reserve	1	human	5	priest	1	female		
19222	inactive_random_reserve	4	night_elf	1	warrior	0	male		
19223	inactive_random_reserve	10	high_elf	1	warrior	1	female		
19224	inactive_random_reserve	10	high_elf	4	rogue	1	female		
19225	inactive_random_reserve	10	high_elf	4	rogue	1	female		
19226	inactive_random_reserve	1	human	2	paladin	1	female		
19227	inactive_random_reserve	2	orc	7	shaman	1	female		
19228	inactive_random_reserve	1	human	2	paladin	0	male		
19229	inactive_random_reserve	9	goblin	1	warrior	1	female		
19230	inactive_random_reserve	5	undead	9	warlock	0	male		
19231	inactive_random_reserve	9	goblin	3	hunter	1	female		
19232	inactive_random_reserve	4	night_elf	3	hunter	1	female		
19233	inactive_random_reserve	4	night_elf	11	druid	0	male		
19234	inactive_random_reserve	1	human	3	hunter	1	female		
19235	inactive_random_reserve	3	dwarf	2	paladin	1	female		
19236	inactive_random_reserve	4	night_elf	1	warrior	0	male		
19237	inactive_random_reserve	10	high_elf	5	priest	1	female		
19238	inactive_random_reserve	2	orc	1	warrior	1	female		
19239	inactive_random_reserve	1	human	8	mage	1	female		
19240	inactive_random_reserve	9	goblin	4	rogue	1	female		
19241	inactive_random_reserve	2	orc	3	hunter	1	female		
19242	inactive_random_reserve	1	human	2	paladin	0	male		
19243	inactive_random_reserve	9	goblin	8	mage	1	female		
19244	inactive_random_reserve	3	dwarf	4	rogue	0	male		
19245	inactive_random_reserve	7	gnome	9	warlock	1	female		
19246	inactive_random_reserve	10	high_elf	5	priest	0	male		
19247	inactive_random_reserve	9	goblin	9	warlock	1	female		
19248	inactive_random_reserve	3	dwarf	1	warrior	0	male		
19249	inactive_random_reserve	5	undead	4	rogue	1	female		
19250	inactive_random_reserve	10	high_elf	4	rogue	0	male		
19251	inactive_random_reserve	9	goblin	1	warrior	0	male		
19252	inactive_random_reserve	6	tauren	7	shaman	1	female		
19262	inactive_random_reserve	1	human	5	priest	0	male		
19263	inactive_random_reserve	1	human	3	hunter	1	female		
19264	inactive_random_reserve	4	night_elf	3	hunter	1	female		
19265	inactive_random_reserve	10	high_elf	8	mage	1	female		
19266	inactive_random_reserve	5	undead	8	mage	1	female		
19267	inactive_random_reserve	9	goblin	3	hunter	0	male		
19268	inactive_random_reserve	9	goblin	4	rogue	0	male		
19269	inactive_random_reserve	4	night_elf	11	druid	0	male		
19270	inactive_random_reserve	10	high_elf	2	paladin	1	female		
19271	inactive_random_reserve	7	gnome	8	mage	1	female		
19272	inactive_random_reserve	10	high_elf	2	paladin	0	male		
19273	inactive_random_reserve	9	goblin	8	mage	1	female		
19274	inactive_random_reserve	2	orc	3	hunter	0	male		
19275	inactive_random_reserve	8	troll	7	shaman	1	female		
19276	inactive_random_reserve	10	high_elf	8	mage	0	male		
19277	inactive_random_reserve	9	goblin	9	warlock	1	female		
19278	inactive_random_reserve	9	goblin	9	warlock	0	male		
19279	inactive_random_reserve	4	night_elf	11	druid	1	female		
19280	inactive_random_reserve	9	goblin	9	warlock	0	male		
19281	inactive_random_reserve	9	goblin	1	warrior	0	male		
19282	inactive_random_reserve	9	goblin	4	rogue	0	male		
19283	inactive_random_reserve	9	goblin	1	warrior	0	male		
19284	inactive_random_reserve	6	tauren	3	hunter	0	male		
19285	inactive_random_reserve	1	human	9	warlock	0	male		
19286	inactive_random_reserve	4	night_elf	3	hunter	1	female		
19287	inactive_random_reserve	9	goblin	8	mage	1	female		
19288	inactive_random_reserve	10	high_elf	8	mage	0	male		
19289	inactive_random_reserve	10	high_elf	4	rogue	0	male		
19290	inactive_random_reserve	9	goblin	4	rogue	1	female		
19291	inactive_random_reserve	9	goblin	1	warrior	1	female		
19292	inactive_random_reserve	1	human	3	hunter	0	male		
19293	inactive_random_reserve	1	human	1	warrior	1	female		
19294	inactive_random_reserve	1	human	8	mage	1	female		
19295	inactive_random_reserve	10	high_elf	3	hunter	1	female		
19296	inactive_random_reserve	10	high_elf	2	paladin	1	female		
19297	inactive_random_reserve	9	goblin	1	warrior	0	male		
19298	inactive_random_reserve	10	high_elf	5	priest	1	female		
19299	inactive_random_reserve	9	goblin	4	rogue	1	female		
19300	inactive_random_reserve	3	dwarf	1	warrior	0	male		
19301	inactive_random_reserve	4	night_elf	1	warrior	0	male		
19302	inactive_random_reserve	4	night_elf	11	druid	0	male		
19303	inactive_random_reserve	10	high_elf	2	paladin	0	male		
19304	inactive_random_reserve	4	night_elf	11	druid	0	male		
19305	inactive_random_reserve	5	undead	8	mage	1	female		
19306	inactive_random_reserve	8	troll	7	shaman	0	male		
19307	inactive_random_reserve	10	high_elf	4	rogue	1	female		
19308	inactive_random_reserve	1	human	9	warlock	0	male		
19309	inactive_random_reserve	9	goblin	3	hunter	1	female		
19310	inactive_random_reserve	1	human	8	mage	0	male		
19311	inactive_random_reserve	9	goblin	4	rogue	0	male		
19312	inactive_random_reserve	1	human	8	mage	1	female		
19313	inactive_random_reserve	6	tauren	11	druid	0	male		
19314	inactive_random_reserve	10	high_elf	5	priest	1	female		
19315	inactive_random_reserve	8	troll	7	shaman	1	female		
19325	inactive_random_reserve	8	troll	7	shaman	1	female		
19326	inactive_random_reserve	5	undead	4	rogue	1	female		
19327	inactive_random_reserve	8	troll	7	shaman	1	female		
19328	inactive_random_reserve	9	goblin	1	warrior	0	male		
19329	inactive_random_reserve	3	dwarf	5	priest	1	female		
19330	inactive_random_reserve	10	high_elf	8	mage	1	female		
19331	inactive_random_reserve	6	tauren	11	druid	0	male		
19332	inactive_random_reserve	2	orc	9	warlock	0	male		
19333	inactive_random_reserve	10	high_elf	8	mage	1	female		
19334	inactive_random_reserve	8	troll	7	shaman	0	male		
19335	inactive_random_reserve	10	high_elf	8	mage	0	male		
19336	inactive_random_reserve	3	dwarf	2	paladin	1	female		
19337	inactive_random_reserve	4	night_elf	1	warrior	0	male		
19338	inactive_random_reserve	4	night_elf	4	rogue	0	male		
19339	inactive_random_reserve	9	goblin	9	warlock	1	female		
19340	inactive_random_reserve	10	high_elf	4	rogue	1	female		
19341	inactive_random_reserve	9	goblin	4	rogue	1	female		
19342	inactive_random_reserve	6	tauren	7	shaman	1	female		
19343	inactive_random_reserve	2	orc	3	hunter	1	female		
19344	inactive_random_reserve	10	high_elf	1	warrior	1	female		
19345	inactive_random_reserve	4	night_elf	5	priest	0	male		
19346	inactive_random_reserve	6	tauren	7	shaman	0	male		
19347	inactive_random_reserve	3	dwarf	2	paladin	1	female		
19348	inactive_random_reserve	1	human	2	paladin	1	female		
19349	inactive_random_reserve	10	high_elf	8	mage	0	male		
19350	inactive_random_reserve	9	goblin	4	rogue	1	female		
19351	inactive_random_reserve	10	high_elf	3	hunter	1	female		
19352	inactive_random_reserve	7	gnome	8	mage	1	female		
19353	inactive_random_reserve	4	night_elf	1	warrior	0	male		
19354	inactive_random_reserve	9	goblin	3	hunter	0	male		
19355	inactive_random_reserve	9	goblin	9	warlock	1	female		
19356	inactive_random_reserve	9	goblin	4	rogue	0	male		
19357	inactive_random_reserve	9	goblin	8	mage	1	female		
19358	inactive_random_reserve	9	goblin	4	rogue	0	male		
19359	inactive_random_reserve	9	goblin	8	mage	0	male		
19360	inactive_random_reserve	4	night_elf	11	druid	1	female		
19361	inactive_random_reserve	6	tauren	11	druid	1	female		
19362	inactive_random_reserve	4	night_elf	11	druid	0	male		
19363	inactive_random_reserve	9	goblin	4	rogue	1	female		
19364	inactive_random_reserve	10	high_elf	3	hunter	0	male		
19365	inactive_random_reserve	10	high_elf	2	paladin	0	male		
19366	inactive_random_reserve	9	goblin	3	hunter	1	female		
19367	inactive_random_reserve	9	goblin	3	hunter	1	female		
19368	inactive_random_reserve	10	high_elf	2	paladin	1	female		
19369	inactive_random_reserve	10	high_elf	3	hunter	1	female		
19370	inactive_random_reserve	9	goblin	1	warrior	0	male		
19371	inactive_random_reserve	4	night_elf	4	rogue	0	male		
19372	inactive_random_reserve	10	high_elf	5	priest	1	female		
19373	inactive_random_reserve	10	high_elf	8	mage	1	female		
19374	inactive_random_reserve	6	tauren	3	hunter	1	female		
19375	inactive_random_reserve	4	night_elf	3	hunter	1	female		
19376	inactive_random_reserve	9	goblin	3	hunter	1	female		
19377	inactive_random_reserve	9	goblin	8	mage	0	male		
19378	inactive_random_reserve	9	goblin	8	mage	0	male		
19379	inactive_random_reserve	10	high_elf	4	rogue	0	male		
19380	inactive_random_reserve	2	orc	9	warlock	1	female		
19381	inactive_random_reserve	1	human	8	mage	1	female		
19382	inactive_random_reserve	4	night_elf	11	druid	1	female		
19383	inactive_random_reserve	1	human	3	hunter	1	female		
19384	inactive_random_reserve	9	goblin	9	warlock	1	female		
19385	inactive_random_reserve	9	goblin	4	rogue	1	female		
19386	inactive_random_reserve	10	high_elf	4	rogue	0	male		
19387	inactive_random_reserve	4	night_elf	3	hunter	1	female		
19388	inactive_random_reserve	1	human	2	paladin	1	female		
19389	inactive_random_reserve	2	orc	1	warrior	0	male		
19390	inactive_random_reserve	4	night_elf	5	priest	0	male		
19391	inactive_random_reserve	1	human	3	hunter	1	female		
19392	inactive_random_reserve	5	undead	4	rogue	1	female		
19393	inactive_random_reserve	9	goblin	9	warlock	1	female		
19394	inactive_random_reserve	10	high_elf	5	priest	1	female		
19395	inactive_random_reserve	5	undead	1	warrior	0	male		
19396	inactive_random_reserve	6	tauren	3	hunter	0	male		
19397	inactive_random_reserve	10	high_elf	4	rogue	1	female		
19398	inactive_random_reserve	10	high_elf	1	warrior	1	female		
19399	inactive_random_reserve	10	high_elf	8	mage	1	female		
19400	inactive_random_reserve	5	undead	9	warlock	0	male		
19401	inactive_random_reserve	9	goblin	3	hunter	0	male		
19402	inactive_random_reserve	6	tauren	7	shaman	0	male		
19403	inactive_random_reserve	4	night_elf	11	druid	0	male		
19404	inactive_random_reserve	1	human	3	hunter	0	male		
19405	inactive_random_reserve	10	high_elf	1	warrior	0	male		
19406	inactive_random_reserve	10	high_elf	8	mage	1	female		
19407	inactive_random_reserve	9	goblin	4	rogue	1	female		
19408	inactive_random_reserve	9	goblin	4	rogue	0	male		
19409	inactive_random_reserve	9	goblin	4	rogue	0	male		
19410	inactive_random_reserve	4	night_elf	3	hunter	1	female		
19411	inactive_random_reserve	10	high_elf	3	hunter	0	male		
19412	inactive_random_reserve	4	night_elf	11	druid	0	male		
19413	inactive_random_reserve	1	human	2	paladin	1	female		
19414	inactive_random_reserve	1	human	1	warrior	0	male		
19415	inactive_random_reserve	1	human	2	paladin	1	female		
19416	inactive_random_reserve	9	goblin	9	warlock	0	male		
19417	inactive_random_reserve	1	human	9	warlock	0	male		
19418	inactive_random_reserve	10	high_elf	4	rogue	1	female		
19419	inactive_random_reserve	9	goblin	9	warlock	1	female		
19420	inactive_random_reserve	9	goblin	3	hunter	1	female		
19421	inactive_random_reserve	10	high_elf	4	rogue	0	male		
19422	inactive_random_reserve	1	human	5	priest	0	male		
19423	inactive_random_reserve	10	high_elf	1	warrior	1	female		
19424	inactive_random_reserve	10	high_elf	2	paladin	0	male		
19425	inactive_random_reserve	1	human	1	warrior	1	female		
19426	inactive_random_reserve	10	high_elf	1	warrior	0	male		
19427	inactive_random_reserve	3	dwarf	3	hunter	0	male		
19428	inactive_random_reserve	1	human	8	mage	0	male		
19429	inactive_random_reserve	1	human	3	hunter	0	male		
19430	inactive_random_reserve	9	goblin	8	mage	1	female		
19431	inactive_random_reserve	10	high_elf	5	priest	0	male		
19432	inactive_random_reserve	10	high_elf	4	rogue	0	male		
19433	inactive_random_reserve	10	high_elf	3	hunter	1	female		
19434	inactive_random_reserve	4	night_elf	3	hunter	0	male		
19435	inactive_random_reserve	9	goblin	9	warlock	1	female		
19436	inactive_random_reserve	3	dwarf	4	rogue	0	male		
19437	inactive_random_reserve	9	goblin	9	warlock	1	female		
19438	inactive_random_reserve	5	undead	8	mage	1	female		
19439	inactive_random_reserve	9	goblin	8	mage	0	male		
19440	inactive_random_reserve	9	goblin	8	mage	0	male		
19441	inactive_random_reserve	9	goblin	3	hunter	1	female		
19442	inactive_random_reserve	9	goblin	8	mage	1	female		
19443	inactive_random_reserve	4	night_elf	3	hunter	1	female		
19444	inactive_random_reserve	6	tauren	7	shaman	0	male		
19445	inactive_random_reserve	1	human	4	rogue	1	female		
19446	inactive_random_reserve	1	human	1	warrior	0	male		
19447	inactive_random_reserve	10	high_elf	2	paladin	1	female		
19448	inactive_random_reserve	5	undead	9	warlock	1	female		
19449	inactive_random_reserve	1	human	2	paladin	0	male		
19450	inactive_random_reserve	2	orc	1	warrior	0	male		
19451	inactive_random_reserve	10	high_elf	4	rogue	0	male		
19452	inactive_random_reserve	10	high_elf	4	rogue	1	female		
19453	inactive_random_reserve	9	goblin	1	warrior	1	female		
19454	inactive_random_reserve	8	troll	5	priest	0	male		
19455	inactive_random_reserve	10	high_elf	3	hunter	0	male		
19456	inactive_random_reserve	4	night_elf	3	hunter	0	male		
19457	inactive_random_reserve	10	high_elf	3	hunter	1	female		
19458	inactive_random_reserve	10	high_elf	1	warrior	0	male		
19459	inactive_random_reserve	10	high_elf	5	priest	1	female		
19460	inactive_random_reserve	9	goblin	4	rogue	1	female		
19461	inactive_random_reserve	10	high_elf	3	hunter	0	male		
19462	inactive_random_reserve	1	human	3	hunter	1	female		
19463	inactive_random_reserve	5	undead	4	rogue	1	female		
19464	inactive_random_reserve	3	dwarf	3	hunter	1	female		
19465	inactive_random_reserve	1	human	2	paladin	0	male		
19466	inactive_random_reserve	1	human	3	hunter	0	male		
19467	inactive_random_reserve	4	night_elf	11	druid	1	female		
19468	inactive_random_reserve	3	dwarf	1	warrior	0	male		
19469	inactive_random_reserve	9	goblin	8	mage	1	female		
19470	inactive_random_reserve	6	tauren	11	druid	1	female		
19471	inactive_random_reserve	5	undead	9	warlock	0	male		
19472	inactive_random_reserve	1	human	9	warlock	1	female		
19473	inactive_random_reserve	5	undead	4	rogue	0	male		
19474	inactive_random_reserve	6	tauren	7	shaman	1	female		
19475	inactive_random_reserve	3	dwarf	3	hunter	1	female		
19476	inactive_random_reserve	5	undead	4	rogue	1	female		
19477	inactive_random_reserve	7	gnome	9	warlock	1	female		
19478	inactive_random_reserve	2	orc	1	warrior	1	female		
19479	inactive_random_reserve	10	high_elf	4	rogue	1	female		
19480	inactive_random_reserve	6	tauren	3	hunter	1	female		
19481	inactive_random_reserve	8	troll	4	rogue	0	male		
19482	inactive_random_reserve	9	goblin	1	warrior	0	male		
19483	inactive_random_reserve	1	human	1	warrior	0	male		
19484	inactive_random_reserve	3	dwarf	3	hunter	0	male		
19485	inactive_random_reserve	1	human	1	warrior	0	male		
19486	inactive_random_reserve	3	dwarf	3	hunter	0	male		
19487	inactive_random_reserve	3	dwarf	3	hunter	0	male		
19488	inactive_random_reserve	1	human	5	priest	1	female		
19489	inactive_random_reserve	1	human	8	mage	0	male		
19490	inactive_random_reserve	10	high_elf	8	mage	1	female		
19491	inactive_random_reserve	10	high_elf	4	rogue	0	male		
19492	inactive_random_reserve	10	high_elf	2	paladin	0	male		
19493	inactive_random_reserve	10	high_elf	2	paladin	0	male		
19494	inactive_random_reserve	7	gnome	4	rogue	0	male		
19495	inactive_random_reserve	1	human	2	paladin	1	female		
19496	inactive_random_reserve	4	night_elf	11	druid	1	female		
19497	inactive_random_reserve	1	human	3	hunter	0	male		
19498	inactive_random_reserve	5	undead	1	warrior	1	female		
19499	inactive_random_reserve	1	human	2	paladin	1	female		
19500	inactive_random_reserve	9	goblin	1	warrior	1	female		
19501	inactive_random_reserve	5	undead	8	mage	1	female		
19502	inactive_random_reserve	10	high_elf	1	warrior	1	female		
19503	inactive_random_reserve	1	human	2	paladin	1	female		
19504	inactive_random_reserve	10	high_elf	8	mage	1	female		
19505	inactive_random_reserve	9	goblin	1	warrior	0	male		
19506	inactive_random_reserve	1	human	2	paladin	0	male		
19507	inactive_random_reserve	4	night_elf	4	rogue	0	male		
19508	inactive_random_reserve	8	troll	7	shaman	1	female		
19509	inactive_random_reserve	10	high_elf	3	hunter	0	male		
19510	inactive_random_reserve	1	human	1	warrior	1	female		
19511	inactive_random_reserve	4	night_elf	3	hunter	1	female		
19512	inactive_random_reserve	1	human	3	hunter	1	female		
19513	inactive_random_reserve	1	human	9	warlock	1	female		
19514	inactive_random_reserve	10	high_elf	1	warrior	1	female		
19515	inactive_random_reserve	1	human	9	warlock	1	female		
19516	inactive_random_reserve	10	high_elf	5	priest	0	male		
19517	inactive_random_reserve	4	night_elf	3	hunter	1	female		
19518	inactive_random_reserve	10	high_elf	8	mage	1	female		
19519	inactive_random_reserve	2	orc	7	shaman	1	female		
19520	inactive_random_reserve	9	goblin	1	warrior	0	male		
19521	inactive_random_reserve	10	high_elf	3	hunter	1	female		
19522	inactive_random_reserve	7	gnome	1	warrior	1	female		
19523	inactive_random_reserve	5	undead	9	warlock	1	female		
19524	inactive_random_reserve	7	gnome	9	warlock	1	female		
19525	inactive_random_reserve	9	goblin	3	hunter	0	male		
19526	inactive_random_reserve	2	orc	3	hunter	1	female		
19527	inactive_random_reserve	10	high_elf	1	warrior	0	male		
19528	inactive_random_reserve	6	tauren	1	warrior	1	female		
19529	inactive_random_reserve	4	night_elf	4	rogue	1	female		
19530	inactive_random_reserve	4	night_elf	5	priest	1	female		
19531	inactive_random_reserve	5	undead	8	mage	1	female		
19532	inactive_random_reserve	9	goblin	8	mage	1	female		
19533	inactive_random_reserve	4	night_elf	1	warrior	0	male		
19534	inactive_random_reserve	2	orc	1	warrior	0	male		
19535	inactive_random_reserve	9	goblin	9	warlock	1	female		
19536	inactive_random_reserve	3	dwarf	4	rogue	1	female		
19537	inactive_random_reserve	4	night_elf	4	rogue	1	female		
19538	inactive_random_reserve	10	high_elf	4	rogue	0	male		
19539	inactive_random_reserve	5	undead	4	rogue	1	female		
19540	inactive_random_reserve	4	night_elf	11	druid	0	male		
19541	inactive_random_reserve	4	night_elf	3	hunter	1	female		
19542	inactive_random_reserve	3	dwarf	3	hunter	0	male		
19543	inactive_random_reserve	10	high_elf	8	mage	1	female		
19544	inactive_random_reserve	1	human	8	mage	1	female		
19545	inactive_random_reserve	9	goblin	9	warlock	0	male		
19546	inactive_random_reserve	4	night_elf	1	warrior	1	female		
19547	inactive_random_reserve	4	night_elf	3	hunter	1	female		
19548	inactive_random_reserve	9	goblin	8	mage	0	male		
19549	inactive_random_reserve	1	human	8	mage	1	female		
19550	inactive_random_reserve	5	undead	8	mage	0	male		
19551	inactive_random_reserve	10	high_elf	2	paladin	0	male		
19552	inactive_random_reserve	10	high_elf	8	mage	1	female		
19553	inactive_random_reserve	1	human	4	rogue	1	female		
19554	inactive_random_reserve	3	dwarf	3	hunter	0	male		
19555	inactive_random_reserve	2	orc	1	warrior	0	male		
19556	inactive_random_reserve	3	dwarf	2	paladin	1	female		
19557	inactive_random_reserve	6	tauren	11	druid	1	female		
19558	inactive_random_reserve	2	orc	4	rogue	1	female		
19559	inactive_random_reserve	6	tauren	7	shaman	0	male		
19560	inactive_random_reserve	9	goblin	4	rogue	1	female		
19561	inactive_random_reserve	6	tauren	7	shaman	0	male		
19562	inactive_random_reserve	5	undead	9	warlock	0	male		
19563	inactive_random_reserve	9	goblin	4	rogue	0	male		
19564	inactive_random_reserve	1	human	3	hunter	1	female		
19565	inactive_random_reserve	1	human	8	mage	0	male		
19566	inactive_random_reserve	1	human	3	hunter	1	female		
19567	inactive_random_reserve	3	dwarf	1	warrior	0	male		
19568	inactive_random_reserve	10	high_elf	3	hunter	0	male		
19569	inactive_random_reserve	3	dwarf	2	paladin	1	female		
19570	inactive_random_reserve	1	human	9	warlock	1	female		
19571	inactive_random_reserve	3	dwarf	2	paladin	1	female		
19572	inactive_random_reserve	1	human	8	mage	1	female		
19573	inactive_random_reserve	10	high_elf	5	priest	0	male		
19574	inactive_random_reserve	10	high_elf	5	priest	1	female		
19575	inactive_random_reserve	4	night_elf	3	hunter	1	female		
19576	inactive_random_reserve	10	high_elf	4	rogue	1	female		
19577	inactive_random_reserve	1	human	2	paladin	1	female		
19578	inactive_random_reserve	4	night_elf	3	hunter	1	female		
19579	inactive_random_reserve	9	goblin	3	hunter	0	male		
19580	inactive_random_reserve	2	orc	1	warrior	0	male		
19581	inactive_random_reserve	10	high_elf	1	warrior	1	female		
19582	inactive_random_reserve	1	human	3	hunter	0	male		
19583	inactive_random_reserve	10	high_elf	5	priest	0	male		
19584	inactive_random_reserve	4	night_elf	11	druid	0	male		
19585	inactive_random_reserve	9	goblin	4	rogue	1	female		
19586	inactive_random_reserve	9	goblin	3	hunter	0	male		
19587	inactive_random_reserve	9	goblin	1	warrior	1	female		
19588	inactive_random_reserve	10	high_elf	4	rogue	1	female		
19589	inactive_random_reserve	4	night_elf	4	rogue	1	female		
19590	inactive_random_reserve	4	night_elf	5	priest	0	male		
19591	inactive_random_reserve	5	undead	8	mage	1	female		
19592	inactive_random_reserve	10	high_elf	2	paladin	0	male		
19593	inactive_random_reserve	9	goblin	8	mage	0	male		
19594	inactive_random_reserve	10	high_elf	3	hunter	0	male		
19595	inactive_random_reserve	1	human	8	mage	0	male		
19596	inactive_random_reserve	9	goblin	1	warrior	1	female		
19597	inactive_random_reserve	9	goblin	8	mage	0	male		
19598	inactive_random_reserve	3	dwarf	3	hunter	0	male		
19599	inactive_random_reserve	1	human	8	mage	0	male		
19600	inactive_random_reserve	10	high_elf	8	mage	0	male		
19601	inactive_random_reserve	9	goblin	9	warlock	1	female		
19602	inactive_random_reserve	1	human	4	rogue	1	female		
19603	inactive_random_reserve	10	high_elf	4	rogue	0	male		
19604	inactive_random_reserve	8	troll	4	rogue	0	male		
19605	inactive_random_reserve	2	orc	3	hunter	1	female		
19606	inactive_random_reserve	10	high_elf	4	rogue	0	male		
19607	inactive_random_reserve	9	goblin	3	hunter	1	female		
19608	inactive_random_reserve	10	high_elf	2	paladin	1	female		
19609	inactive_random_reserve	10	high_elf	5	priest	0	male		
19610	inactive_random_reserve	9	goblin	8	mage	1	female		
19611	inactive_random_reserve	3	dwarf	2	paladin	0	male		
19612	inactive_random_reserve	7	gnome	8	mage	1	female		
19613	inactive_random_reserve	2	orc	3	hunter	1	female		
19614	inactive_random_reserve	10	high_elf	2	paladin	1	female		
19615	inactive_random_reserve	1	human	2	paladin	0	male		
19616	inactive_random_reserve	4	night_elf	3	hunter	0	male		
19617	inactive_random_reserve	10	high_elf	1	warrior	0	male		
19618	inactive_random_reserve	6	tauren	1	warrior	1	female		
19619	inactive_random_reserve	5	undead	9	warlock	0	male		
19620	inactive_random_reserve	4	night_elf	11	druid	1	female		
19621	inactive_random_reserve	9	goblin	3	hunter	1	female		
19622	inactive_random_reserve	9	goblin	3	hunter	0	male		
19623	inactive_random_reserve	1	human	8	mage	1	female		
19624	inactive_random_reserve	9	goblin	4	rogue	1	female		
19625	inactive_random_reserve	4	night_elf	4	rogue	1	female		
19626	inactive_random_reserve	5	undead	5	priest	0	male		
19627	inactive_random_reserve	6	tauren	11	druid	0	male		
19628	inactive_random_reserve	9	goblin	3	hunter	1	female		
19629	inactive_random_reserve	10	high_elf	4	rogue	0	male		
19630	inactive_random_reserve	1	human	8	mage	0	male		
19631	inactive_random_reserve	4	night_elf	4	rogue	0	male		
19632	inactive_random_reserve	10	high_elf	4	rogue	0	male		
19633	inactive_random_reserve	10	high_elf	4	rogue	1	female		
19634	inactive_random_reserve	7	gnome	9	warlock	1	female		
19635	inactive_random_reserve	9	goblin	8	mage	1	female		
19636	inactive_random_reserve	9	goblin	1	warrior	1	female		
19637	inactive_random_reserve	5	undead	1	warrior	1	female		
19638	inactive_random_reserve	1	human	8	mage	1	female		
19639	inactive_random_reserve	6	tauren	7	shaman	1	female		
19640	inactive_random_reserve	10	high_elf	8	mage	1	female		
19641	inactive_random_reserve	10	high_elf	8	mage	0	male		
19642	inactive_random_reserve	2	orc	9	warlock	1	female		
19643	inactive_random_reserve	4	night_elf	5	priest	0	male		
19644	inactive_random_reserve	10	high_elf	8	mage	1	female		
19645	inactive_random_reserve	9	goblin	3	hunter	0	male		
19646	inactive_random_reserve	10	high_elf	2	paladin	0	male		
19647	inactive_random_reserve	10	high_elf	2	paladin	0	male		
19648	inactive_random_reserve	1	human	3	hunter	1	female		
19649	inactive_random_reserve	8	troll	3	hunter	1	female		
19650	inactive_random_reserve	4	night_elf	4	rogue	0	male		
19651	inactive_random_reserve	10	high_elf	2	paladin	1	female		
19652	inactive_random_reserve	10	high_elf	5	priest	0	male		
19653	inactive_random_reserve	1	human	3	hunter	0	male		
19654	inactive_random_reserve	9	goblin	4	rogue	0	male		
19655	inactive_random_reserve	4	night_elf	3	hunter	0	male		
19656	inactive_random_reserve	9	goblin	9	warlock	1	female		
19657	inactive_random_reserve	1	human	4	rogue	1	female		
19658	inactive_random_reserve	5	undead	1	warrior	1	female		
19659	inactive_random_reserve	9	goblin	4	rogue	1	female		
19660	inactive_random_reserve	1	human	1	warrior	0	male		
19661	inactive_random_reserve	1	human	8	mage	1	female		
19662	inactive_random_reserve	1	human	1	warrior	0	male		
19663	inactive_random_reserve	9	goblin	8	mage	0	male		
19664	inactive_random_reserve	3	dwarf	2	paladin	1	female		
19665	inactive_random_reserve	5	undead	9	warlock	1	female		
19666	inactive_random_reserve	9	goblin	3	hunter	1	female		
19667	inactive_random_reserve	6	tauren	7	shaman	0	male		
19668	inactive_random_reserve	9	goblin	9	warlock	1	female		
19669	inactive_random_reserve	10	high_elf	4	rogue	1	female		
19670	inactive_random_reserve	10	high_elf	1	warrior	0	male		
19671	inactive_random_reserve	10	high_elf	8	mage	1	female		
19672	inactive_random_reserve	10	high_elf	2	paladin	1	female		
19673	inactive_random_reserve	1	human	1	warrior	1	female		
19674	inactive_random_reserve	3	dwarf	2	paladin	1	female		
19675	inactive_random_reserve	10	high_elf	3	hunter	0	male		
19676	inactive_random_reserve	10	high_elf	8	mage	0	male		
19677	inactive_random_reserve	2	orc	3	hunter	0	male		
19678	inactive_random_reserve	1	human	1	warrior	0	male		
19679	inactive_random_reserve	3	dwarf	1	warrior	0	male		
19680	inactive_random_reserve	9	goblin	8	mage	1	female		
19681	inactive_random_reserve	9	goblin	3	hunter	0	male		
19682	inactive_random_reserve	10	high_elf	5	priest	1	female		
19683	inactive_random_reserve	10	high_elf	1	warrior	1	female		
19684	inactive_random_reserve	1	human	8	mage	1	female		
19685	inactive_random_reserve	1	human	9	warlock	1	female		
19686	inactive_random_reserve	10	high_elf	4	rogue	0	male		
19687	inactive_random_reserve	9	goblin	4	rogue	1	female		
19688	inactive_random_reserve	10	high_elf	2	paladin	0	male		
19689	inactive_random_reserve	4	night_elf	4	rogue	1	female		
19690	inactive_random_reserve	6	tauren	7	shaman	0	male		
19691	inactive_random_reserve	10	high_elf	2	paladin	1	female		
19692	inactive_random_reserve	7	gnome	9	warlock	1	female		
19693	inactive_random_reserve	10	high_elf	8	mage	0	male		
19694	inactive_random_reserve	3	dwarf	2	paladin	1	female		
19695	inactive_random_reserve	1	human	2	paladin	0	male		
19696	inactive_random_reserve	4	night_elf	4	rogue	0	male		
19697	inactive_random_reserve	9	goblin	8	mage	1	female		
19698	inactive_random_reserve	4	night_elf	3	hunter	0	male		
19699	inactive_random_reserve	6	tauren	11	druid	0	male		
19700	inactive_random_reserve	9	goblin	9	warlock	1	female		
19701	inactive_random_reserve	9	goblin	3	hunter	0	male		
19702	inactive_random_reserve	5	undead	4	rogue	1	female		
19703	inactive_random_reserve	7	gnome	8	mage	0	male		
19704	inactive_random_reserve	6	tauren	7	shaman	1	female		
19705	inactive_random_reserve	9	goblin	8	mage	1	female		
19706	inactive_random_reserve	10	high_elf	3	hunter	1	female		
19707	inactive_random_reserve	4	night_elf	3	hunter	0	male		
19708	inactive_random_reserve	1	human	9	warlock	0	male		
19709	inactive_random_reserve	4	night_elf	5	priest	0	male		
19710	inactive_random_reserve	1	human	5	priest	1	female		
19711	inactive_random_reserve	8	troll	7	shaman	1	female		
19712	inactive_random_reserve	8	troll	5	priest	1	female		
19713	inactive_random_reserve	4	night_elf	5	priest	1	female		
19714	inactive_random_reserve	10	high_elf	4	rogue	1	female		
19715	inactive_random_reserve	4	night_elf	3	hunter	0	male		
19716	inactive_random_reserve	6	tauren	11	druid	1	female		
19717	inactive_random_reserve	1	human	3	hunter	0	male		
19718	inactive_random_reserve	5	undead	1	warrior	1	female		
19719	inactive_random_reserve	10	high_elf	5	priest	1	female		
19720	inactive_random_reserve	10	high_elf	5	priest	0	male		
19721	inactive_random_reserve	5	undead	9	warlock	0	male		
19722	inactive_random_reserve	9	goblin	9	warlock	1	female		
19723	inactive_random_reserve	9	goblin	4	rogue	1	female		
19724	inactive_random_reserve	3	dwarf	2	paladin	0	male		
19725	inactive_random_reserve	9	goblin	8	mage	0	male		
19726	inactive_random_reserve	10	high_elf	1	warrior	0	male		
19727	inactive_random_reserve	1	human	8	mage	0	male		
19728	inactive_random_reserve	10	high_elf	8	mage	0	male		
19729	inactive_random_reserve	9	goblin	1	warrior	0	male		
19730	inactive_random_reserve	4	night_elf	3	hunter	0	male		
19731	inactive_random_reserve	1	human	3	hunter	0	male		
19732	inactive_random_reserve	4	night_elf	3	hunter	1	female		
19733	inactive_random_reserve	3	dwarf	3	hunter	1	female		
19734	inactive_random_reserve	4	night_elf	3	hunter	1	female		
19735	inactive_random_reserve	1	human	3	hunter	1	female		
19736	inactive_random_reserve	10	high_elf	4	rogue	1	female		
19737	inactive_random_reserve	10	high_elf	1	warrior	1	female		
19738	inactive_random_reserve	1	human	2	paladin	0	male		
19739	inactive_random_reserve	5	undead	9	warlock	0	male		
19740	inactive_random_reserve	10	high_elf	2	paladin	1	female		
19741	inactive_random_reserve	5	undead	4	rogue	0	male		
19742	inactive_random_reserve	2	orc	1	warrior	1	female		
19743	inactive_random_reserve	5	undead	9	warlock	0	male		
19744	inactive_random_reserve	1	human	5	priest	0	male		
19745	inactive_random_reserve	4	night_elf	5	priest	1	female		
19746	inactive_random_reserve	6	tauren	1	warrior	1	female		
19747	inactive_random_reserve	10	high_elf	8	mage	1	female		
19748	inactive_random_reserve	10	high_elf	3	hunter	0	male		
19749	inactive_random_reserve	10	high_elf	8	mage	1	female		
19750	inactive_random_reserve	7	gnome	9	warlock	1	female		
19751	inactive_random_reserve	1	human	3	hunter	0	male		
19752	inactive_random_reserve	7	gnome	8	mage	1	female		
19753	inactive_random_reserve	10	high_elf	2	paladin	0	male		
19754	inactive_random_reserve	9	goblin	8	mage	0	male		
19755	inactive_random_reserve	5	undead	4	rogue	0	male		
19756	inactive_random_reserve	4	night_elf	1	warrior	1	female		
19757	inactive_random_reserve	8	troll	4	rogue	0	male		
19758	inactive_random_reserve	10	high_elf	1	warrior	0	male		
19759	inactive_random_reserve	4	night_elf	11	druid	1	female		
19760	inactive_random_reserve	9	goblin	3	hunter	1	female		
19761	inactive_random_reserve	9	goblin	8	mage	0	male		
19762	inactive_random_reserve	9	goblin	3	hunter	1	female		
19763	inactive_random_reserve	10	high_elf	5	priest	0	male		
19764	inactive_random_reserve	5	undead	9	warlock	1	female		
19765	inactive_random_reserve	10	high_elf	2	paladin	1	female		
19766	inactive_random_reserve	1	human	9	warlock	0	male		
19767	inactive_random_reserve	3	dwarf	3	hunter	1	female		
19768	inactive_random_reserve	5	undead	9	warlock	1	female		
19769	inactive_random_reserve	4	night_elf	3	hunter	1	female		
19770	inactive_random_reserve	10	high_elf	4	rogue	0	male		
19771	inactive_random_reserve	10	high_elf	5	priest	0	male		
19772	inactive_random_reserve	9	goblin	8	mage	1	female		
19773	inactive_random_reserve	4	night_elf	3	hunter	0	male		
19774	inactive_random_reserve	10	high_elf	4	rogue	1	female		
19775	inactive_random_reserve	10	high_elf	4	rogue	0	male		
19776	inactive_random_reserve	9	goblin	9	warlock	0	male		
19777	inactive_random_reserve	7	gnome	9	warlock	0	male		
19778	inactive_random_reserve	5	undead	4	rogue	1	female		
19779	inactive_random_reserve	10	high_elf	5	priest	0	male		
19780	inactive_random_reserve	4	night_elf	3	hunter	0	male		
19781	inactive_random_reserve	9	goblin	9	warlock	0	male		
19782	inactive_random_reserve	10	high_elf	3	hunter	1	female		
19783	inactive_random_reserve	7	gnome	9	warlock	0	male		
19784	inactive_random_reserve	1	human	1	warrior	1	female		
19785	inactive_random_reserve	1	human	5	priest	1	female		
19786	inactive_random_reserve	10	high_elf	3	hunter	0	male		
19787	inactive_random_reserve	5	undead	4	rogue	1	female		
19788	inactive_random_reserve	10	high_elf	3	hunter	1	female		
19789	inactive_random_reserve	9	goblin	9	warlock	0	male		
19790	inactive_random_reserve	1	human	5	priest	0	male		
19791	inactive_random_reserve	3	dwarf	3	hunter	0	male		
19792	inactive_random_reserve	1	human	3	hunter	0	male		
19793	inactive_random_reserve	1	human	2	paladin	0	male		
19794	inactive_random_reserve	4	night_elf	3	hunter	0	male		
19795	inactive_random_reserve	4	night_elf	11	druid	0	male		
19796	inactive_random_reserve	5	undead	4	rogue	1	female		
19797	inactive_random_reserve	1	human	1	warrior	0	male		
19798	inactive_random_reserve	2	orc	7	shaman	1	female		
19799	inactive_random_reserve	4	night_elf	11	druid	0	male		
19800	inactive_random_reserve	9	goblin	3	hunter	1	female		
19801	inactive_random_reserve	9	goblin	8	mage	1	female		
19802	inactive_random_reserve	3	dwarf	1	warrior	0	male		
19803	inactive_random_reserve	4	night_elf	11	druid	1	female		
19804	inactive_random_reserve	10	high_elf	2	paladin	1	female		
19805	inactive_random_reserve	9	goblin	1	warrior	1	female		
19806	inactive_random_reserve	4	night_elf	11	druid	1	female		
19807	inactive_random_reserve	4	night_elf	4	rogue	0	male		
19808	inactive_random_reserve	9	goblin	4	rogue	0	male		
19809	inactive_random_reserve	8	troll	4	rogue	1	female		
19810	inactive_random_reserve	9	goblin	4	rogue	0	male		
19811	inactive_random_reserve	10	high_elf	2	paladin	0	male		
19812	inactive_random_reserve	10	high_elf	8	mage	0	male		
19813	inactive_random_reserve	10	high_elf	4	rogue	1	female		
19814	inactive_random_reserve	9	goblin	9	warlock	0	male		
19815	inactive_random_reserve	1	human	5	priest	0	male		
19816	inactive_random_reserve	10	high_elf	8	mage	0	male		
19817	inactive_random_reserve	2	orc	3	hunter	0	male		
19818	inactive_random_reserve	1	human	4	rogue	0	male		
19819	inactive_random_reserve	3	dwarf	3	hunter	1	female		
19820	inactive_random_reserve	9	goblin	1	warrior	1	female		
19821	inactive_random_reserve	10	high_elf	8	mage	1	female		
19822	inactive_random_reserve	3	dwarf	1	warrior	1	female		
19823	inactive_random_reserve	10	high_elf	4	rogue	0	male		
19824	inactive_random_reserve	10	high_elf	8	mage	0	male		
19825	inactive_random_reserve	10	high_elf	1	warrior	1	female		
19826	inactive_random_reserve	1	human	3	hunter	0	male		
19827	inactive_random_reserve	4	night_elf	11	druid	1	female		
19828	inactive_random_reserve	2	orc	7	shaman	0	male		
19829	inactive_random_reserve	10	high_elf	1	warrior	0	male		
19830	inactive_random_reserve	6	tauren	11	druid	0	male		
19831	inactive_random_reserve	9	goblin	3	hunter	1	female		
19832	inactive_random_reserve	9	goblin	4	rogue	0	male		
19833	inactive_random_reserve	9	goblin	4	rogue	1	female		
19834	inactive_random_reserve	1	human	4	rogue	1	female		
19835	inactive_random_reserve	1	human	8	mage	0	male		
19836	inactive_random_reserve	3	dwarf	2	paladin	1	female		
19837	inactive_random_reserve	4	night_elf	11	druid	1	female		
19838	inactive_random_reserve	3	dwarf	2	paladin	0	male		
19839	inactive_random_reserve	1	human	9	warlock	1	female		
19840	inactive_random_reserve	10	high_elf	8	mage	1	female		
19841	inactive_random_reserve	6	tauren	7	shaman	0	male		
19842	inactive_random_reserve	10	high_elf	8	mage	1	female		
19843	inactive_random_reserve	10	high_elf	8	mage	0	male		
19844	inactive_random_reserve	1	human	3	hunter	1	female		
19845	inactive_random_reserve	10	high_elf	5	priest	1	female		
19846	inactive_random_reserve	10	high_elf	5	priest	0	male		
19847	inactive_random_reserve	10	high_elf	3	hunter	0	male		
19848	inactive_random_reserve	7	gnome	8	mage	1	female		
19849	inactive_random_reserve	8	troll	1	warrior	0	male		
19850	inactive_random_reserve	10	high_elf	3	hunter	1	female		
19851	inactive_random_reserve	10	high_elf	8	mage	1	female		
19852	inactive_random_reserve	1	human	9	warlock	0	male		
19853	inactive_random_reserve	5	undead	8	mage	1	female		
19854	inactive_random_reserve	2	orc	1	warrior	0	male		
19855	inactive_random_reserve	9	goblin	8	mage	0	male		
19856	inactive_random_reserve	1	human	8	mage	1	female		
19857	inactive_random_reserve	10	high_elf	3	hunter	0	male		
19858	inactive_random_reserve	9	goblin	8	mage	0	male		
19859	inactive_random_reserve	1	human	9	warlock	1	female		
19860	inactive_random_reserve	5	undead	9	warlock	1	female		
19861	inactive_random_reserve	4	night_elf	11	druid	0	male		
19862	inactive_random_reserve	10	high_elf	1	warrior	1	female		
19863	inactive_random_reserve	10	high_elf	1	warrior	1	female		
19864	inactive_random_reserve	6	tauren	11	druid	1	female		
19865	inactive_random_reserve	5	undead	9	warlock	1	female		
19866	inactive_random_reserve	4	night_elf	11	druid	1	female		
19867	inactive_random_reserve	6	tauren	1	warrior	1	female		
19868	inactive_random_reserve	10	high_elf	5	priest	0	male		
19869	inactive_random_reserve	10	high_elf	5	priest	1	female		
19870	inactive_random_reserve	1	human	4	rogue	1	female		
19871	inactive_random_reserve	1	human	2	paladin	0	male		
19872	inactive_random_reserve	8	troll	1	warrior	1	female		
19873	inactive_random_reserve	9	goblin	9	warlock	1	female		
19874	inactive_random_reserve	7	gnome	1	warrior	1	female		
19875	inactive_random_reserve	4	night_elf	4	rogue	0	male		
19876	inactive_random_reserve	9	goblin	8	mage	1	female		
19877	inactive_random_reserve	6	tauren	1	warrior	0	male		
19878	inactive_random_reserve	10	high_elf	3	hunter	1	female		
19879	inactive_random_reserve	8	troll	4	rogue	0	male		
19880	inactive_random_reserve	4	night_elf	4	rogue	0	male		
19881	inactive_random_reserve	10	high_elf	8	mage	0	male		
19882	inactive_random_reserve	2	orc	7	shaman	1	female		
19883	inactive_random_reserve	9	goblin	1	warrior	1	female		
19884	inactive_random_reserve	1	human	9	warlock	1	female		
19885	inactive_random_reserve	10	high_elf	1	warrior	0	male		
19886	inactive_random_reserve	10	high_elf	3	hunter	0	male		
19887	inactive_random_reserve	8	troll	7	shaman	0	male		
19888	inactive_random_reserve	1	human	3	hunter	0	male		
19889	inactive_random_reserve	8	troll	4	rogue	1	female		
19890	inactive_random_reserve	8	troll	8	mage	0	male		
19891	inactive_random_reserve	9	goblin	8	mage	0	male		
19892	inactive_random_reserve	10	high_elf	8	mage	1	female		
19893	inactive_random_reserve	4	night_elf	3	hunter	1	female		
19894	inactive_random_reserve	4	night_elf	5	priest	1	female		
19895	inactive_random_reserve	10	high_elf	2	paladin	0	male		
19896	inactive_random_reserve	4	night_elf	5	priest	1	female		
19897	inactive_random_reserve	9	goblin	4	rogue	1	female		
19898	inactive_random_reserve	10	high_elf	5	priest	1	female		
19899	inactive_random_reserve	6	tauren	3	hunter	1	female		
19900	inactive_random_reserve	9	goblin	8	mage	1	female		
19901	inactive_random_reserve	9	goblin	3	hunter	0	male		
19902	inactive_random_reserve	9	goblin	8	mage	0	male		
19903	inactive_random_reserve	10	high_elf	8	mage	1	female		
19904	inactive_random_reserve	4	night_elf	1	warrior	0	male		
19905	inactive_random_reserve	4	night_elf	4	rogue	0	male		
19906	inactive_random_reserve	10	high_elf	4	rogue	0	male		
19907	inactive_random_reserve	4	night_elf	1	warrior	1	female		
19908	inactive_random_reserve	9	goblin	3	hunter	1	female		
19909	inactive_random_reserve	8	troll	4	rogue	0	male		
19910	inactive_random_reserve	1	human	8	mage	0	male		
19911	inactive_random_reserve	4	night_elf	3	hunter	1	female		
19912	inactive_random_reserve	4	night_elf	11	druid	0	male		
19913	inactive_random_reserve	1	human	2	paladin	1	female		
19914	inactive_random_reserve	7	gnome	4	rogue	1	female		
19915	inactive_random_reserve	6	tauren	1	warrior	0	male		
19916	inactive_random_reserve	3	dwarf	2	paladin	1	female		
19917	inactive_random_reserve	9	goblin	4	rogue	0	male		
19918	inactive_random_reserve	4	night_elf	11	druid	1	female		
19919	inactive_random_reserve	2	orc	3	hunter	1	female		
19920	inactive_random_reserve	6	tauren	11	druid	1	female		
19921	inactive_random_reserve	7	gnome	8	mage	0	male		
19922	inactive_random_reserve	1	human	3	hunter	1	female		
19923	inactive_random_reserve	1	human	2	paladin	1	female		
19924	inactive_random_reserve	5	undead	8	mage	1	female		
19925	inactive_random_reserve	4	night_elf	11	druid	0	male		
19926	inactive_random_reserve	7	gnome	4	rogue	1	female		
19927	inactive_random_reserve	5	undead	5	priest	1	female		
19928	inactive_random_reserve	6	tauren	3	hunter	1	female		
19929	inactive_random_reserve	5	undead	8	mage	1	female		
19930	inactive_random_reserve	4	night_elf	3	hunter	0	male		
19931	inactive_random_reserve	4	night_elf	3	hunter	1	female		
19932	inactive_random_reserve	7	gnome	4	rogue	0	male		
19933	inactive_random_reserve	1	human	8	mage	0	male		
19934	inactive_random_reserve	9	goblin	8	mage	0	male		
19935	inactive_random_reserve	9	goblin	9	warlock	0	male		
19936	inactive_random_reserve	8	troll	3	hunter	1	female		
19937	inactive_random_reserve	8	troll	4	rogue	1	female		
19938	inactive_random_reserve	1	human	1	warrior	0	male		
19939	inactive_random_reserve	3	dwarf	2	paladin	0	male		
19940	inactive_random_reserve	4	night_elf	1	warrior	1	female		
19941	inactive_random_reserve	10	high_elf	3	hunter	0	male		
19942	inactive_random_reserve	4	night_elf	11	druid	1	female		
19943	inactive_random_reserve	1	human	3	hunter	1	female		
19944	inactive_random_reserve	9	goblin	9	warlock	0	male		
19945	inactive_random_reserve	8	troll	1	warrior	1	female		
19946	inactive_random_reserve	5	undead	4	rogue	0	male		
19947	inactive_random_reserve	9	goblin	1	warrior	0	male		
19948	inactive_random_reserve	1	human	5	priest	1	female		
19949	inactive_random_reserve	1	human	3	hunter	0	male		
19950	inactive_random_reserve	10	high_elf	4	rogue	0	male		
19951	inactive_random_reserve	10	high_elf	4	rogue	0	male		
19952	inactive_random_reserve	8	troll	7	shaman	0	male		
19953	inactive_random_reserve	10	high_elf	2	paladin	1	female		
19954	inactive_random_reserve	8	troll	4	rogue	0	male		
19955	inactive_random_reserve	6	tauren	1	warrior	1	female		
19956	inactive_random_reserve	9	goblin	8	mage	1	female		
19957	inactive_random_reserve	1	human	4	rogue	0	male		
19958	inactive_random_reserve	10	high_elf	8	mage	0	male		
19959	inactive_random_reserve	1	human	1	warrior	1	female		
19960	inactive_random_reserve	10	high_elf	8	mage	0	male		
19961	inactive_random_reserve	4	night_elf	4	rogue	1	female		
19962	inactive_random_reserve	1	human	5	priest	0	male		
19963	inactive_random_reserve	10	high_elf	1	warrior	1	female		
19964	inactive_random_reserve	1	human	2	paladin	1	female		
19965	inactive_random_reserve	6	tauren	1	warrior	0	male		
19966	inactive_random_reserve	9	goblin	3	hunter	1	female		
19967	inactive_random_reserve	1	human	2	paladin	1	female		
19968	inactive_random_reserve	1	human	2	paladin	0	male		
19969	inactive_random_reserve	1	human	4	rogue	0	male		
19970	inactive_random_reserve	9	goblin	9	warlock	1	female		
19971	inactive_random_reserve	10	high_elf	8	mage	1	female		
19972	inactive_random_reserve	5	undead	5	priest	0	male		
19973	inactive_random_reserve	1	human	1	warrior	1	female		
19974	inactive_random_reserve	10	high_elf	8	mage	1	female		
19975	inactive_random_reserve	4	night_elf	3	hunter	1	female		
19976	inactive_random_reserve	5	undead	4	rogue	1	female		
19977	inactive_random_reserve	2	orc	1	warrior	0	male		
19978	inactive_random_reserve	9	goblin	9	warlock	1	female		
19979	inactive_random_reserve	4	night_elf	11	druid	0	male		
19980	inactive_random_reserve	3	dwarf	5	priest	1	female		
19981	inactive_random_reserve	9	goblin	4	rogue	0	male		
19982	inactive_random_reserve	6	tauren	11	druid	1	female		
19983	inactive_random_reserve	3	dwarf	2	paladin	0	male		
19984	inactive_random_reserve	9	goblin	3	hunter	1	female		
19985	inactive_random_reserve	4	night_elf	4	rogue	0	male		
19986	inactive_random_reserve	1	human	5	priest	1	female		
19987	inactive_random_reserve	3	dwarf	3	hunter	1	female		
19988	inactive_random_reserve	10	high_elf	2	paladin	0	male		
19989	inactive_random_reserve	10	high_elf	8	mage	1	female		
19990	inactive_random_reserve	4	night_elf	11	druid	0	male		
19991	inactive_random_reserve	1	human	4	rogue	1	female		
19992	inactive_random_reserve	4	night_elf	3	hunter	0	male		
19993	inactive_random_reserve	10	high_elf	8	mage	0	male		
19994	inactive_random_reserve	10	high_elf	1	warrior	1	female		
19995	inactive_random_reserve	9	goblin	9	warlock	1	female		
19996	inactive_random_reserve	3	dwarf	3	hunter	0	male		
19997	inactive_random_reserve	10	high_elf	5	priest	1	female		
19998	inactive_random_reserve	9	goblin	9	warlock	1	female		
19999	inactive_random_reserve	7	gnome	4	rogue	1	female		
20000	inactive_random_reserve	9	goblin	1	warrior	1	female		
20001	inactive_random_reserve	9	goblin	9	warlock	1	female		
20002	inactive_random_reserve	8	troll	3	hunter	0	male		
20003	inactive_random_reserve	10	high_elf	8	mage	1	female		
20004	inactive_random_reserve	9	goblin	9	warlock	0	male		
20005	inactive_random_reserve	4	night_elf	11	druid	1	female		
20006	inactive_random_reserve	1	human	9	warlock	1	female		
20007	inactive_random_reserve	4	night_elf	11	druid	1	female		
20008	inactive_random_reserve	4	night_elf	11	druid	0	male		
20009	inactive_random_reserve	10	high_elf	5	priest	0	male		
20010	inactive_random_reserve	9	goblin	1	warrior	0	male		
20011	inactive_random_reserve	10	high_elf	2	paladin	0	male		
20012	inactive_random_reserve	9	goblin	9	warlock	1	female		
20013	inactive_random_reserve	4	night_elf	1	warrior	1	female		
20014	inactive_random_reserve	9	goblin	3	hunter	0	male		
20015	inactive_random_reserve	8	troll	4	rogue	0	male		
20016	inactive_random_reserve	8	troll	3	hunter	0	male		
20017	inactive_random_reserve	10	high_elf	1	warrior	0	male		
20018	inactive_random_reserve	2	orc	1	warrior	1	female		
20019	inactive_random_reserve	9	goblin	1	warrior	1	female		
20020	inactive_random_reserve	8	troll	5	priest	1	female		
20021	inactive_random_reserve	4	night_elf	4	rogue	1	female		
20022	inactive_random_reserve	4	night_elf	4	rogue	1	female		
20023	inactive_random_reserve	9	goblin	8	mage	0	male		
20024	inactive_random_reserve	3	dwarf	3	hunter	0	male		
20025	inactive_random_reserve	4	night_elf	4	rogue	1	female		
20026	inactive_random_reserve	10	high_elf	1	warrior	0	male		
20027	inactive_random_reserve	5	undead	8	mage	1	female		
20028	inactive_random_reserve	10	high_elf	5	priest	0	male		
20029	inactive_random_reserve	10	high_elf	2	paladin	0	male		
20030	inactive_random_reserve	1	human	2	paladin	0	male		
20031	inactive_random_reserve	9	goblin	3	hunter	1	female		
20032	inactive_random_reserve	10	high_elf	4	rogue	0	male		
20033	inactive_random_reserve	9	goblin	1	warrior	0	male		
20034	inactive_random_reserve	4	night_elf	11	druid	1	female		
20035	inactive_random_reserve	6	tauren	7	shaman	1	female		
20036	inactive_random_reserve	3	dwarf	2	paladin	0	male		
20037	inactive_random_reserve	8	troll	7	shaman	0	male		
20038	inactive_random_reserve	3	dwarf	1	warrior	1	female		
20039	inactive_random_reserve	1	human	8	mage	0	male		
20040	inactive_random_reserve	10	high_elf	4	rogue	0	male		
20041	inactive_random_reserve	1	human	1	warrior	0	male		
20042	inactive_random_reserve	10	high_elf	4	rogue	1	female		
20043	inactive_random_reserve	3	dwarf	2	paladin	1	female		
20044	inactive_random_reserve	5	undead	8	mage	1	female		
20045	inactive_random_reserve	8	troll	5	priest	1	female		
20046	inactive_random_reserve	4	night_elf	4	rogue	1	female		
20047	inactive_random_reserve	5	undead	9	warlock	0	male		
20048	inactive_random_reserve	8	troll	4	rogue	0	male		
20049	inactive_random_reserve	10	high_elf	5	priest	1	female		
20050	inactive_random_reserve	4	night_elf	3	hunter	0	male		
20051	inactive_random_reserve	4	night_elf	3	hunter	0	male		
20052	inactive_random_reserve	9	goblin	9	warlock	1	female		
20053	inactive_random_reserve	7	gnome	9	warlock	0	male		
20054	inactive_random_reserve	2	orc	7	shaman	1	female		
20055	inactive_random_reserve	2	orc	1	warrior	1	female		
20056	inactive_random_reserve	3	dwarf	5	priest	0	male		
20057	inactive_random_reserve	9	goblin	9	warlock	1	female		
20058	inactive_random_reserve	7	gnome	8	mage	0	male		
20059	inactive_random_reserve	1	human	8	mage	1	female		
20060	inactive_random_reserve	1	human	4	rogue	0	male		
20061	inactive_random_reserve	1	human	2	paladin	0	male		
20062	inactive_random_reserve	10	high_elf	4	rogue	0	male		
20063	inactive_random_reserve	3	dwarf	3	hunter	1	female		
20064	inactive_random_reserve	10	high_elf	4	rogue	1	female		
20065	inactive_random_reserve	6	tauren	7	shaman	0	male		
20066	inactive_random_reserve	10	high_elf	8	mage	0	male		
20067	inactive_random_reserve	2	orc	3	hunter	1	female		
20068	inactive_random_reserve	9	goblin	3	hunter	1	female		
20069	inactive_random_reserve	9	goblin	8	mage	0	male		
20070	inactive_random_reserve	6	tauren	11	druid	1	female		
20071	inactive_random_reserve	5	undead	8	mage	1	female		
20072	inactive_random_reserve	9	goblin	1	warrior	1	female		
20073	inactive_random_reserve	2	orc	9	warlock	1	female		
20074	inactive_random_reserve	5	undead	4	rogue	1	female		
20075	inactive_random_reserve	1	human	3	hunter	0	male		
20076	inactive_random_reserve	2	orc	1	warrior	0	male		
20077	inactive_random_reserve	5	undead	5	priest	1	female		
20078	inactive_random_reserve	9	goblin	1	warrior	0	male		
20079	inactive_random_reserve	10	high_elf	8	mage	0	male		
20080	inactive_random_reserve	3	dwarf	2	paladin	0	male		
20081	inactive_random_reserve	5	undead	9	warlock	0	male		
20082	inactive_random_reserve	9	goblin	3	hunter	0	male		
20083	inactive_random_reserve	9	goblin	4	rogue	0	male		
20084	inactive_random_reserve	6	tauren	7	shaman	0	male		
20085	inactive_random_reserve	5	undead	1	warrior	0	male		
20086	inactive_random_reserve	9	goblin	9	warlock	1	female		
20087	inactive_random_reserve	9	goblin	8	mage	1	female		
20088	inactive_random_reserve	10	high_elf	4	rogue	0	male		
20089	inactive_random_reserve	10	high_elf	1	warrior	1	female		
20090	inactive_random_reserve	10	high_elf	8	mage	0	male		
20091	inactive_random_reserve	9	goblin	1	warrior	1	female		
20092	inactive_random_reserve	7	gnome	9	warlock	0	male		
20093	inactive_random_reserve	9	goblin	3	hunter	0	male		
20094	inactive_random_reserve	3	dwarf	3	hunter	0	male		
20095	inactive_random_reserve	9	goblin	9	warlock	0	male		
20096	inactive_random_reserve	8	troll	3	hunter	0	male		
20097	inactive_random_reserve	3	dwarf	2	paladin	1	female		
20098	inactive_random_reserve	10	high_elf	8	mage	0	male		
20099	inactive_random_reserve	9	goblin	8	mage	0	male		
20100	inactive_random_reserve	4	night_elf	3	hunter	1	female		
20101	inactive_random_reserve	6	tauren	3	hunter	1	female		
20102	inactive_random_reserve	9	goblin	3	hunter	0	male		
20103	inactive_random_reserve	4	night_elf	3	hunter	0	male		
20104	inactive_random_reserve	10	high_elf	4	rogue	1	female		
20105	inactive_random_reserve	2	orc	7	shaman	0	male		
20106	inactive_random_reserve	9	goblin	4	rogue	0	male		
20107	inactive_random_reserve	4	night_elf	3	hunter	0	male		
20108	inactive_random_reserve	1	human	2	paladin	1	female		
20109	inactive_random_reserve	10	high_elf	1	warrior	1	female		
20110	inactive_random_reserve	4	night_elf	3	hunter	1	female		
20111	inactive_random_reserve	1	human	3	hunter	1	female		
20112	inactive_random_reserve	9	goblin	9	warlock	1	female		
20113	inactive_random_reserve	10	high_elf	4	rogue	0	male		
20114	inactive_random_reserve	1	human	2	paladin	1	female		
20115	inactive_random_reserve	5	undead	9	warlock	0	male		
20116	inactive_random_reserve	5	undead	8	mage	0	male		
20117	inactive_random_reserve	9	goblin	1	warrior	0	male		
20118	inactive_random_reserve	9	goblin	1	warrior	1	female		
20119	inactive_random_reserve	6	tauren	7	shaman	0	male		
20120	inactive_random_reserve	10	high_elf	8	mage	1	female		
20121	inactive_random_reserve	3	dwarf	3	hunter	0	male		
20122	inactive_random_reserve	8	troll	4	rogue	1	female		
20123	inactive_random_reserve	9	goblin	1	warrior	0	male		
20124	inactive_random_reserve	10	high_elf	1	warrior	1	female		
20125	inactive_random_reserve	10	high_elf	3	hunter	0	male		
20126	inactive_random_reserve	10	high_elf	4	rogue	1	female		
20127	inactive_random_reserve	10	high_elf	3	hunter	0	male		
20128	inactive_random_reserve	4	night_elf	3	hunter	1	female		
20129	inactive_random_reserve	4	night_elf	11	druid	0	male		
20130	inactive_random_reserve	4	night_elf	1	warrior	1	female		
20131	inactive_random_reserve	10	high_elf	8	mage	0	male		
20132	inactive_random_reserve	10	high_elf	5	priest	0	male		
20133	inactive_random_reserve	1	human	4	rogue	1	female		
20134	inactive_random_reserve	5	undead	4	rogue	0	male		
20135	inactive_random_reserve	1	human	2	paladin	1	female		
20136	inactive_random_reserve	6	tauren	1	warrior	0	male		
20137	inactive_random_reserve	4	night_elf	5	priest	0	male		
20138	inactive_random_reserve	4	night_elf	3	hunter	0	male		
20139	inactive_random_reserve	5	undead	9	warlock	0	male		
20140	inactive_random_reserve	1	human	1	warrior	0	male		
20141	inactive_random_reserve	9	goblin	8	mage	0	male		
20142	inactive_random_reserve	7	gnome	9	warlock	0	male		
20143	inactive_random_reserve	10	high_elf	8	mage	1	female		
20144	inactive_random_reserve	1	human	3	hunter	1	female		
20145	inactive_random_reserve	4	night_elf	5	priest	1	female		
20146	inactive_random_reserve	1	human	8	mage	0	male		
20147	inactive_random_reserve	5	undead	5	priest	1	female		
20148	inactive_random_reserve	6	tauren	11	druid	0	male		
20149	inactive_random_reserve	4	night_elf	3	hunter	0	male		
20150	inactive_random_reserve	1	human	3	hunter	0	male		
20151	inactive_random_reserve	9	goblin	1	warrior	0	male		
20152	inactive_random_reserve	3	dwarf	4	rogue	1	female		
20153	inactive_random_reserve	10	high_elf	2	paladin	1	female		
20154	inactive_random_reserve	9	goblin	8	mage	1	female		
20155	inactive_random_reserve	1	human	8	mage	1	female		
20156	inactive_random_reserve	4	night_elf	5	priest	1	female		
20157	inactive_random_reserve	10	high_elf	5	priest	0	male		
20158	inactive_random_reserve	1	human	2	paladin	0	male		
20159	inactive_random_reserve	1	human	2	paladin	0	male		
20160	inactive_random_reserve	6	tauren	3	hunter	1	female		
20161	inactive_random_reserve	6	tauren	11	druid	1	female		
20162	inactive_random_reserve	4	night_elf	3	hunter	1	female		
20163	inactive_random_reserve	6	tauren	1	warrior	1	female		
20164	inactive_random_reserve	9	goblin	8	mage	0	male		
20165	inactive_random_reserve	5	undead	5	priest	1	female		
20166	inactive_random_reserve	10	high_elf	2	paladin	0	male		
20167	inactive_random_reserve	1	human	8	mage	1	female		
20168	inactive_random_reserve	9	goblin	1	warrior	1	female		
20169	inactive_random_reserve	9	goblin	8	mage	1	female		
20170	inactive_random_reserve	9	goblin	3	hunter	0	male		
20171	inactive_random_reserve	9	goblin	4	rogue	1	female		
20172	inactive_random_reserve	4	night_elf	4	rogue	1	female		
20173	inactive_random_reserve	1	human	3	hunter	1	female		
20174	inactive_random_reserve	9	goblin	9	warlock	1	female		
20175	inactive_random_reserve	10	high_elf	2	paladin	1	female		
20176	inactive_random_reserve	4	night_elf	3	hunter	1	female		
20177	inactive_random_reserve	3	dwarf	5	priest	1	female		
20178	inactive_random_reserve	4	night_elf	11	druid	0	male		
20179	inactive_random_reserve	1	human	2	paladin	1	female		
20180	inactive_random_reserve	5	undead	1	warrior	1	female		
20181	inactive_random_reserve	4	night_elf	11	druid	0	male		
20182	inactive_random_reserve	9	goblin	4	rogue	1	female		
20183	inactive_random_reserve	5	undead	8	mage	1	female		
20184	inactive_random_reserve	5	undead	9	warlock	0	male		
20185	inactive_random_reserve	1	human	3	hunter	1	female		
20186	inactive_random_reserve	5	undead	4	rogue	1	female		
20187	inactive_random_reserve	8	troll	4	rogue	1	female		
20188	inactive_random_reserve	4	night_elf	11	druid	0	male		
20189	inactive_random_reserve	9	goblin	3	hunter	0	male		
20190	inactive_random_reserve	10	high_elf	5	priest	1	female		
20191	inactive_random_reserve	3	dwarf	3	hunter	1	female		
20192	inactive_random_reserve	3	dwarf	4	rogue	0	male		
20193	inactive_random_reserve	3	dwarf	4	rogue	1	female		
20194	inactive_random_reserve	9	goblin	1	warrior	1	female		
20195	inactive_random_reserve	1	human	5	priest	1	female		
20196	inactive_random_reserve	9	goblin	9	warlock	0	male		
20197	inactive_random_reserve	1	human	3	hunter	0	male		
20198	inactive_random_reserve	9	goblin	9	warlock	0	male		
20199	inactive_random_reserve	2	orc	3	hunter	1	female		
20200	inactive_random_reserve	3	dwarf	3	hunter	1	female		
20201	inactive_random_reserve	1	human	1	warrior	0	male		
20202	inactive_random_reserve	6	tauren	11	druid	0	male		
20203	inactive_random_reserve	8	troll	7	shaman	1	female		
20204	inactive_random_reserve	1	human	3	hunter	0	male		
20205	inactive_random_reserve	10	high_elf	5	priest	1	female		
20206	inactive_random_reserve	1	human	3	hunter	1	female		
20207	inactive_random_reserve	7	gnome	8	mage	0	male		
20208	inactive_random_reserve	10	high_elf	8	mage	0	male		
20209	inactive_random_reserve	1	human	3	hunter	1	female		
20210	inactive_random_reserve	10	high_elf	1	warrior	0	male		
20211	inactive_random_reserve	10	high_elf	8	mage	1	female		
20212	inactive_random_reserve	1	human	2	paladin	1	female		
20213	inactive_random_reserve	10	high_elf	4	rogue	1	female		
20214	inactive_random_reserve	9	goblin	8	mage	1	female		
20215	inactive_random_reserve	4	night_elf	4	rogue	1	female		
20216	inactive_random_reserve	7	gnome	4	rogue	1	female		
20217	inactive_random_reserve	4	night_elf	11	druid	0	male		
20218	inactive_random_reserve	5	undead	1	warrior	1	female		
20219	inactive_random_reserve	5	undead	1	warrior	0	male		
20220	inactive_random_reserve	9	goblin	9	warlock	1	female		
20221	inactive_random_reserve	10	high_elf	4	rogue	0	male		
20222	inactive_random_reserve	10	high_elf	1	warrior	1	female		
20223	inactive_random_reserve	2	orc	7	shaman	1	female		
20224	inactive_random_reserve	3	dwarf	3	hunter	1	female		
20225	inactive_random_reserve	4	night_elf	4	rogue	0	male		
20226	inactive_random_reserve	7	gnome	8	mage	0	male		
20227	inactive_random_reserve	4	night_elf	3	hunter	0	male		
20228	inactive_random_reserve	6	tauren	7	shaman	1	female		
20229	inactive_random_reserve	4	night_elf	11	druid	1	female		
20230	inactive_random_reserve	1	human	1	warrior	1	female		
20231	inactive_random_reserve	9	goblin	8	mage	0	male		
20232	inactive_random_reserve	1	human	3	hunter	0	male		
20233	inactive_random_reserve	3	dwarf	4	rogue	0	male		
20234	inactive_random_reserve	3	dwarf	2	paladin	0	male		
20235	inactive_random_reserve	1	human	3	hunter	1	female		
20236	inactive_random_reserve	4	night_elf	11	druid	1	female		
20237	inactive_random_reserve	10	high_elf	1	warrior	0	male		
20238	inactive_random_reserve	4	night_elf	11	druid	0	male		
20239	inactive_random_reserve	10	high_elf	5	priest	1	female		
20240	inactive_random_reserve	1	human	3	hunter	0	male		
20241	inactive_random_reserve	10	high_elf	5	priest	1	female		
20242	inactive_random_reserve	9	goblin	1	warrior	0	male		
20243	inactive_random_reserve	10	high_elf	8	mage	1	female		
20244	inactive_random_reserve	4	night_elf	3	hunter	1	female		
20245	inactive_random_reserve	4	night_elf	11	druid	1	female		
20246	inactive_random_reserve	9	goblin	1	warrior	0	male		
20247	inactive_random_reserve	6	tauren	1	warrior	0	male		
20248	inactive_random_reserve	1	human	5	priest	1	female		
20249	inactive_random_reserve	1	human	2	paladin	1	female		
20250	inactive_random_reserve	9	goblin	9	warlock	1	female		
20251	inactive_random_reserve	3	dwarf	1	warrior	1	female		
20252	inactive_random_reserve	6	tauren	7	shaman	0	male		
20253	inactive_random_reserve	6	tauren	7	shaman	1	female		
20254	inactive_random_reserve	9	goblin	4	rogue	0	male		
20255	inactive_random_reserve	9	goblin	4	rogue	0	male		
20256	inactive_random_reserve	1	human	9	warlock	1	female		
20257	inactive_random_reserve	10	high_elf	5	priest	1	female		
20258	inactive_random_reserve	9	goblin	3	hunter	0	male		
20259	inactive_random_reserve	6	tauren	11	druid	1	female		
20260	inactive_random_reserve	4	night_elf	4	rogue	0	male		
20261	inactive_random_reserve	9	goblin	3	hunter	1	female		
20262	inactive_random_reserve	10	high_elf	5	priest	0	male		
20263	inactive_random_reserve	4	night_elf	3	hunter	0	male		
20264	inactive_random_reserve	4	night_elf	3	hunter	0	male		
20265	inactive_random_reserve	9	goblin	9	warlock	1	female		
20266	inactive_random_reserve	9	goblin	4	rogue	0	male		
20267	inactive_random_reserve	10	high_elf	4	rogue	0	male		
20268	inactive_random_reserve	1	human	3	hunter	1	female		
20269	inactive_random_reserve	9	goblin	9	warlock	1	female		
20270	inactive_random_reserve	9	goblin	4	rogue	1	female		
20271	inactive_random_reserve	10	high_elf	2	paladin	0	male		
20272	inactive_random_reserve	9	goblin	9	warlock	0	male		
20273	inactive_random_reserve	10	high_elf	1	warrior	1	female		
20274	inactive_random_reserve	10	high_elf	3	hunter	1	female		
20275	inactive_random_reserve	1	human	2	paladin	1	female		
20276	inactive_random_reserve	10	high_elf	5	priest	0	male		
20277	inactive_random_reserve	6	tauren	7	shaman	0	male		
20278	inactive_random_reserve	4	night_elf	11	druid	1	female		
20279	inactive_random_reserve	10	high_elf	8	mage	1	female		
20280	inactive_random_reserve	9	goblin	8	mage	1	female		
20281	inactive_random_reserve	1	human	3	hunter	0	male		
20282	inactive_random_reserve	4	night_elf	3	hunter	0	male		
20283	inactive_random_reserve	1	human	8	mage	0	male		
20284	inactive_random_reserve	10	high_elf	4	rogue	0	male		
20285	inactive_random_reserve	9	goblin	1	warrior	1	female		
20286	inactive_random_reserve	10	high_elf	2	paladin	0	male		
20287	inactive_random_reserve	10	high_elf	5	priest	1	female		
20288	inactive_random_reserve	10	high_elf	3	hunter	1	female		
20289	inactive_random_reserve	9	goblin	8	mage	1	female		
20290	inactive_random_reserve	9	goblin	9	warlock	1	female		
20291	inactive_random_reserve	2	orc	1	warrior	0	male		
20292	inactive_random_reserve	9	goblin	8	mage	0	male		
20293	inactive_random_reserve	8	troll	8	mage	1	female		
20294	inactive_random_reserve	9	goblin	9	warlock	1	female		
20295	inactive_random_reserve	10	high_elf	5	priest	1	female		
20296	inactive_random_reserve	9	goblin	1	warrior	1	female		
20297	inactive_random_reserve	9	goblin	4	rogue	1	female		
20298	inactive_random_reserve	4	night_elf	11	druid	0	male		
20299	inactive_random_reserve	8	troll	4	rogue	0	male		
20300	inactive_random_reserve	10	high_elf	8	mage	1	female		
20301	inactive_random_reserve	1	human	2	paladin	0	male		
20302	inactive_random_reserve	1	human	8	mage	1	female		
20303	inactive_random_reserve	5	undead	8	mage	1	female		
20304	inactive_random_reserve	9	goblin	9	warlock	0	male		
20305	inactive_random_reserve	9	goblin	9	warlock	1	female		
20306	inactive_random_reserve	5	undead	1	warrior	1	female		
20307	inactive_random_reserve	9	goblin	4	rogue	1	female		
20308	inactive_random_reserve	10	high_elf	2	paladin	1	female		
20309	inactive_random_reserve	4	night_elf	11	druid	1	female		
20310	inactive_random_reserve	10	high_elf	5	priest	1	female		
20311	inactive_random_reserve	3	dwarf	3	hunter	0	male		
20312	inactive_random_reserve	1	human	8	mage	1	female		
20313	inactive_random_reserve	10	high_elf	5	priest	1	female		
20314	inactive_random_reserve	9	goblin	9	warlock	1	female		
20315	inactive_random_reserve	4	night_elf	11	druid	0	male		
20316	inactive_random_reserve	6	tauren	7	shaman	0	male		
20317	inactive_random_reserve	10	high_elf	5	priest	1	female		
20318	inactive_random_reserve	6	tauren	7	shaman	0	male		
20319	inactive_random_reserve	9	goblin	4	rogue	0	male		
20320	inactive_random_reserve	1	human	5	priest	0	male		
20321	inactive_random_reserve	4	night_elf	3	hunter	1	female		
20322	inactive_random_reserve	2	orc	3	hunter	0	male		
20323	inactive_random_reserve	5	undead	8	mage	1	female		
20324	inactive_random_reserve	7	gnome	9	warlock	0	male		
20325	inactive_random_reserve	3	dwarf	2	paladin	0	male		
20326	inactive_random_reserve	1	human	2	paladin	0	male		
20327	inactive_random_reserve	1	human	2	paladin	0	male		
20328	inactive_random_reserve	2	orc	1	warrior	1	female		
20329	inactive_random_reserve	5	undead	5	priest	1	female		
20330	inactive_random_reserve	1	human	9	warlock	1	female		
20331	inactive_random_reserve	2	orc	7	shaman	1	female		
20332	inactive_random_reserve	8	troll	3	hunter	1	female		
20333	inactive_random_reserve	9	goblin	1	warrior	1	female		
20334	inactive_random_reserve	9	goblin	1	warrior	1	female		
20335	inactive_random_reserve	10	high_elf	3	hunter	0	male		
20336	inactive_random_reserve	8	troll	4	rogue	1	female		
20337	inactive_random_reserve	5	undead	4	rogue	1	female		
20338	inactive_random_reserve	9	goblin	4	rogue	1	female		
20339	inactive_random_reserve	6	tauren	7	shaman	1	female		
20340	inactive_random_reserve	10	high_elf	1	warrior	1	female		
20341	inactive_random_reserve	9	goblin	4	rogue	0	male		
20342	inactive_random_reserve	10	high_elf	3	hunter	0	male		
20343	inactive_random_reserve	5	undead	4	rogue	0	male		
20344	inactive_random_reserve	3	dwarf	3	hunter	0	male		
20345	inactive_random_reserve	7	gnome	9	warlock	1	female		
20346	inactive_random_reserve	10	high_elf	1	warrior	0	male		
20347	inactive_random_reserve	3	dwarf	3	hunter	1	female		
20348	inactive_random_reserve	4	night_elf	3	hunter	0	male		
20349	inactive_random_reserve	10	high_elf	4	rogue	1	female		
20350	inactive_random_reserve	1	human	2	paladin	0	male		
20351	inactive_random_reserve	1	human	2	paladin	1	female		
20352	inactive_random_reserve	3	dwarf	3	hunter	1	female		
20353	inactive_random_reserve	1	human	8	mage	0	male		
20354	inactive_random_reserve	7	gnome	9	warlock	0	male		
20355	inactive_random_reserve	1	human	3	hunter	0	male		
20356	inactive_random_reserve	10	high_elf	2	paladin	0	male		
20357	inactive_random_reserve	10	high_elf	4	rogue	0	male		
20358	inactive_random_reserve	10	high_elf	8	mage	0	male		
20359	inactive_random_reserve	10	high_elf	2	paladin	1	female		
20360	inactive_random_reserve	9	goblin	9	warlock	0	male		
20361	inactive_random_reserve	8	troll	3	hunter	1	female		
20362	inactive_random_reserve	1	human	4	rogue	0	male		
20363	inactive_random_reserve	9	goblin	1	warrior	0	male		
20364	inactive_random_reserve	1	human	9	warlock	1	female		
20365	inactive_random_reserve	9	goblin	8	mage	1	female		
20366	inactive_random_reserve	1	human	5	priest	0	male		
20367	inactive_random_reserve	10	high_elf	3	hunter	1	female		
20368	inactive_random_reserve	10	high_elf	5	priest	0	male		
20369	inactive_random_reserve	9	goblin	1	warrior	0	male		
20370	inactive_random_reserve	5	undead	5	priest	0	male		
20371	inactive_random_reserve	9	goblin	4	rogue	0	male		
20372	inactive_random_reserve	2	orc	4	rogue	1	female		
20373	inactive_random_reserve	5	undead	5	priest	1	female		
20374	inactive_random_reserve	5	undead	1	warrior	1	female		
20375	inactive_random_reserve	10	high_elf	1	warrior	1	female		
20376	inactive_random_reserve	4	night_elf	4	rogue	0	male		
20377	inactive_random_reserve	10	high_elf	5	priest	0	male		
20378	inactive_random_reserve	7	gnome	8	mage	1	female		
20379	inactive_random_reserve	4	night_elf	3	hunter	0	male		
20380	inactive_random_reserve	2	orc	7	shaman	1	female		
20381	inactive_random_reserve	9	goblin	1	warrior	1	female		
20382	inactive_random_reserve	4	night_elf	4	rogue	1	female		
20383	inactive_random_reserve	1	human	9	warlock	1	female		
20384	inactive_random_reserve	10	high_elf	2	paladin	1	female		
20385	inactive_random_reserve	1	human	1	warrior	0	male		
20386	inactive_random_reserve	7	gnome	9	warlock	1	female		
20387	inactive_random_reserve	6	tauren	11	druid	0	male		
20388	inactive_random_reserve	7	gnome	4	rogue	1	female		
20389	inactive_random_reserve	1	human	3	hunter	0	male		
20390	inactive_random_reserve	8	troll	4	rogue	0	male		
20391	inactive_random_reserve	8	troll	3	hunter	0	male		
20392	inactive_random_reserve	4	night_elf	4	rogue	0	male		
20393	inactive_random_reserve	5	undead	5	priest	0	male		
20394	inactive_random_reserve	5	undead	9	warlock	0	male		
20395	inactive_random_reserve	2	orc	3	hunter	0	male		
20396	inactive_random_reserve	9	goblin	4	rogue	0	male		
20397	inactive_random_reserve	1	human	4	rogue	1	female		
20398	inactive_random_reserve	10	high_elf	2	paladin	1	female		
20399	inactive_random_reserve	8	troll	5	priest	0	male		
20400	inactive_random_reserve	10	high_elf	4	rogue	1	female		
20401	inactive_random_reserve	9	goblin	3	hunter	0	male		
20402	inactive_random_reserve	9	goblin	8	mage	0	male		
20403	inactive_random_reserve	9	goblin	1	warrior	0	male		
20404	inactive_random_reserve	2	orc	9	warlock	0	male		
20405	inactive_random_reserve	1	human	2	paladin	0	male		
20406	inactive_random_reserve	1	human	9	warlock	0	male		
20407	inactive_random_reserve	3	dwarf	3	hunter	0	male		
20408	inactive_random_reserve	1	human	3	hunter	0	male		
20409	inactive_random_reserve	6	tauren	7	shaman	0	male		
20410	inactive_random_reserve	2	orc	7	shaman	1	female		
20411	inactive_random_reserve	10	high_elf	3	hunter	1	female		
20412	inactive_random_reserve	10	high_elf	2	paladin	1	female		
20413	inactive_random_reserve	1	human	2	paladin	0	male		
20414	inactive_random_reserve	7	gnome	9	warlock	1	female		
20415	inactive_random_reserve	10	high_elf	1	warrior	0	male		
20416	inactive_random_reserve	9	goblin	4	rogue	1	female		
20417	inactive_random_reserve	5	undead	5	priest	1	female		
20418	inactive_random_reserve	4	night_elf	3	hunter	1	female		
20419	inactive_random_reserve	5	undead	9	warlock	0	male		
20420	inactive_random_reserve	9	goblin	4	rogue	1	female		
20421	inactive_random_reserve	9	goblin	1	warrior	1	female		
20422	inactive_random_reserve	2	orc	7	shaman	1	female		
20423	inactive_random_reserve	10	high_elf	3	hunter	0	male		
20424	inactive_random_reserve	3	dwarf	2	paladin	1	female		
20425	inactive_random_reserve	6	tauren	11	druid	0	male		
20426	inactive_random_reserve	9	goblin	1	warrior	0	male		
20427	inactive_random_reserve	7	gnome	9	warlock	1	female		
20428	inactive_random_reserve	4	night_elf	3	hunter	0	male		
20429	inactive_random_reserve	10	high_elf	8	mage	1	female		
20430	inactive_random_reserve	9	goblin	9	warlock	1	female		
20431	inactive_random_reserve	5	undead	8	mage	0	male		
20432	inactive_random_reserve	10	high_elf	4	rogue	0	male		
20433	inactive_random_reserve	7	gnome	1	warrior	1	female		
20434	inactive_random_reserve	3	dwarf	2	paladin	0	male		
20435	inactive_random_reserve	4	night_elf	3	hunter	1	female		
20436	inactive_random_reserve	10	high_elf	1	warrior	0	male		
20437	inactive_random_reserve	5	undead	5	priest	1	female		
20438	inactive_random_reserve	7	gnome	9	warlock	0	male		
20439	inactive_random_reserve	9	goblin	1	warrior	0	male		
20440	inactive_random_reserve	4	night_elf	11	druid	1	female		
20441	inactive_random_reserve	9	goblin	9	warlock	1	female		
20442	inactive_random_reserve	9	goblin	9	warlock	0	male		
20443	inactive_random_reserve	1	human	2	paladin	1	female		
20444	inactive_random_reserve	9	goblin	1	warrior	1	female		
20445	inactive_random_reserve	8	troll	7	shaman	1	female		
20446	inactive_random_reserve	5	undead	8	mage	0	male		
20447	inactive_random_reserve	1	human	2	paladin	1	female		
20448	inactive_random_reserve	10	high_elf	4	rogue	0	male		
20449	inactive_random_reserve	3	dwarf	2	paladin	1	female		
20450	inactive_random_reserve	4	night_elf	3	hunter	0	male		
20451	inactive_random_reserve	3	dwarf	4	rogue	0	male		
20452	inactive_random_reserve	9	goblin	9	warlock	0	male		
20453	inactive_random_reserve	3	dwarf	2	paladin	0	male		
20454	inactive_random_reserve	1	human	1	warrior	1	female		
20455	inactive_random_reserve	10	high_elf	2	paladin	1	female		
20456	inactive_random_reserve	10	high_elf	8	mage	0	male		
20457	inactive_random_reserve	9	goblin	1	warrior	0	male		
20458	inactive_random_reserve	9	goblin	4	rogue	1	female		
20459	inactive_random_reserve	4	night_elf	4	rogue	0	male		
20460	inactive_random_reserve	1	human	8	mage	0	male		
20461	inactive_random_reserve	2	orc	9	warlock	1	female		
20462	inactive_random_reserve	9	goblin	3	hunter	0	male		
20463	inactive_random_reserve	9	goblin	4	rogue	0	male		
20464	inactive_random_reserve	10	high_elf	2	paladin	0	male		
20465	inactive_random_reserve	1	human	1	warrior	0	male		
20466	inactive_random_reserve	1	human	2	paladin	0	male		
20467	inactive_random_reserve	10	high_elf	3	hunter	1	female		
20468	inactive_random_reserve	1	human	8	mage	1	female		
20469	inactive_random_reserve	9	goblin	8	mage	0	male		
20470	inactive_random_reserve	10	high_elf	3	hunter	1	female		
20471	inactive_random_reserve	4	night_elf	11	druid	1	female		
20472	inactive_random_reserve	9	goblin	1	warrior	1	female		
20473	inactive_random_reserve	9	goblin	3	hunter	1	female		
20474	inactive_random_reserve	10	high_elf	3	hunter	1	female		
20475	inactive_random_reserve	9	goblin	8	mage	0	male		
20476	inactive_random_reserve	4	night_elf	11	druid	1	female		
20477	inactive_random_reserve	1	human	2	paladin	0	male		
20478	inactive_random_reserve	1	human	2	paladin	0	male		
20479	inactive_random_reserve	8	troll	7	shaman	1	female		
20480	inactive_random_reserve	10	high_elf	2	paladin	1	female		
20481	inactive_random_reserve	9	goblin	8	mage	1	female		
20482	inactive_random_reserve	4	night_elf	3	hunter	1	female		
20483	inactive_random_reserve	9	goblin	1	warrior	1	female		
20484	inactive_random_reserve	8	troll	4	rogue	0	male		
20485	inactive_random_reserve	9	goblin	8	mage	1	female		
20486	inactive_random_reserve	1	human	2	paladin	0	male		
20487	inactive_random_reserve	5	undead	8	mage	0	male		
20488	inactive_random_reserve	9	goblin	3	hunter	1	female		
20489	inactive_random_reserve	10	high_elf	1	warrior	1	female		
20490	inactive_random_reserve	9	goblin	4	rogue	1	female		
20491	inactive_random_reserve	3	dwarf	2	paladin	1	female		
20492	inactive_random_reserve	9	goblin	4	rogue	0	male		
20493	inactive_random_reserve	9	goblin	8	mage	1	female		
20494	inactive_random_reserve	9	goblin	9	warlock	1	female		
20495	inactive_random_reserve	9	goblin	4	rogue	0	male		
20496	inactive_random_reserve	5	undead	4	rogue	1	female		
20497	inactive_random_reserve	10	high_elf	8	mage	1	female		
20498	inactive_random_reserve	9	goblin	3	hunter	1	female		
20499	inactive_random_reserve	10	high_elf	3	hunter	1	female		
20500	inactive_random_reserve	5	undead	9	warlock	1	female		
20501	inactive_random_reserve	1	human	3	hunter	1	female		
20502	inactive_random_reserve	1	human	9	warlock	1	female		
20503	inactive_random_reserve	10	high_elf	2	paladin	0	male		
20504	inactive_random_reserve	10	high_elf	8	mage	1	female		
20505	inactive_random_reserve	9	goblin	3	hunter	0	male		
20506	inactive_random_reserve	1	human	4	rogue	1	female		
20507	inactive_random_reserve	2	orc	7	shaman	1	female		
20508	inactive_random_reserve	10	high_elf	5	priest	0	male		
20509	inactive_random_reserve	8	troll	8	mage	0	male		
20510	inactive_random_reserve	7	gnome	4	rogue	0	male		
20511	inactive_random_reserve	5	undead	9	warlock	0	male		
20512	inactive_random_reserve	8	troll	3	hunter	0	male		
20522	inactive_random_reserve	2	orc	4	rogue	0	male		
20523	inactive_random_reserve	10	high_elf	8	mage	1	female		
20524	inactive_random_reserve	10	high_elf	5	priest	1	female		
20525	inactive_random_reserve	5	undead	8	mage	0	male		
20526	inactive_random_reserve	4	night_elf	3	hunter	0	male		
20527	inactive_random_reserve	10	high_elf	4	rogue	1	female		
20528	inactive_random_reserve	4	night_elf	1	warrior	0	male		
20529	inactive_random_reserve	6	tauren	7	shaman	0	male		
20530	inactive_random_reserve	10	high_elf	8	mage	1	female		
20531	inactive_random_reserve	9	goblin	3	hunter	1	female		
20532	inactive_random_reserve	5	undead	5	priest	1	female		
20533	inactive_random_reserve	2	orc	3	hunter	1	female		
20534	inactive_random_reserve	10	high_elf	8	mage	1	female		
20535	inactive_random_reserve	1	human	4	rogue	1	female		
20536	inactive_random_reserve	7	gnome	4	rogue	1	female		
20537	inactive_random_reserve	10	high_elf	3	hunter	1	female		
20538	inactive_random_reserve	9	goblin	1	warrior	1	female		
20539	inactive_random_reserve	3	dwarf	2	paladin	1	female		
20540	inactive_random_reserve	2	orc	3	hunter	1	female		
20541	inactive_random_reserve	10	high_elf	2	paladin	1	female		
20542	inactive_random_reserve	2	orc	1	warrior	1	female		
20543	inactive_random_reserve	4	night_elf	5	priest	1	female		
20544	inactive_random_reserve	9	goblin	1	warrior	0	male		
20545	inactive_random_reserve	10	high_elf	3	hunter	0	male		
20546	inactive_random_reserve	4	night_elf	11	druid	0	male		
20547	inactive_random_reserve	1	human	4	rogue	0	male		
20548	inactive_random_reserve	2	orc	9	warlock	1	female		
20549	inactive_random_reserve	6	tauren	7	shaman	1	female		
20550	inactive_random_reserve	10	high_elf	3	hunter	0	male		
20551	inactive_random_reserve	10	high_elf	4	rogue	0	male		
20552	inactive_random_reserve	7	gnome	9	warlock	0	male		
20553	inactive_random_reserve	8	troll	3	hunter	1	female		
20554	inactive_random_reserve	1	human	5	priest	1	female		
20555	inactive_random_reserve	7	gnome	9	warlock	1	female		
20556	inactive_random_reserve	10	high_elf	5	priest	0	male		
20557	inactive_random_reserve	10	high_elf	4	rogue	0	male		
20558	inactive_random_reserve	9	goblin	9	warlock	0	male		
20559	inactive_random_reserve	3	dwarf	2	paladin	1	female		
20560	inactive_random_reserve	9	goblin	4	rogue	0	male		
20561	inactive_random_reserve	4	night_elf	11	druid	1	female		
20562	inactive_random_reserve	9	goblin	1	warrior	0	male		
20563	inactive_random_reserve	1	human	1	warrior	1	female		
20564	inactive_random_reserve	10	high_elf	8	mage	0	male		
20565	inactive_random_reserve	10	high_elf	8	mage	0	male		
20566	inactive_random_reserve	9	goblin	3	hunter	1	female		
20567	inactive_random_reserve	5	undead	1	warrior	1	female		
20568	inactive_random_reserve	9	goblin	1	warrior	0	male		
20569	inactive_random_reserve	4	night_elf	4	rogue	1	female		
20570	inactive_random_reserve	3	dwarf	5	priest	1	female		
20571	inactive_random_reserve	5	undead	4	rogue	0	male		
20572	inactive_random_reserve	1	human	3	hunter	1	female		
20573	inactive_random_reserve	10	high_elf	8	mage	1	female		
20574	inactive_random_reserve	9	goblin	1	warrior	1	female		
20575	inactive_random_reserve	3	dwarf	2	paladin	1	female		
20576	inactive_random_reserve	8	troll	1	warrior	0	male		
20577	inactive_random_reserve	10	high_elf	2	paladin	0	male		
20578	inactive_random_reserve	10	high_elf	1	warrior	0	male		
20579	inactive_random_reserve	5	undead	8	mage	1	female		
20580	inactive_random_reserve	1	human	2	paladin	0	male		
20581	inactive_random_reserve	10	high_elf	2	paladin	0	male		
20582	inactive_random_reserve	4	night_elf	5	priest	0	male		
20583	inactive_random_reserve	3	dwarf	1	warrior	0	male		
20584	inactive_random_reserve	6	tauren	3	hunter	1	female		
20585	inactive_random_reserve	10	high_elf	1	warrior	1	female		
20586	inactive_random_reserve	4	night_elf	3	hunter	0	male		
20587	inactive_random_reserve	4	night_elf	3	hunter	1	female		
20588	inactive_random_reserve	5	undead	5	priest	0	male		
20589	inactive_random_reserve	1	human	8	mage	1	female		
20590	inactive_random_reserve	10	high_elf	4	rogue	1	female		
20591	inactive_random_reserve	2	orc	3	hunter	0	male		
20592	inactive_random_reserve	4	night_elf	3	hunter	0	male		
20593	inactive_random_reserve	3	dwarf	4	rogue	1	female		
20594	inactive_random_reserve	6	tauren	11	druid	0	male		
20595	inactive_random_reserve	10	high_elf	1	warrior	0	male		
20596	inactive_random_reserve	9	goblin	1	warrior	1	female		
20597	inactive_random_reserve	10	high_elf	5	priest	1	female		
20598	inactive_random_reserve	5	undead	4	rogue	1	female		
20599	inactive_random_reserve	7	gnome	9	warlock	0	male		
20600	inactive_random_reserve	9	goblin	8	mage	1	female		
20601	inactive_random_reserve	4	night_elf	3	hunter	0	male		
20602	inactive_random_reserve	5	undead	8	mage	1	female		
20603	inactive_random_reserve	9	goblin	1	warrior	0	male		
20604	inactive_random_reserve	2	orc	3	hunter	0	male		
20605	inactive_random_reserve	7	gnome	9	warlock	1	female		
20606	inactive_random_reserve	10	high_elf	8	mage	0	male		
20607	inactive_random_reserve	9	goblin	3	hunter	0	male		
20608	inactive_random_reserve	9	goblin	9	warlock	0	male		
20609	inactive_random_reserve	10	high_elf	2	paladin	1	female		
20610	inactive_random_reserve	5	undead	8	mage	1	female		
20611	inactive_random_reserve	1	human	3	hunter	0	male		
20612	inactive_random_reserve	3	dwarf	4	rogue	0	male		
20613	inactive_random_reserve	2	orc	3	hunter	0	male		
20614	inactive_random_reserve	10	high_elf	4	rogue	1	female		
20615	inactive_random_reserve	9	goblin	4	rogue	0	male		
20616	inactive_random_reserve	3	dwarf	3	hunter	0	male		
20617	inactive_random_reserve	9	goblin	4	rogue	0	male		
20618	inactive_random_reserve	2	orc	1	warrior	0	male		
20619	inactive_random_reserve	6	tauren	11	druid	1	female		
20620	inactive_random_reserve	9	goblin	4	rogue	1	female		
20621	inactive_random_reserve	10	high_elf	8	mage	0	male		
20622	inactive_random_reserve	2	orc	1	warrior	0	male		
20623	inactive_random_reserve	8	troll	1	warrior	1	female		
20624	inactive_random_reserve	9	goblin	1	warrior	0	male		
20625	inactive_random_reserve	9	goblin	4	rogue	1	female		
20626	inactive_random_reserve	1	human	2	paladin	1	female		
20627	inactive_random_reserve	8	troll	5	priest	1	female		
20628	inactive_random_reserve	9	goblin	8	mage	1	female		
20629	inactive_random_reserve	9	goblin	8	mage	0	male		
20630	inactive_random_reserve	10	high_elf	8	mage	1	female		
20631	inactive_random_reserve	1	human	2	paladin	1	female		
20632	inactive_random_reserve	10	high_elf	2	paladin	1	female		
20633	inactive_random_reserve	5	undead	1	warrior	0	male		
20634	inactive_random_reserve	6	tauren	7	shaman	0	male		
20635	inactive_random_reserve	9	goblin	3	hunter	1	female		
20636	inactive_random_reserve	10	high_elf	5	priest	0	male		
20637	inactive_random_reserve	4	night_elf	11	druid	0	male		
20638	inactive_random_reserve	9	goblin	1	warrior	0	male		
20639	inactive_random_reserve	10	high_elf	5	priest	1	female		
20640	inactive_random_reserve	10	high_elf	5	priest	0	male		
20641	inactive_random_reserve	2	orc	3	hunter	0	male		
20642	inactive_random_reserve	10	high_elf	1	warrior	0	male		
20643	inactive_random_reserve	4	night_elf	3	hunter	1	female		
20644	inactive_random_reserve	4	night_elf	3	hunter	1	female		
20645	inactive_random_reserve	4	night_elf	1	warrior	0	male		
20646	inactive_random_reserve	10	high_elf	1	warrior	1	female		
20647	inactive_random_reserve	7	gnome	8	mage	0	male		
20648	inactive_random_reserve	6	tauren	7	shaman	1	female		
20649	inactive_random_reserve	3	dwarf	3	hunter	0	male		
20650	inactive_random_reserve	3	dwarf	4	rogue	0	male		
20651	inactive_random_reserve	9	goblin	8	mage	1	female		
20652	inactive_random_reserve	1	human	2	paladin	1	female		
20653	inactive_random_reserve	10	high_elf	5	priest	0	male		
20654	inactive_random_reserve	10	high_elf	4	rogue	1	female		
20655	inactive_random_reserve	10	high_elf	5	priest	0	male		
20656	inactive_random_reserve	5	undead	4	rogue	1	female		
20657	inactive_random_reserve	1	human	2	paladin	0	male		
20658	inactive_random_reserve	10	high_elf	8	mage	1	female		
20659	inactive_random_reserve	5	undead	4	rogue	1	female		
20660	inactive_random_reserve	5	undead	9	warlock	0	male		
20661	inactive_random_reserve	10	high_elf	8	mage	1	female		
20662	inactive_random_reserve	4	night_elf	11	druid	1	female		
20663	inactive_random_reserve	1	human	5	priest	0	male		
20664	inactive_random_reserve	1	human	5	priest	1	female		
20665	inactive_random_reserve	4	night_elf	11	druid	0	male		
20666	inactive_random_reserve	10	high_elf	3	hunter	0	male		
20667	inactive_random_reserve	1	human	8	mage	0	male		
20668	inactive_random_reserve	9	goblin	4	rogue	1	female		
20669	inactive_random_reserve	10	high_elf	5	priest	1	female		
20670	inactive_random_reserve	10	high_elf	5	priest	0	male		
20671	inactive_random_reserve	5	undead	4	rogue	1	female		
20672	inactive_random_reserve	3	dwarf	2	paladin	0	male		
20673	inactive_random_reserve	10	high_elf	8	mage	1	female		
20674	inactive_random_reserve	5	undead	5	priest	0	male		
20675	inactive_random_reserve	2	orc	7	shaman	0	male		
20676	inactive_random_reserve	10	high_elf	8	mage	1	female		
20677	inactive_random_reserve	10	high_elf	4	rogue	1	female		
20678	inactive_random_reserve	4	night_elf	3	hunter	0	male		
20679	inactive_random_reserve	9	goblin	9	warlock	1	female		
20680	inactive_random_reserve	9	goblin	9	warlock	0	male		
20681	inactive_random_reserve	2	orc	7	shaman	0	male		
20682	inactive_random_reserve	10	high_elf	3	hunter	1	female		
20683	inactive_random_reserve	4	night_elf	5	priest	1	female		
20684	inactive_random_reserve	4	night_elf	3	hunter	0	male		
20685	inactive_random_reserve	1	human	2	paladin	0	male		
20686	inactive_random_reserve	10	high_elf	1	warrior	1	female		
20687	inactive_random_reserve	3	dwarf	2	paladin	1	female		
20688	inactive_random_reserve	9	goblin	9	warlock	0	male		
20689	inactive_random_reserve	9	goblin	1	warrior	1	female		
20690	inactive_random_reserve	1	human	2	paladin	1	female		
20691	inactive_random_reserve	10	high_elf	1	warrior	1	female		
20692	inactive_random_reserve	9	goblin	1	warrior	1	female		
20693	inactive_random_reserve	7	gnome	9	warlock	1	female		
20694	inactive_random_reserve	10	high_elf	3	hunter	1	female		
20695	inactive_random_reserve	9	goblin	9	warlock	0	male		
20696	inactive_random_reserve	4	night_elf	5	priest	0	male		
20697	inactive_random_reserve	10	high_elf	4	rogue	1	female		
20698	inactive_random_reserve	10	high_elf	8	mage	1	female		
20699	inactive_random_reserve	5	undead	8	mage	0	male		
20700	inactive_random_reserve	4	night_elf	3	hunter	0	male		
20701	inactive_random_reserve	9	goblin	4	rogue	1	female		
20702	inactive_random_reserve	3	dwarf	3	hunter	1	female		
20703	inactive_random_reserve	5	undead	4	rogue	1	female		
20704	inactive_random_reserve	10	high_elf	2	paladin	1	female		
20705	inactive_random_reserve	4	night_elf	4	rogue	0	male		
20706	inactive_random_reserve	9	goblin	1	warrior	1	female		
20707	inactive_random_reserve	9	goblin	3	hunter	1	female		
20708	inactive_random_reserve	1	human	2	paladin	1	female		
20709	inactive_random_reserve	10	high_elf	3	hunter	0	male		
20710	inactive_random_reserve	4	night_elf	1	warrior	0	male		
20711	inactive_random_reserve	4	night_elf	3	hunter	0	male		
20712	inactive_random_reserve	4	night_elf	3	hunter	1	female		
20713	inactive_random_reserve	9	goblin	9	warlock	0	male		
20714	inactive_random_reserve	10	high_elf	2	paladin	1	female		
20715	inactive_random_reserve	5	undead	1	warrior	1	female		
20716	inactive_random_reserve	9	goblin	4	rogue	1	female		
20717	inactive_random_reserve	10	high_elf	3	hunter	0	male		
20718	inactive_random_reserve	3	dwarf	1	warrior	1	female		
20719	inactive_random_reserve	9	goblin	4	rogue	1	female		
20720	inactive_random_reserve	10	high_elf	3	hunter	1	female		
20721	inactive_random_reserve	1	human	3	hunter	0	male		
20722	inactive_random_reserve	4	night_elf	5	priest	0	male		
20723	inactive_random_reserve	2	orc	1	warrior	0	male		
20724	inactive_random_reserve	10	high_elf	8	mage	1	female		
20725	inactive_random_reserve	10	high_elf	2	paladin	1	female		
20726	inactive_random_reserve	1	human	2	paladin	0	male		
20727	inactive_random_reserve	2	orc	1	warrior	1	female		
20728	inactive_random_reserve	2	orc	9	warlock	0	male		
20729	inactive_random_reserve	5	undead	8	mage	1	female		
20730	inactive_random_reserve	1	human	2	paladin	1	female		
20731	inactive_random_reserve	1	human	3	hunter	1	female		
20732	inactive_random_reserve	3	dwarf	4	rogue	0	male		
20733	inactive_random_reserve	1	human	2	paladin	1	female		
20734	inactive_random_reserve	4	night_elf	4	rogue	1	female		
20735	inactive_random_reserve	9	goblin	4	rogue	0	male		
20736	inactive_random_reserve	4	night_elf	3	hunter	1	female		
20737	inactive_random_reserve	4	night_elf	11	druid	1	female		
20738	inactive_random_reserve	2	orc	3	hunter	0	male		
20739	inactive_random_reserve	10	high_elf	4	rogue	0	male		
20740	inactive_random_reserve	6	tauren	1	warrior	0	male		
20741	inactive_random_reserve	6	tauren	7	shaman	1	female		
20742	inactive_random_reserve	9	goblin	8	mage	1	female		
20743	inactive_random_reserve	10	high_elf	1	warrior	0	male		
20744	inactive_random_reserve	10	high_elf	4	rogue	1	female		
20745	inactive_random_reserve	10	high_elf	2	paladin	1	female		
20746	inactive_random_reserve	9	goblin	8	mage	1	female		
20747	inactive_random_reserve	10	high_elf	2	paladin	1	female		
20748	inactive_random_reserve	1	human	1	warrior	1	female		
20749	inactive_random_reserve	10	high_elf	1	warrior	0	male		
20750	inactive_random_reserve	3	dwarf	1	warrior	0	male		
20751	inactive_random_reserve	9	goblin	1	warrior	0	male		
20752	inactive_random_reserve	3	dwarf	3	hunter	0	male		
20753	inactive_random_reserve	2	orc	7	shaman	1	female		
20754	inactive_random_reserve	5	undead	5	priest	0	male		
20755	inactive_random_reserve	10	high_elf	3	hunter	1	female		
20756	inactive_random_reserve	10	high_elf	3	hunter	1	female		
20757	inactive_random_reserve	1	human	9	warlock	1	female		
20758	inactive_random_reserve	8	troll	4	rogue	0	male		
20759	inactive_random_reserve	9	goblin	4	rogue	0	male		
20760	inactive_random_reserve	10	high_elf	4	rogue	0	male		
20761	inactive_random_reserve	3	dwarf	2	paladin	1	female		
20762	inactive_random_reserve	10	high_elf	1	warrior	0	male		
20763	inactive_random_reserve	9	goblin	1	warrior	0	male		
20764	inactive_random_reserve	1	human	1	warrior	1	female		
20765	inactive_random_reserve	10	high_elf	8	mage	0	male		
20766	inactive_random_reserve	1	human	8	mage	0	male		
20767	inactive_random_reserve	10	high_elf	8	mage	1	female		
20768	inactive_random_reserve	1	human	2	paladin	1	female		
20769	inactive_random_reserve	10	high_elf	3	hunter	0	male		
20770	inactive_random_reserve	8	troll	4	rogue	0	male		
20771	inactive_random_reserve	10	high_elf	1	warrior	0	male		
20772	inactive_random_reserve	5	undead	4	rogue	0	male		
20773	inactive_random_reserve	10	high_elf	8	mage	0	male		
20774	inactive_random_reserve	3	dwarf	2	paladin	1	female		
20775	inactive_random_reserve	1	human	2	paladin	0	male		
20776	inactive_random_reserve	1	human	4	rogue	0	male		
20777	inactive_random_reserve	9	goblin	3	hunter	1	female		
20778	inactive_random_reserve	1	human	9	warlock	0	male		
20779	inactive_random_reserve	10	high_elf	4	rogue	0	male		
20780	inactive_random_reserve	7	gnome	9	warlock	1	female		
20781	inactive_random_reserve	8	troll	7	shaman	0	male		
20782	inactive_random_reserve	1	human	8	mage	0	male		
20783	inactive_random_reserve	10	high_elf	3	hunter	0	male		
20784	inactive_random_reserve	1	human	2	paladin	0	male		
20785	inactive_random_reserve	5	undead	9	warlock	1	female		
20786	inactive_random_reserve	6	tauren	3	hunter	0	male		
20787	inactive_random_reserve	10	high_elf	8	mage	1	female		
20788	inactive_random_reserve	9	goblin	1	warrior	1	female		
20789	inactive_random_reserve	9	goblin	4	rogue	1	female		
20790	inactive_random_reserve	9	goblin	4	rogue	1	female		
20791	inactive_random_reserve	10	high_elf	4	rogue	0	male		
20792	inactive_random_reserve	9	goblin	8	mage	0	male		
20793	inactive_random_reserve	10	high_elf	1	warrior	1	female		
20794	inactive_random_reserve	4	night_elf	3	hunter	0	male		
20795	inactive_random_reserve	9	goblin	8	mage	0	male		
20796	inactive_random_reserve	10	high_elf	8	mage	0	male		
20797	inactive_random_reserve	9	goblin	9	warlock	0	male		
20798	inactive_random_reserve	9	goblin	8	mage	0	male		
20799	inactive_random_reserve	10	high_elf	1	warrior	1	female		
20800	inactive_random_reserve	5	undead	9	warlock	1	female		
20801	inactive_random_reserve	9	goblin	4	rogue	1	female		
20802	inactive_random_reserve	2	orc	7	shaman	1	female		
20803	inactive_random_reserve	9	goblin	1	warrior	0	male		
20804	inactive_random_reserve	9	goblin	1	warrior	0	male		
20805	inactive_random_reserve	6	tauren	7	shaman	1	female		
20806	inactive_random_reserve	9	goblin	4	rogue	0	male		
20807	inactive_random_reserve	9	goblin	9	warlock	1	female		
20808	inactive_random_reserve	4	night_elf	5	priest	1	female		
20809	inactive_random_reserve	9	goblin	4	rogue	0	male		
20810	inactive_random_reserve	10	high_elf	1	warrior	0	male		
20811	inactive_random_reserve	10	high_elf	2	paladin	1	female		
20812	inactive_random_reserve	10	high_elf	3	hunter	1	female		
20813	inactive_random_reserve	10	high_elf	1	warrior	1	female		
20814	inactive_random_reserve	9	goblin	1	warrior	1	female		
20815	inactive_random_reserve	9	goblin	4	rogue	1	female		
20816	inactive_random_reserve	8	troll	3	hunter	0	male		
20817	inactive_random_reserve	10	high_elf	4	rogue	0	male		
20818	inactive_random_reserve	10	high_elf	8	mage	0	male		
20819	inactive_random_reserve	10	high_elf	1	warrior	1	female		
20820	inactive_random_reserve	10	high_elf	1	warrior	0	male		
20821	inactive_random_reserve	1	human	3	hunter	0	male		
20822	inactive_random_reserve	4	night_elf	11	druid	1	female		
20823	inactive_random_reserve	4	night_elf	4	rogue	1	female		
20824	inactive_random_reserve	4	night_elf	3	hunter	0	male		
20825	inactive_random_reserve	1	human	1	warrior	0	male		
20826	inactive_random_reserve	1	human	3	hunter	0	male		
20827	inactive_random_reserve	1	human	5	priest	0	male		
20828	inactive_random_reserve	9	goblin	1	warrior	0	male		
20829	inactive_random_reserve	9	goblin	1	warrior	1	female		
20830	inactive_random_reserve	4	night_elf	11	druid	0	male		
20831	inactive_random_reserve	7	gnome	9	warlock	0	male		
20832	inactive_random_reserve	1	human	9	warlock	1	female		
20833	inactive_random_reserve	9	goblin	4	rogue	0	male		
20834	inactive_random_reserve	10	high_elf	5	priest	0	male		
20835	inactive_random_reserve	10	high_elf	5	priest	0	male		
20836	inactive_random_reserve	9	goblin	1	warrior	1	female		
20837	inactive_random_reserve	6	tauren	11	druid	1	female		
20838	inactive_random_reserve	10	high_elf	2	paladin	1	female		
20839	inactive_random_reserve	9	goblin	9	warlock	1	female		
20840	inactive_random_reserve	5	undead	4	rogue	0	male		
20841	inactive_random_reserve	10	high_elf	5	priest	0	male		
20842	inactive_random_reserve	10	high_elf	5	priest	1	female		
20843	inactive_random_reserve	1	human	1	warrior	0	male		
20844	inactive_random_reserve	1	human	1	warrior	0	male		
20845	inactive_random_reserve	2	orc	3	hunter	0	male		
20846	inactive_random_reserve	9	goblin	3	hunter	0	male		
20847	inactive_random_reserve	5	undead	9	warlock	1	female		
20848	inactive_random_reserve	9	goblin	1	warrior	0	male		
20849	inactive_random_reserve	7	gnome	8	mage	1	female		
20850	inactive_random_reserve	4	night_elf	4	rogue	0	male		
20851	inactive_random_reserve	9	goblin	9	warlock	1	female		
20852	inactive_random_reserve	4	night_elf	4	rogue	1	female		
20853	inactive_random_reserve	1	human	1	warrior	1	female		
20854	inactive_random_reserve	1	human	2	paladin	1	female		
20855	inactive_random_reserve	9	goblin	4	rogue	1	female		
20856	inactive_random_reserve	1	human	3	hunter	0	male		
20857	inactive_random_reserve	8	troll	8	mage	1	female		
20858	inactive_random_reserve	10	high_elf	4	rogue	0	male		
20859	inactive_random_reserve	4	night_elf	1	warrior	1	female		
20860	inactive_random_reserve	5	undead	8	mage	0	male		
20861	inactive_random_reserve	3	dwarf	3	hunter	0	male		
20862	inactive_random_reserve	9	goblin	3	hunter	1	female		
20863	inactive_random_reserve	4	night_elf	3	hunter	0	male		
20864	inactive_random_reserve	1	human	2	paladin	0	male		
20865	inactive_random_reserve	7	gnome	9	warlock	0	male		
20866	inactive_random_reserve	9	goblin	3	hunter	1	female		
20867	inactive_random_reserve	9	goblin	1	warrior	1	female		
20868	inactive_random_reserve	9	goblin	3	hunter	0	male		
20869	inactive_random_reserve	9	goblin	4	rogue	1	female		
20870	inactive_random_reserve	1	human	2	paladin	0	male		
20871	inactive_random_reserve	6	tauren	7	shaman	0	male		
20872	inactive_random_reserve	3	dwarf	3	hunter	0	male		
20873	inactive_random_reserve	10	high_elf	3	hunter	1	female		
20874	inactive_random_reserve	9	goblin	8	mage	1	female		
20875	inactive_random_reserve	4	night_elf	3	hunter	1	female		
20876	inactive_random_reserve	1	human	4	rogue	0	male		
20877	inactive_random_reserve	1	human	5	priest	0	male		
20878	inactive_random_reserve	10	high_elf	4	rogue	1	female		
20879	inactive_random_reserve	9	goblin	3	hunter	0	male		
20880	inactive_random_reserve	10	high_elf	8	mage	0	male		
20881	inactive_random_reserve	1	human	3	hunter	0	male		
20882	inactive_random_reserve	3	dwarf	3	hunter	1	female		
20883	inactive_random_reserve	1	human	2	paladin	0	male		
20884	inactive_random_reserve	4	night_elf	11	druid	0	male		
20885	inactive_random_reserve	3	dwarf	2	paladin	0	male		
20886	inactive_random_reserve	4	night_elf	3	hunter	0	male		
20887	inactive_random_reserve	7	gnome	4	rogue	0	male		
20888	inactive_random_reserve	9	goblin	3	hunter	1	female		
20889	inactive_random_reserve	9	goblin	8	mage	0	male		
20890	inactive_random_reserve	7	gnome	4	rogue	0	male		
20891	inactive_random_reserve	10	high_elf	8	mage	1	female		
20892	inactive_random_reserve	9	goblin	8	mage	1	female		
20893	inactive_random_reserve	4	night_elf	3	hunter	1	female		
20894	inactive_random_reserve	10	high_elf	5	priest	0	male		
20895	inactive_random_reserve	5	undead	9	warlock	1	female		
20896	inactive_random_reserve	9	goblin	8	mage	0	male		
20897	inactive_random_reserve	9	goblin	8	mage	0	male		
20898	inactive_random_reserve	10	high_elf	4	rogue	0	male		
20899	inactive_random_reserve	9	goblin	3	hunter	0	male		
20900	inactive_random_reserve	4	night_elf	3	hunter	0	male		
20901	inactive_random_reserve	10	high_elf	2	paladin	1	female		
20902	inactive_random_reserve	1	human	3	hunter	1	female		
20903	inactive_random_reserve	6	tauren	1	warrior	0	male		
20904	inactive_random_reserve	10	high_elf	2	paladin	1	female		
20905	inactive_random_reserve	5	undead	8	mage	0	male		
20906	inactive_random_reserve	4	night_elf	3	hunter	1	female		
20907	inactive_random_reserve	1	human	4	rogue	0	male		
20908	inactive_random_reserve	5	undead	4	rogue	1	female		
20909	inactive_random_reserve	2	orc	3	hunter	1	female		
20910	inactive_random_reserve	10	high_elf	3	hunter	0	male		
20911	inactive_random_reserve	10	high_elf	8	mage	0	male		
20912	inactive_random_reserve	10	high_elf	8	mage	0	male		
20913	inactive_random_reserve	10	high_elf	3	hunter	1	female		
20914	inactive_random_reserve	10	high_elf	1	warrior	0	male		
20915	inactive_random_reserve	10	high_elf	8	mage	0	male		
20916	inactive_random_reserve	7	gnome	8	mage	1	female		
20917	inactive_random_reserve	10	high_elf	3	hunter	0	male		
20918	inactive_random_reserve	2	orc	1	warrior	1	female		
20919	inactive_random_reserve	10	high_elf	1	warrior	1	female		
20920	inactive_random_reserve	4	night_elf	4	rogue	0	male		
20921	inactive_random_reserve	2	orc	1	warrior	0	male		
20922	inactive_random_reserve	8	troll	4	rogue	0	male		
20923	inactive_random_reserve	10	high_elf	4	rogue	1	female		
20924	inactive_random_reserve	9	goblin	3	hunter	1	female		
20925	inactive_random_reserve	10	high_elf	4	rogue	0	male		
20926	inactive_random_reserve	8	troll	3	hunter	0	male		
20927	inactive_random_reserve	7	gnome	8	mage	0	male		
20928	inactive_random_reserve	10	high_elf	4	rogue	0	male		
20929	inactive_random_reserve	4	night_elf	11	druid	1	female		
20930	inactive_random_reserve	10	high_elf	8	mage	0	male		
20931	inactive_random_reserve	10	high_elf	1	warrior	0	male		
20932	inactive_random_reserve	10	high_elf	1	warrior	0	male		
20933	inactive_random_reserve	10	high_elf	1	warrior	1	female		
20934	inactive_random_reserve	7	gnome	8	mage	1	female		
20935	inactive_random_reserve	2	orc	1	warrior	0	male		
20936	inactive_random_reserve	1	human	3	hunter	0	male		
20937	inactive_random_reserve	10	high_elf	5	priest	1	female		
20938	inactive_random_reserve	3	dwarf	3	hunter	1	female		
20939	inactive_random_reserve	9	goblin	1	warrior	1	female		
20940	inactive_random_reserve	1	human	3	hunter	0	male		
20941	inactive_random_reserve	1	human	9	warlock	0	male		
20942	inactive_random_reserve	4	night_elf	3	hunter	0	male		
20943	inactive_random_reserve	4	night_elf	3	hunter	1	female		
20944	inactive_random_reserve	10	high_elf	4	rogue	1	female		
20945	inactive_random_reserve	1	human	3	hunter	0	male		
20946	inactive_random_reserve	6	tauren	11	druid	1	female		
20947	inactive_random_reserve	5	undead	4	rogue	1	female		
20948	inactive_random_reserve	10	high_elf	3	hunter	1	female		
20949	inactive_random_reserve	9	goblin	1	warrior	0	male		
20950	inactive_random_reserve	1	human	3	hunter	0	male		
20951	inactive_random_reserve	9	goblin	9	warlock	0	male		
20952	inactive_random_reserve	9	goblin	1	warrior	0	male		
20953	inactive_random_reserve	2	orc	3	hunter	0	male		
20954	inactive_random_reserve	4	night_elf	4	rogue	1	female		
20955	inactive_random_reserve	9	goblin	3	hunter	0	male		
20956	inactive_random_reserve	6	tauren	3	hunter	1	female		
20957	inactive_random_reserve	1	human	3	hunter	1	female		
20958	inactive_random_reserve	9	goblin	1	warrior	0	male		
20959	inactive_random_reserve	10	high_elf	2	paladin	1	female		
20960	inactive_random_reserve	1	human	2	paladin	0	male		
20961	inactive_random_reserve	1	human	8	mage	0	male		
20962	inactive_random_reserve	10	high_elf	5	priest	0	male		
20972	inactive_random_reserve	7	gnome	8	mage	0	male		
20973	inactive_random_reserve	9	goblin	1	warrior	1	female		
20974	inactive_random_reserve	4	night_elf	4	rogue	1	female		
20975	inactive_random_reserve	10	high_elf	3	hunter	1	female		
20976	inactive_random_reserve	10	high_elf	5	priest	0	male		
20977	inactive_random_reserve	10	high_elf	2	paladin	0	male		
20978	inactive_random_reserve	2	orc	4	rogue	0	male		
20979	inactive_random_reserve	1	human	3	hunter	1	female		
20980	inactive_random_reserve	9	goblin	9	warlock	0	male		
20981	inactive_random_reserve	1	human	1	warrior	0	male		
20982	inactive_random_reserve	4	night_elf	3	hunter	0	male		
20983	inactive_random_reserve	4	night_elf	3	hunter	0	male		
20984	inactive_random_reserve	1	human	2	paladin	1	female		
20985	inactive_random_reserve	10	high_elf	8	mage	0	male		
20986	inactive_random_reserve	9	goblin	4	rogue	1	female		
20987	inactive_random_reserve	8	troll	3	hunter	0	male		
20988	inactive_random_reserve	2	orc	9	warlock	1	female		
20989	inactive_random_reserve	7	gnome	4	rogue	1	female		
20990	inactive_random_reserve	1	human	1	warrior	0	male		
20991	inactive_random_reserve	9	goblin	3	hunter	0	male		
20992	inactive_random_reserve	1	human	3	hunter	0	male		
20993	inactive_random_reserve	1	human	8	mage	0	male		
20994	inactive_random_reserve	5	undead	1	warrior	1	female		
20995	inactive_random_reserve	10	high_elf	8	mage	0	male		
20996	inactive_random_reserve	1	human	5	priest	0	male		
20997	inactive_random_reserve	4	night_elf	3	hunter	1	female		
20998	inactive_random_reserve	1	human	2	paladin	0	male		
20999	inactive_random_reserve	1	human	3	hunter	1	female		
21000	inactive_random_reserve	9	goblin	1	warrior	1	female		
21001	inactive_random_reserve	9	goblin	3	hunter	0	male		
21002	inactive_random_reserve	10	high_elf	3	hunter	1	female		
21003	inactive_random_reserve	2	orc	3	hunter	0	male		
21004	inactive_random_reserve	10	high_elf	4	rogue	1	female		
21005	inactive_random_reserve	5	undead	4	rogue	1	female		
21006	inactive_random_reserve	7	gnome	4	rogue	1	female		
21007	inactive_random_reserve	7	gnome	1	warrior	0	male		
21008	inactive_random_reserve	2	orc	3	hunter	1	female		
21009	inactive_random_reserve	3	dwarf	3	hunter	1	female		
21010	inactive_random_reserve	10	high_elf	5	priest	1	female		
21011	inactive_random_reserve	4	night_elf	11	druid	0	male		
21012	inactive_random_reserve	1	human	9	warlock	0	male		
21013	inactive_random_reserve	5	undead	8	mage	1	female		
21014	inactive_random_reserve	10	high_elf	4	rogue	1	female		
21015	inactive_random_reserve	10	high_elf	5	priest	1	female		
21016	inactive_random_reserve	10	high_elf	3	hunter	1	female		
21017	inactive_random_reserve	10	high_elf	4	rogue	0	male		
21018	inactive_random_reserve	1	human	8	mage	1	female		
21019	inactive_random_reserve	3	dwarf	2	paladin	0	male		
21020	inactive_random_reserve	10	high_elf	8	mage	0	male		
21021	inactive_random_reserve	8	troll	3	hunter	0	male		
21022	inactive_random_reserve	9	goblin	4	rogue	0	male		
21023	inactive_random_reserve	9	goblin	9	warlock	0	male		
21024	inactive_random_reserve	9	goblin	3	hunter	0	male		
21025	inactive_random_reserve	9	goblin	4	rogue	1	female		
21026	inactive_random_reserve	9	goblin	9	warlock	1	female		
21027	inactive_random_reserve	9	goblin	9	warlock	0	male		
21028	inactive_random_reserve	9	goblin	9	warlock	1	female		
21029	inactive_random_reserve	10	high_elf	1	warrior	0	male		
21030	inactive_random_reserve	5	undead	9	warlock	1	female		
21031	inactive_random_reserve	8	troll	4	rogue	1	female		
21032	inactive_random_reserve	9	goblin	4	rogue	0	male		
21033	inactive_random_reserve	10	high_elf	3	hunter	0	male		
21034	inactive_random_reserve	6	tauren	3	hunter	0	male		
21035	inactive_random_reserve	4	night_elf	3	hunter	1	female		
21036	inactive_random_reserve	5	undead	9	warlock	1	female		
21037	inactive_random_reserve	10	high_elf	2	paladin	1	female		
21038	inactive_random_reserve	10	high_elf	2	paladin	0	male		
21039	inactive_random_reserve	10	high_elf	1	warrior	0	male		
21040	inactive_random_reserve	9	goblin	9	warlock	0	male		
21041	inactive_random_reserve	9	goblin	3	hunter	1	female		
21042	inactive_random_reserve	9	goblin	3	hunter	1	female		
21043	inactive_random_reserve	10	high_elf	8	mage	0	male		
21044	inactive_random_reserve	10	high_elf	4	rogue	1	female		
21045	inactive_random_reserve	1	human	5	priest	1	female		
21046	inactive_random_reserve	9	goblin	1	warrior	1	female		
21047	inactive_random_reserve	1	human	3	hunter	1	female		
21048	inactive_random_reserve	10	high_elf	8	mage	0	male		
21049	inactive_random_reserve	4	night_elf	3	hunter	1	female		
21050	inactive_random_reserve	1	human	3	hunter	1	female		
21051	inactive_random_reserve	8	troll	8	mage	1	female		
21052	inactive_random_reserve	9	goblin	9	warlock	0	male		
21053	inactive_random_reserve	1	human	5	priest	0	male		
21054	inactive_random_reserve	10	high_elf	8	mage	1	female		
21055	inactive_random_reserve	10	high_elf	3	hunter	1	female		
21056	inactive_random_reserve	1	human	5	priest	0	male		
21057	inactive_random_reserve	9	goblin	4	rogue	0	male		
21058	inactive_random_reserve	4	night_elf	11	druid	0	male		
21059	inactive_random_reserve	3	dwarf	3	hunter	0	male		
21060	inactive_random_reserve	3	dwarf	3	hunter	0	male		
21061	inactive_random_reserve	10	high_elf	3	hunter	1	female		
21062	inactive_random_reserve	9	goblin	3	hunter	0	male		
21063	inactive_random_reserve	4	night_elf	4	rogue	0	male		
21064	inactive_random_reserve	1	human	2	paladin	1	female		
21065	inactive_random_reserve	7	gnome	8	mage	0	male		
21066	inactive_random_reserve	1	human	5	priest	0	male		
21067	inactive_random_reserve	1	human	3	hunter	0	male		
21068	inactive_random_reserve	9	goblin	1	warrior	0	male		
21069	inactive_random_reserve	10	high_elf	4	rogue	0	male		
21070	inactive_random_reserve	3	dwarf	2	paladin	1	female		
21071	inactive_random_reserve	6	tauren	1	warrior	0	male		
21072	inactive_random_reserve	6	tauren	3	hunter	1	female		
21073	inactive_random_reserve	10	high_elf	4	rogue	0	male		
21074	inactive_random_reserve	2	orc	3	hunter	1	female		
21075	inactive_random_reserve	6	tauren	3	hunter	1	female		
21076	inactive_random_reserve	10	high_elf	2	paladin	1	female		
21077	inactive_random_reserve	2	orc	4	rogue	1	female		
21078	inactive_random_reserve	5	undead	4	rogue	0	male		
21079	inactive_random_reserve	4	night_elf	4	rogue	0	male		
21080	inactive_random_reserve	10	high_elf	2	paladin	0	male		
21081	inactive_random_reserve	9	goblin	4	rogue	1	female		
21082	inactive_random_reserve	10	high_elf	1	warrior	0	male		
21083	inactive_random_reserve	10	high_elf	8	mage	0	male		
21084	inactive_random_reserve	4	night_elf	4	rogue	1	female		
21085	inactive_random_reserve	10	high_elf	2	paladin	0	male		
21086	inactive_random_reserve	10	high_elf	1	warrior	1	female		
21087	inactive_random_reserve	5	undead	5	priest	0	male		
21088	inactive_random_reserve	10	high_elf	8	mage	1	female		
21089	inactive_random_reserve	9	goblin	3	hunter	0	male		
21090	inactive_random_reserve	2	orc	7	shaman	0	male		
21091	inactive_random_reserve	9	goblin	8	mage	1	female		
21092	inactive_random_reserve	8	troll	3	hunter	0	male		
21093	inactive_random_reserve	10	high_elf	5	priest	1	female		
21094	inactive_random_reserve	5	undead	4	rogue	0	male		
21095	inactive_random_reserve	5	undead	5	priest	1	female		
21096	inactive_random_reserve	2	orc	7	shaman	1	female		
21097	inactive_random_reserve	5	undead	4	rogue	0	male		
21098	inactive_random_reserve	1	human	3	hunter	1	female		
21099	inactive_random_reserve	5	undead	9	warlock	0	male		
21100	inactive_random_reserve	1	human	3	hunter	1	female		
21101	inactive_random_reserve	5	undead	5	priest	1	female		
21102	inactive_random_reserve	10	high_elf	2	paladin	1	female		
21103	inactive_random_reserve	1	human	8	mage	1	female		
21104	inactive_random_reserve	1	human	3	hunter	0	male		
21105	inactive_random_reserve	8	troll	1	warrior	0	male		
21106	inactive_random_reserve	2	orc	1	warrior	1	female		
21107	inactive_random_reserve	10	high_elf	2	paladin	1	female		
21108	inactive_random_reserve	10	high_elf	2	paladin	0	male		
21109	inactive_random_reserve	10	high_elf	5	priest	0	male		
21110	inactive_random_reserve	4	night_elf	1	warrior	1	female		
21111	inactive_random_reserve	7	gnome	8	mage	0	male		
21112	inactive_random_reserve	1	human	9	warlock	0	male		
21113	inactive_random_reserve	4	night_elf	4	rogue	0	male		
21114	inactive_random_reserve	1	human	3	hunter	1	female		
21115	inactive_random_reserve	10	high_elf	5	priest	1	female		
21116	inactive_random_reserve	10	high_elf	2	paladin	1	female		
21117	inactive_random_reserve	3	dwarf	1	warrior	1	female		
21118	inactive_random_reserve	4	night_elf	4	rogue	0	male		
21119	inactive_random_reserve	10	high_elf	1	warrior	0	male		
21120	inactive_random_reserve	5	undead	9	warlock	1	female		
21121	inactive_random_reserve	10	high_elf	4	rogue	0	male		
21122	inactive_random_reserve	10	high_elf	3	hunter	0	male		
21123	inactive_random_reserve	5	undead	5	priest	0	male		
21124	inactive_random_reserve	4	night_elf	3	hunter	1	female		
21125	inactive_random_reserve	5	undead	1	warrior	1	female		
21126	inactive_random_reserve	4	night_elf	3	hunter	1	female		
21127	inactive_random_reserve	9	goblin	1	warrior	0	male		
21128	inactive_random_reserve	1	human	2	paladin	0	male		
21129	inactive_random_reserve	9	goblin	9	warlock	0	male		
21130	inactive_random_reserve	5	undead	8	mage	0	male		
21131	inactive_random_reserve	10	high_elf	5	priest	0	male		
21132	inactive_random_reserve	10	high_elf	3	hunter	1	female		
21133	inactive_random_reserve	1	human	5	priest	1	female		
21134	inactive_random_reserve	8	troll	3	hunter	1	female		
21135	inactive_random_reserve	10	high_elf	3	hunter	0	male		
21136	inactive_random_reserve	1	human	3	hunter	0	male		
21137	inactive_random_reserve	1	human	9	warlock	0	male		
21138	inactive_random_reserve	10	high_elf	1	warrior	1	female		
21139	inactive_random_reserve	10	high_elf	8	mage	1	female		
21140	inactive_random_reserve	10	high_elf	8	mage	0	male		
21141	inactive_random_reserve	1	human	1	warrior	1	female		
21142	inactive_random_reserve	8	troll	7	shaman	0	male		
21143	inactive_random_reserve	9	goblin	8	mage	1	female		
21144	inactive_random_reserve	1	human	2	paladin	0	male		
21145	inactive_random_reserve	9	goblin	8	mage	0	male		
21146	inactive_random_reserve	4	night_elf	11	druid	1	female		
21147	inactive_random_reserve	9	goblin	8	mage	1	female		
21148	inactive_random_reserve	10	high_elf	2	paladin	0	male		
21149	inactive_random_reserve	6	tauren	1	warrior	0	male		
21150	inactive_random_reserve	1	human	1	warrior	0	male		
21151	inactive_random_reserve	9	goblin	1	warrior	0	male		
21152	inactive_random_reserve	10	high_elf	4	rogue	1	female		
21153	inactive_random_reserve	5	undead	8	mage	1	female		
21154	inactive_random_reserve	10	high_elf	5	priest	1	female		
21155	inactive_random_reserve	3	dwarf	1	warrior	0	male		
21156	inactive_random_reserve	1	human	2	paladin	1	female		
21157	inactive_random_reserve	4	night_elf	4	rogue	0	male		
21158	inactive_random_reserve	2	orc	1	warrior	1	female		
21159	inactive_random_reserve	9	goblin	4	rogue	0	male		
21160	inactive_random_reserve	1	human	5	priest	0	male		
21161	inactive_random_reserve	1	human	8	mage	1	female		
21162	inactive_random_reserve	2	orc	1	warrior	1	female		
21163	inactive_random_reserve	1	human	2	paladin	1	female		
21164	inactive_random_reserve	4	night_elf	4	rogue	1	female		
21165	inactive_random_reserve	4	night_elf	5	priest	0	male		
21166	inactive_random_reserve	1	human	5	priest	0	male		
21167	inactive_random_reserve	10	high_elf	2	paladin	1	female		
21168	inactive_random_reserve	1	human	1	warrior	1	female		
21169	inactive_random_reserve	9	goblin	1	warrior	1	female		
21170	inactive_random_reserve	10	high_elf	5	priest	1	female		
21171	inactive_random_reserve	9	goblin	3	hunter	0	male		
21172	inactive_random_reserve	9	goblin	4	rogue	0	male		
21173	inactive_random_reserve	1	human	9	warlock	0	male		
21174	inactive_random_reserve	10	high_elf	2	paladin	0	male		
21175	inactive_random_reserve	1	human	1	warrior	1	female		
21176	inactive_random_reserve	4	night_elf	3	hunter	1	female		
21177	inactive_random_reserve	9	goblin	3	hunter	0	male		
21178	inactive_random_reserve	9	goblin	1	warrior	1	female		
21179	inactive_random_reserve	9	goblin	8	mage	0	male		
21180	inactive_random_reserve	8	troll	7	shaman	1	female		
21181	inactive_random_reserve	10	high_elf	1	warrior	0	male		
21182	inactive_random_reserve	7	gnome	8	mage	0	male		
21183	inactive_random_reserve	4	night_elf	3	hunter	0	male		
21184	inactive_random_reserve	10	high_elf	4	rogue	1	female		
21185	inactive_random_reserve	5	undead	8	mage	1	female		
21186	inactive_random_reserve	4	night_elf	3	hunter	0	male		
21187	inactive_random_reserve	5	undead	9	warlock	0	male		
21188	inactive_random_reserve	1	human	2	paladin	0	male		
21189	inactive_random_reserve	9	goblin	8	mage	1	female		
21190	inactive_random_reserve	2	orc	1	warrior	1	female		
21191	inactive_random_reserve	10	high_elf	2	paladin	0	male		
21192	inactive_random_reserve	7	gnome	8	mage	0	male		
21193	inactive_random_reserve	5	undead	4	rogue	0	male		
21194	inactive_random_reserve	10	high_elf	8	mage	1	female		
21195	inactive_random_reserve	4	night_elf	4	rogue	0	male		
21196	inactive_random_reserve	10	high_elf	4	rogue	1	female		
21197	inactive_random_reserve	9	goblin	8	mage	0	male		
21198	inactive_random_reserve	10	high_elf	3	hunter	1	female		
21199	inactive_random_reserve	9	goblin	1	warrior	0	male		
21200	inactive_random_reserve	7	gnome	9	warlock	1	female		
21201	inactive_random_reserve	4	night_elf	3	hunter	0	male		
21202	inactive_random_reserve	10	high_elf	3	hunter	1	female		
21203	inactive_random_reserve	1	human	3	hunter	1	female		
21204	inactive_random_reserve	9	goblin	9	warlock	1	female		
21205	inactive_random_reserve	1	human	9	warlock	1	female		
21206	inactive_random_reserve	1	human	8	mage	0	male		
21207	inactive_random_reserve	2	orc	3	hunter	1	female		
21208	inactive_random_reserve	3	dwarf	5	priest	1	female		
21209	inactive_random_reserve	10	high_elf	8	mage	0	male		
21210	inactive_random_reserve	1	human	8	mage	0	male		
21211	inactive_random_reserve	4	night_elf	11	druid	0	male		
21212	inactive_random_reserve	9	goblin	8	mage	0	male		
21213	inactive_random_reserve	9	goblin	8	mage	0	male		
21214	inactive_random_reserve	10	high_elf	3	hunter	0	male		
21215	inactive_random_reserve	3	dwarf	3	hunter	0	male		
21216	inactive_random_reserve	10	high_elf	2	paladin	0	male		
21217	inactive_random_reserve	1	human	8	mage	0	male		
21218	inactive_random_reserve	2	orc	7	shaman	1	female		
21219	inactive_random_reserve	10	high_elf	5	priest	1	female		
21220	inactive_random_reserve	8	troll	7	shaman	0	male		
21221	inactive_random_reserve	9	goblin	8	mage	0	male		
21222	inactive_random_reserve	1	human	9	warlock	0	male		
21223	inactive_random_reserve	9	goblin	8	mage	1	female		
21224	inactive_random_reserve	1	human	2	paladin	0	male		
21225	inactive_random_reserve	2	orc	7	shaman	1	female		
21226	inactive_random_reserve	1	human	9	warlock	1	female		
21227	inactive_random_reserve	3	dwarf	3	hunter	1	female		
21228	inactive_random_reserve	10	high_elf	2	paladin	0	male		
21229	inactive_random_reserve	1	human	3	hunter	1	female		
21230	inactive_random_reserve	4	night_elf	5	priest	0	male		
21231	inactive_random_reserve	10	high_elf	1	warrior	1	female		
21232	inactive_random_reserve	2	orc	1	warrior	0	male		
21233	inactive_random_reserve	9	goblin	3	hunter	1	female		
21234	inactive_random_reserve	2	orc	7	shaman	1	female		
21235	inactive_random_reserve	9	goblin	3	hunter	0	male		
21236	inactive_random_reserve	10	high_elf	1	warrior	1	female		
21237	inactive_random_reserve	4	night_elf	3	hunter	0	male		
21238	inactive_random_reserve	9	goblin	9	warlock	0	male		
21239	inactive_random_reserve	5	undead	4	rogue	1	female		
21240	inactive_random_reserve	10	high_elf	4	rogue	0	male		
21241	inactive_random_reserve	10	high_elf	8	mage	1	female		
21242	inactive_random_reserve	10	high_elf	3	hunter	1	female		
21243	inactive_random_reserve	7	gnome	9	warlock	0	male		
21244	inactive_random_reserve	2	orc	9	warlock	0	male		
21245	inactive_random_reserve	9	goblin	3	hunter	1	female		
21246	inactive_random_reserve	4	night_elf	11	druid	1	female		
21247	inactive_random_reserve	4	night_elf	11	druid	1	female		
21248	inactive_random_reserve	7	gnome	8	mage	1	female		
21249	inactive_random_reserve	4	night_elf	1	warrior	1	female		
21250	inactive_random_reserve	5	undead	4	rogue	0	male		
21251	inactive_random_reserve	8	troll	3	hunter	0	male		
21252	inactive_random_reserve	10	high_elf	1	warrior	0	male		
21253	inactive_random_reserve	1	human	8	mage	1	female		
21254	inactive_random_reserve	7	gnome	1	warrior	1	female		
21255	inactive_random_reserve	9	goblin	3	hunter	0	male		
21256	inactive_random_reserve	8	troll	4	rogue	0	male		
21257	inactive_random_reserve	9	goblin	4	rogue	1	female		
21258	inactive_random_reserve	4	night_elf	11	druid	1	female		
21259	inactive_random_reserve	10	high_elf	4	rogue	0	male		
21260	inactive_random_reserve	3	dwarf	3	hunter	1	female		
21261	inactive_random_reserve	10	high_elf	3	hunter	1	female		
21262	inactive_random_reserve	10	high_elf	2	paladin	1	female		
21263	inactive_random_reserve	4	night_elf	3	hunter	1	female		
21264	inactive_random_reserve	3	dwarf	3	hunter	0	male		
21265	inactive_random_reserve	9	goblin	3	hunter	1	female		
21266	inactive_random_reserve	4	night_elf	4	rogue	0	male		
21267	inactive_random_reserve	1	human	4	rogue	0	male		
21268	inactive_random_reserve	2	orc	7	shaman	1	female		
21269	inactive_random_reserve	9	goblin	9	warlock	0	male		
21270	inactive_random_reserve	4	night_elf	4	rogue	0	male		
21271	inactive_random_reserve	6	tauren	3	hunter	0	male		
21272	inactive_random_reserve	4	night_elf	11	druid	0	male		
21273	inactive_random_reserve	9	goblin	8	mage	1	female		
21274	inactive_random_reserve	9	goblin	8	mage	1	female		
21275	inactive_random_reserve	10	high_elf	5	priest	1	female		
21276	inactive_random_reserve	10	high_elf	5	priest	0	male		
21277	inactive_random_reserve	1	human	2	paladin	1	female		
21278	inactive_random_reserve	10	high_elf	2	paladin	1	female		
21279	inactive_random_reserve	4	night_elf	1	warrior	1	female		
21280	inactive_random_reserve	4	night_elf	11	druid	0	male		
21281	inactive_random_reserve	10	high_elf	5	priest	1	female		
21282	inactive_random_reserve	4	night_elf	3	hunter	0	male		
21283	inactive_random_reserve	9	goblin	8	mage	1	female		
21284	inactive_random_reserve	1	human	3	hunter	1	female		
21285	inactive_random_reserve	4	night_elf	1	warrior	0	male		
21286	inactive_random_reserve	10	high_elf	2	paladin	1	female		
21287	inactive_random_reserve	1	human	3	hunter	1	female		
21288	inactive_random_reserve	10	high_elf	2	paladin	1	female		
21289	inactive_random_reserve	10	high_elf	4	rogue	1	female		
21290	inactive_random_reserve	5	undead	4	rogue	1	female		
21291	inactive_random_reserve	7	gnome	9	warlock	0	male		
21292	inactive_random_reserve	9	goblin	3	hunter	1	female		
21293	inactive_random_reserve	1	human	3	hunter	1	female		
21294	inactive_random_reserve	5	undead	4	rogue	0	male		
21295	inactive_random_reserve	10	high_elf	1	warrior	0	male		
21296	inactive_random_reserve	1	human	3	hunter	0	male		
21297	inactive_random_reserve	8	troll	4	rogue	1	female		
21298	inactive_random_reserve	2	orc	4	rogue	1	female		
21299	inactive_random_reserve	10	high_elf	1	warrior	1	female		
21300	inactive_random_reserve	4	night_elf	3	hunter	0	male		
21301	inactive_random_reserve	9	goblin	8	mage	1	female		
21302	inactive_random_reserve	1	human	2	paladin	0	male		
21303	inactive_random_reserve	9	goblin	8	mage	0	male		
21304	inactive_random_reserve	10	high_elf	8	mage	1	female		
21305	inactive_random_reserve	10	high_elf	2	paladin	0	male		
21306	inactive_random_reserve	1	human	8	mage	1	female		
21307	inactive_random_reserve	4	night_elf	3	hunter	1	female		
21308	inactive_random_reserve	4	night_elf	1	warrior	1	female		
21309	inactive_random_reserve	10	high_elf	1	warrior	0	male		
21310	inactive_random_reserve	4	night_elf	4	rogue	0	male		
21311	inactive_random_reserve	10	high_elf	8	mage	0	male		
21312	inactive_random_reserve	10	high_elf	1	warrior	0	male		
21313	inactive_random_reserve	4	night_elf	3	hunter	1	female		
21314	inactive_random_reserve	9	goblin	4	rogue	0	male		
21315	inactive_random_reserve	10	high_elf	1	warrior	1	female		
21316	inactive_random_reserve	9	goblin	3	hunter	0	male		
21317	inactive_random_reserve	1	human	2	paladin	0	male		
21318	inactive_random_reserve	3	dwarf	2	paladin	0	male		
21319	inactive_random_reserve	10	high_elf	5	priest	1	female		
21320	inactive_random_reserve	8	troll	3	hunter	0	male		
21321	inactive_random_reserve	5	undead	5	priest	0	male		
21322	inactive_random_reserve	9	goblin	8	mage	0	male		
21323	inactive_random_reserve	2	orc	3	hunter	1	female		
21324	inactive_random_reserve	10	high_elf	3	hunter	0	male		
21325	inactive_random_reserve	2	orc	7	shaman	0	male		
21326	inactive_random_reserve	6	tauren	7	shaman	0	male		
21327	inactive_random_reserve	10	high_elf	5	priest	0	male		
21328	inactive_random_reserve	5	undead	4	rogue	1	female		
21329	inactive_random_reserve	9	goblin	3	hunter	1	female		
21330	inactive_random_reserve	9	goblin	9	warlock	0	male		
21331	inactive_random_reserve	5	undead	9	warlock	0	male		
21332	inactive_random_reserve	10	high_elf	5	priest	0	male		
21333	inactive_random_reserve	10	high_elf	3	hunter	1	female		
21334	inactive_random_reserve	3	dwarf	2	paladin	0	male		
21335	inactive_random_reserve	10	high_elf	3	hunter	0	male		
21336	inactive_random_reserve	9	goblin	9	warlock	1	female		
21337	inactive_random_reserve	2	orc	7	shaman	0	male		
21338	inactive_random_reserve	8	troll	7	shaman	0	male		
21339	inactive_random_reserve	1	human	3	hunter	1	female		
21340	inactive_random_reserve	10	high_elf	2	paladin	1	female		
21341	inactive_random_reserve	3	dwarf	1	warrior	1	female		
21342	inactive_random_reserve	1	human	3	hunter	1	female		
21343	inactive_random_reserve	10	high_elf	1	warrior	1	female		
21344	inactive_random_reserve	7	gnome	4	rogue	1	female		
21345	inactive_random_reserve	7	gnome	8	mage	1	female		
21346	inactive_random_reserve	1	human	9	warlock	1	female		
21347	inactive_random_reserve	1	human	3	hunter	1	female		
21348	inactive_random_reserve	1	human	2	paladin	0	male		
21349	inactive_random_reserve	1	human	1	warrior	0	male		
21350	inactive_random_reserve	3	dwarf	2	paladin	1	female		
21351	inactive_random_reserve	9	goblin	1	warrior	1	female		
21352	inactive_random_reserve	3	dwarf	3	hunter	1	female		
21353	inactive_random_reserve	4	night_elf	3	hunter	1	female		
21354	inactive_random_reserve	3	dwarf	3	hunter	1	female		
21355	inactive_random_reserve	9	goblin	3	hunter	0	male		
21356	inactive_random_reserve	10	high_elf	5	priest	0	male		
21357	inactive_random_reserve	10	high_elf	2	paladin	0	male		
21358	inactive_random_reserve	1	human	3	hunter	0	male		
21359	inactive_random_reserve	2	orc	3	hunter	1	female		
21360	inactive_random_reserve	9	goblin	3	hunter	1	female		
21361	inactive_random_reserve	10	high_elf	5	priest	1	female		
21362	inactive_random_reserve	9	goblin	1	warrior	1	female		
21363	inactive_random_reserve	4	night_elf	5	priest	0	male		
21364	inactive_random_reserve	5	undead	8	mage	1	female		
21365	inactive_random_reserve	5	undead	8	mage	1	female		
21366	inactive_random_reserve	10	high_elf	8	mage	1	female		
21367	inactive_random_reserve	10	high_elf	1	warrior	1	female		
21368	inactive_random_reserve	4	night_elf	3	hunter	0	male		
21369	inactive_random_reserve	9	goblin	3	hunter	0	male		
21370	inactive_random_reserve	1	human	2	paladin	0	male		
21371	inactive_random_reserve	1	human	2	paladin	0	male		
21372	inactive_random_reserve	1	human	3	hunter	1	female		
21373	inactive_random_reserve	10	high_elf	8	mage	1	female		
21374	inactive_random_reserve	9	goblin	8	mage	0	male		
21375	inactive_random_reserve	10	high_elf	5	priest	0	male		
21376	inactive_random_reserve	4	night_elf	1	warrior	1	female		
21377	inactive_random_reserve	1	human	1	warrior	0	male		
21378	inactive_random_reserve	10	high_elf	1	warrior	0	male		
21379	inactive_random_reserve	1	human	2	paladin	1	female		
21380	inactive_random_reserve	9	goblin	8	mage	0	male		
21381	inactive_random_reserve	1	human	1	warrior	1	female		
21382	inactive_random_reserve	10	high_elf	5	priest	0	male		
21383	inactive_random_reserve	3	dwarf	1	warrior	0	male		
21384	inactive_random_reserve	3	dwarf	3	hunter	1	female		
21385	inactive_random_reserve	1	human	9	warlock	0	male		
21386	inactive_random_reserve	9	goblin	8	mage	1	female		
21387	inactive_random_reserve	1	human	3	hunter	1	female		
21388	inactive_random_reserve	10	high_elf	8	mage	1	female		
21389	inactive_random_reserve	2	orc	3	hunter	0	male		
21390	inactive_random_reserve	10	high_elf	3	hunter	0	male		
21391	inactive_random_reserve	4	night_elf	5	priest	0	male		
21392	inactive_random_reserve	9	goblin	9	warlock	1	female		
21393	inactive_random_reserve	5	undead	4	rogue	1	female		
21394	inactive_random_reserve	10	high_elf	4	rogue	1	female		
21395	inactive_random_reserve	7	gnome	9	warlock	0	male		
21396	inactive_random_reserve	7	gnome	8	mage	1	female		
21397	inactive_random_reserve	9	goblin	9	warlock	1	female		
21398	inactive_random_reserve	4	night_elf	5	priest	0	male		
21399	inactive_random_reserve	10	high_elf	1	warrior	0	male		
21400	inactive_random_reserve	1	human	1	warrior	1	female		
21401	inactive_random_reserve	1	human	2	paladin	0	male		
21402	inactive_random_reserve	10	high_elf	4	rogue	1	female		
21403	inactive_random_reserve	10	high_elf	5	priest	0	male		
21404	inactive_random_reserve	10	high_elf	1	warrior	1	female		
21405	inactive_random_reserve	8	troll	4	rogue	0	male		
21406	inactive_random_reserve	1	human	2	paladin	1	female		
21407	inactive_random_reserve	1	human	8	mage	0	male		
21408	inactive_random_reserve	10	high_elf	5	priest	0	male		
21409	inactive_random_reserve	9	goblin	4	rogue	1	female		
21410	inactive_random_reserve	1	human	3	hunter	0	male		
21411	inactive_random_reserve	7	gnome	8	mage	1	female		
21412	inactive_random_reserve	5	undead	5	priest	1	female		
21413	inactive_random_reserve	10	high_elf	4	rogue	1	female		
21414	inactive_random_reserve	5	undead	9	warlock	0	male		
21415	inactive_random_reserve	4	night_elf	11	druid	0	male		
21416	inactive_random_reserve	10	high_elf	3	hunter	0	male		
21417	inactive_random_reserve	9	goblin	9	warlock	0	male		
21418	inactive_random_reserve	4	night_elf	3	hunter	0	male		
21419	inactive_random_reserve	6	tauren	1	warrior	1	female		
21420	inactive_random_reserve	5	undead	9	warlock	1	female		
21421	inactive_random_reserve	2	orc	1	warrior	1	female		
21422	inactive_random_reserve	9	goblin	1	warrior	0	male		
21423	inactive_random_reserve	9	goblin	9	warlock	0	male		
21424	inactive_random_reserve	1	human	3	hunter	1	female		
21425	inactive_random_reserve	10	high_elf	4	rogue	1	female		
21426	inactive_random_reserve	10	high_elf	4	rogue	1	female		
21427	inactive_random_reserve	1	human	3	hunter	1	female		
21428	inactive_random_reserve	10	high_elf	5	priest	1	female		
21429	inactive_random_reserve	7	gnome	1	warrior	1	female		
21430	inactive_random_reserve	10	high_elf	2	paladin	0	male		
21431	inactive_random_reserve	10	high_elf	3	hunter	1	female		
21432	inactive_random_reserve	9	goblin	9	warlock	1	female		
21433	inactive_random_reserve	10	high_elf	4	rogue	1	female		
21434	inactive_random_reserve	10	high_elf	2	paladin	0	male		
21435	inactive_random_reserve	10	high_elf	3	hunter	0	male		
21436	inactive_random_reserve	8	troll	8	mage	0	male		
21437	inactive_random_reserve	10	high_elf	3	hunter	1	female		
21438	inactive_random_reserve	2	orc	3	hunter	1	female		
21439	inactive_random_reserve	10	high_elf	5	priest	1	female		
21440	inactive_random_reserve	3	dwarf	1	warrior	0	male		
21441	inactive_random_reserve	1	human	2	paladin	1	female		
21442	inactive_random_reserve	1	human	3	hunter	1	female		
21443	inactive_random_reserve	2	orc	3	hunter	0	male		
21444	inactive_random_reserve	8	troll	4	rogue	1	female		
21445	inactive_random_reserve	9	goblin	3	hunter	0	male		
21446	inactive_random_reserve	8	troll	4	rogue	1	female		
21447	inactive_random_reserve	3	dwarf	2	paladin	0	male		
21448	inactive_random_reserve	10	high_elf	2	paladin	0	male		
21449	inactive_random_reserve	9	goblin	1	warrior	1	female		
21450	inactive_random_reserve	9	goblin	8	mage	1	female		
21451	inactive_random_reserve	8	troll	7	shaman	1	female		
21452	inactive_random_reserve	5	undead	8	mage	1	female		
21453	inactive_random_reserve	4	night_elf	3	hunter	1	female		
21454	inactive_random_reserve	9	goblin	9	warlock	1	female		
21455	inactive_random_reserve	4	night_elf	3	hunter	0	male		
21456	inactive_random_reserve	1	human	2	paladin	1	female		
21457	inactive_random_reserve	10	high_elf	5	priest	0	male		
21458	inactive_random_reserve	8	troll	4	rogue	1	female		
21459	inactive_random_reserve	1	human	2	paladin	0	male		
21460	inactive_random_reserve	1	human	4	rogue	1	female		
21461	inactive_random_reserve	1	human	8	mage	0	male		
21462	inactive_random_reserve	1	human	2	paladin	1	female		
21463	inactive_random_reserve	1	human	3	hunter	1	female		
21464	inactive_random_reserve	6	tauren	7	shaman	0	male		
21465	inactive_random_reserve	1	human	9	warlock	1	female		
21466	inactive_random_reserve	9	goblin	8	mage	1	female		
21467	inactive_random_reserve	8	troll	4	rogue	1	female		
21468	inactive_random_reserve	10	high_elf	8	mage	1	female		
21469	inactive_random_reserve	1	human	2	paladin	0	male		
21470	inactive_random_reserve	10	high_elf	2	paladin	1	female		
21471	inactive_random_reserve	5	undead	4	rogue	0	male		
21472	inactive_random_reserve	10	high_elf	2	paladin	0	male		
21473	inactive_random_reserve	7	gnome	1	warrior	0	male		
21474	inactive_random_reserve	2	orc	3	hunter	0	male		
21475	inactive_random_reserve	9	goblin	8	mage	1	female		
21476	inactive_random_reserve	1	human	4	rogue	0	male		
21477	inactive_random_reserve	9	goblin	8	mage	1	female		
21478	inactive_random_reserve	10	high_elf	1	warrior	1	female		
21479	inactive_random_reserve	5	undead	9	warlock	1	female		
21480	inactive_random_reserve	9	goblin	8	mage	1	female		
21481	inactive_random_reserve	5	undead	1	warrior	1	female		
21482	inactive_random_reserve	4	night_elf	11	druid	1	female		
21483	inactive_random_reserve	9	goblin	8	mage	0	male		
21484	inactive_random_reserve	10	high_elf	1	warrior	0	male		
21485	inactive_random_reserve	4	night_elf	4	rogue	0	male		
21486	inactive_random_reserve	9	goblin	9	warlock	1	female		
21487	inactive_random_reserve	9	goblin	1	warrior	1	female		
21488	inactive_random_reserve	10	high_elf	2	paladin	1	female		
21489	inactive_random_reserve	1	human	3	hunter	1	female		
21490	inactive_random_reserve	4	night_elf	11	druid	0	male		
21491	inactive_random_reserve	5	undead	5	priest	0	male		
21492	inactive_random_reserve	10	high_elf	5	priest	0	male		
21493	inactive_random_reserve	4	night_elf	3	hunter	1	female		
21494	inactive_random_reserve	6	tauren	7	shaman	0	male		
21495	inactive_random_reserve	1	human	2	paladin	0	male		
21496	inactive_random_reserve	7	gnome	9	warlock	0	male		
21497	inactive_random_reserve	3	dwarf	2	paladin	0	male		
21498	inactive_random_reserve	10	high_elf	3	hunter	1	female		
21499	inactive_random_reserve	2	orc	9	warlock	0	male		
21500	inactive_random_reserve	8	troll	7	shaman	0	male		
21501	inactive_random_reserve	8	troll	1	warrior	1	female		
21502	inactive_random_reserve	10	high_elf	8	mage	0	male		
21503	inactive_random_reserve	1	human	3	hunter	0	male		
21504	inactive_random_reserve	1	human	1	warrior	1	female		
21505	inactive_random_reserve	8	troll	3	hunter	1	female		
21506	inactive_random_reserve	4	night_elf	1	warrior	0	male		
21507	inactive_random_reserve	9	goblin	8	mage	0	male		
21508	inactive_random_reserve	9	goblin	4	rogue	0	male		
21509	inactive_random_reserve	4	night_elf	5	priest	1	female		
21510	inactive_random_reserve	1	human	3	hunter	0	male		
21511	inactive_random_reserve	4	night_elf	11	druid	1	female		
21512	inactive_random_reserve	9	goblin	4	rogue	0	male		
21513	inactive_random_reserve	10	high_elf	1	warrior	1	female		
21514	inactive_random_reserve	3	dwarf	2	paladin	1	female		
21515	inactive_random_reserve	1	human	4	rogue	0	male		
21516	inactive_random_reserve	4	night_elf	3	hunter	1	female		
21517	inactive_random_reserve	10	high_elf	8	mage	0	male		
21518	inactive_random_reserve	2	orc	1	warrior	1	female		
21519	inactive_random_reserve	9	goblin	8	mage	0	male		
21520	inactive_random_reserve	10	high_elf	1	warrior	0	male		
21521	inactive_random_reserve	1	human	9	warlock	0	male		
21522	inactive_random_reserve	5	undead	9	warlock	1	female		
21523	inactive_random_reserve	6	tauren	1	warrior	1	female		
21524	inactive_random_reserve	5	undead	4	rogue	0	male		
21525	inactive_random_reserve	1	human	2	paladin	1	female		
21526	inactive_random_reserve	9	goblin	3	hunter	0	male		
21527	inactive_random_reserve	9	goblin	8	mage	0	male		
21528	inactive_random_reserve	8	troll	7	shaman	1	female		
21529	inactive_random_reserve	8	troll	5	priest	0	male		
21530	inactive_random_reserve	1	human	3	hunter	1	female		
21531	inactive_random_reserve	4	night_elf	4	rogue	0	male		
21532	inactive_random_reserve	3	dwarf	4	rogue	1	female		
21533	inactive_random_reserve	1	human	2	paladin	0	male		
21534	inactive_random_reserve	7	gnome	1	warrior	0	male		
21535	inactive_random_reserve	10	high_elf	3	hunter	0	male		
21536	inactive_random_reserve	1	human	2	paladin	0	male		
21537	inactive_random_reserve	6	tauren	7	shaman	0	male		
21538	inactive_random_reserve	3	dwarf	3	hunter	0	male		
21539	inactive_random_reserve	10	high_elf	3	hunter	0	male		
21540	inactive_random_reserve	8	troll	7	shaman	1	female		
21541	inactive_random_reserve	10	high_elf	2	paladin	1	female		
21542	inactive_random_reserve	9	goblin	4	rogue	1	female		
21543	inactive_random_reserve	9	goblin	3	hunter	1	female		
21544	inactive_random_reserve	1	human	3	hunter	1	female		
21545	inactive_random_reserve	10	high_elf	2	paladin	1	female		
21546	inactive_random_reserve	6	tauren	7	shaman	0	male		
21547	inactive_random_reserve	2	orc	7	shaman	0	male		
21548	inactive_random_reserve	10	high_elf	3	hunter	1	female		
21549	inactive_random_reserve	4	night_elf	3	hunter	0	male		
21550	inactive_random_reserve	10	high_elf	5	priest	1	female		
21551	inactive_random_reserve	8	troll	5	priest	1	female		
21552	inactive_random_reserve	9	goblin	8	mage	1	female		
21553	inactive_random_reserve	10	high_elf	2	paladin	0	male		
21554	inactive_random_reserve	7	gnome	8	mage	0	male		
21555	inactive_random_reserve	9	goblin	8	mage	0	male		
21556	inactive_random_reserve	10	high_elf	2	paladin	0	male		
21557	inactive_random_reserve	3	dwarf	2	paladin	0	male		
21558	inactive_random_reserve	1	human	9	warlock	1	female		
21559	inactive_random_reserve	9	goblin	4	rogue	1	female		
21560	inactive_random_reserve	2	orc	7	shaman	1	female		
21561	inactive_random_reserve	1	human	1	warrior	0	male		
21562	inactive_random_reserve	1	human	2	paladin	1	female		
21563	inactive_random_reserve	10	high_elf	4	rogue	0	male		
21564	inactive_random_reserve	10	high_elf	8	mage	0	male		
21565	inactive_random_reserve	10	high_elf	1	warrior	0	male		
21566	inactive_random_reserve	6	tauren	3	hunter	1	female		
21567	inactive_random_reserve	8	troll	1	warrior	0	male		
21568	inactive_random_reserve	10	high_elf	8	mage	1	female		
21569	inactive_random_reserve	1	human	4	rogue	1	female		
21570	inactive_random_reserve	6	tauren	7	shaman	0	male		
21571	inactive_random_reserve	9	goblin	8	mage	1	female		
21572	inactive_random_reserve	9	goblin	9	warlock	0	male		
21573	inactive_random_reserve	10	high_elf	8	mage	0	male		
21574	inactive_random_reserve	10	high_elf	5	priest	0	male		
21575	inactive_random_reserve	10	high_elf	4	rogue	1	female		
21576	inactive_random_reserve	5	undead	9	warlock	1	female		
21577	inactive_random_reserve	1	human	8	mage	0	male		
21578	inactive_random_reserve	4	night_elf	4	rogue	1	female		
21579	inactive_random_reserve	1	human	9	warlock	0	male		
21580	inactive_random_reserve	9	goblin	9	warlock	0	male		
21581	inactive_random_reserve	5	undead	4	rogue	1	female		
21582	inactive_random_reserve	7	gnome	9	warlock	1	female		
21583	inactive_random_reserve	1	human	4	rogue	0	male		
21584	inactive_random_reserve	9	goblin	8	mage	0	male		
21585	inactive_random_reserve	6	tauren	11	druid	1	female		
21586	inactive_random_reserve	3	dwarf	1	warrior	0	male		
21587	inactive_random_reserve	9	goblin	4	rogue	0	male		
21588	inactive_random_reserve	9	goblin	3	hunter	0	male		
21589	inactive_random_reserve	10	high_elf	4	rogue	0	male		
21590	inactive_random_reserve	8	troll	1	warrior	1	female		
21591	inactive_random_reserve	9	goblin	8	mage	1	female		
21592	inactive_random_reserve	9	goblin	8	mage	1	female		
21593	inactive_random_reserve	1	human	3	hunter	0	male		
21594	inactive_random_reserve	10	high_elf	3	hunter	1	female		
21595	inactive_random_reserve	4	night_elf	1	warrior	1	female		
21596	inactive_random_reserve	1	human	8	mage	0	male		
21597	inactive_random_reserve	10	high_elf	1	warrior	1	female		
21598	inactive_random_reserve	4	night_elf	3	hunter	0	male		
21599	inactive_random_reserve	10	high_elf	4	rogue	1	female		
21600	inactive_random_reserve	7	gnome	9	warlock	1	female		
21601	inactive_random_reserve	9	goblin	9	warlock	1	female		
21602	inactive_random_reserve	4	night_elf	1	warrior	0	male		
21603	inactive_random_reserve	4	night_elf	11	druid	1	female		
21604	inactive_random_reserve	9	goblin	3	hunter	1	female		
21605	inactive_random_reserve	9	goblin	9	warlock	1	female		
21606	inactive_random_reserve	9	goblin	3	hunter	0	male		
21607	inactive_random_reserve	9	goblin	9	warlock	1	female		
21608	inactive_random_reserve	10	high_elf	4	rogue	1	female		
21609	inactive_random_reserve	6	tauren	7	shaman	0	male		
21610	inactive_random_reserve	4	night_elf	3	hunter	1	female		
21611	inactive_random_reserve	9	goblin	4	rogue	1	female		
21612	inactive_random_reserve	10	high_elf	2	paladin	0	male		
21613	inactive_random_reserve	1	human	4	rogue	0	male		
21614	inactive_random_reserve	4	night_elf	11	druid	0	male		
21615	inactive_random_reserve	3	dwarf	3	hunter	1	female		
21616	inactive_random_reserve	1	human	3	hunter	1	female		
21617	inactive_random_reserve	9	goblin	3	hunter	1	female		
21618	inactive_random_reserve	4	night_elf	3	hunter	0	male		
21619	inactive_random_reserve	4	night_elf	3	hunter	0	male		
21620	inactive_random_reserve	1	human	9	warlock	0	male		
21621	inactive_random_reserve	2	orc	9	warlock	1	female		
21622	inactive_random_reserve	5	undead	9	warlock	1	female		
21623	inactive_random_reserve	3	dwarf	2	paladin	1	female		
21624	inactive_random_reserve	2	orc	7	shaman	1	female		
21625	inactive_random_reserve	9	goblin	8	mage	1	female		
21626	inactive_random_reserve	10	high_elf	1	warrior	1	female		
21627	inactive_random_reserve	1	human	2	paladin	0	male		
21628	inactive_random_reserve	8	troll	7	shaman	1	female		
21629	inactive_random_reserve	7	gnome	4	rogue	1	female		
21630	inactive_random_reserve	10	high_elf	4	rogue	1	female		
21631	inactive_random_reserve	5	undead	5	priest	1	female		
21632	inactive_random_reserve	9	goblin	9	warlock	0	male		
21633	inactive_random_reserve	3	dwarf	3	hunter	0	male		
21634	inactive_random_reserve	3	dwarf	3	hunter	0	male		
21635	inactive_random_reserve	4	night_elf	1	warrior	1	female		
21636	inactive_random_reserve	10	high_elf	1	warrior	1	female		
21637	inactive_random_reserve	1	human	3	hunter	0	male		
21638	inactive_random_reserve	10	high_elf	2	paladin	0	male		
21639	inactive_random_reserve	4	night_elf	5	priest	0	male		
21640	inactive_random_reserve	10	high_elf	1	warrior	1	female		
21641	inactive_random_reserve	5	undead	9	warlock	1	female		
21642	inactive_random_reserve	9	goblin	8	mage	1	female		
21643	inactive_random_reserve	1	human	4	rogue	1	female		
21644	inactive_random_reserve	10	high_elf	3	hunter	1	female		
21645	inactive_random_reserve	10	high_elf	8	mage	1	female		
21646	inactive_random_reserve	1	human	3	hunter	0	male		
21647	inactive_random_reserve	5	undead	1	warrior	1	female		
21648	inactive_random_reserve	5	undead	8	mage	1	female		
21649	inactive_random_reserve	1	human	8	mage	0	male		
21650	inactive_random_reserve	10	high_elf	4	rogue	0	male		
21651	inactive_random_reserve	9	goblin	4	rogue	1	female		
21652	inactive_random_reserve	10	high_elf	4	rogue	1	female		
21653	inactive_random_reserve	10	high_elf	2	paladin	1	female		
21654	inactive_random_reserve	4	night_elf	11	druid	1	female		
21655	inactive_random_reserve	10	high_elf	5	priest	0	male		
21656	inactive_random_reserve	1	human	9	warlock	0	male		
21657	inactive_random_reserve	8	troll	5	priest	0	male		
21658	inactive_random_reserve	5	undead	9	warlock	0	male		
21659	inactive_random_reserve	4	night_elf	3	hunter	0	male		
21660	inactive_random_reserve	9	goblin	3	hunter	1	female		
21661	inactive_random_reserve	1	human	9	warlock	1	female		
21662	inactive_random_reserve	4	night_elf	1	warrior	0	male		
21663	inactive_random_reserve	2	orc	9	warlock	0	male		
21664	inactive_random_reserve	10	high_elf	4	rogue	1	female		
21665	inactive_random_reserve	10	high_elf	5	priest	0	male		
21666	inactive_random_reserve	8	troll	1	warrior	0	male		
21667	inactive_random_reserve	1	human	3	hunter	0	male		
21668	inactive_random_reserve	9	goblin	1	warrior	1	female		
21669	inactive_random_reserve	2	orc	9	warlock	1	female		
21670	inactive_random_reserve	1	human	8	mage	0	male		
21671	inactive_random_reserve	2	orc	1	warrior	0	male		
21672	inactive_random_reserve	8	troll	7	shaman	1	female		
21673	inactive_random_reserve	9	goblin	9	warlock	0	male		
21674	inactive_random_reserve	10	high_elf	2	paladin	1	female		
21675	inactive_random_reserve	1	human	3	hunter	1	female		
21676	inactive_random_reserve	3	dwarf	3	hunter	1	female		
21677	inactive_random_reserve	4	night_elf	5	priest	0	male		
21678	inactive_random_reserve	4	night_elf	11	druid	0	male		
21679	inactive_random_reserve	9	goblin	8	mage	1	female		
21680	inactive_random_reserve	1	human	8	mage	0	male		
21681	inactive_random_reserve	3	dwarf	3	hunter	0	male		
21682	inactive_random_reserve	1	human	5	priest	1	female		
21683	inactive_random_reserve	7	gnome	8	mage	0	male		
21684	inactive_random_reserve	4	night_elf	1	warrior	0	male		
21685	inactive_random_reserve	9	goblin	1	warrior	1	female		
21686	inactive_random_reserve	1	human	2	paladin	1	female		
21687	inactive_random_reserve	1	human	8	mage	0	male		
21688	inactive_random_reserve	4	night_elf	4	rogue	1	female		
21689	inactive_random_reserve	1	human	4	rogue	0	male		
21690	inactive_random_reserve	10	high_elf	8	mage	1	female		
21691	inactive_random_reserve	9	goblin	3	hunter	1	female		
21692	inactive_random_reserve	10	high_elf	5	priest	1	female		
21693	inactive_random_reserve	10	high_elf	8	mage	0	male		
21694	inactive_random_reserve	2	orc	4	rogue	0	male		
21695	inactive_random_reserve	9	goblin	8	mage	0	male		
21696	inactive_random_reserve	4	night_elf	1	warrior	1	female		
21697	inactive_random_reserve	4	night_elf	3	hunter	0	male		
21698	inactive_random_reserve	9	goblin	1	warrior	0	male		
21699	inactive_random_reserve	1	human	5	priest	0	male		
21700	inactive_random_reserve	1	human	2	paladin	1	female		
21701	inactive_random_reserve	9	goblin	9	warlock	0	male		
21702	inactive_random_reserve	1	human	3	hunter	1	female		
21703	inactive_random_reserve	10	high_elf	2	paladin	0	male		
21704	inactive_random_reserve	10	high_elf	2	paladin	0	male		
21705	inactive_random_reserve	7	gnome	8	mage	1	female		
21706	inactive_random_reserve	9	goblin	4	rogue	0	male		
21707	inactive_random_reserve	10	high_elf	8	mage	0	male		
21708	inactive_random_reserve	7	gnome	8	mage	0	male		
21709	inactive_random_reserve	3	dwarf	2	paladin	1	female		
21710	inactive_random_reserve	10	high_elf	2	paladin	1	female		
21711	inactive_random_reserve	1	human	3	hunter	0	male		
21712	inactive_random_reserve	2	orc	3	hunter	0	male		
21713	inactive_random_reserve	10	high_elf	1	warrior	1	female		
21714	inactive_random_reserve	10	high_elf	3	hunter	0	male		
21715	inactive_random_reserve	8	troll	4	rogue	0	male		
21716	inactive_random_reserve	5	undead	8	mage	0	male		
21717	inactive_random_reserve	7	gnome	4	rogue	0	male		
21718	inactive_random_reserve	9	goblin	3	hunter	1	female		
21719	inactive_random_reserve	9	goblin	4	rogue	0	male		
21720	inactive_random_reserve	5	undead	8	mage	1	female		
21721	inactive_random_reserve	10	high_elf	5	priest	1	female		
21722	inactive_random_reserve	9	goblin	9	warlock	0	male		
21723	inactive_random_reserve	1	human	9	warlock	1	female		
21724	inactive_random_reserve	4	night_elf	3	hunter	0	male		
21725	inactive_random_reserve	8	troll	8	mage	1	female		
21726	inactive_random_reserve	5	undead	5	priest	1	female		
21727	inactive_random_reserve	10	high_elf	8	mage	1	female		
21728	inactive_random_reserve	9	goblin	9	warlock	1	female		
21729	inactive_random_reserve	9	goblin	3	hunter	1	female		
21730	inactive_random_reserve	4	night_elf	5	priest	0	male		
21731	inactive_random_reserve	10	high_elf	4	rogue	0	male		
21732	inactive_random_reserve	2	orc	7	shaman	1	female		
21733	inactive_random_reserve	9	goblin	1	warrior	1	female		
21734	inactive_random_reserve	1	human	1	warrior	0	male		
21735	inactive_random_reserve	9	goblin	1	warrior	1	female		
21736	inactive_random_reserve	1	human	1	warrior	0	male		
21737	inactive_random_reserve	7	gnome	8	mage	1	female		
21738	inactive_random_reserve	8	troll	4	rogue	0	male		
21739	inactive_random_reserve	4	night_elf	11	druid	0	male		
21740	inactive_random_reserve	10	high_elf	4	rogue	1	female		
21741	inactive_random_reserve	1	human	2	paladin	0	male		
21742	inactive_random_reserve	9	goblin	9	warlock	1	female		
21743	inactive_random_reserve	10	high_elf	8	mage	1	female		
21744	inactive_random_reserve	6	tauren	11	druid	1	female		
21745	inactive_random_reserve	1	human	8	mage	1	female		
21746	inactive_random_reserve	10	high_elf	1	warrior	0	male		
21747	inactive_random_reserve	3	dwarf	1	warrior	1	female		
21748	inactive_random_reserve	4	night_elf	3	hunter	1	female		
21749	inactive_random_reserve	2	orc	9	warlock	1	female		
21750	inactive_random_reserve	10	high_elf	2	paladin	1	female		
21751	inactive_random_reserve	9	goblin	4	rogue	0	male		
21752	inactive_random_reserve	10	high_elf	5	priest	1	female		
21753	inactive_random_reserve	8	troll	7	shaman	1	female		
21754	inactive_random_reserve	4	night_elf	4	rogue	1	female		
21755	inactive_random_reserve	9	goblin	9	warlock	0	male		
21756	inactive_random_reserve	9	goblin	4	rogue	0	male		
21757	inactive_random_reserve	1	human	4	rogue	0	male		
21758	inactive_random_reserve	6	tauren	11	druid	0	male		
21759	inactive_random_reserve	10	high_elf	1	warrior	1	female		
21760	inactive_random_reserve	5	undead	9	warlock	0	male		
21761	inactive_random_reserve	4	night_elf	11	druid	0	male		
21762	inactive_random_reserve	1	human	8	mage	0	male		
21763	inactive_random_reserve	1	human	9	warlock	1	female		
21764	inactive_random_reserve	9	goblin	3	hunter	0	male		
21765	inactive_random_reserve	4	night_elf	11	druid	0	male		
21766	inactive_random_reserve	10	high_elf	5	priest	0	male		
21767	inactive_random_reserve	9	goblin	4	rogue	1	female		
21768	inactive_random_reserve	9	goblin	8	mage	1	female		
21769	inactive_random_reserve	9	goblin	8	mage	0	male		
21770	inactive_random_reserve	6	tauren	11	druid	0	male		
21771	inactive_random_reserve	10	high_elf	5	priest	0	male		
21772	inactive_random_reserve	7	gnome	4	rogue	0	male		
21773	inactive_random_reserve	10	high_elf	1	warrior	1	female		
21774	inactive_random_reserve	9	goblin	3	hunter	1	female		
21775	inactive_random_reserve	1	human	3	hunter	0	male		
21776	inactive_random_reserve	10	high_elf	2	paladin	1	female		
21777	inactive_random_reserve	10	high_elf	2	paladin	1	female		
21778	inactive_random_reserve	9	goblin	8	mage	0	male		
21779	inactive_random_reserve	10	high_elf	2	paladin	0	male		
21780	inactive_random_reserve	2	orc	3	hunter	1	female		
21781	inactive_random_reserve	1	human	9	warlock	0	male		
21782	inactive_random_reserve	4	night_elf	3	hunter	1	female		
21783	inactive_random_reserve	6	tauren	3	hunter	1	female		
21784	inactive_random_reserve	9	goblin	4	rogue	0	male		
21785	inactive_random_reserve	10	high_elf	5	priest	0	male		
21786	inactive_random_reserve	10	high_elf	3	hunter	1	female		
21787	inactive_random_reserve	10	high_elf	1	warrior	0	male		
21788	inactive_random_reserve	3	dwarf	3	hunter	0	male		
21789	inactive_random_reserve	8	troll	4	rogue	0	male		
21790	inactive_random_reserve	2	orc	7	shaman	0	male		
21791	inactive_random_reserve	10	high_elf	1	warrior	0	male		
21792	inactive_random_reserve	5	undead	8	mage	1	female		
21793	inactive_random_reserve	9	goblin	1	warrior	0	male		
21794	inactive_random_reserve	4	night_elf	3	hunter	1	female		
21795	inactive_random_reserve	5	undead	8	mage	1	female		
21796	inactive_random_reserve	2	orc	1	warrior	0	male		
21797	inactive_random_reserve	5	undead	5	priest	1	female		
21798	inactive_random_reserve	5	undead	9	warlock	1	female		
21799	inactive_random_reserve	6	tauren	3	hunter	0	male		
21800	inactive_random_reserve	10	high_elf	3	hunter	0	male		
21801	inactive_random_reserve	8	troll	5	priest	0	male		
21802	inactive_random_reserve	1	human	8	mage	1	female		
21803	inactive_random_reserve	7	gnome	8	mage	0	male		
21804	inactive_random_reserve	10	high_elf	2	paladin	0	male		
21805	inactive_random_reserve	7	gnome	9	warlock	1	female		
21806	inactive_random_reserve	10	high_elf	1	warrior	1	female		
21807	inactive_random_reserve	1	human	2	paladin	1	female		
21808	inactive_random_reserve	1	human	1	warrior	1	female		
21809	inactive_random_reserve	9	goblin	9	warlock	1	female		
21810	inactive_random_reserve	10	high_elf	8	mage	0	male		
21811	inactive_random_reserve	2	orc	7	shaman	1	female		
21812	inactive_random_reserve	2	orc	3	hunter	1	female		
21813	inactive_random_reserve	10	high_elf	4	rogue	1	female		
21814	inactive_random_reserve	9	goblin	3	hunter	1	female		
21815	inactive_random_reserve	7	gnome	4	rogue	0	male		
21816	inactive_random_reserve	2	orc	3	hunter	0	male		
21817	inactive_random_reserve	9	goblin	1	warrior	0	male		
21818	inactive_random_reserve	10	high_elf	8	mage	0	male		
21819	inactive_random_reserve	10	high_elf	4	rogue	1	female		
21820	inactive_random_reserve	5	undead	8	mage	0	male		
21821	inactive_random_reserve	6	tauren	3	hunter	0	male		
21822	inactive_random_reserve	5	undead	8	mage	1	female		
21823	inactive_random_reserve	6	tauren	3	hunter	0	male		
21824	inactive_random_reserve	5	undead	9	warlock	1	female		
21825	inactive_random_reserve	9	goblin	3	hunter	0	male		
21826	inactive_random_reserve	7	gnome	8	mage	0	male		
21827	inactive_random_reserve	10	high_elf	1	warrior	0	male		
21828	inactive_random_reserve	7	gnome	8	mage	0	male		
21829	inactive_random_reserve	10	high_elf	1	warrior	1	female		
21830	inactive_random_reserve	10	high_elf	4	rogue	0	male		
21831	inactive_random_reserve	1	human	1	warrior	1	female		
21832	inactive_random_reserve	1	human	3	hunter	1	female		
21833	inactive_random_reserve	10	high_elf	3	hunter	1	female		
21834	inactive_random_reserve	10	high_elf	4	rogue	0	male		
21835	inactive_random_reserve	1	human	3	hunter	1	female		
21836	inactive_random_reserve	5	undead	4	rogue	1	female		
21837	inactive_random_reserve	10	high_elf	1	warrior	0	male		
21838	inactive_random_reserve	6	tauren	3	hunter	0	male		
21839	inactive_random_reserve	6	tauren	1	warrior	0	male		
21840	inactive_random_reserve	2	orc	3	hunter	0	male		
21841	inactive_random_reserve	3	dwarf	4	rogue	1	female		
21842	inactive_random_reserve	9	goblin	4	rogue	1	female		
21843	inactive_random_reserve	1	human	9	warlock	1	female		
21844	inactive_random_reserve	9	goblin	3	hunter	1	female		
21845	inactive_random_reserve	9	goblin	8	mage	0	male		
21846	inactive_random_reserve	1	human	4	rogue	0	male		
21847	inactive_random_reserve	9	goblin	1	warrior	1	female		
21848	inactive_random_reserve	3	dwarf	2	paladin	1	female		
21849	inactive_random_reserve	1	human	9	warlock	1	female		
21850	inactive_random_reserve	9	goblin	4	rogue	0	male		
21851	inactive_random_reserve	9	goblin	9	warlock	0	male		
21852	inactive_random_reserve	1	human	3	hunter	1	female		
21853	inactive_random_reserve	3	dwarf	2	paladin	1	female		
21854	inactive_random_reserve	6	tauren	7	shaman	0	male		
21855	inactive_random_reserve	4	night_elf	4	rogue	1	female		
21856	inactive_random_reserve	5	undead	8	mage	0	male		
21857	inactive_random_reserve	1	human	9	warlock	1	female		
21858	inactive_random_reserve	9	goblin	9	warlock	0	male		
21859	inactive_random_reserve	6	tauren	1	warrior	1	female		
21860	inactive_random_reserve	4	night_elf	11	druid	1	female		
21861	inactive_random_reserve	4	night_elf	1	warrior	0	male		
21862	inactive_random_reserve	10	high_elf	3	hunter	1	female		
21863	inactive_random_reserve	10	high_elf	4	rogue	0	male		
21864	inactive_random_reserve	9	goblin	8	mage	1	female		
21865	inactive_random_reserve	4	night_elf	11	druid	0	male		
21866	inactive_random_reserve	1	human	1	warrior	0	male		
21867	inactive_random_reserve	10	high_elf	3	hunter	1	female		
21868	inactive_random_reserve	8	troll	7	shaman	1	female		
21869	inactive_random_reserve	9	goblin	4	rogue	1	female		
21870	inactive_random_reserve	4	night_elf	4	rogue	1	female		
21871	inactive_random_reserve	3	dwarf	3	hunter	1	female		
21872	inactive_random_reserve	10	high_elf	3	hunter	0	male		
21873	inactive_random_reserve	1	human	1	warrior	1	female		
21874	inactive_random_reserve	9	goblin	1	warrior	0	male		
21875	inactive_random_reserve	8	troll	5	priest	0	male		
21876	inactive_random_reserve	10	high_elf	3	hunter	1	female		
21877	inactive_random_reserve	9	goblin	1	warrior	1	female		
21878	inactive_random_reserve	7	gnome	8	mage	1	female		
21879	inactive_random_reserve	9	goblin	3	hunter	1	female		
21880	inactive_random_reserve	5	undead	8	mage	0	male		
21881	inactive_random_reserve	9	goblin	3	hunter	0	male		
21882	inactive_random_reserve	4	night_elf	11	druid	0	male		
21883	inactive_random_reserve	6	tauren	7	shaman	0	male		
21884	inactive_random_reserve	6	tauren	11	druid	0	male		
21885	inactive_random_reserve	10	high_elf	1	warrior	1	female		
21886	inactive_random_reserve	10	high_elf	8	mage	0	male		
21887	inactive_random_reserve	10	high_elf	4	rogue	1	female		
21888	inactive_random_reserve	9	goblin	1	warrior	0	male		
21889	inactive_random_reserve	9	goblin	8	mage	0	male		
21890	inactive_random_reserve	2	orc	9	warlock	1	female		
21891	inactive_random_reserve	1	human	2	paladin	0	male		
21892	inactive_random_reserve	3	dwarf	2	paladin	1	female		
21893	inactive_random_reserve	5	undead	5	priest	0	male		
21894	inactive_random_reserve	9	goblin	9	warlock	0	male		
21895	inactive_random_reserve	10	high_elf	4	rogue	1	female		
21896	inactive_random_reserve	1	human	8	mage	1	female		
21897	inactive_random_reserve	1	human	9	warlock	1	female		
21898	inactive_random_reserve	5	undead	4	rogue	1	female		
21899	inactive_random_reserve	4	night_elf	3	hunter	1	female		
21900	inactive_random_reserve	9	goblin	1	warrior	0	male		
21901	inactive_random_reserve	10	high_elf	1	warrior	1	female		
21902	inactive_random_reserve	10	high_elf	4	rogue	1	female		
21903	inactive_random_reserve	5	undead	9	warlock	0	male		
21904	inactive_random_reserve	1	human	2	paladin	0	male		
21905	inactive_random_reserve	2	orc	3	hunter	1	female		
21906	inactive_random_reserve	1	human	4	rogue	0	male		
21907	inactive_random_reserve	10	high_elf	4	rogue	1	female		
21908	inactive_random_reserve	10	high_elf	3	hunter	0	male		
21909	inactive_random_reserve	4	night_elf	3	hunter	0	male		
21910	inactive_random_reserve	1	human	9	warlock	1	female		
21911	inactive_random_reserve	5	undead	5	priest	0	male		
21912	inactive_random_reserve	1	human	5	priest	0	male		
21913	inactive_random_reserve	1	human	9	warlock	0	male		
21914	inactive_random_reserve	1	human	3	hunter	0	male		
21915	inactive_random_reserve	10	high_elf	8	mage	0	male		
21916	inactive_random_reserve	8	troll	4	rogue	1	female		
21917	inactive_random_reserve	10	high_elf	1	warrior	1	female		
21918	inactive_random_reserve	10	high_elf	1	warrior	1	female		
21919	inactive_random_reserve	9	goblin	4	rogue	1	female		
21920	inactive_random_reserve	9	goblin	4	rogue	0	male		
21921	inactive_random_reserve	10	high_elf	4	rogue	1	female		
21922	inactive_random_reserve	10	high_elf	3	hunter	1	female		
21923	inactive_random_reserve	1	human	8	mage	1	female		
21924	inactive_random_reserve	5	undead	9	warlock	0	male		
21925	inactive_random_reserve	10	high_elf	5	priest	0	male		
21926	inactive_random_reserve	9	goblin	9	warlock	0	male		
21927	inactive_random_reserve	4	night_elf	4	rogue	0	male		
21928	inactive_random_reserve	1	human	3	hunter	0	male		
21929	inactive_random_reserve	2	orc	1	warrior	1	female		
21930	inactive_random_reserve	4	night_elf	3	hunter	0	male		
21931	inactive_random_reserve	2	orc	3	hunter	1	female		
21932	inactive_random_reserve	10	high_elf	4	rogue	1	female		
21933	inactive_random_reserve	10	high_elf	2	paladin	0	male		
21934	inactive_random_reserve	10	high_elf	8	mage	0	male		
21935	inactive_random_reserve	1	human	3	hunter	0	male		
21936	inactive_random_reserve	8	troll	3	hunter	1	female		
21937	inactive_random_reserve	10	high_elf	8	mage	0	male		
21938	inactive_random_reserve	9	goblin	1	warrior	0	male		
21939	inactive_random_reserve	4	night_elf	11	druid	1	female		
21940	inactive_random_reserve	9	goblin	8	mage	0	male		
21941	inactive_random_reserve	10	high_elf	2	paladin	0	male		
21942	inactive_random_reserve	5	undead	9	warlock	0	male		
21943	inactive_random_reserve	2	orc	1	warrior	0	male		
21944	inactive_random_reserve	9	goblin	3	hunter	1	female		
21945	inactive_random_reserve	9	goblin	4	rogue	1	female		
21946	inactive_random_reserve	4	night_elf	4	rogue	0	male		
21947	inactive_random_reserve	9	goblin	8	mage	1	female		
21948	inactive_random_reserve	6	tauren	1	warrior	1	female		
21949	inactive_random_reserve	1	human	3	hunter	1	female		
21950	inactive_random_reserve	9	goblin	3	hunter	1	female		
21951	inactive_random_reserve	9	goblin	3	hunter	1	female		
21952	inactive_random_reserve	9	goblin	9	warlock	1	female		
21953	inactive_random_reserve	9	goblin	4	rogue	0	male		
21954	inactive_random_reserve	4	night_elf	3	hunter	0	male		
21955	inactive_random_reserve	9	goblin	8	mage	0	male		
21956	inactive_random_reserve	10	high_elf	4	rogue	0	male		
21957	inactive_random_reserve	8	troll	7	shaman	0	male		
21958	inactive_random_reserve	5	undead	4	rogue	1	female		
21959	inactive_random_reserve	1	human	3	hunter	0	male		
21960	inactive_random_reserve	10	high_elf	3	hunter	0	male		
21961	inactive_random_reserve	1	human	2	paladin	0	male		
21962	inactive_random_reserve	10	high_elf	8	mage	0	male		
21963	inactive_random_reserve	1	human	3	hunter	0	male		
21964	inactive_random_reserve	1	human	2	paladin	0	male		
21965	inactive_random_reserve	10	high_elf	2	paladin	0	male		
21966	inactive_random_reserve	10	high_elf	8	mage	1	female		
21967	inactive_random_reserve	10	high_elf	1	warrior	1	female		
21968	inactive_random_reserve	6	tauren	1	warrior	1	female		
21969	inactive_random_reserve	2	orc	9	warlock	0	male		
21970	inactive_random_reserve	5	undead	9	warlock	1	female		
21971	inactive_random_reserve	1	human	3	hunter	1	female		
21972	inactive_random_reserve	9	goblin	4	rogue	0	male		
21973	inactive_random_reserve	9	goblin	8	mage	0	male		
21974	inactive_random_reserve	10	high_elf	8	mage	0	male		
21975	inactive_random_reserve	9	goblin	8	mage	0	male		
21976	inactive_random_reserve	1	human	5	priest	0	male		
21977	inactive_random_reserve	1	human	3	hunter	1	female		
21978	inactive_random_reserve	1	human	5	priest	1	female		
21979	inactive_random_reserve	10	high_elf	4	rogue	0	male		
21980	inactive_random_reserve	1	human	4	rogue	0	male		
21981	inactive_random_reserve	2	orc	7	shaman	0	male		
21982	inactive_random_reserve	1	human	8	mage	1	female		
21983	inactive_random_reserve	9	goblin	8	mage	0	male		
21984	inactive_random_reserve	10	high_elf	2	paladin	1	female		
21985	inactive_random_reserve	1	human	3	hunter	1	female		
21986	inactive_random_reserve	10	high_elf	8	mage	1	female		
21987	inactive_random_reserve	8	troll	7	shaman	1	female		
21988	inactive_random_reserve	4	night_elf	1	warrior	0	male		
21989	inactive_random_reserve	6	tauren	1	warrior	0	male		
21990	inactive_random_reserve	10	high_elf	1	warrior	1	female		
21991	inactive_random_reserve	8	troll	3	hunter	1	female		
21992	inactive_random_reserve	10	high_elf	5	priest	0	male		
21993	inactive_random_reserve	5	undead	9	warlock	0	male		
21994	inactive_random_reserve	1	human	2	paladin	1	female		
21995	inactive_random_reserve	10	high_elf	5	priest	1	female		
21996	inactive_random_reserve	10	high_elf	8	mage	0	male		
21997	inactive_random_reserve	5	undead	8	mage	1	female		
21998	inactive_random_reserve	10	high_elf	4	rogue	0	male		
21999	inactive_random_reserve	10	high_elf	2	paladin	1	female		
22000	inactive_random_reserve	9	goblin	3	hunter	0	male		
22001	inactive_random_reserve	3	dwarf	4	rogue	1	female		
22002	inactive_random_reserve	1	human	2	paladin	0	male		
22003	inactive_random_reserve	9	goblin	4	rogue	0	male		
22004	inactive_random_reserve	9	goblin	1	warrior	1	female		
22005	inactive_random_reserve	9	goblin	8	mage	0	male		
22006	inactive_random_reserve	1	human	2	paladin	1	female		
22007	inactive_random_reserve	9	goblin	8	mage	0	male		
22008	inactive_random_reserve	4	night_elf	11	druid	0	male		
22009	inactive_random_reserve	4	night_elf	4	rogue	0	male		
22010	inactive_random_reserve	9	goblin	1	warrior	1	female		
22011	inactive_random_reserve	9	goblin	8	mage	1	female		
22012	inactive_random_reserve	3	dwarf	3	hunter	0	male		
22013	inactive_random_reserve	3	dwarf	1	warrior	1	female		
22014	inactive_random_reserve	4	night_elf	5	priest	0	male		
22015	inactive_random_reserve	4	night_elf	11	druid	0	male		
22016	inactive_random_reserve	10	high_elf	2	paladin	1	female		
22017	inactive_random_reserve	8	troll	4	rogue	0	male		
22018	inactive_random_reserve	8	troll	5	priest	0	male		
22019	inactive_random_reserve	10	high_elf	5	priest	1	female		
22020	inactive_random_reserve	9	goblin	9	warlock	1	female		
22021	inactive_random_reserve	10	high_elf	8	mage	0	male		
22022	inactive_random_reserve	4	night_elf	1	warrior	0	male		
22023	inactive_random_reserve	9	goblin	9	warlock	0	male		
22024	inactive_random_reserve	2	orc	7	shaman	1	female		
22025	inactive_random_reserve	1	human	2	paladin	1	female		
22026	inactive_random_reserve	4	night_elf	1	warrior	1	female		
22027	inactive_random_reserve	1	human	8	mage	0	male		
22028	inactive_random_reserve	9	goblin	9	warlock	1	female		
22029	inactive_random_reserve	10	high_elf	3	hunter	0	male		
22030	inactive_random_reserve	4	night_elf	11	druid	1	female		
22031	inactive_random_reserve	2	orc	1	warrior	1	female		
22032	inactive_random_reserve	10	high_elf	2	paladin	1	female		
22033	inactive_random_reserve	8	troll	3	hunter	1	female		
22034	inactive_random_reserve	9	goblin	4	rogue	0	male		
22035	inactive_random_reserve	10	high_elf	4	rogue	1	female		
22036	inactive_random_reserve	2	orc	1	warrior	0	male		
22037	inactive_random_reserve	1	human	1	warrior	1	female		
22038	inactive_random_reserve	6	tauren	11	druid	1	female		
22039	inactive_random_reserve	2	orc	1	warrior	1	female		
22040	inactive_random_reserve	7	gnome	4	rogue	1	female		
22041	inactive_random_reserve	10	high_elf	8	mage	1	female		
22042	inactive_random_reserve	4	night_elf	11	druid	0	male		
22043	inactive_random_reserve	10	high_elf	4	rogue	1	female		
22044	inactive_random_reserve	9	goblin	1	warrior	1	female		
22045	inactive_random_reserve	10	high_elf	3	hunter	1	female		
22046	inactive_random_reserve	6	tauren	11	druid	1	female		
22047	inactive_random_reserve	10	high_elf	2	paladin	1	female		
22048	inactive_random_reserve	6	tauren	11	druid	1	female		
22049	inactive_random_reserve	10	high_elf	8	mage	1	female		
22050	inactive_random_reserve	2	orc	7	shaman	1	female		
22051	inactive_random_reserve	8	troll	7	shaman	1	female		
22052	inactive_random_reserve	9	goblin	8	mage	1	female		
22053	inactive_random_reserve	2	orc	1	warrior	1	female		
22054	inactive_random_reserve	1	human	3	hunter	1	female		
22055	inactive_random_reserve	1	human	5	priest	1	female		
22056	inactive_random_reserve	10	high_elf	4	rogue	1	female		
22057	inactive_random_reserve	3	dwarf	2	paladin	0	male		
22058	inactive_random_reserve	10	high_elf	2	paladin	1	female		
22059	inactive_random_reserve	2	orc	1	warrior	1	female		
22060	inactive_random_reserve	3	dwarf	3	hunter	0	male		
22061	inactive_random_reserve	5	undead	8	mage	1	female		
22062	inactive_random_reserve	1	human	3	hunter	1	female		
22063	inactive_random_reserve	10	high_elf	4	rogue	0	male		
22064	inactive_random_reserve	9	goblin	4	rogue	1	female		
22065	inactive_random_reserve	10	high_elf	3	hunter	0	male		
22066	inactive_random_reserve	10	high_elf	1	warrior	1	female		
22067	inactive_random_reserve	10	high_elf	1	warrior	0	male		
22068	inactive_random_reserve	3	dwarf	3	hunter	1	female		
22069	inactive_random_reserve	9	goblin	9	warlock	1	female		
22070	inactive_random_reserve	10	high_elf	2	paladin	0	male		
22071	inactive_random_reserve	4	night_elf	11	druid	0	male		
22072	inactive_random_reserve	9	goblin	8	mage	1	female		
22073	inactive_random_reserve	1	human	8	mage	1	female		
22074	inactive_random_reserve	1	human	2	paladin	0	male		
22075	inactive_random_reserve	9	goblin	9	warlock	0	male		
22076	inactive_random_reserve	6	tauren	3	hunter	0	male		
22077	inactive_random_reserve	1	human	4	rogue	1	female		
22078	inactive_random_reserve	10	high_elf	4	rogue	0	male		
22079	inactive_random_reserve	10	high_elf	1	warrior	0	male		
22080	inactive_random_reserve	9	goblin	4	rogue	1	female		
22081	inactive_random_reserve	6	tauren	3	hunter	0	male		
22082	inactive_random_reserve	4	night_elf	3	hunter	1	female		
22083	inactive_random_reserve	10	high_elf	5	priest	1	female		
22084	inactive_random_reserve	10	high_elf	1	warrior	0	male		
22085	inactive_random_reserve	10	high_elf	4	rogue	0	male		
22086	inactive_random_reserve	9	goblin	8	mage	0	male		
22087	inactive_random_reserve	1	human	2	paladin	1	female		
22088	inactive_random_reserve	9	goblin	3	hunter	0	male		
22089	inactive_random_reserve	5	undead	4	rogue	0	male		
22090	inactive_random_reserve	10	high_elf	8	mage	1	female		
22091	inactive_random_reserve	4	night_elf	3	hunter	0	male		
22092	inactive_random_reserve	9	goblin	4	rogue	0	male		
22093	inactive_random_reserve	1	human	2	paladin	0	male		
22094	inactive_random_reserve	4	night_elf	4	rogue	0	male		
22095	inactive_random_reserve	1	human	4	rogue	0	male		
22096	inactive_random_reserve	4	night_elf	11	druid	0	male		
22097	inactive_random_reserve	10	high_elf	4	rogue	1	female		
22098	inactive_random_reserve	1	human	4	rogue	1	female		
22099	inactive_random_reserve	10	high_elf	8	mage	0	male		
22100	inactive_random_reserve	10	high_elf	3	hunter	1	female		
22101	inactive_random_reserve	2	orc	3	hunter	1	female		
22102	inactive_random_reserve	8	troll	7	shaman	0	male		
22103	inactive_random_reserve	3	dwarf	1	warrior	0	male		
22104	inactive_random_reserve	9	goblin	8	mage	1	female		
22105	inactive_random_reserve	9	goblin	1	warrior	1	female		
22106	inactive_random_reserve	4	night_elf	3	hunter	1	female		
22107	inactive_random_reserve	9	goblin	4	rogue	1	female		
22108	inactive_random_reserve	10	high_elf	2	paladin	1	female		
22109	inactive_random_reserve	1	human	4	rogue	1	female		
22110	inactive_random_reserve	10	high_elf	8	mage	0	male		
22111	inactive_random_reserve	10	high_elf	1	warrior	0	male		
22112	inactive_random_reserve	1	human	2	paladin	1	female		
22113	inactive_random_reserve	4	night_elf	11	druid	1	female		
22114	inactive_random_reserve	10	high_elf	5	priest	1	female		
22115	inactive_random_reserve	5	undead	5	priest	0	male		
22116	inactive_random_reserve	7	gnome	9	warlock	0	male		
22117	inactive_random_reserve	2	orc	3	hunter	0	male		
22118	inactive_random_reserve	8	troll	4	rogue	0	male		
22119	inactive_random_reserve	2	orc	3	hunter	0	male		
22120	inactive_random_reserve	10	high_elf	1	warrior	1	female		
22121	inactive_random_reserve	9	goblin	4	rogue	0	male		
22122	inactive_random_reserve	4	night_elf	5	priest	1	female		
22123	inactive_random_reserve	10	high_elf	2	paladin	0	male		
22124	inactive_random_reserve	9	goblin	1	warrior	0	male		
22125	inactive_random_reserve	7	gnome	8	mage	1	female		
22126	inactive_random_reserve	10	high_elf	2	paladin	1	female		
22127	inactive_random_reserve	1	human	3	hunter	1	female		
22128	inactive_random_reserve	10	high_elf	1	warrior	1	female		
22129	inactive_random_reserve	5	undead	9	warlock	0	male		
22130	inactive_random_reserve	6	tauren	1	warrior	0	male		
22131	inactive_random_reserve	10	high_elf	1	warrior	0	male		
22132	inactive_random_reserve	5	undead	5	priest	0	male		
22133	inactive_random_reserve	10	high_elf	2	paladin	1	female		
22134	inactive_random_reserve	3	dwarf	3	hunter	1	female		
22135	inactive_random_reserve	10	high_elf	2	paladin	1	female		
22136	inactive_random_reserve	4	night_elf	4	rogue	1	female		
22137	inactive_random_reserve	10	high_elf	3	hunter	1	female		
22138	inactive_random_reserve	9	goblin	4	rogue	1	female		
22139	inactive_random_reserve	1	human	2	paladin	0	male		
22140	inactive_random_reserve	10	high_elf	5	priest	0	male		
22141	inactive_random_reserve	9	goblin	1	warrior	1	female		
22142	inactive_random_reserve	10	high_elf	2	paladin	1	female		
22143	inactive_random_reserve	4	night_elf	4	rogue	1	female		
22144	inactive_random_reserve	9	goblin	8	mage	0	male		
22145	inactive_random_reserve	9	goblin	9	warlock	1	female		
22146	inactive_random_reserve	1	human	8	mage	0	male		
22147	inactive_random_reserve	10	high_elf	2	paladin	0	male		
22148	inactive_random_reserve	5	undead	1	warrior	1	female		
22149	inactive_random_reserve	4	night_elf	3	hunter	1	female		
22150	inactive_random_reserve	4	night_elf	3	hunter	0	male		
22151	inactive_random_reserve	1	human	3	hunter	1	female		
22152	inactive_random_reserve	9	goblin	9	warlock	1	female		
22153	inactive_random_reserve	10	high_elf	8	mage	0	male		
22154	inactive_random_reserve	8	troll	7	shaman	1	female		
22155	inactive_random_reserve	1	human	2	paladin	0	male		
22156	inactive_random_reserve	8	troll	5	priest	0	male		
22157	inactive_random_reserve	10	high_elf	2	paladin	0	male		
22158	inactive_random_reserve	9	goblin	1	warrior	0	male		
22159	inactive_random_reserve	9	goblin	4	rogue	0	male		
22169	inactive_random_reserve	10	high_elf	5	priest	1	female		
22170	inactive_random_reserve	9	goblin	1	warrior	0	male		
22171	inactive_random_reserve	1	human	9	warlock	1	female		
22172	inactive_random_reserve	3	dwarf	3	hunter	1	female		
22173	inactive_random_reserve	9	goblin	3	hunter	0	male		
22174	inactive_random_reserve	9	goblin	9	warlock	1	female		
22175	inactive_random_reserve	9	goblin	8	mage	0	male		
22176	inactive_random_reserve	9	goblin	8	mage	1	female		
22177	inactive_random_reserve	6	tauren	3	hunter	0	male		
22178	inactive_random_reserve	5	undead	8	mage	1	female		
22179	inactive_random_reserve	5	undead	4	rogue	1	female		
22180	inactive_random_reserve	9	goblin	8	mage	1	female		
22181	inactive_random_reserve	1	human	1	warrior	0	male		
22182	inactive_random_reserve	4	night_elf	1	warrior	0	male		
22183	inactive_random_reserve	9	goblin	8	mage	1	female		
22184	inactive_random_reserve	1	human	3	hunter	0	male		
22185	inactive_random_reserve	2	orc	9	warlock	1	female		
22186	inactive_random_reserve	1	human	1	warrior	1	female		
22187	inactive_random_reserve	4	night_elf	3	hunter	0	male		
22188	inactive_random_reserve	10	high_elf	2	paladin	1	female		
22189	inactive_random_reserve	9	goblin	3	hunter	1	female		
22190	inactive_random_reserve	3	dwarf	3	hunter	0	male		
22191	inactive_random_reserve	1	human	8	mage	0	male		
22192	inactive_random_reserve	1	human	1	warrior	1	female		
22193	inactive_random_reserve	1	human	9	warlock	1	female		
22194	inactive_random_reserve	1	human	9	warlock	0	male		
22195	inactive_random_reserve	6	tauren	11	druid	1	female		
22196	inactive_random_reserve	10	high_elf	8	mage	1	female		
22197	inactive_random_reserve	1	human	2	paladin	0	male		
22198	inactive_random_reserve	5	undead	8	mage	1	female		
22199	inactive_random_reserve	4	night_elf	11	druid	1	female		
22200	inactive_random_reserve	10	high_elf	8	mage	1	female		
22201	inactive_random_reserve	6	tauren	11	druid	0	male		
22202	inactive_random_reserve	3	dwarf	2	paladin	1	female		
22203	inactive_random_reserve	1	human	2	paladin	0	male		
22204	inactive_random_reserve	1	human	3	hunter	0	male		
22205	inactive_random_reserve	9	goblin	8	mage	1	female		
22206	inactive_random_reserve	1	human	4	rogue	0	male		
22207	inactive_random_reserve	10	high_elf	1	warrior	1	female		
22208	inactive_random_reserve	10	high_elf	2	paladin	0	male		
22209	inactive_random_reserve	1	human	8	mage	1	female		
22210	inactive_random_reserve	4	night_elf	4	rogue	1	female		
22211	inactive_random_reserve	9	goblin	4	rogue	1	female		
22212	inactive_random_reserve	10	high_elf	1	warrior	1	female		
22213	inactive_random_reserve	10	high_elf	3	hunter	1	female		
22214	inactive_random_reserve	8	troll	1	warrior	1	female		
22215	inactive_random_reserve	8	troll	8	mage	0	male		
22216	inactive_random_reserve	6	tauren	3	hunter	1	female		
22217	inactive_random_reserve	9	goblin	3	hunter	1	female		
22218	inactive_random_reserve	4	night_elf	3	hunter	1	female		
22219	inactive_random_reserve	3	dwarf	1	warrior	0	male		
22220	inactive_random_reserve	5	undead	8	mage	0	male		
22221	inactive_random_reserve	5	undead	4	rogue	0	male		
22222	inactive_random_reserve	10	high_elf	3	hunter	0	male		
22223	inactive_random_reserve	10	high_elf	5	priest	0	male		
22224	inactive_random_reserve	9	goblin	4	rogue	1	female		
22225	inactive_random_reserve	9	goblin	1	warrior	1	female		
22226	inactive_random_reserve	2	orc	7	shaman	1	female		
22227	inactive_random_reserve	9	goblin	9	warlock	0	male		
22228	inactive_random_reserve	1	human	4	rogue	1	female		
22229	inactive_random_reserve	9	goblin	1	warrior	1	female		
22230	inactive_random_reserve	1	human	8	mage	0	male		
22231	inactive_random_reserve	10	high_elf	5	priest	0	male		
22232	inactive_random_reserve	5	undead	1	warrior	0	male		
22233	inactive_random_reserve	4	night_elf	3	hunter	0	male		
22234	inactive_random_reserve	10	high_elf	1	warrior	0	male		
22235	inactive_random_reserve	10	high_elf	8	mage	1	female		
22236	inactive_random_reserve	1	human	8	mage	0	male		
22237	inactive_random_reserve	2	orc	7	shaman	1	female		
22238	inactive_random_reserve	1	human	9	warlock	1	female		
22239	inactive_random_reserve	9	goblin	1	warrior	1	female		
22240	inactive_random_reserve	5	undead	4	rogue	1	female		
22241	inactive_random_reserve	10	high_elf	4	rogue	0	male		
22242	inactive_random_reserve	1	human	2	paladin	1	female		
22243	inactive_random_reserve	8	troll	3	hunter	1	female		
22244	inactive_random_reserve	7	gnome	9	warlock	0	male		
22245	inactive_random_reserve	5	undead	4	rogue	1	female		
22246	inactive_random_reserve	9	goblin	8	mage	0	male		
22247	inactive_random_reserve	3	dwarf	2	paladin	1	female		
22248	inactive_random_reserve	10	high_elf	2	paladin	0	male		
22249	inactive_random_reserve	9	goblin	4	rogue	0	male		
22250	inactive_random_reserve	8	troll	7	shaman	1	female		
22251	inactive_random_reserve	1	human	5	priest	1	female		
22252	inactive_random_reserve	4	night_elf	3	hunter	0	male		
22253	inactive_random_reserve	10	high_elf	2	paladin	1	female		
22254	inactive_random_reserve	1	human	8	mage	0	male		
22255	inactive_random_reserve	6	tauren	11	druid	0	male		
22256	inactive_random_reserve	10	high_elf	1	warrior	0	male		
22257	inactive_random_reserve	10	high_elf	3	hunter	1	female		
22258	inactive_random_reserve	4	night_elf	1	warrior	0	male		
22259	inactive_random_reserve	8	troll	4	rogue	1	female		
22260	inactive_random_reserve	1	human	8	mage	0	male		
22261	inactive_random_reserve	10	high_elf	3	hunter	0	male		
22262	inactive_random_reserve	1	human	3	hunter	1	female		
22263	inactive_random_reserve	4	night_elf	3	hunter	0	male		
22264	inactive_random_reserve	9	goblin	9	warlock	1	female		
22265	inactive_random_reserve	3	dwarf	2	paladin	1	female		
22266	inactive_random_reserve	5	undead	8	mage	0	male		
22267	inactive_random_reserve	9	goblin	3	hunter	1	female		
22268	inactive_random_reserve	1	human	2	paladin	1	female		
22269	inactive_random_reserve	4	night_elf	5	priest	1	female		
22270	inactive_random_reserve	10	high_elf	1	warrior	1	female		
22271	inactive_random_reserve	10	high_elf	3	hunter	0	male		
22272	inactive_random_reserve	4	night_elf	3	hunter	1	female		
22273	inactive_random_reserve	1	human	2	paladin	0	male		
22274	inactive_random_reserve	9	goblin	4	rogue	1	female		
22275	inactive_random_reserve	1	human	2	paladin	0	male		
22276	inactive_random_reserve	6	tauren	7	shaman	1	female		
22277	inactive_random_reserve	2	orc	4	rogue	1	female		
22278	inactive_random_reserve	8	troll	7	shaman	0	male		
22279	inactive_random_reserve	1	human	1	warrior	1	female		
22280	inactive_random_reserve	5	undead	1	warrior	1	female		
22281	inactive_random_reserve	2	orc	3	hunter	0	male		
22282	inactive_random_reserve	10	high_elf	1	warrior	1	female		
22283	inactive_random_reserve	9	goblin	4	rogue	1	female		
22284	inactive_random_reserve	4	night_elf	5	priest	1	female		
22285	inactive_random_reserve	8	troll	4	rogue	0	male		
22286	inactive_random_reserve	10	high_elf	8	mage	0	male		
22287	inactive_random_reserve	1	human	2	paladin	0	male		
22288	inactive_random_reserve	10	high_elf	4	rogue	1	female		
22289	inactive_random_reserve	6	tauren	7	shaman	0	male		
22290	inactive_random_reserve	9	goblin	4	rogue	1	female		
22291	inactive_random_reserve	8	troll	8	mage	1	female		
22292	inactive_random_reserve	10	high_elf	4	rogue	0	male		
22293	inactive_random_reserve	4	night_elf	1	warrior	1	female		
22294	inactive_random_reserve	4	night_elf	3	hunter	1	female		
22295	inactive_random_reserve	3	dwarf	1	warrior	1	female		
22296	inactive_random_reserve	4	night_elf	3	hunter	0	male		
22297	inactive_random_reserve	8	troll	3	hunter	1	female		
22298	inactive_random_reserve	10	high_elf	2	paladin	0	male		
22299	inactive_random_reserve	9	goblin	4	rogue	0	male		
22300	inactive_random_reserve	1	human	3	hunter	1	female		
22301	inactive_random_reserve	9	goblin	3	hunter	1	female		
22302	inactive_random_reserve	9	goblin	8	mage	1	female		
22303	inactive_random_reserve	4	night_elf	11	druid	0	male		
22304	inactive_random_reserve	5	undead	4	rogue	0	male		
22305	inactive_random_reserve	10	high_elf	1	warrior	1	female		
22306	inactive_random_reserve	5	undead	5	priest	1	female		
22307	inactive_random_reserve	10	high_elf	5	priest	0	male		
22308	inactive_random_reserve	4	night_elf	5	priest	0	male		
22309	inactive_random_reserve	9	goblin	1	warrior	0	male		
22310	inactive_random_reserve	1	human	9	warlock	1	female		
22311	inactive_random_reserve	9	goblin	9	warlock	0	male		
22312	inactive_random_reserve	10	high_elf	1	warrior	0	male		
22313	inactive_random_reserve	10	high_elf	4	rogue	1	female		
22314	inactive_random_reserve	10	high_elf	5	priest	1	female		
22315	inactive_random_reserve	10	high_elf	3	hunter	0	male		
22316	inactive_random_reserve	8	troll	4	rogue	1	female		
22317	inactive_random_reserve	1	human	3	hunter	0	male		
22318	inactive_random_reserve	9	goblin	3	hunter	0	male		
22319	inactive_random_reserve	1	human	9	warlock	1	female		
22320	inactive_random_reserve	5	undead	5	priest	1	female		
22321	inactive_random_reserve	2	orc	3	hunter	0	male		
22322	inactive_random_reserve	10	high_elf	1	warrior	1	female		
22323	inactive_random_reserve	9	goblin	8	mage	0	male		
22324	inactive_random_reserve	1	human	1	warrior	1	female		
22325	inactive_random_reserve	9	goblin	8	mage	1	female		
22326	inactive_random_reserve	10	high_elf	8	mage	0	male		
22327	inactive_random_reserve	5	undead	4	rogue	0	male		
22328	inactive_random_reserve	1	human	8	mage	0	male		
22329	inactive_random_reserve	6	tauren	1	warrior	0	male		
22330	inactive_random_reserve	5	undead	1	warrior	0	male		
22331	inactive_random_reserve	3	dwarf	5	priest	0	male		
22332	inactive_random_reserve	9	goblin	9	warlock	0	male		
22333	inactive_random_reserve	1	human	3	hunter	0	male		
22334	inactive_random_reserve	8	troll	8	mage	0	male		
22335	inactive_random_reserve	9	goblin	9	warlock	0	male		
22336	inactive_random_reserve	4	night_elf	3	hunter	0	male		
22337	inactive_random_reserve	1	human	2	paladin	0	male		
22338	inactive_random_reserve	9	goblin	1	warrior	0	male		
22339	inactive_random_reserve	9	goblin	9	warlock	1	female		
22340	inactive_random_reserve	4	night_elf	4	rogue	0	male		
22341	inactive_random_reserve	2	orc	3	hunter	1	female		
22342	inactive_random_reserve	2	orc	1	warrior	1	female		
22343	inactive_random_reserve	6	tauren	7	shaman	1	female		
22344	inactive_random_reserve	9	goblin	3	hunter	1	female		
22345	inactive_random_reserve	10	high_elf	4	rogue	1	female		
22346	inactive_random_reserve	4	night_elf	4	rogue	0	male		
22347	inactive_random_reserve	10	high_elf	4	rogue	1	female		
22348	inactive_random_reserve	10	high_elf	8	mage	0	male		
22358	inactive_random_reserve	1	human	3	hunter	1	female		
22359	inactive_random_reserve	6	tauren	7	shaman	0	male		
22360	inactive_random_reserve	10	high_elf	3	hunter	1	female		
22361	inactive_random_reserve	10	high_elf	3	hunter	0	male		
22362	inactive_random_reserve	1	human	3	hunter	1	female		
22363	inactive_random_reserve	4	night_elf	11	druid	0	male		
22364	inactive_random_reserve	4	night_elf	11	druid	1	female		
22365	inactive_random_reserve	10	high_elf	3	hunter	1	female		
22366	inactive_random_reserve	9	goblin	4	rogue	0	male		
22367	inactive_random_reserve	10	high_elf	4	rogue	0	male		
22368	inactive_random_reserve	6	tauren	7	shaman	1	female		
22369	inactive_random_reserve	8	troll	3	hunter	1	female		
22370	inactive_random_reserve	3	dwarf	3	hunter	1	female		
22371	inactive_random_reserve	5	undead	4	rogue	1	female		
22372	inactive_random_reserve	10	high_elf	5	priest	0	male		
22373	inactive_random_reserve	1	human	3	hunter	1	female		
22374	inactive_random_reserve	7	gnome	4	rogue	1	female		
22375	inactive_random_reserve	9	goblin	8	mage	1	female		
22376	inactive_random_reserve	10	high_elf	3	hunter	0	male		
22377	inactive_random_reserve	10	high_elf	2	paladin	0	male		
22378	inactive_random_reserve	5	undead	8	mage	1	female		
22379	inactive_random_reserve	2	orc	3	hunter	0	male		
22380	inactive_random_reserve	1	human	3	hunter	1	female		
22381	inactive_random_reserve	9	goblin	8	mage	0	male		
22382	inactive_random_reserve	7	gnome	9	warlock	1	female		
22383	inactive_random_reserve	9	goblin	1	warrior	1	female		
22384	inactive_random_reserve	4	night_elf	11	druid	0	male		
22385	inactive_random_reserve	10	high_elf	4	rogue	1	female		
22386	inactive_random_reserve	1	human	9	warlock	1	female		
22387	inactive_random_reserve	10	high_elf	4	rogue	1	female		
22388	inactive_random_reserve	9	goblin	8	mage	1	female		
22389	inactive_random_reserve	10	high_elf	5	priest	0	male		
22390	inactive_random_reserve	10	high_elf	3	hunter	1	female		
22391	inactive_random_reserve	3	dwarf	2	paladin	0	male		
22392	inactive_random_reserve	9	goblin	8	mage	1	female		
22393	inactive_random_reserve	6	tauren	11	druid	0	male		
22394	inactive_random_reserve	9	goblin	4	rogue	0	male		
22395	inactive_random_reserve	1	human	3	hunter	1	female		
22396	inactive_random_reserve	6	tauren	7	shaman	1	female		
22397	inactive_random_reserve	10	high_elf	8	mage	1	female		
22398	inactive_random_reserve	5	undead	9	warlock	1	female		
22399	inactive_random_reserve	4	night_elf	3	hunter	0	male		
22400	inactive_random_reserve	9	goblin	1	warrior	0	male		
22401	inactive_random_reserve	4	night_elf	3	hunter	0	male		
22402	inactive_random_reserve	4	night_elf	5	priest	1	female		
22403	inactive_random_reserve	9	goblin	8	mage	1	female		
22404	inactive_random_reserve	10	high_elf	8	mage	1	female		
22405	inactive_random_reserve	1	human	3	hunter	1	female		
22406	inactive_random_reserve	10	high_elf	5	priest	0	male		
22407	inactive_random_reserve	9	goblin	3	hunter	0	male		
22408	inactive_random_reserve	2	orc	1	warrior	1	female		
22409	inactive_random_reserve	10	high_elf	5	priest	0	male		
22410	inactive_random_reserve	4	night_elf	3	hunter	1	female		
22411	inactive_random_reserve	1	human	3	hunter	0	male		
22412	inactive_random_reserve	10	high_elf	1	warrior	1	female		
22413	inactive_random_reserve	9	goblin	1	warrior	0	male		
22414	inactive_random_reserve	7	gnome	8	mage	0	male		
22415	inactive_random_reserve	3	dwarf	3	hunter	1	female		
22416	inactive_random_reserve	9	goblin	9	warlock	1	female		
22417	inactive_random_reserve	4	night_elf	11	druid	1	female		
22418	inactive_random_reserve	6	tauren	1	warrior	0	male		
22419	inactive_random_reserve	9	goblin	9	warlock	1	female		
22420	inactive_random_reserve	3	dwarf	2	paladin	1	female		
22421	inactive_random_reserve	5	undead	4	rogue	0	male		
22422	inactive_random_reserve	6	tauren	1	warrior	0	male		
22423	inactive_random_reserve	1	human	1	warrior	0	male		
22424	inactive_random_reserve	10	high_elf	4	rogue	1	female		
22425	inactive_random_reserve	1	human	2	paladin	1	female		
22426	inactive_random_reserve	7	gnome	4	rogue	1	female		
22427	inactive_random_reserve	9	goblin	4	rogue	0	male		
22428	inactive_random_reserve	9	goblin	1	warrior	1	female		
22429	inactive_random_reserve	4	night_elf	3	hunter	1	female		
