"account_type","guid","race","class","level","primary_profession_count","primary_professions","secondary_profession_count","secondary_professions","riding_skill"
"RNDBOT","22430","10","5","1","0","NULL","0","NULL","NULL"
"RNDBOT","22431","3","5","1","0","NULL","0","NULL","NULL"
"RNDBOT","22432","1","2","1","0","NULL","0","NULL","NULL"
"RNDBOT","22433","2","3","1","0","NULL","0","NULL","NULL"
"RNDBOT","22434","3","1","1","0","NULL","0","NULL","NULL"
"RNDBOT","22435","1","2","1","0","NULL","0","NULL","NULL"
"RNDBOT","22436","9","4","1","0","NULL","0","NULL","NULL"
"RNDBOT","22437","9","1","1","0","NULL","0","NULL","NULL"
"RNDBOT","22438","4","4","1","0","NULL","0","NULL","NULL"
"RNDBOT","22439","9","1","1","0","NULL","0","NULL","NULL"
"RNDBOT","22440","9","8","1","0","NULL","0","NULL","NULL"
"RNDBOT","22441","2","3","1","0","NULL","0","NULL","NULL"
"RNDBOT","22442","9","9","1","0","NULL","0","NULL","NULL"
"RNDBOT","22443","2","1","1","0","NULL","0","NULL","NULL"
"RNDBOT","22444","10","1","1","0","NULL","0","NULL","NULL"
"RNDBOT","22445","7","9","1","0","NULL","0","NULL","NULL"
"RNDBOT","22446","1","8","1","0","NULL","0","NULL","NULL"
"RNDBOT","22447","9","3","1","0","NULL","0","NULL","NULL"
"RNDBOT","22448","1","1","5","0","NULL","0","NULL","NULL"
"RNDBOT","22449","10","1","6","0","NULL","0","NULL","NULL"
"RNDBOT","22450","9","9","6","0","NULL","0","NULL","NULL"
"RNDBOT","22451","9","9","2","0","NULL","0","NULL","NULL"
"RNDBOT","22452","8","8","1","0","NULL","0","NULL","NULL"
"RNDBOT","22453","10","2","7","0","NULL","0","NULL","NULL"
"RNDBOT","22454","1","9","5","0","NULL","0","NULL","NULL"
"RNDBOT","22455","3","1","4","0","NULL","0","NULL","NULL"
"RNDBOT","22456","10","2","7","0","NULL","0","NULL","NULL"
"RNDBOT","22457","9","8","1","0","NULL","0","NULL","NULL"
"RNDBOT","22458","10","2","1","0","NULL","0","NULL","NULL"
"RNDBOT","22459","10","3","1","0","NULL","0","NULL","NULL"
"RNDBOT","22460","10","5","1","0","NULL","0","NULL","NULL"
"RNDBOT","22461","1","2","1","0","NULL","0","NULL","NULL"
"RNDBOT","22462","10","4","1","0","NULL","0","NULL","NULL"
"RNDBOT","22463","1","3","1","0","NULL","0","NULL","NULL"
"RNDBOT","22464","10","8","1","0","NULL","0","NULL","NULL"
"RNDBOT","22465","10","1","1","0","NULL","0","NULL","NULL"
"RNDBOT","22466","10","5","6","0","NULL","0","NULL","NULL"
"RNDBOT","22467","3","2","7","0","NULL","0","NULL","NULL"
"RNDBOT","22468","10","2","4","0","NULL","0","NULL","NULL"
"RNDBOT","22469","4","3","1","0","NULL","0","NULL","NULL"
"RNDBOT","22470","9","3","1","0","NULL","0","NULL","NULL"
"RNDBOT","22471","10","3","2","0","NULL","0","NULL","NULL"
"RNDBOT","22472","10","5","1","0","NULL","0","NULL","NULL"
"RNDBOT","22473","7","4","7","0","NULL","0","NULL","NULL"
"RNDBOT","22474","9","8","1","0","NULL","0","NULL","NULL"
"RNDBOT","22475","1","8","1","0","NULL","0","NULL","NULL"
"RNDBOT","22476","6","11","1","0","NULL","0","NULL","NULL"
"RNDBOT","22477","9","8","1","0","NULL","0","NULL","NULL"
"RNDBOT","22478","4","1","1","0","NULL","0","NULL","NULL"
"RNDBOT","22479","9","1","1","0","NULL","0","NULL","NULL"
"RNDBOT","22480","6","1","1","0","NULL","0","NULL","NULL"
"RNDBOT","22481","10","4","1","0","NULL","0","NULL","NULL"
"RNDBOT","22482","4","5","1","0","NULL","0","NULL","NULL"
"RNDBOT","22483","10","4","1","0","NULL","0","NULL","NULL"
"RNDBOT","22484","4","3","1","0","NULL","0","NULL","NULL"
"RNDBOT","22485","1","3","1","0","NULL","0","NULL","NULL"
"RNDBOT","22486","2","7","1","0","NULL","0","NULL","NULL"
"RNDBOT","22487","6","3","1","0","NULL","0","NULL","NULL"
"RNDBOT","22488","4","3","1","0","NULL","0","NULL","NULL"
"RNDBOT","22489","4","4","1","0","NULL","0","NULL","NULL"
"RNDBOT","22490","9","1","1","0","NULL","0","NULL","NULL"
"RNDBOT","22491","7","9","1","0","NULL","0","NULL","NULL"
"RNDBOT","22492","2","1","1","0","NULL","0","NULL","NULL"
"RNDBOT","22493","6","7","6","0","NULL","0","NULL","NULL"
"RNDBOT","22494","8","4","6","0","NULL","0","NULL","NULL"
"RNDBOT","22495","9","9","6","0","NULL","0","NULL","NULL"
"RNDBOT","22496","9","9","6","0","NULL","0","NULL","NULL"
"RNDBOT","22497","9","1","6","0","NULL","0","NULL","NULL"
"RNDBOT","22498","9","1","6","0","NULL","0","NULL","NULL"
"RNDBOT","22499","4","3","6","0","NULL","0","NULL","NULL"
"RNDBOT","22500","4","11","4","0","NULL","0","NULL","NULL"
"RNDBOT","22501","10","1","6","0","NULL","0","NULL","NULL"
"RNDBOT","22502","2","7","1","0","NULL","0","NULL","NULL"
"RNDBOT","22503","8","3","1","0","NULL","0","NULL","NULL"
"RNDBOT","22504","4","3","1","0","NULL","0","NULL","NULL"
"RNDBOT","22505","9","4","1","0","NULL","0","NULL","NULL"
"RNDBOT","22506","9","3","1","0","NULL","0","NULL","NULL"
"RNDBOT","22507","10","8","1","0","NULL","0","NULL","NULL"
"RNDBOT","22508","1","5","1","0","NULL","0","NULL","NULL"
"RNDBOT","22509","5","4","1","0","NULL","0","NULL","NULL"
"RNDBOT","22510","10","5","1","0","NULL","0","NULL","NULL"
"RNDBOT","22511","3","2","1","0","NULL","0","NULL","NULL"
"RNDBOT","22512","9","4","1","0","NULL","0","NULL","NULL"
"RNDBOT","22513","1","5","1","0","NULL","0","NULL","NULL"
"RNDBOT","22514","5","1","1","0","NULL","0","NULL","NULL"
"RNDBOT","22515","3","1","1","0","NULL","0","NULL","NULL"
"RNDBOT","22516","1","4","1","0","NULL","0","NULL","NULL"
"RNDBOT","22517","10","5","1","0","NULL","0","NULL","NULL"
"RNDBOT","22518","1","2","1","0","NULL","0","NULL","NULL"
"RNDBOT","22519","10","1","1","0","NULL","0","NULL","NULL"
"RNDBOT","22520","10","1","1","0","NULL","0","NULL","NULL"
"RNDBOT","22521","2","7","1","0","NULL","0","NULL","NULL"
"RNDBOT","22522","5","9","1","0","NULL","0","NULL","NULL"
"RNDBOT","22523","4","5","1","0","NULL","0","NULL","NULL"
"RNDBOT","22524","3","3","1","0","NULL","0","NULL","NULL"
"RNDBOT","22525","9","9","1","0","NULL","0","NULL","NULL"
"RNDBOT","22526","8","8","1","0","NULL","0","NULL","NULL"
"RNDBOT","22527","4","3","1","0","NULL","0","NULL","NULL"
"RNDBOT","22528","8","7","1","0","NULL","0","NULL","NULL"
"RNDBOT","22529","3","3","1","0","NULL","0","NULL","NULL"
"RNDBOT","22530","9","9","1","0","NULL","0","NULL","NULL"
"RNDBOT","22531","10","8","1","0","NULL","0","NULL","NULL"
"RNDBOT","22532","9","1","1","0","NULL","0","NULL","NULL"
"RNDBOT","22533","10","2","1","0","NULL","0","NULL","NULL"
"RNDBOT","22534","4","3","1","0","NULL","0","NULL","NULL"
"RNDBOT","22535","9","9","1","0","NULL","0","NULL","NULL"
"RNDBOT","22536","4","3","1","0","NULL","0","NULL","NULL"
"RNDBOT","22537","4","4","1","0","NULL","0","NULL","NULL"
"RNDBOT","22538","1","3","1","0","NULL","0","NULL","NULL"
"RNDBOT","22539","10","1","1","0","NULL","0","NULL","NULL"
"RNDBOT","22540","1","8","1","0","NULL","0","NULL","NULL"
"RNDBOT","22541","2","9","1","0","NULL","0","NULL","NULL"
"RNDBOT","22542","5","4","1","0","NULL","0","NULL","NULL"
"RNDBOT","22543","1","2","1","0","NULL","0","NULL","NULL"
"RNDBOT","22544","7","9","1","0","NULL","0","NULL","NULL"
"RNDBOT","22545","8","3","1","0","NULL","0","NULL","NULL"
"RNDBOT","22546","7","9","1","0","NULL","0","NULL","NULL"
"RNDBOT","22547","9","3","1","0","NULL","0","NULL","NULL"
"RNDBOT","22548","8","4","1","0","NULL","0","NULL","NULL"
"RNDBOT","22549","4","4","1","0","NULL","0","NULL","NULL"
"RNDBOT","22550","1","1","1","0","NULL","0","NULL","NULL"
"RNDBOT","22551","9","4","1","0","NULL","0","NULL","NULL"
"RNDBOT","22552","10","5","1","0","NULL","0","NULL","NULL"
"RNDBOT","22553","9","8","1","0","NULL","0","NULL","NULL"
"RNDBOT","22554","2","7","1","0","NULL","0","NULL","NULL"
"RNDBOT","22555","9","9","1","0","NULL","0","NULL","NULL"
"RNDBOT","22556","7","9","1","0","NULL","0","NULL","NULL"
"RNDBOT","22557","10","2","1","0","NULL","0","NULL","NULL"
"RNDBOT","22558","1","3","1","0","NULL","0","NULL","NULL"
"RNDBOT","22559","9","9","1","0","NULL","0","NULL","NULL"
"RNDBOT","22560","1","3","1","0","NULL","0","NULL","NULL"
"RNDBOT","22561","5","8","1","0","NULL","0","NULL","NULL"
"RNDBOT","22562","10","1","1","0","NULL","0","NULL","NULL"
"RNDBOT","22563","4","4","1","0","NULL","0","NULL","NULL"
"RNDBOT","22564","2","7","1","0","NULL","0","NULL","NULL"
"RNDBOT","22565","10","3","1","0","NULL","0","NULL","NULL"
"RNDBOT","22566","8","1","1","0","NULL","0","NULL","NULL"
"RNDBOT","22567","1","3","1","0","NULL","0","NULL","NULL"
"RNDBOT","22568","1","2","1","0","NULL","0","NULL","NULL"
"RNDBOT","22569","1","3","1","0","NULL","0","NULL","NULL"
"RNDBOT","22570","10","2","1","0","NULL","0","NULL","NULL"
"RNDBOT","22571","9","4","1","0","NULL","0","NULL","NULL"
"RNDBOT","22572","1","5","1","0","NULL","0","NULL","NULL"
"RNDBOT","22573","9","3","1","0","NULL","0","NULL","NULL"
"RNDBOT","22574","1","8","1","0","NULL","0","NULL","NULL"
"RNDBOT","22575","9","4","1","0","NULL","0","NULL","NULL"
"RNDBOT","22576","6","11","1","0","NULL","0","NULL","NULL"
"RNDBOT","22577","10","8","1","0","NULL","0","NULL","NULL"
"RNDBOT","22578","1","4","1","0","NULL","0","NULL","NULL"
"RNDBOT","22579","1","3","1","0","NULL","0","NULL","NULL"
"RNDBOT","22580","10","4","1","0","NULL","0","NULL","NULL"
"RNDBOT","22581","2","7","1","0","NULL","0","NULL","NULL"
"RNDBOT","22582","3","5","1","0","NULL","0","NULL","NULL"
"RNDBOT","22583","10","4","1","0","NULL","0","NULL","NULL"
"RNDBOT","22584","1","3","1","0","NULL","0","NULL","NULL"
"RNDBOT","22585","10","1","1","0","NULL","0","NULL","NULL"
"RNDBOT","22586","10","1","1","0","NULL","0","NULL","NULL"
"RNDBOT","22587","5","8","1","0","NULL","0","NULL","NULL"
"RNDBOT","22588","10","8","1","0","NULL","0","NULL","NULL"
"RNDBOT","22589","5","8","1","0","NULL","0","NULL","NULL"
"RNDBOT","22590","10","8","1","0","NULL","0","NULL","NULL"
"RNDBOT","22591","1","3","1","0","NULL","0","NULL","NULL"
"RNDBOT","22592","10","3","1","0","NULL","0","NULL","NULL"
"RNDBOT","22593","1","2","1","0","NULL","0","NULL","NULL"
"RNDBOT","22594","10","8","1","0","NULL","0","NULL","NULL"
"RNDBOT","22595","10","8","1","0","NULL","0","NULL","NULL"
"RNDBOT","22596","10","1","1","0","NULL","0","NULL","NULL"
"RNDBOT","22597","4","4","1","0","NULL","0","NULL","NULL"
"RNDBOT","22598","7","4","1","0","NULL","0","NULL","NULL"
"RNDBOT","22599","8","1","1","0","NULL","0","NULL","NULL"
"RNDBOT","22600","10","4","1","0","NULL","0","NULL","NULL"
"RNDBOT","22601","1","5","1","0","NULL","0","NULL","NULL"
"RNDBOT","22602","1","3","1","0","NULL","0","NULL","NULL"
"RNDBOT","22603","5","5","1","0","NULL","0","NULL","NULL"
"RNDBOT","22604","10","4","1","0","NULL","0","NULL","NULL"
"RNDBOT","22605","1","3","1","0","NULL","0","NULL","NULL"
"RNDBOT","22606","9","1","1","0","NULL","0","NULL","NULL"
"RNDBOT","22607","6","3","1","0","NULL","0","NULL","NULL"
"RNDBOT","22608","10","1","1","0","NULL","0","NULL","NULL"
"RNDBOT","22609","4","11","1","0","NULL","0","NULL","NULL"
"RNDBOT","22610","10","2","1","0","NULL","0","NULL","NULL"
"RNDBOT","22611","5","5","1","0","NULL","0","NULL","NULL"
"RNDBOT","22612","3","4","1","0","NULL","0","NULL","NULL"
"RNDBOT","22613","4","4","1","0","NULL","0","NULL","NULL"
"RNDBOT","22614","4","4","1","0","NULL","0","NULL","NULL"
"RNDBOT","22615","10","8","1","0","NULL","0","NULL","NULL"
"RNDBOT","22616","10","8","1","0","NULL","0","NULL","NULL"
"RNDBOT","22617","9","4","1","0","NULL","0","NULL","NULL"
"RNDBOT","22618","9","1","1","0","NULL","0","NULL","NULL"
"RNDBOT","22619","1","3","1","0","NULL","0","NULL","NULL"
"RNDBOT","22620","10","5","1","0","NULL","0","NULL","NULL"
"RNDBOT","22621","4","11","1","0","NULL","0","NULL","NULL"
"RNDBOT","22622","4","3","1","0","NULL","0","NULL","NULL"
"RNDBOT","22623","9","1","1","0","NULL","0","NULL","NULL"
"RNDBOT","22624","4","11","1","0","NULL","0","NULL","NULL"
"RNDBOT","22625","1","2","1","0","NULL","0","NULL","NULL"
"RNDBOT","22626","5","4","1","0","NULL","0","NULL","NULL"
"RNDBOT","22627","10","2","1","0","NULL","0","NULL","NULL"
"RNDBOT","22628","9","4","1","0","NULL","0","NULL","NULL"
"RNDBOT","22629","5","5","1","0","NULL","0","NULL","NULL"
"RNDBOT","22630","10","5","1","0","NULL","0","NULL","NULL"
"RNDBOT","22631","10","3","1","0","NULL","0","NULL","NULL"
"RNDBOT","22632","4","11","1","0","NULL","0","NULL","NULL"
"RNDBOT","22633","1","3","1","0","NULL","0","NULL","NULL"
"RNDBOT","22634","6","1","1","0","NULL","0","NULL","NULL"
"RNDBOT","22635","10","8","1","0","NULL","0","NULL","NULL"
"RNDBOT","22636","1","9","1","0","NULL","0","NULL","NULL"
"RNDBOT","22637","9","3","1","0","NULL","0","NULL","NULL"
"RNDBOT","22638","9","3","1","0","NULL","0","NULL","NULL"
"RNDBOT","22639","9","8","1","0","NULL","0","NULL","NULL"
"RNDBOT","22640","4","11","1","0","NULL","0","NULL","NULL"
"RNDBOT","22641","4","4","1","0","NULL","0","NULL","NULL"
"RNDBOT","22642","4","3","1","0","NULL","0","NULL","NULL"
"RNDBOT","22643","10","4","1","0","NULL","0","NULL","NULL"
"RNDBOT","22644","10","1","1","0","NULL","0","NULL","NULL"
"RNDBOT","22645","10","3","1","0","NULL","0","NULL","NULL"
"RNDBOT","22646","8","4","1","0","NULL","0","NULL","NULL"
"RNDBOT","22647","9","4","1","0","NULL","0","NULL","NULL"
"RNDBOT","22648","1","3","1","0","NULL","0","NULL","NULL"
"RNDBOT","22649","4","4","1","0","NULL","0","NULL","NULL"
"RNDBOT","22650","10","4","1","0","NULL","0","NULL","NULL"
"RNDBOT","22651","4","3","1","0","NULL","0","NULL","NULL"
"RNDBOT","22652","9","9","1","0","NULL","0","NULL","NULL"
"RNDBOT","22653","3","3","1","0","NULL","0","NULL","NULL"
"RNDBOT","22654","9","8","1","0","NULL","0","NULL","NULL"
"RNDBOT","22655","10","2","1","0","NULL","0","NULL","NULL"
"RNDBOT","22656","4","11","1","0","NULL","0","NULL","NULL"
"RNDBOT","22657","9","3","1","0","NULL","0","NULL","NULL"
"RNDBOT","22658","1","3","1","0","NULL","0","NULL","NULL"
"RNDBOT","22659","1","4","1","0","NULL","0","NULL","NULL"
"RNDBOT","22660","10","3","1","0","NULL","0","NULL","NULL"
"RNDBOT","22661","10","3","1","0","NULL","0","NULL","NULL"
"RNDBOT","22662","10","2","1","0","NULL","0","NULL","NULL"
"RNDBOT","22663","9","1","1","0","NULL","0","NULL","NULL"
"RNDBOT","22664","1","3","1","0","NULL","0","NULL","NULL"
"RNDBOT","22665","4","5","1","0","NULL","0","NULL","NULL"
"RNDBOT","22666","5","8","1","0","NULL","0","NULL","NULL"
"RNDBOT","22667","9","3","1","0","NULL","0","NULL","NULL"
"RNDBOT","22668","10","3","1","0","NULL","0","NULL","NULL"
"RNDBOT","22669","5","1","1","0","NULL","0","NULL","NULL"
"RNDBOT","22670","10","1","1","0","NULL","0","NULL","NULL"
"RNDBOT","22671","9","3","1","0","NULL","0","NULL","NULL"
"RNDBOT","22672","10","3","1","0","NULL","0","NULL","NULL"
"RNDBOT","22673","10","2","1","0","NULL","0","NULL","NULL"
"RNDBOT","22674","10","3","1","0","NULL","0","NULL","NULL"
"RNDBOT","22675","8","7","1","0","NULL","0","NULL","NULL"
"RNDBOT","22676","10","4","1","0","NULL","0","NULL","NULL"
"RNDBOT","22677","10","5","1","0","NULL","0","NULL","NULL"
"RNDBOT","22678","3","3","1","0","NULL","0","NULL","NULL"
"RNDBOT","22679","3","3","1","0","NULL","0","NULL","NULL"
"RNDBOT","22680","6","11","1","0","NULL","0","NULL","NULL"
"RNDBOT","22681","4","11","1","0","NULL","0","NULL","NULL"
"RNDBOT","22682","10","2","1","0","NULL","0","NULL","NULL"
"RNDBOT","22683","4","11","1","0","NULL","0","NULL","NULL"
"RNDBOT","22684","9","3","1","0","NULL","0","NULL","NULL"
"RNDBOT","22685","3","3","1","0","NULL","0","NULL","NULL"
"RNDBOT","22686","2","3","1","0","NULL","0","NULL","NULL"
"RNDBOT","22687","10","2","1","0","NULL","0","NULL","NULL"
"RNDBOT","22688","10","2","1","0","NULL","0","NULL","NULL"
"RNDBOT","22689","5","9","1","0","NULL","0","NULL","NULL"
"RNDBOT","22690","9","3","1","0","NULL","0","NULL","NULL"
"RNDBOT","22691","10","1","1","0","NULL","0","NULL","NULL"
"RNDBOT","22692","10","8","1","0","NULL","0","NULL","NULL"
"RNDBOT","22693","2","9","1","0","NULL","0","NULL","NULL"
"RNDBOT","22694","9","9","1","0","NULL","0","NULL","NULL"
"RNDBOT","22695","10","8","1","0","NULL","0","NULL","NULL"
"RNDBOT","22696","9","3","1","0","NULL","0","NULL","NULL"
"RNDBOT","22697","4","4","1","0","NULL","0","NULL","NULL"
"RNDBOT","22698","8","7","1","0","NULL","0","NULL","NULL"
"RNDBOT","22699","5","4","1","0","NULL","0","NULL","NULL"
"RNDBOT","22700","1","3","1","0","NULL","0","NULL","NULL"
"RNDBOT","22701","1","9","1","0","NULL","0","NULL","NULL"
"RNDBOT","22702","10","1","1","0","NULL","0","NULL","NULL"
"RNDBOT","22703","9","9","1","0","NULL","0","NULL","NULL"
"RNDBOT","22704","6","3","1","0","NULL","0","NULL","NULL"
"RNDBOT","22705","10","2","1","0","NULL","0","NULL","NULL"
"RNDBOT","22706","3","5","1","0","NULL","0","NULL","NULL"
"RNDBOT","22707","1","3","1","0","NULL","0","NULL","NULL"
"RNDBOT","22708","5","4","1","0","NULL","0","NULL","NULL"
"RNDBOT","22709","9","8","1","0","NULL","0","NULL","NULL"
"RNDBOT","22710","1","2","1","0","NULL","0","NULL","NULL"
"RNDBOT","22711","9","9","1","0","NULL","0","NULL","NULL"
"RNDBOT","22712","10","1","1","0","NULL","0","NULL","NULL"
"RNDBOT","22713","2","1","1","0","NULL","0","NULL","NULL"
"RNDBOT","22714","2","1","1","0","NULL","0","NULL","NULL"
"RNDBOT","22715","4","1","1","0","NULL","0","NULL","NULL"
"RNDBOT","22716","1","2","1","0","NULL","0","NULL","NULL"
"RNDBOT","22717","4","4","1","0","NULL","0","NULL","NULL"
"RNDBOT","22718","10","1","1","0","NULL","0","NULL","NULL"
"RNDBOT","22719","2","4","1","0","NULL","0","NULL","NULL"
"RNDBOT","22720","4","5","1","0","NULL","0","NULL","NULL"
"RNDBOT","22721","10","5","1","0","NULL","0","NULL","NULL"
"RNDBOT","22722","9","4","1","0","NULL","0","NULL","NULL"
"RNDBOT","22723","2","1","1","0","NULL","0","NULL","NULL"
"RNDBOT","22724","9","9","1","0","NULL","0","NULL","NULL"
"RNDBOT","22725","10","3","1","0","NULL","0","NULL","NULL"
"RNDBOT","22726","10","4","1","0","NULL","0","NULL","NULL"
"RNDBOT","22727","10","3","1","0","NULL","0","NULL","NULL"
"RNDBOT","22728","9","3","1","0","NULL","0","NULL","NULL"
"RNDBOT","22729","10","1","1","0","NULL","0","NULL","NULL"
"RNDBOT","22730","2","3","1","0","NULL","0","NULL","NULL"
"RNDBOT","22731","1","9","1","0","NULL","0","NULL","NULL"
"RNDBOT","22732","1","1","1","0","NULL","0","NULL","NULL"
"RNDBOT","22733","6","1","1","0","NULL","0","NULL","NULL"
"RNDBOT","22734","7","9","1","0","NULL","0","NULL","NULL"
"RNDBOT","22735","7","8","1","0","NULL","0","NULL","NULL"
"RNDBOT","22736","10","8","1","0","NULL","0","NULL","NULL"
"RNDBOT","22737","1","3","1","0","NULL","0","NULL","NULL"
"RNDBOT","22738","10","5","1","0","NULL","0","NULL","NULL"
"RNDBOT","22739","10","2","1","0","NULL","0","NULL","NULL"
"RNDBOT","22740","2","3","1","0","NULL","0","NULL","NULL"
"RNDBOT","22741","1","2","1","0","NULL","0","NULL","NULL"
"RNDBOT","22742","3","3","1","0","NULL","0","NULL","NULL"
"RNDBOT","22743","10","1","1","0","NULL","0","NULL","NULL"
"RNDBOT","22744","10","2","1","0","NULL","0","NULL","NULL"
"RNDBOT","22745","10","3","1","0","NULL","0","NULL","NULL"
"RNDBOT","22746","4","5","1","0","NULL","0","NULL","NULL"
"RNDBOT","22747","7","9","1","0","NULL","0","NULL","NULL"
"RNDBOT","22748","4","3","1","0","NULL","0","NULL","NULL"
"RNDBOT","22749","10","3","1","0","NULL","0","NULL","NULL"
"RNDBOT","22750","7","8","1","0","NULL","0","NULL","NULL"
"RNDBOT","22751","10","8","1","0","NULL","0","NULL","NULL"
"RNDBOT","22752","1","2","1","0","NULL","0","NULL","NULL"
"RNDBOT","22753","9","1","1","0","NULL","0","NULL","NULL"
"RNDBOT","22754","9","1","1","0","NULL","0","NULL","NULL"
"RNDBOT","22755","10","5","1","0","NULL","0","NULL","NULL"
"RNDBOT","22756","6","7","1","0","NULL","0","NULL","NULL"
"RNDBOT","22757","6","7","1","0","NULL","0","NULL","NULL"
"RNDBOT","22758","5","9","1","0","NULL","0","NULL","NULL"
"RNDBOT","22759","9","1","1","0","NULL","0","NULL","NULL"
"RNDBOT","22760","1","4","1","0","NULL","0","NULL","NULL"
"RNDBOT","22761","9","4","1","0","NULL","0","NULL","NULL"
"RNDBOT","22762","9","9","1","0","NULL","0","NULL","NULL"
"RNDBOT","22763","1","4","1","0","NULL","0","NULL","NULL"
"RNDBOT","22764","4","3","1","0","NULL","0","NULL","NULL"
"RNDBOT","22765","10","5","1","0","NULL","0","NULL","NULL"
"RNDBOT","22766","7","8","1","0","NULL","0","NULL","NULL"
"RNDBOT","22767","9","4","1","0","NULL","0","NULL","NULL"
"RNDBOT","22768","1","1","1","0","NULL","0","NULL","NULL"
"RNDBOT","22769","4","4","1","0","NULL","0","NULL","NULL"
"RNDBOT","22770","10","5","1","0","NULL","0","NULL","NULL"
"RNDBOT","22771","3","2","1","0","NULL","0","NULL","NULL"
"RNDBOT","22772","5","9","1","0","NULL","0","NULL","NULL"
"RNDBOT","22773","2","1","1","0","NULL","0","NULL","NULL"
"RNDBOT","22774","9","8","1","0","NULL","0","NULL","NULL"
"RNDBOT","22775","6","11","1","0","NULL","0","NULL","NULL"
"RNDBOT","22776","10","4","1","0","NULL","0","NULL","NULL"
"RNDBOT","22777","1","2","1","0","NULL","0","NULL","NULL"
"RNDBOT","22778","9","1","1","0","NULL","0","NULL","NULL"
"RNDBOT","22779","4","4","1","0","NULL","0","NULL","NULL"
"RNDBOT","22780","9","1","1","0","NULL","0","NULL","NULL"
"RNDBOT","22781","10","8","1","0","NULL","0","NULL","NULL"
"RNDBOT","22782","3","1","1","0","NULL","0","NULL","NULL"
"RNDBOT","22783","3","3","1","0","NULL","0","NULL","NULL"
"RNDBOT","22784","1","1","1","0","NULL","0","NULL","NULL"
"RNDBOT","22785","9","4","1","0","NULL","0","NULL","NULL"
"RNDBOT","22786","3","3","1","0","NULL","0","NULL","NULL"
"RNDBOT","22787","9","9","1","0","NULL","0","NULL","NULL"
"RNDBOT","22788","3","2","1","0","NULL","0","NULL","NULL"
"RNDBOT","22789","10","4","1","0","NULL","0","NULL","NULL"
"RNDBOT","22790","10","4","1","0","NULL","0","NULL","NULL"
"RNDBOT","22791","6","1","1","0","NULL","0","NULL","NULL"
"RNDBOT","22792","9","1","1","0","NULL","0","NULL","NULL"
"RNDBOT","22793","9","4","1","0","NULL","0","NULL","NULL"
"RNDBOT","22794","8","3","1","0","NULL","0","NULL","NULL"
"RNDBOT","22795","10","5","1","0","NULL","0","NULL","NULL"
"RNDBOT","22796","1","2","1","0","NULL","0","NULL","NULL"
"RNDBOT","22797","4","11","1","0","NULL","0","NULL","NULL"
"RNDBOT","22798","4","3","1","0","NULL","0","NULL","NULL"
"RNDBOT","22799","10","4","1","0","NULL","0","NULL","NULL"
"RNDBOT","22800","1","8","1","0","NULL","0","NULL","NULL"
"RNDBOT","22801","3","3","1","0","NULL","0","NULL","NULL"
"RNDBOT","22802","8","1","1","0","NULL","0","NULL","NULL"
"RNDBOT","22803","9","1","1","0","NULL","0","NULL","NULL"
"RNDBOT","22804","10","8","1","0","NULL","0","NULL","NULL"
"RNDBOT","22805","3","3","1","0","NULL","0","NULL","NULL"
"RNDBOT","22806","4","3","1","0","NULL","0","NULL","NULL"
"RNDBOT","22807","1","3","1","0","NULL","0","NULL","NULL"
"RNDBOT","22808","1","5","1","0","NULL","0","NULL","NULL"
"RNDBOT","22809","1","3","1","0","NULL","0","NULL","NULL"
"RNDBOT","22810","5","5","1","0","NULL","0","NULL","NULL"
"RNDBOT","22811","1","1","1","0","NULL","0","NULL","NULL"
"RNDBOT","22812","7","8","1","0","NULL","0","NULL","NULL"
"RNDBOT","22813","10","5","1","0","NULL","0","NULL","NULL"
"RNDBOT","22814","9","1","1","0","NULL","0","NULL","NULL"
"RNDBOT","22815","9","4","1","0","NULL","0","NULL","NULL"
"RNDBOT","22816","10","1","1","0","NULL","0","NULL","NULL"
"RNDBOT","22817","8","7","1","0","NULL","0","NULL","NULL"
"RNDBOT","22818","3","3","1","0","NULL","0","NULL","NULL"
"RNDBOT","22819","4","3","1","0","NULL","0","NULL","NULL"
"RNDBOT","22820","2","1","1","0","NULL","0","NULL","NULL"
"RNDBOT","22821","5","9","1","0","NULL","0","NULL","NULL"
"RNDBOT","22822","9","8","1","0","NULL","0","NULL","NULL"
"RNDBOT","22823","10","8","1","0","NULL","0","NULL","NULL"
"RNDBOT","22824","7","8","1","0","NULL","0","NULL","NULL"
"RNDBOT","22825","10","4","1","0","NULL","0","NULL","NULL"
"RNDBOT","22826","4","11","1","0","NULL","0","NULL","NULL"
"RNDBOT","22827","7","8","1","0","NULL","0","NULL","NULL"
"RNDBOT","22828","5","4","1","0","NULL","0","NULL","NULL"
"RNDBOT","22829","4","4","1","0","NULL","0","NULL","NULL"
"RNDBOT","22830","10","5","1","0","NULL","0","NULL","NULL"
"RNDBOT","22831","2","3","1","0","NULL","0","NULL","NULL"
"RNDBOT","22832","10","5","1","0","NULL","0","NULL","NULL"
"RNDBOT","22833","1","1","1","0","NULL","0","NULL","NULL"
"RNDBOT","22834","4","1","1","0","NULL","0","NULL","NULL"
"RNDBOT","22835","1","3","1","0","NULL","0","NULL","NULL"
"RNDBOT","22836","5","4","1","0","NULL","0","NULL","NULL"
"RNDBOT","22837","1","3","1","0","NULL","0","NULL","NULL"
"RNDBOT","22838","9","4","1","0","NULL","0","NULL","NULL"
"RNDBOT","22839","4","4","1","0","NULL","0","NULL","NULL"
"RNDBOT","22840","9","9","1","0","NULL","0","NULL","NULL"
"RNDBOT","22841","4","5","1","0","NULL","0","NULL","NULL"
"RNDBOT","22842","10","1","1","0","NULL","0","NULL","NULL"
"RNDBOT","22843","1","1","1","0","NULL","0","NULL","NULL"
"RNDBOT","22844","1","8","1","0","NULL","0","NULL","NULL"
"RNDBOT","22845","9","1","1","0","NULL","0","NULL","NULL"
"RNDBOT","22846","10","8","1","0","NULL","0","NULL","NULL"
"RNDBOT","22847","5","8","2","0","NULL","0","NULL","NULL"
"RNDBOT","22848","10","1","1","0","NULL","0","NULL","NULL"
"RNDBOT","22849","1","3","7","0","NULL","1","First Aid:4/75","NULL"
"RNDBOT","22850","1","1","7","0","NULL","0","NULL","NULL"
"RNDBOT","22851","9","3","1","0","NULL","0","NULL","NULL"
"RNDBOT","22852","2","7","7","2","Herbalism:4/75;Mining:10/75","4","First Aid:1/75;Survival:1/75;Cooking:1/75;Fishing:1/75","NULL"
"RNDBOT","22853","9","9","1","0","NULL","0","NULL","NULL"
"RNDBOT","22854","6","7","1","0","NULL","0","NULL","NULL"
"RNDBOT","22855","4","3","1","0","NULL","0","NULL","NULL"
"RNDBOT","22856","9","1","1","0","NULL","0","NULL","NULL"
"RNDBOT","22857","5","9","1","0","NULL","0","NULL","NULL"
"RNDBOT","22858","2","3","1","0","NULL","0","NULL","NULL"
"RNDBOT","22859","10","8","1","0","NULL","0","NULL","NULL"
"RNDBOT","22860","8","7","1","0","NULL","0","NULL","NULL"
"RNDBOT","22861","9","9","1","0","NULL","0","NULL","NULL"
"RNDBOT","22862","9","8","1","0","NULL","0","NULL","NULL"
"RNDBOT","22863","10","4","1","0","NULL","0","NULL","NULL"
"RNDBOT","22864","6","3","1","0","NULL","0","NULL","NULL"
"RNDBOT","22865","8","7","1","0","NULL","0","NULL","NULL"
"RNDBOT","22866","10","2","1","0","NULL","0","NULL","NULL"
"RNDBOT","22867","1","2","1","0","NULL","0","NULL","NULL"
"RNDBOT","22868","4","4","1","0","NULL","0","NULL","NULL"
"RNDBOT","22869","3","3","1","0","NULL","0","NULL","NULL"
"RNDBOT","22870","1","2","1","0","NULL","0","NULL","NULL"
"RNDBOT","22871","4","4","1","0","NULL","0","NULL","NULL"
"RNDBOT","22872","9","9","1","0","NULL","0","NULL","NULL"
"RNDBOT","22873","6","1","1","0","NULL","0","NULL","NULL"
"RNDBOT","22874","9","8","1","0","NULL","0","NULL","NULL"
"RNDBOT","22875","2","4","1","0","NULL","0","NULL","NULL"
"RNDBOT","22876","10","3","1","0","NULL","0","NULL","NULL"
"RNDBOT","22877","10","2","1","0","NULL","0","NULL","NULL"
"RNDBOT","22878","5","9","1","0","NULL","0","NULL","NULL"
"RNDBOT","22879","10","1","1","0","NULL","0","NULL","NULL"
"RNDBOT","22880","9","4","1","0","NULL","0","NULL","NULL"
"RNDBOT","22881","1","8","1","0","NULL","0","NULL","NULL"
"RNDBOT","22882","8","8","1","0","NULL","0","NULL","NULL"
"RNDBOT","22883","10","4","1","0","NULL","0","NULL","NULL"
"RNDBOT","22884","1","3","1","0","NULL","0","NULL","NULL"
"RNDBOT","22885","1","3","1","0","NULL","0","NULL","NULL"
"RNDBOT","22886","10","5","1","0","NULL","0","NULL","NULL"
"RNDBOT","22887","9","9","1","0","NULL","0","NULL","NULL"
"RNDBOT","22888","2","1","1","0","NULL","0","NULL","NULL"
"RNDBOT","22889","4","3","1","0","NULL","0","NULL","NULL"
"RNDBOT","22890","10","2","1","0","NULL","0","NULL","NULL"
"RNDBOT","22891","1","4","1","0","NULL","0","NULL","NULL"
"RNDBOT","22892","9","3","1","0","NULL","0","NULL","NULL"
"RNDBOT","22893","9","4","1","0","NULL","0","NULL","NULL"
"RNDBOT","22894","4","11","1","0","NULL","0","NULL","NULL"
"RNDBOT","22895","2","7","1","0","NULL","0","NULL","NULL"
"RNDBOT","22896","4","4","1","0","NULL","0","NULL","NULL"
"RNDBOT","22897","9","8","1","0","NULL","0","NULL","NULL"
"RNDBOT","22898","10","4","1","0","NULL","0","NULL","NULL"
"RNDBOT","22899","6","7","1","0","NULL","0","NULL","NULL"
"RNDBOT","22900","4","11","1","0","NULL","0","NULL","NULL"
"RNDBOT","22901","9","8","1","0","NULL","0","NULL","NULL"
"RNDBOT","22902","5","9","1","0","NULL","0","NULL","NULL"
"RNDBOT","22903","3","1","1","0","NULL","0","NULL","NULL"
"RNDBOT","22904","3","3","1","0","NULL","0","NULL","NULL"
"RNDBOT","22905","4","11","1","0","NULL","0","NULL","NULL"
"RNDBOT","22906","4","3","1","0","NULL","0","NULL","NULL"
"RNDBOT","22907","1","3","1","0","NULL","0","NULL","NULL"
"RNDBOT","22908","7","9","1","0","NULL","0","NULL","NULL"
"RNDBOT","22909","9","8","1","0","NULL","0","NULL","NULL"
"RNDBOT","22910","10","1","1","0","NULL","0","NULL","NULL"
"RNDBOT","22911","9","1","1","0","NULL","0","NULL","NULL"
"RNDBOT","22912","1","2","1","0","NULL","0","NULL","NULL"
"RNDBOT","22913","3","2","1","0","NULL","0","NULL","NULL"
"RNDBOT","22914","6","3","1","0","NULL","0","NULL","NULL"
"RNDBOT","22915","9","1","1","0","NULL","0","NULL","NULL"
"RNDBOT","22916","3","5","1","0","NULL","0","NULL","NULL"
"RNDBOT","22917","10","8","1","0","NULL","0","NULL","NULL"
"RNDBOT","22918","10","1","1","0","NULL","0","NULL","NULL"
"RNDBOT","22919","4","3","1","0","NULL","0","NULL","NULL"
"RNDBOT","22920","9","3","1","0","NULL","0","NULL","NULL"
"RNDBOT","22921","1","2","1","0","NULL","0","NULL","NULL"
"RNDBOT","22922","4","11","1","0","NULL","0","NULL","NULL"
"RNDBOT","22923","9","3","1","0","NULL","0","NULL","NULL"
"RNDBOT","22924","10","5","1","0","NULL","0","NULL","NULL"
"RNDBOT","22925","3","2","1","0","NULL","0","NULL","NULL"
"RNDBOT","22926","10","3","1","0","NULL","0","NULL","NULL"
"RNDBOT","22927","1","3","1","0","NULL","0","NULL","NULL"
"RNDBOT","22928","8","7","1","0","NULL","0","NULL","NULL"
"RNDBOT","22929","10","5","1","0","NULL","0","NULL","NULL"
"RNDBOT","22930","4","3","1","0","NULL","0","NULL","NULL"
"RNDBOT","22931","10","3","1","0","NULL","0","NULL","NULL"
"RNDBOT","22932","10","5","1","0","NULL","0","NULL","NULL"
"RNDBOT","22933","4","3","1","0","NULL","0","NULL","NULL"
"RNDBOT","22934","7","8","1","0","NULL","0","NULL","NULL"
"RNDBOT","22935","1","2","1","0","NULL","0","NULL","NULL"
"RNDBOT","22936","1","3","1","0","NULL","0","NULL","NULL"
"RNDBOT","22937","10","2","1","0","NULL","0","NULL","NULL"
"RNDBOT","22938","10","4","1","0","NULL","0","NULL","NULL"
"RNDBOT","22939","4","3","1","0","NULL","0","NULL","NULL"
"RNDBOT","22940","10","4","1","0","NULL","0","NULL","NULL"
"RNDBOT","22941","9","4","1","0","NULL","0","NULL","NULL"
"RNDBOT","22942","9","8","1","0","NULL","0","NULL","NULL"
"RNDBOT","22943","3","1","1","0","NULL","0","NULL","NULL"
"RNDBOT","22944","3","3","1","0","NULL","0","NULL","NULL"
"RNDBOT","22945","6","3","1","0","NULL","0","NULL","NULL"
"RNDBOT","22946","10","5","1","0","NULL","0","NULL","NULL"
"RNDBOT","22947","9","4","1","0","NULL","0","NULL","NULL"
"RNDBOT","22948","2","3","1","0","NULL","0","NULL","NULL"
"RNDBOT","22949","4","4","1","0","NULL","0","NULL","NULL"
"RNDBOT","22950","7","8","1","0","NULL","0","NULL","NULL"
"RNDBOT","22951","10","3","1","0","NULL","0","NULL","NULL"
"RNDBOT","22952","2","9","1","0","NULL","0","NULL","NULL"
"RNDBOT","22953","3","2","1","0","NULL","0","NULL","NULL"
"RNDBOT","22954","1","8","1","0","NULL","0","NULL","NULL"
"RNDBOT","22955","9","4","1","0","NULL","0","NULL","NULL"
"RNDBOT","22956","6","1","1","0","NULL","0","NULL","NULL"
"RNDBOT","22957","9","8","1","0","NULL","0","NULL","NULL"
"RNDBOT","22958","10","1","1","0","NULL","0","NULL","NULL"
"RNDBOT","22959","6","1","1","0","NULL","0","NULL","NULL"
"RNDBOT","22960","4","1","1","0","NULL","0","NULL","NULL"
"RNDBOT","22961","1","2","1","0","NULL","0","NULL","NULL"
"RNDBOT","22962","9","4","1","0","NULL","0","NULL","NULL"
"RNDBOT","22963","10","3","1","0","NULL","0","NULL","NULL"
"RNDBOT","22964","10","1","1","0","NULL","0","NULL","NULL"
"RNDBOT","22965","8","4","1","0","NULL","0","NULL","NULL"
"RNDBOT","22966","5","5","1","0","NULL","0","NULL","NULL"
"RNDBOT","22967","7","8","1","0","NULL","0","NULL","NULL"
"RNDBOT","22968","10","3","1","0","NULL","0","NULL","NULL"
"RNDBOT","22969","3","2","1","0","NULL","0","NULL","NULL"
"RNDBOT","22970","6","7","1","0","NULL","0","NULL","NULL"
"RNDBOT","22971","6","11","1","0","NULL","0","NULL","NULL"
"RNDBOT","22972","10","3","1","0","NULL","0","NULL","NULL"
"RNDBOT","22973","6","7","1","0","NULL","0","NULL","NULL"
"RNDBOT","22974","8","8","1","0","NULL","0","NULL","NULL"
"RNDBOT","22975","10","4","1","0","NULL","0","NULL","NULL"
"RNDBOT","22976","1","9","1","0","NULL","0","NULL","NULL"
"RNDBOT","22977","3","5","1","0","NULL","0","NULL","NULL"
"RNDBOT","22978","1","5","1","0","NULL","0","NULL","NULL"
"RNDBOT","22979","5","4","1","0","NULL","0","NULL","NULL"
"RNDBOT","22980","4","4","1","0","NULL","0","NULL","NULL"
"RNDBOT","22981","10","5","1","0","NULL","0","NULL","NULL"
"RNDBOT","22982","10","5","1","0","NULL","0","NULL","NULL"
"RNDBOT","22983","10","2","1","0","NULL","0","NULL","NULL"
"RNDBOT","22984","10","5","1","0","NULL","0","NULL","NULL"
"RNDBOT","22985","9","9","1","0","NULL","0","NULL","NULL"
"RNDBOT","22986","9","1","1","0","NULL","0","NULL","NULL"
"RNDBOT","22987","10","4","1","0","NULL","0","NULL","NULL"
"RNDBOT","22988","10","5","1","0","NULL","0","NULL","NULL"
"RNDBOT","22989","7","4","1","0","NULL","0","NULL","NULL"
"RNDBOT","22990","10","5","1","0","NULL","0","NULL","NULL"
"RNDBOT","22991","5","9","1","0","NULL","0","NULL","NULL"
"RNDBOT","22992","5","8","1","0","NULL","0","NULL","NULL"
"RNDBOT","22993","10","8","1","0","NULL","0","NULL","NULL"
"RNDBOT","22994","9","3","1","0","NULL","0","NULL","NULL"
"RNDBOT","22995","10","2","1","0","NULL","0","NULL","NULL"
"RNDBOT","22996","8","3","1","0","NULL","0","NULL","NULL"
"RNDBOT","22997","10","1","1","0","NULL","0","NULL","NULL"
"RNDBOT","22998","10","8","1","0","NULL","0","NULL","NULL"
"RNDBOT","22999","7","8","1","0","NULL","0","NULL","NULL"
"RNDBOT","23000","4","5","1","0","NULL","0","NULL","NULL"
"RNDBOT","23001","6","7","1","0","NULL","0","NULL","NULL"
"RNDBOT","23002","5","9","1","0","NULL","0","NULL","NULL"
"RNDBOT","23003","10","4","1","0","NULL","0","NULL","NULL"
"RNDBOT","23004","9","4","1","0","NULL","0","NULL","NULL"
"RNDBOT","23005","8","8","1","0","NULL","0","NULL","NULL"
"RNDBOT","23006","1","2","1","0","NULL","0","NULL","NULL"
"RNDBOT","23007","4","11","1","0","NULL","0","NULL","NULL"
"RNDBOT","23008","9","8","1","0","NULL","0","NULL","NULL"
"RNDBOT","23009","4","4","1","0","NULL","0","NULL","NULL"
"RNDBOT","23010","1","8","1","0","NULL","0","NULL","NULL"
"RNDBOT","23011","4","1","1","0","NULL","0","NULL","NULL"
"RNDBOT","23012","2","3","1","0","NULL","0","NULL","NULL"
"RNDBOT","23013","10","8","1","0","NULL","0","NULL","NULL"
"RNDBOT","23014","10","4","1","0","NULL","0","NULL","NULL"
"RNDBOT","23015","1","4","1","0","NULL","0","NULL","NULL"
"RNDBOT","23016","6","1","1","0","NULL","0","NULL","NULL"
"RNDBOT","23017","7","8","1","0","NULL","0","NULL","NULL"
"RNDBOT","23018","9","1","1","0","NULL","0","NULL","NULL"
"RNDBOT","23019","3","2","1","0","NULL","0","NULL","NULL"
"RNDBOT","23020","6","1","1","0","NULL","0","NULL","NULL"
"RNDBOT","23021","10","4","1","0","NULL","0","NULL","NULL"
"RNDBOT","23022","1","9","1","0","NULL","0","NULL","NULL"
"RNDBOT","23023","8","5","1","0","NULL","0","NULL","NULL"
"RNDBOT","23024","1","2","1","0","NULL","0","NULL","NULL"
"RNDBOT","23025","10","4","1","0","NULL","0","NULL","NULL"
"RNDBOT","23026","5","4","1","0","NULL","0","NULL","NULL"
"RNDBOT","23027","5","9","1","0","NULL","0","NULL","NULL"
"RNDBOT","23028","4","4","1","0","NULL","0","NULL","NULL"
"RNDBOT","23029","5","5","1","0","NULL","0","NULL","NULL"
"RNDBOT","23030","5","5","1","0","NULL","0","NULL","NULL"
"RNDBOT","23031","4","11","1","0","NULL","0","NULL","NULL"
"RNDBOT","23032","7","4","1","0","NULL","0","NULL","NULL"
"RNDBOT","23033","10","2","1","0","NULL","0","NULL","NULL"
"RNDBOT","23034","9","9","1","0","NULL","0","NULL","NULL"
"RNDBOT","23035","7","9","1","0","NULL","0","NULL","NULL"
"RNDBOT","23036","10","3","1","0","NULL","0","NULL","NULL"
"RNDBOT","23037","9","4","1","0","NULL","0","NULL","NULL"
"RNDBOT","23038","10","4","1","0","NULL","0","NULL","NULL"
"RNDBOT","23039","9","9","1","0","NULL","0","NULL","NULL"
"RNDBOT","23040","9","1","1","0","NULL","0","NULL","NULL"
"RNDBOT","23041","10","2","1","0","NULL","0","NULL","NULL"
"RNDBOT","23042","1","5","1","0","NULL","0","NULL","NULL"
"RNDBOT","23043","10","4","1","0","NULL","0","NULL","NULL"
"RNDBOT","23044","7","4","1","0","NULL","0","NULL","NULL"
"RNDBOT","23045","10","8","1","0","NULL","0","NULL","NULL"
"RNDBOT","23046","7","4","1","0","NULL","0","NULL","NULL"
"RNDBOT","23047","6","7","1","0","NULL","0","NULL","NULL"
"RNDBOT","23048","10","2","1","0","NULL","0","NULL","NULL"
"RNDBOT","23049","8","4","1","0","NULL","0","NULL","NULL"
"RNDBOT","23050","1","3","1","0","NULL","0","NULL","NULL"
"RNDBOT","23051","6","11","1","0","NULL","0","NULL","NULL"
"RNDBOT","23052","10","5","1","0","NULL","0","NULL","NULL"
"RNDBOT","23053","9","9","1","0","NULL","0","NULL","NULL"
"RNDBOT","23054","6","7","1","0","NULL","0","NULL","NULL"
"RNDBOT","23055","4","11","1","0","NULL","0","NULL","NULL"
"RNDBOT","23056","1","3","1","0","NULL","0","NULL","NULL"
"RNDBOT","23057","9","4","1","0","NULL","0","NULL","NULL"
"RNDBOT","23058","9","4","1","0","NULL","0","NULL","NULL"
"RNDBOT","23059","7","9","1","0","NULL","0","NULL","NULL"
"RNDBOT","23060","9","3","1","0","NULL","0","NULL","NULL"
"RNDBOT","23061","9","3","1","0","NULL","0","NULL","NULL"
"RNDBOT","23062","1","3","1","0","NULL","0","NULL","NULL"
"RNDBOT","23063","1","9","1","0","NULL","0","NULL","NULL"
"RNDBOT","23064","10","3","1","0","NULL","0","NULL","NULL"
"RNDBOT","23065","10","1","1","0","NULL","0","NULL","NULL"
"RNDBOT","23066","10","4","1","0","NULL","0","NULL","NULL"
"RNDBOT","23067","3","1","1","0","NULL","0","NULL","NULL"
"RNDBOT","23068","10","8","1","0","NULL","0","NULL","NULL"
"RNDBOT","23069","1","9","1","0","NULL","0","NULL","NULL"
"RNDBOT","23070","9","9","1","0","NULL","0","NULL","NULL"
"RNDBOT","23071","10","1","1","0","NULL","0","NULL","NULL"
"RNDBOT","23072","10","1","1","0","NULL","0","NULL","NULL"
"RNDBOT","23073","4","11","1","0","NULL","0","NULL","NULL"
"RNDBOT","23074","10","2","1","0","NULL","0","NULL","NULL"
"RNDBOT","23075","10","2","1","0","NULL","0","NULL","NULL"
"RNDBOT","23076","9","8","1","0","NULL","0","NULL","NULL"
"RNDBOT","23077","7","8","1","0","NULL","0","NULL","NULL"
"RNDBOT","23078","9","1","1","0","NULL","0","NULL","NULL"
"RNDBOT","23079","8","4","1","0","NULL","0","NULL","NULL"
"RNDBOT","23080","4","3","1","0","NULL","0","NULL","NULL"
"RNDBOT","23081","1","2","1","0","NULL","0","NULL","NULL"
"RNDBOT","23082","4","11","1","0","NULL","0","NULL","NULL"
"RNDBOT","23083","2","7","1","0","NULL","0","NULL","NULL"
"RNDBOT","23084","5","4","1","0","NULL","0","NULL","NULL"
"RNDBOT","23085","1","3","1","0","NULL","0","NULL","NULL"
"RNDBOT","23086","1","3","1","0","NULL","0","NULL","NULL"
"RNDBOT","23087","9","3","1","0","NULL","0","NULL","NULL"
"RNDBOT","23088","5","9","1","0","NULL","0","NULL","NULL"
"RNDBOT","23089","5","9","1","0","NULL","0","NULL","NULL"
"RNDBOT","23090","9","3","1","0","NULL","0","NULL","NULL"
"RNDBOT","23091","1","2","1","0","NULL","0","NULL","NULL"
"RNDBOT","23092","1","9","1","0","NULL","0","NULL","NULL"
"RNDBOT","23093","9","9","1","0","NULL","0","NULL","NULL"
"RNDBOT","23094","1","2","1","0","NULL","0","NULL","NULL"
"RNDBOT","23095","10","4","1","0","NULL","0","NULL","NULL"
"RNDBOT","23096","2","7","1","0","NULL","0","NULL","NULL"
"RNDBOT","23097","10","3","1","0","NULL","0","NULL","NULL"
"RNDBOT","23098","1","2","1","0","NULL","0","NULL","NULL"
"RNDBOT","23099","4","11","1","0","NULL","0","NULL","NULL"
"RNDBOT","23100","9","8","1","0","NULL","0","NULL","NULL"
"RNDBOT","23101","9","3","1","0","NULL","0","NULL","NULL"
"RNDBOT","23102","10","5","1","0","NULL","0","NULL","NULL"
"RNDBOT","23103","5","9","1","0","NULL","0","NULL","NULL"
"RNDBOT","23104","4","5","1","0","NULL","0","NULL","NULL"
"RNDBOT","23105","4","1","1","0","NULL","0","NULL","NULL"
"RNDBOT","23106","9","8","1","0","NULL","0","NULL","NULL"
"RNDBOT","23107","4","3","1","0","NULL","0","NULL","NULL"
"RNDBOT","23108","4","3","1","0","NULL","0","NULL","NULL"
"RNDBOT","23109","4","3","1","0","NULL","0","NULL","NULL"
"RNDBOT","23110","9","1","1","0","NULL","0","NULL","NULL"
"RNDBOT","23111","10","3","1","0","NULL","0","NULL","NULL"
"RNDBOT","23112","10","4","1","0","NULL","0","NULL","NULL"
"RNDBOT","23113","9","8","1","0","NULL","0","NULL","NULL"
"RNDBOT","23114","5","4","1","0","NULL","0","NULL","NULL"
"RNDBOT","23115","4","11","1","0","NULL","0","NULL","NULL"
"RNDBOT","23116","1","9","1","0","NULL","0","NULL","NULL"
"RNDBOT","23117","8","1","1","0","NULL","0","NULL","NULL"
"RNDBOT","23118","10","5","1","0","NULL","0","NULL","NULL"
"RNDBOT","23119","1","3","1","0","NULL","0","NULL","NULL"
"RNDBOT","23120","9","3","1","0","NULL","0","NULL","NULL"
"RNDBOT","23121","6","1","1","0","NULL","0","NULL","NULL"
"RNDBOT","23122","6","7","1","0","NULL","0","NULL","NULL"
"RNDBOT","23123","4","1","1","0","NULL","0","NULL","NULL"
"RNDBOT","23124","1","4","1","0","NULL","0","NULL","NULL"
"RNDBOT","23125","1","2","1","0","NULL","0","NULL","NULL"
"RNDBOT","23126","6","7","1","0","NULL","0","NULL","NULL"
"RNDBOT","23127","1","3","1","0","NULL","0","NULL","NULL"
"RNDBOT","23128","10","2","1","0","NULL","0","NULL","NULL"
"RNDBOT","23129","1","2","1","0","NULL","0","NULL","NULL"
"RNDBOT","23130","2","1","1","0","NULL","0","NULL","NULL"
"RNDBOT","23131","1","1","1","0","NULL","0","NULL","NULL"
"RNDBOT","23132","5","5","1","0","NULL","0","NULL","NULL"
"RNDBOT","23133","9","9","1","0","NULL","0","NULL","NULL"
"RNDBOT","23134","9","9","1","0","NULL","0","NULL","NULL"
"RNDBOT","23135","10","4","1","0","NULL","0","NULL","NULL"
"RNDBOT","23136","9","9","1","0","NULL","0","NULL","NULL"
"RNDBOT","23137","1","2","1","0","NULL","0","NULL","NULL"
"RNDBOT","23138","10","1","1","0","NULL","0","NULL","NULL"
"RNDBOT","23139","1","2","1","0","NULL","0","NULL","NULL"
"RNDBOT","23140","5","9","1","0","NULL","0","NULL","NULL"
"RNDBOT","23141","5","9","6","0","NULL","0","NULL","NULL"
"RNDBOT","23142","4","3","6","0","NULL","0","NULL","NULL"
"RNDBOT","23143","1","5","7","2","Alchemy:1/75;Herbalism:1/75","0","NULL","NULL"
"RNDBOT","23144","1","3","6","0","NULL","0","NULL","NULL"
"RNDBOT","23145","10","3","6","0","NULL","0","NULL","NULL"
"RNDBOT","23146","3","2","6","0","NULL","0","NULL","NULL"
"RNDBOT","23147","4","5","6","0","NULL","0","NULL","NULL"
"RNDBOT","23148","9","3","6","0","NULL","0","NULL","NULL"
"RNDBOT","23149","2","1","7","0","NULL","0","NULL","NULL"
"RNDBOT","23150","9","4","1","0","NULL","0","NULL","NULL"
"RNDBOT","23151","9","1","1","0","NULL","0","NULL","NULL"
"RNDBOT","23152","10","2","1","0","NULL","0","NULL","NULL"
"RNDBOT","23153","5","9","1","0","NULL","0","NULL","NULL"
"RNDBOT","23154","1","2","1","0","NULL","0","NULL","NULL"
"RNDBOT","23155","4","5","1","0","NULL","0","NULL","NULL"
"RNDBOT","23156","4","11","1","0","NULL","0","NULL","NULL"
"RNDBOT","23157","2","7","1","0","NULL","0","NULL","NULL"
"RNDBOT","23158","4","1","1","0","NULL","0","NULL","NULL"
"RNDBOT","23159","7","4","1","0","NULL","0","NULL","NULL"
"RNDBOT","23160","4","3","1","0","NULL","0","NULL","NULL"
"RNDBOT","23161","10","3","1","0","NULL","0","NULL","NULL"
"RNDBOT","23162","10","2","1","0","NULL","0","NULL","NULL"
"RNDBOT","23163","10","8","1","0","NULL","0","NULL","NULL"
"RNDBOT","23164","6","1","1","0","NULL","0","NULL","NULL"
"RNDBOT","23165","4","4","1","0","NULL","0","NULL","NULL"
"RNDBOT","23166","4","11","1","0","NULL","0","NULL","NULL"
"RNDBOT","23167","10","8","1","0","NULL","0","NULL","NULL"
"RNDBOT","23168","8","7","1","0","NULL","0","NULL","NULL"
"RNDBOT","23169","9","8","1","0","NULL","0","NULL","NULL"
"RNDBOT","23170","3","5","1","0","NULL","0","NULL","NULL"
"RNDBOT","23171","4","3","1","0","NULL","0","NULL","NULL"
"RNDBOT","23172","10","5","1","0","NULL","0","NULL","NULL"
"RNDBOT","23173","1","2","1","0","NULL","0","NULL","NULL"
"RNDBOT","23174","5","8","1","0","NULL","0","NULL","NULL"
"RNDBOT","23175","9","4","1","0","NULL","0","NULL","NULL"
"RNDBOT","23176","1","1","1","0","NULL","0","NULL","NULL"
"RNDBOT","23177","4","5","1","0","NULL","0","NULL","NULL"
"RNDBOT","23178","10","3","1","0","NULL","0","NULL","NULL"
"RNDBOT","23179","10","8","1","0","NULL","0","NULL","NULL"
"RNDBOT","23180","2","3","1","0","NULL","0","NULL","NULL"
"RNDBOT","23181","10","4","1","0","NULL","0","NULL","NULL"
"RNDBOT","23182","4","4","1","0","NULL","0","NULL","NULL"
"RNDBOT","23183","7","4","1","0","NULL","0","NULL","NULL"
"RNDBOT","23184","3","1","1","0","NULL","0","NULL","NULL"
"RNDBOT","23185","1","2","1","0","NULL","0","NULL","NULL"
"RNDBOT","23186","6","1","1","0","NULL","0","NULL","NULL"
"RNDBOT","23187","1","1","1","0","NULL","0","NULL","NULL"
"RNDBOT","23188","7","9","1","0","NULL","0","NULL","NULL"
"RNDBOT","23189","7","8","1","0","NULL","0","NULL","NULL"
"RNDBOT","23190","9","4","1","0","NULL","0","NULL","NULL"
"RNDBOT","23191","9","3","1","0","NULL","0","NULL","NULL"
"RNDBOT","23192","7","4","1","0","NULL","0","NULL","NULL"
"RNDBOT","23193","6","7","1","0","NULL","0","NULL","NULL"
"RNDBOT","23194","9","9","1","0","NULL","0","NULL","NULL"
"RNDBOT","23195","10","1","1","0","NULL","0","NULL","NULL"
"RNDBOT","23196","8","4","1","0","NULL","0","NULL","NULL"
"RNDBOT","23197","1","3","1","0","NULL","0","NULL","NULL"
"RNDBOT","23198","10","8","1","0","NULL","0","NULL","NULL"
"RNDBOT","23199","3","2","1","0","NULL","0","NULL","NULL"
"RNDBOT","23200","3","3","1","0","NULL","0","NULL","NULL"
"RNDBOT","23201","10","3","1","0","NULL","0","NULL","NULL"
"RNDBOT","23202","1","3","1","0","NULL","0","NULL","NULL"
"RNDBOT","23203","4","11","1","0","NULL","0","NULL","NULL"
"RNDBOT","23204","9","4","1","0","NULL","0","NULL","NULL"
"RNDBOT","23205","9","3","1","0","NULL","0","NULL","NULL"
"RNDBOT","23206","6","1","5","0","NULL","0","NULL","NULL"
"RNDBOT","23207","4","4","4","0","NULL","0","NULL","NULL"
"RNDBOT","23208","9","3","1","0","NULL","0","NULL","NULL"
"RNDBOT","23209","9","8","1","0","NULL","0","NULL","NULL"
"RNDBOT","23210","10","3","1","0","NULL","0","NULL","NULL"
"RNDBOT","23211","9","9","1","0","NULL","0","NULL","NULL"
"RNDBOT","23212","6","11","1","0","NULL","0","NULL","NULL"
"RNDBOT","23213","1","3","1","0","NULL","0","NULL","NULL"
"RNDBOT","23214","10","5","1","0","NULL","0","NULL","NULL"
"RNDBOT","23215","9","4","1","0","NULL","0","NULL","NULL"
"RNDBOT","23216","4","11","1","0","NULL","0","NULL","NULL"
"RNDBOT","23217","10","4","1","0","NULL","0","NULL","NULL"
"RNDBOT","23218","10","8","1","0","NULL","0","NULL","NULL"
"RNDBOT","23219","9","8","1","0","NULL","0","NULL","NULL"
"RNDBOT","23220","10","4","1","0","NULL","0","NULL","NULL"
"RNDBOT","23221","9","9","1","0","NULL","0","NULL","NULL"
"RNDBOT","23222","6","3","1","0","NULL","0","NULL","NULL"
"RNDBOT","23223","5","4","1","0","NULL","0","NULL","NULL"
"RNDBOT","23224","4","3","1","0","NULL","0","NULL","NULL"
"RNDBOT","23225","2","3","1","0","NULL","0","NULL","NULL"
"RNDBOT","23226","7","9","1","0","NULL","0","NULL","NULL"
"RNDBOT","23227","10","5","1","0","NULL","0","NULL","NULL"
"RNDBOT","23228","1","9","1","0","NULL","0","NULL","NULL"
"RNDBOT","23229","8","4","1","0","NULL","0","NULL","NULL"
"RNDBOT","23230","7","8","1","0","NULL","0","NULL","NULL"
"RNDBOT","23231","1","3","1","0","NULL","0","NULL","NULL"
"RNDBOT","23232","4","3","1","0","NULL","0","NULL","NULL"
"RNDBOT","23233","3","2","1","0","NULL","0","NULL","NULL"
"RNDBOT","23234","8","3","1","0","NULL","0","NULL","NULL"
"RNDBOT","23235","10","5","1","0","NULL","0","NULL","NULL"
"RNDBOT","23236","2","7","1","0","NULL","0","NULL","NULL"
"RNDBOT","23237","10","8","1","0","NULL","0","NULL","NULL"
"RNDBOT","23238","2","7","1","0","NULL","0","NULL","NULL"
"RNDBOT","23239","1","2","1","0","NULL","0","NULL","NULL"
"RNDBOT","23240","6","1","1","0","NULL","0","NULL","NULL"
"RNDBOT","23241","9","1","1","0","NULL","0","NULL","NULL"
"RNDBOT","23242","5","9","1","0","NULL","0","NULL","NULL"
"RNDBOT","23243","10","3","1","0","NULL","0","NULL","NULL"
"RNDBOT","23244","1","8","1","0","NULL","0","NULL","NULL"
"RNDBOT","23245","10","4","1","0","NULL","0","NULL","NULL"
"RNDBOT","23246","6","7","1","0","NULL","0","NULL","NULL"
"RNDBOT","23247","10","8","1","0","NULL","0","NULL","NULL"
"RNDBOT","23248","1","1","1","0","NULL","0","NULL","NULL"
"RNDBOT","23249","9","9","1","0","NULL","0","NULL","NULL"
"RNDBOT","23250","1","1","1","0","NULL","0","NULL","NULL"
"RNDBOT","23251","7","8","1","0","NULL","0","NULL","NULL"
"RNDBOT","23252","10","4","1","0","NULL","0","NULL","NULL"
"RNDBOT","23253","10","1","1","0","NULL","0","NULL","NULL"
"RNDBOT","23254","1","2","1","0","NULL","0","NULL","NULL"
"RNDBOT","23255","1","3","1","0","NULL","0","NULL","NULL"
"RNDBOT","23256","5","1","1","0","NULL","0","NULL","NULL"
"RNDBOT","23257","10","8","1","0","NULL","0","NULL","NULL"
"RNDBOT","23258","10","2","1","0","NULL","0","NULL","NULL"
"RNDBOT","23259","9","1","1","0","NULL","0","NULL","NULL"
"RNDBOT","23260","10","8","1","0","NULL","0","NULL","NULL"
"RNDBOT","23261","6","1","1","0","NULL","0","NULL","NULL"
"RNDBOT","23262","10","3","1","0","NULL","0","NULL","NULL"
"RNDBOT","23263","9","4","1","0","NULL","0","NULL","NULL"
"RNDBOT","23264","4","3","1","0","NULL","0","NULL","NULL"
"RNDBOT","23265","1","2","1","0","NULL","0","NULL","NULL"
"RNDBOT","23266","5","5","1","0","NULL","0","NULL","NULL"
"RNDBOT","23267","9","9","1","0","NULL","0","NULL","NULL"
"RNDBOT","23268","7","9","1","0","NULL","0","NULL","NULL"
"RNDBOT","23269","4","4","1","0","NULL","0","NULL","NULL"
"RNDBOT","23270","6","1","1","0","NULL","0","NULL","NULL"
"RNDBOT","23271","5","8","1","0","NULL","0","NULL","NULL"
"RNDBOT","23272","5","4","1","0","NULL","0","NULL","NULL"
"RNDBOT","23273","9","3","1","0","NULL","0","NULL","NULL"
"RNDBOT","23274","10","4","1","0","NULL","0","NULL","NULL"
"RNDBOT","23275","1","1","1","0","NULL","0","NULL","NULL"
"RNDBOT","23276","9","4","1","0","NULL","0","NULL","NULL"
"RNDBOT","23277","10","3","1","0","NULL","0","NULL","NULL"
"RNDBOT","23278","7","8","1","0","NULL","0","NULL","NULL"
"RNDBOT","23279","9","3","1","0","NULL","0","NULL","NULL"
"RNDBOT","23280","4","11","1","0","NULL","0","NULL","NULL"
"RNDBOT","23281","2","7","1","0","NULL","0","NULL","NULL"
"RNDBOT","23282","4","11","1","0","NULL","0","NULL","NULL"
"RNDBOT","23283","5","4","1","0","NULL","0","NULL","NULL"
"RNDBOT","23284","9","4","1","0","NULL","0","NULL","NULL"
"RNDBOT","23285","4","11","1","0","NULL","0","NULL","NULL"
"RNDBOT","23286","2","3","5","0","NULL","0","NULL","NULL"
"RNDBOT","23287","10","5","6","0","NULL","0","NULL","NULL"
"RNDBOT","23288","10","3","1","0","NULL","0","NULL","NULL"
"RNDBOT","23289","1","9","6","0","NULL","0","NULL","NULL"
"RNDBOT","23290","10","8","8","0","NULL","0","NULL","NULL"
"RNDBOT","23291","7","4","1","0","NULL","0","NULL","NULL"
"RNDBOT","23292","1","4","6","0","NULL","0","NULL","NULL"
"RNDBOT","23293","1","3","7","1","Leatherworking:1/75","1","Fishing:1/75","NULL"
"RNDBOT","23294","4","5","1","0","NULL","0","NULL","NULL"
"RNDBOT","23295","4","5","1","0","NULL","0","NULL","NULL"
"RNDBOT","23296","4","5","1","0","NULL","0","NULL","NULL"
"RNDBOT","23297","4","11","1","0","NULL","0","NULL","NULL"
"RNDBOT","23298","5","8","1","0","NULL","0","NULL","NULL"
"RNDBOT","23299","3","3","1","0","NULL","0","NULL","NULL"
"RNDBOT","23300","1","3","1","0","NULL","0","NULL","NULL"
"RNDBOT","23301","9","3","1","0","NULL","0","NULL","NULL"
"RNDBOT","23302","1","3","1","0","NULL","0","NULL","NULL"
"RNDBOT","23303","9","3","1","0","NULL","0","NULL","NULL"
"RNDBOT","23304","3","5","1","0","NULL","0","NULL","NULL"
"RNDBOT","23305","5","5","1","0","NULL","0","NULL","NULL"
"RNDBOT","23306","10","5","1","0","NULL","0","NULL","NULL"
"RNDBOT","23307","9","9","1","0","NULL","0","NULL","NULL"
"RNDBOT","23308","4","11","1","0","NULL","0","NULL","NULL"
"RNDBOT","23309","5","9","1","0","NULL","0","NULL","NULL"
"RNDBOT","23310","10","5","1","0","NULL","0","NULL","NULL"
"RNDBOT","23311","10","4","1","0","NULL","0","NULL","NULL"
"RNDBOT","23312","3","2","1","0","NULL","0","NULL","NULL"
"RNDBOT","23313","5","9","1","0","NULL","0","NULL","NULL"
"RNDBOT","23314","10","8","1","0","NULL","0","NULL","NULL"
"RNDBOT","23315","4","3","1","0","NULL","0","NULL","NULL"
"RNDBOT","23316","4","4","1","0","NULL","0","NULL","NULL"
"RNDBOT","23317","10","5","1","0","NULL","0","NULL","NULL"
"RNDBOT","23318","4","4","1","0","NULL","0","NULL","NULL"
"RNDBOT","23319","5","8","1","0","NULL","0","NULL","NULL"
"RNDBOT","23320","1","9","1","0","NULL","0","NULL","NULL"
"RNDBOT","23321","9","3","1","0","NULL","0","NULL","NULL"
"RNDBOT","23322","4","4","1","0","NULL","0","NULL","NULL"
"RNDBOT","23323","5","8","1","0","NULL","0","NULL","NULL"
"RNDBOT","23324","5","9","1","0","NULL","0","NULL","NULL"
"RNDBOT","23325","9","3","1","0","NULL","0","NULL","NULL"
"RNDBOT","23326","6","1","1","0","NULL","0","NULL","NULL"
"RNDBOT","23327","4","3","1","0","NULL","0","NULL","NULL"
"RNDBOT","23328","1","8","1","0","NULL","0","NULL","NULL"
"RNDBOT","23329","9","4","1","0","NULL","0","NULL","NULL"
"RNDBOT","23330","2","9","1","0","NULL","0","NULL","NULL"
"RNDBOT","23331","9","8","1","0","NULL","0","NULL","NULL"
"RNDBOT","23332","1","3","1","0","NULL","0","NULL","NULL"
"RNDBOT","23333","10","2","1","0","NULL","0","NULL","NULL"
"RNDBOT","23334","9","3","1","0","NULL","0","NULL","NULL"
"RNDBOT","23335","10","2","1","0","NULL","0","NULL","NULL"
"RNDBOT","23336","1","2","1","0","NULL","0","NULL","NULL"
"RNDBOT","23337","4","4","1","0","NULL","0","NULL","NULL"
"RNDBOT","23338","9","1","1","0","NULL","0","NULL","NULL"
"RNDBOT","23339","9","8","1","0","NULL","0","NULL","NULL"
"RNDBOT","23340","9","4","1","0","NULL","0","NULL","NULL"
"RNDBOT","23341","9","1","1","0","NULL","0","NULL","NULL"
"RNDBOT","23342","2","7","1","0","NULL","0","NULL","NULL"
"RNDBOT","23343","10","3","1","0","NULL","0","NULL","NULL"
"RNDBOT","23344","1","3","1","0","NULL","0","NULL","NULL"
"RNDBOT","23345","1","2","1","0","NULL","0","NULL","NULL"
"RNDBOT","23346","5","5","1","0","NULL","0","NULL","NULL"
"RNDBOT","23347","9","1","1","0","NULL","0","NULL","NULL"
"RNDBOT","23348","9","8","1","0","NULL","0","NULL","NULL"
"RNDBOT","23349","4","3","1","0","NULL","0","NULL","NULL"
"RNDBOT","23350","9","8","1","0","NULL","0","NULL","NULL"
"RNDBOT","23351","9","9","1","0","NULL","0","NULL","NULL"
"RNDBOT","23352","4","11","1","0","NULL","0","NULL","NULL"
"RNDBOT","23353","9","8","1","0","NULL","0","NULL","NULL"
"RNDBOT","23354","1","5","1","0","NULL","0","NULL","NULL"
"RNDBOT","23355","7","9","1","0","NULL","0","NULL","NULL"
"RNDBOT","23356","1","2","1","0","NULL","0","NULL","NULL"
"RNDBOT","23357","9","4","1","0","NULL","0","NULL","NULL"
"RNDBOT","23358","10","5","1","0","NULL","0","NULL","NULL"
"RNDBOT","23359","8","1","1","0","NULL","0","NULL","NULL"
"RNDBOT","23360","4","3","1","0","NULL","0","NULL","NULL"
"RNDBOT","23361","1","2","1","0","NULL","0","NULL","NULL"
"RNDBOT","23362","10","1","1","0","NULL","0","NULL","NULL"
"RNDBOT","23363","6","3","1","0","NULL","0","NULL","NULL"
"RNDBOT","23364","5","9","1","0","NULL","0","NULL","NULL"
"RNDBOT","23365","9","8","1","0","NULL","0","NULL","NULL"
"RNDBOT","23366","10","1","1","0","NULL","0","NULL","NULL"
"RNDBOT","23367","10","8","1","0","NULL","0","NULL","NULL"
"RNDBOT","23368","10","4","1","0","NULL","0","NULL","NULL"
"RNDBOT","23369","9","1","1","0","NULL","0","NULL","NULL"
"RNDBOT","23370","5","8","1","0","NULL","0","NULL","NULL"
"RNDBOT","23371","3","5","1","0","NULL","0","NULL","NULL"
"RNDBOT","23372","2","1","1","0","NULL","0","NULL","NULL"
"RNDBOT","23373","10","5","1","0","NULL","0","NULL","NULL"
"RNDBOT","23374","9","4","1","0","NULL","0","NULL","NULL"
"RNDBOT","23375","5","1","1","0","NULL","0","NULL","NULL"
"RNDBOT","23376","10","1","1","0","NULL","0","NULL","NULL"
"RNDBOT","23377","9","1","1","0","NULL","0","NULL","NULL"
"RNDBOT","23378","10","3","1","0","NULL","0","NULL","NULL"
"RNDBOT","23379","4","4","1","0","NULL","0","NULL","NULL"
"RNDBOT","23380","5","9","1","0","NULL","0","NULL","NULL"
"RNDBOT","23381","6","1","1","0","NULL","0","NULL","NULL"
"RNDBOT","23382","10","3","1","0","NULL","0","NULL","NULL"
"RNDBOT","23383","1","4","1","0","NULL","0","NULL","NULL"
"RNDBOT","23384","9","4","1","0","NULL","0","NULL","NULL"
"RNDBOT","23385","6","7","1","0","NULL","0","NULL","NULL"
"RNDBOT","23386","5","1","1","0","NULL","0","NULL","NULL"
"RNDBOT","23387","1","5","1","0","NULL","0","NULL","NULL"
"RNDBOT","23388","1","1","1","0","NULL","0","NULL","NULL"
"RNDBOT","23389","9","3","1","0","NULL","0","NULL","NULL"
"RNDBOT","23390","6","11","1","0","NULL","0","NULL","NULL"
"RNDBOT","23391","6","1","1","0","NULL","0","NULL","NULL"
"RNDBOT","23392","4","4","1","0","NULL","0","NULL","NULL"
"RNDBOT","23393","10","1","1","0","NULL","0","NULL","NULL"
"RNDBOT","23394","1","5","1","0","NULL","0","NULL","NULL"
"RNDBOT","23395","9","9","1","0","NULL","0","NULL","NULL"
"RNDBOT","23396","9","3","1","0","NULL","0","NULL","NULL"
"RNDBOT","23397","6","11","1","0","NULL","0","NULL","NULL"
"RNDBOT","23398","4","11","1","0","NULL","0","NULL","NULL"
"RNDBOT","23399","7","9","1","0","NULL","0","NULL","NULL"
"RNDBOT","23400","3","3","1","0","NULL","0","NULL","NULL"
"RNDBOT","23401","1","3","1","0","NULL","0","NULL","NULL"
"RNDBOT","23402","10","4","1","0","NULL","0","NULL","NULL"
"RNDBOT","23403","4","11","1","0","NULL","0","NULL","NULL"
"RNDBOT","23404","10","8","1","0","NULL","0","NULL","NULL"
"RNDBOT","23405","5","9","1","0","NULL","0","NULL","NULL"
"RNDBOT","23406","3","3","1","0","NULL","0","NULL","NULL"
"RNDBOT","23407","1","2","1","0","NULL","0","NULL","NULL"
"RNDBOT","23408","10","1","1","0","NULL","0","NULL","NULL"
"RNDBOT","23409","10","4","1","0","NULL","0","NULL","NULL"
"RNDBOT","23410","4","4","1","0","NULL","0","NULL","NULL"
"RNDBOT","23411","4","4","1","0","NULL","0","NULL","NULL"
"RNDBOT","23412","1","4","1","0","NULL","0","NULL","NULL"
"RNDBOT","23413","6","3","1","0","NULL","0","NULL","NULL"
"RNDBOT","23414","9","8","1","0","NULL","0","NULL","NULL"
"RNDBOT","23415","9","1","1","0","NULL","0","NULL","NULL"
"RNDBOT","23416","9","4","1","0","NULL","0","NULL","NULL"
"RNDBOT","23417","5","4","1","0","NULL","0","NULL","NULL"
"RNDBOT","23418","9","9","1","0","NULL","0","NULL","NULL"
"RNDBOT","23419","5","4","1","0","NULL","0","NULL","NULL"
"RNDBOT","23420","10","4","1","0","NULL","0","NULL","NULL"
"RNDBOT","23421","9","8","1","0","NULL","0","NULL","NULL"
"RNDBOT","23422","1","8","1","0","NULL","0","NULL","NULL"
"RNDBOT","23423","4","4","1","0","NULL","0","NULL","NULL"
"RNDBOT","23424","9","1","1","0","NULL","0","NULL","NULL"
"RNDBOT","23425","9","9","1","0","NULL","0","NULL","NULL"
"RNDBOT","23426","7","8","1","0","NULL","0","NULL","NULL"
"RNDBOT","23427","8","7","1","0","NULL","0","NULL","NULL"
"RNDBOT","23428","1","9","1","0","NULL","0","NULL","NULL"
"RNDBOT","23429","4","4","1","0","NULL","0","NULL","NULL"
"RNDBOT","23430","10","5","1","0","NULL","0","NULL","NULL"
"RNDBOT","23431","3","2","1","0","NULL","0","NULL","NULL"
"RNDBOT","23432","5","4","1","0","NULL","0","NULL","NULL"
"RNDBOT","23433","1","3","1","0","NULL","0","NULL","NULL"
"RNDBOT","23434","9","8","1","0","NULL","0","NULL","NULL"
"RNDBOT","23435","10","3","1","0","NULL","0","NULL","NULL"
"RNDBOT","23436","10","2","1","0","NULL","0","NULL","NULL"
"RNDBOT","23437","10","3","1","0","NULL","0","NULL","NULL"
"RNDBOT","23438","9","8","1","0","NULL","0","NULL","NULL"
"RNDBOT","23439","3","3","1","0","NULL","0","NULL","NULL"
"RNDBOT","23440","4","3","1","0","NULL","0","NULL","NULL"
"RNDBOT","23441","10","4","1","0","NULL","0","NULL","NULL"
"RNDBOT","23442","1","1","1","0","NULL","0","NULL","NULL"
"RNDBOT","23443","9","9","1","0","NULL","0","NULL","NULL"
"RNDBOT","23444","9","8","1","0","NULL","0","NULL","NULL"
"RNDBOT","23445","10","3","1","0","NULL","0","NULL","NULL"
"RNDBOT","23446","9","1","1","0","NULL","0","NULL","NULL"
"RNDBOT","23447","10","1","1","0","NULL","0","NULL","NULL"
"RNDBOT","23448","1","3","1","0","NULL","0","NULL","NULL"
"RNDBOT","23449","7","8","1","0","NULL","0","NULL","NULL"
"RNDBOT","23450","3","2","1","0","NULL","0","NULL","NULL"
"RNDBOT","23451","8","8","1","0","NULL","0","NULL","NULL"
"RNDBOT","23452","9","4","1","0","NULL","0","NULL","NULL"
"RNDBOT","23453","5","5","1","0","NULL","0","NULL","NULL"
"RNDBOT","23454","9","8","1","0","NULL","0","NULL","NULL"
"RNDBOT","23455","10","2","1","0","NULL","0","NULL","NULL"
"RNDBOT","23456","6","1","1","0","NULL","0","NULL","NULL"
"RNDBOT","23457","5","9","1","0","NULL","0","NULL","NULL"
"RNDBOT","23458","1","3","1","0","NULL","0","NULL","NULL"
"RNDBOT","23459","4","4","1","0","NULL","0","NULL","NULL"
"RNDBOT","23460","10","8","1","0","NULL","0","NULL","NULL"
"RNDBOT","23461","9","8","1","0","NULL","0","NULL","NULL"
"RNDBOT","23462","5","8","1","0","NULL","0","NULL","NULL"
"RNDBOT","23463","10","3","1","0","NULL","0","NULL","NULL"
"RNDBOT","23464","9","1","1","0","NULL","0","NULL","NULL"
"RNDBOT","23465","5","8","1","0","NULL","0","NULL","NULL"
"RNDBOT","23466","10","5","1","0","NULL","0","NULL","NULL"
"RNDBOT","23467","1","9","1","0","NULL","0","NULL","NULL"
"RNDBOT","23468","4","4","1","0","NULL","0","NULL","NULL"
"RNDBOT","23469","10","2","1","0","NULL","0","NULL","NULL"
"RNDBOT","23470","8","3","1","0","NULL","0","NULL","NULL"
"RNDBOT","23471","4","3","1","0","NULL","0","NULL","NULL"
"RNDBOT","23472","2","3","1","0","NULL","0","NULL","NULL"
"RNDBOT","23473","4","5","1","0","NULL","0","NULL","NULL"
"RNDBOT","23474","1","3","1","0","NULL","0","NULL","NULL"
"RNDBOT","23475","6","11","1","0","NULL","0","NULL","NULL"
"RNDBOT","23476","9","4","1","0","NULL","0","NULL","NULL"
"RNDBOT","23477","1","2","1","0","NULL","0","NULL","NULL"
"RNDBOT","23478","9","8","1","0","NULL","0","NULL","NULL"
"RNDBOT","23479","5","9","1","0","NULL","0","NULL","NULL"
"RNDBOT","23480","4","4","1","0","NULL","0","NULL","NULL"
"RNDBOT","23481","4","3","1","0","NULL","0","NULL","NULL"
"RNDBOT","23482","9","1","1","0","NULL","0","NULL","NULL"
"RNDBOT","23483","9","9","1","0","NULL","0","NULL","NULL"
"RNDBOT","23484","5","8","1","0","NULL","0","NULL","NULL"
"RNDBOT","23485","1","2","1","0","NULL","0","NULL","NULL"
"RNDBOT","23486","10","3","1","0","NULL","0","NULL","NULL"
"RNDBOT","23487","10","1","1","0","NULL","0","NULL","NULL"
"RNDBOT","23488","9","1","1","0","NULL","0","NULL","NULL"
"RNDBOT","23489","9","1","1","0","NULL","0","NULL","NULL"
"RNDBOT","23490","5","9","1","0","NULL","0","NULL","NULL"
"RNDBOT","23491","9","4","1","0","NULL","0","NULL","NULL"
"RNDBOT","23492","9","3","1","0","NULL","0","NULL","NULL"
"RNDBOT","23493","1","8","1","0","NULL","0","NULL","NULL"
"RNDBOT","23494","4","11","1","0","NULL","0","NULL","NULL"
"RNDBOT","23495","10","5","1","0","NULL","0","NULL","NULL"
"RNDBOT","23496","4","11","1","0","NULL","0","NULL","NULL"
"RNDBOT","23497","5","5","1","0","NULL","0","NULL","NULL"
"RNDBOT","23498","1","1","1","0","NULL","0","NULL","NULL"
"RNDBOT","23499","5","9","1","0","NULL","0","NULL","NULL"
"RNDBOT","23500","6","3","1","0","NULL","0","NULL","NULL"
"RNDBOT","23501","10","1","1","0","NULL","0","NULL","NULL"
"RNDBOT","23502","9","8","1","0","NULL","0","NULL","NULL"
"RNDBOT","23503","10","2","1","0","NULL","0","NULL","NULL"
"RNDBOT","23504","3","3","1","0","NULL","0","NULL","NULL"
"RNDBOT","23505","1","1","1","0","NULL","0","NULL","NULL"
"RNDBOT","23506","8","3","5","0","NULL","0","NULL","NULL"
"RNDBOT","23507","1","2","1","0","NULL","0","NULL","NULL"
"RNDBOT","23508","1","8","5","0","NULL","0","NULL","NULL"
"RNDBOT","23509","6","1","1","0","NULL","0","NULL","NULL"
"RNDBOT","23510","1","1","1","0","NULL","0","NULL","NULL"
"RNDBOT","23511","2","3","1","0","NULL","0","NULL","NULL"
"RNDBOT","23512","10","1","1","0","NULL","0","NULL","NULL"
"RNDBOT","23513","1","1","1","0","NULL","0","NULL","NULL"
"RNDBOT","23514","1","2","1","0","NULL","0","NULL","NULL"
"RNDBOT","23515","6","7","1","0","NULL","0","NULL","NULL"
"RNDBOT","23516","9","4","1","0","NULL","0","NULL","NULL"
"RNDBOT","23517","8","8","1","0","NULL","0","NULL","NULL"
"RNDBOT","23518","9","9","1","0","NULL","0","NULL","NULL"
"RNDBOT","23519","5","4","1","0","NULL","0","NULL","NULL"
"RNDBOT","23520","4","3","1","0","NULL","0","NULL","NULL"
"RNDBOT","23521","9","8","1","0","NULL","0","NULL","NULL"
"RNDBOT","23522","9","8","1","0","NULL","0","NULL","NULL"
"RNDBOT","23523","8","8","1","0","NULL","0","NULL","NULL"
"RNDBOT","23524","4","3","1","0","NULL","0","NULL","NULL"
"RNDBOT","23525","6","11","1","0","NULL","0","NULL","NULL"
"RNDBOT","23526","5","8","1","0","NULL","0","NULL","NULL"
"RNDBOT","23527","5","4","1","0","NULL","0","NULL","NULL"
"RNDBOT","23528","10","5","1","0","NULL","0","NULL","NULL"
"RNDBOT","23529","10","5","1","0","NULL","0","NULL","NULL"
"RNDBOT","23530","4","1","1","0","NULL","0","NULL","NULL"
"RNDBOT","23531","9","1","1","0","NULL","0","NULL","NULL"
"RNDBOT","23532","5","1","1","0","NULL","0","NULL","NULL"
"RNDBOT","23533","10","5","1","0","NULL","0","NULL","NULL"
"RNDBOT","23534","9","8","1","0","NULL","0","NULL","NULL"
"RNDBOT","23535","10","2","1","0","NULL","0","NULL","NULL"
"RNDBOT","23536","2","3","1","0","NULL","0","NULL","NULL"
"RNDBOT","23537","5","5","1","0","NULL","0","NULL","NULL"
"RNDBOT","23538","7","9","1","0","NULL","0","NULL","NULL"
"RNDBOT","23539","10","2","1","0","NULL","0","NULL","NULL"
"RNDBOT","23540","9","1","1","0","NULL","0","NULL","NULL"
"RNDBOT","23541","10","4","1","0","NULL","0","NULL","NULL"
"RNDBOT","23542","1","3","1","0","NULL","0","NULL","NULL"
"RNDBOT","23543","9","4","1","0","NULL","0","NULL","NULL"
"RNDBOT","23544","4","3","1","0","NULL","0","NULL","NULL"
"RNDBOT","23545","5","5","1","0","NULL","0","NULL","NULL"
"RNDBOT","23546","5","1","1","0","NULL","0","NULL","NULL"
"RNDBOT","23547","9","8","1","0","NULL","0","NULL","NULL"
"RNDBOT","23548","10","2","1","0","NULL","0","NULL","NULL"
"RNDBOT","23549","4","11","1","0","NULL","0","NULL","NULL"
"RNDBOT","23550","10","4","1","0","NULL","0","NULL","NULL"
"RNDBOT","23551","6","7","1","0","NULL","0","NULL","NULL"
"RNDBOT","23552","6","11","1","0","NULL","0","NULL","NULL"
"RNDBOT","23553","4","5","1","0","NULL","0","NULL","NULL"
"RNDBOT","23554","8","3","1","0","NULL","0","NULL","NULL"
"RNDBOT","23555","10","3","1","0","NULL","0","NULL","NULL"
"RNDBOT","23556","5","8","1","0","NULL","0","NULL","NULL"
"RNDBOT","23557","1","3","1","0","NULL","0","NULL","NULL"
"RNDBOT","23558","4","3","1","0","NULL","0","NULL","NULL"
"RNDBOT","23559","9","4","1","0","NULL","0","NULL","NULL"
"RNDBOT","23560","4","3","1","0","NULL","0","NULL","NULL"
"RNDBOT","23561","10","8","1","0","NULL","0","NULL","NULL"
"RNDBOT","23562","1","4","1","0","NULL","0","NULL","NULL"
"RNDBOT","23563","9","9","1","0","NULL","0","NULL","NULL"
"RNDBOT","23564","10","5","1","0","NULL","0","NULL","NULL"
"RNDBOT","23565","10","3","1","0","NULL","0","NULL","NULL"
"RNDBOT","23566","3","2","1","0","NULL","0","NULL","NULL"
"RNDBOT","23567","10","4","1","0","NULL","0","NULL","NULL"
"RNDBOT","23568","1","4","1","0","NULL","0","NULL","NULL"
"RNDBOT","23569","8","4","1","0","NULL","0","NULL","NULL"
"RNDBOT","23570","2","1","1","0","NULL","0","NULL","NULL"
"RNDBOT","23571","2","7","1","0","NULL","0","NULL","NULL"
"RNDBOT","23572","2","4","1","0","NULL","0","NULL","NULL"
"RNDBOT","23573","10","3","1","0","NULL","0","NULL","NULL"
"RNDBOT","23574","2","4","1","0","NULL","0","NULL","NULL"
"RNDBOT","23575","8","4","1","0","NULL","0","NULL","NULL"
"RNDBOT","23576","9","4","1","0","NULL","0","NULL","NULL"
"RNDBOT","23577","3","3","1","0","NULL","0","NULL","NULL"
"RNDBOT","23578","5","8","1","0","NULL","0","NULL","NULL"
"RNDBOT","23579","4","11","1","0","NULL","0","NULL","NULL"
"RNDBOT","23580","9","8","1","0","NULL","0","NULL","NULL"
"RNDBOT","23581","9","4","1","0","NULL","0","NULL","NULL"
"RNDBOT","23582","2","3","1","0","NULL","0","NULL","NULL"
"RNDBOT","23583","9","8","1","0","NULL","0","NULL","NULL"
"RNDBOT","23584","9","8","1","0","NULL","0","NULL","NULL"
"RNDBOT","23585","10","3","1","0","NULL","0","NULL","NULL"
"RNDBOT","23586","1","3","1","0","NULL","0","NULL","NULL"
"RNDBOT","23587","9","1","1","0","NULL","0","NULL","NULL"
"RNDBOT","23588","10","3","1","0","NULL","0","NULL","NULL"
"RNDBOT","23589","10","1","1","0","NULL","0","NULL","NULL"
"RNDBOT","23590","10","1","1","0","NULL","0","NULL","NULL"
"RNDBOT","23591","9","1","1","0","NULL","0","NULL","NULL"
"RNDBOT","23592","7","1","1","0","NULL","0","NULL","NULL"
"RNDBOT","23593","10","1","1","0","NULL","0","NULL","NULL"
"RNDBOT","23594","3","2","1","0","NULL","0","NULL","NULL"
"RNDBOT","23595","10","3","1","0","NULL","0","NULL","NULL"
"RNDBOT","23596","9","1","1","0","NULL","0","NULL","NULL"
"RNDBOT","23597","1","3","1","0","NULL","0","NULL","NULL"
"RNDBOT","23598","4","11","1","0","NULL","0","NULL","NULL"
"RNDBOT","23599","4","11","1","0","NULL","0","NULL","NULL"
"RNDBOT","23600","10","4","1","0","NULL","0","NULL","NULL"
"RNDBOT","23601","10","3","1","0","NULL","0","NULL","NULL"
"RNDBOT","23602","9","9","1","0","NULL","0","NULL","NULL"
"RNDBOT","23603","4","3","1","0","NULL","0","NULL","NULL"
"RNDBOT","23604","1","8","1","0","NULL","0","NULL","NULL"
"RNDBOT","23605","5","4","1","0","NULL","0","NULL","NULL"
"RNDBOT","23606","6","7","1","0","NULL","0","NULL","NULL"
"RNDBOT","23607","9","8","1","0","NULL","0","NULL","NULL"
"RNDBOT","23608","6","11","1","0","NULL","0","NULL","NULL"
"RNDBOT","23609","1","5","1","0","NULL","0","NULL","NULL"
"RNDBOT","23610","9","1","1","0","NULL","0","NULL","NULL"
"RNDBOT","23611","7","8","1","0","NULL","0","NULL","NULL"
"RNDBOT","23612","1","1","1","0","NULL","0","NULL","NULL"
"RNDBOT","23613","9","4","1","0","NULL","0","NULL","NULL"
"RNDBOT","23614","9","3","1","0","NULL","0","NULL","NULL"
"RNDBOT","23615","9","4","1","0","NULL","0","NULL","NULL"
"RNDBOT","23616","7","9","1","0","NULL","0","NULL","NULL"
"RNDBOT","23617","3","1","1","0","NULL","0","NULL","NULL"
"RNDBOT","23618","4","11","1","0","NULL","0","NULL","NULL"
"RNDBOT","23619","7","4","1","0","NULL","0","NULL","NULL"
"RNDBOT","23620","1","2","1","0","NULL","0","NULL","NULL"
"RNDBOT","23621","5","8","1","0","NULL","0","NULL","NULL"
"RNDBOT","23622","1","3","1","0","NULL","0","NULL","NULL"
"RNDBOT","23623","4","11","1","0","NULL","0","NULL","NULL"
"RNDBOT","23624","9","9","1","0","NULL","0","NULL","NULL"
"RNDBOT","23625","10","3","1","0","NULL","0","NULL","NULL"
"RNDBOT","23626","10","2","1","0","NULL","0","NULL","NULL"
"RNDBOT","23627","4","3","1","0","NULL","0","NULL","NULL"
"RNDBOT","23628","5","5","1","0","NULL","0","NULL","NULL"
"RNDBOT","23629","4","3","1","0","NULL","0","NULL","NULL"
"RNDBOT","23630","10","1","1","0","NULL","0","NULL","NULL"
"RNDBOT","23631","10","8","1","0","NULL","0","NULL","NULL"
"RNDBOT","23632","3","3","1","0","NULL","0","NULL","NULL"
"RNDBOT","23633","4","11","1","0","NULL","0","NULL","NULL"
"RNDBOT","23634","10","3","1","0","NULL","0","NULL","NULL"
"RNDBOT","23635","10","8","1","0","NULL","0","NULL","NULL"
"RNDBOT","23636","9","1","1","0","NULL","0","NULL","NULL"
"RNDBOT","23637","1","5","1","0","NULL","0","NULL","NULL"
"RNDBOT","23638","9","8","1","0","NULL","0","NULL","NULL"
"RNDBOT","23639","10","5","1","0","NULL","0","NULL","NULL"
"RNDBOT","23640","10","5","1","0","NULL","0","NULL","NULL"
"RNDBOT","23641","1","1","1","0","NULL","0","NULL","NULL"
"RNDBOT","23642","10","8","1","0","NULL","0","NULL","NULL"
"RNDBOT","23643","1","3","1","0","NULL","0","NULL","NULL"
"RNDBOT","23644","1","4","1","0","NULL","0","NULL","NULL"
"RNDBOT","23645","10","1","1","0","NULL","0","NULL","NULL"
"RNDBOT","23646","1","3","1","0","NULL","0","NULL","NULL"
"RNDBOT","23647","5","4","1","0","NULL","0","NULL","NULL"
"RNDBOT","23648","3","3","1","0","NULL","0","NULL","NULL"
"RNDBOT","23649","6","1","1","0","NULL","0","NULL","NULL"
"RNDBOT","23650","2","7","1","0","NULL","0","NULL","NULL"
"RNDBOT","23651","1","9","1","0","NULL","0","NULL","NULL"
"RNDBOT","23652","1","2","1","0","NULL","0","NULL","NULL"
"RNDBOT","23653","1","3","1","0","NULL","0","NULL","NULL"
"RNDBOT","23654","10","3","1","0","NULL","0","NULL","NULL"
"RNDBOT","23655","1","2","1","0","NULL","0","NULL","NULL"
"RNDBOT","23656","9","3","1","0","NULL","0","NULL","NULL"
"RNDBOT","23657","10","8","1","0","NULL","0","NULL","NULL"
"RNDBOT","23658","5","9","1","0","NULL","0","NULL","NULL"
"RNDBOT","23659","1","9","1","0","NULL","0","NULL","NULL"
"RNDBOT","23660","2","3","1","0","NULL","0","NULL","NULL"
"RNDBOT","23661","9","3","1","0","NULL","0","NULL","NULL"
"RNDBOT","23662","3","3","1","0","NULL","0","NULL","NULL"
"RNDBOT","23663","1","9","1","0","NULL","0","NULL","NULL"
"RNDBOT","23664","5","9","1","0","NULL","0","NULL","NULL"
"RNDBOT","23665","7","1","1","0","NULL","0","NULL","NULL"
"RNDBOT","23666","8","8","1","0","NULL","0","NULL","NULL"
"RNDBOT","23667","9","8","1","0","NULL","0","NULL","NULL"
"RNDBOT","23668","10","2","1","0","NULL","0","NULL","NULL"
"RNDBOT","23669","10","4","1","0","NULL","0","NULL","NULL"
"RNDBOT","23670","10","5","1","0","NULL","0","NULL","NULL"
"RNDBOT","23671","4","11","1","0","NULL","0","NULL","NULL"
"RNDBOT","23672","5","5","1","0","NULL","0","NULL","NULL"
"RNDBOT","23673","10","2","1","0","NULL","0","NULL","NULL"
"RNDBOT","23674","4","11","1","0","NULL","0","NULL","NULL"
"RNDBOT","23675","10","4","1","0","NULL","0","NULL","NULL"
"RNDBOT","23676","1","3","1","0","NULL","0","NULL","NULL"
"RNDBOT","23677","9","3","1","0","NULL","0","NULL","NULL"
"RNDBOT","23678","5","4","1","0","NULL","0","NULL","NULL"
"RNDBOT","23679","1","2","1","0","NULL","0","NULL","NULL"
"RNDBOT","23680","3","2","1","0","NULL","0","NULL","NULL"
"RNDBOT","23681","9","9","1","0","NULL","0","NULL","NULL"
"RNDBOT","23682","9","3","1","0","NULL","0","NULL","NULL"
"RNDBOT","23683","9","3","1","0","NULL","0","NULL","NULL"
"RNDBOT","23684","10","4","1","0","NULL","0","NULL","NULL"
"RNDBOT","23685","10","1","1","0","NULL","0","NULL","NULL"
"RNDBOT","23686","4","3","1","0","NULL","0","NULL","NULL"
"RNDBOT","23687","4","1","1","0","NULL","0","NULL","NULL"
"RNDBOT","23688","9","3","1","0","NULL","0","NULL","NULL"
"RNDBOT","23689","2","4","1","0","NULL","0","NULL","NULL"
"RNDBOT","23690","9","4","1","0","NULL","0","NULL","NULL"
"RNDBOT","23691","1","3","1","0","NULL","0","NULL","NULL"
"RNDBOT","23692","2","3","1","0","NULL","0","NULL","NULL"
"RNDBOT","23693","4","3","1","0","NULL","0","NULL","NULL"
"RNDBOT","23694","4","3","1","0","NULL","0","NULL","NULL"
"RNDBOT","23695","2","1","1","0","NULL","0","NULL","NULL"
"RNDBOT","23696","9","4","1","0","NULL","0","NULL","NULL"
"RNDBOT","23697","3","1","1","0","NULL","0","NULL","NULL"
"RNDBOT","23698","4","11","1","0","NULL","0","NULL","NULL"
"RNDBOT","23699","9","1","1","0","NULL","0","NULL","NULL"
"RNDBOT","23700","9","1","1","0","NULL","0","NULL","NULL"
"RNDBOT","23701","4","1","1","0","NULL","0","NULL","NULL"
"RNDBOT","23702","1","2","1","0","NULL","0","NULL","NULL"
"RNDBOT","23703","9","4","1","0","NULL","0","NULL","NULL"
"RNDBOT","23704","10","8","1","0","NULL","0","NULL","NULL"
"RNDBOT","23705","9","3","1","0","NULL","0","NULL","NULL"
"RNDBOT","23706","3","2","1","0","NULL","0","NULL","NULL"
"RNDBOT","23707","10","5","1","0","NULL","0","NULL","NULL"
"RNDBOT","23708","9","3","1","0","NULL","0","NULL","NULL"
"RNDBOT","23709","9","8","1","0","NULL","0","NULL","NULL"
"RNDBOT","23710","1","2","1","0","NULL","0","NULL","NULL"
"RNDBOT","23711","10","4","1","0","NULL","0","NULL","NULL"
"RNDBOT","23712","9","4","1","0","NULL","0","NULL","NULL"
"RNDBOT","23713","9","8","1","0","NULL","0","NULL","NULL"
"RNDBOT","23714","10","3","1","0","NULL","0","NULL","NULL"
"RNDBOT","23715","1","2","1","0","NULL","0","NULL","NULL"
"RNDBOT","23716","10","8","1","0","NULL","0","NULL","NULL"
"RNDBOT","23717","7","1","1","0","NULL","0","NULL","NULL"
"RNDBOT","23718","7","8","1","0","NULL","0","NULL","NULL"
"RNDBOT","23719","4","1","1","0","NULL","0","NULL","NULL"
"RNDBOT","23720","2","1","1","0","NULL","0","NULL","NULL"
"RNDBOT","23721","9","4","1","0","NULL","0","NULL","NULL"
"RNDBOT","23722","10","3","1","0","NULL","0","NULL","NULL"
"RNDBOT","23723","10","1","1","0","NULL","0","NULL","NULL"
"RNDBOT","23724","10","4","1","0","NULL","0","NULL","NULL"
"RNDBOT","23725","4","4","1","0","NULL","0","NULL","NULL"
"RNDBOT","23726","10","8","1","0","NULL","0","NULL","NULL"
"RNDBOT","23727","3","3","1","0","NULL","0","NULL","NULL"
"RNDBOT","23728","10","2","1","0","NULL","0","NULL","NULL"
"RNDBOT","23729","9","1","1","0","NULL","0","NULL","NULL"
"RNDBOT","23730","10","2","1","0","NULL","0","NULL","NULL"
"RNDBOT","23731","2","4","1","0","NULL","0","NULL","NULL"
"RNDBOT","23732","3","3","1","0","NULL","0","NULL","NULL"
"RNDBOT","23733","3","3","1","0","NULL","0","NULL","NULL"
"RNDBOT","23734","2","1","1","0","NULL","0","NULL","NULL"
"RNDBOT","23735","6","7","1","0","NULL","0","NULL","NULL"
"RNDBOT","23736","10","3","1","0","NULL","0","NULL","NULL"
"RNDBOT","23737","1","2","1","0","NULL","0","NULL","NULL"
"RNDBOT","23738","10","1","1","0","NULL","0","NULL","NULL"
"RNDBOT","23739","1","2","1","0","NULL","0","NULL","NULL"
"RNDBOT","23740","4","11","1","0","NULL","0","NULL","NULL"
"RNDBOT","23741","10","5","1","0","NULL","0","NULL","NULL"
"RNDBOT","23742","7","9","1","0","NULL","0","NULL","NULL"
"RNDBOT","23743","4","4","1","0","NULL","0","NULL","NULL"
"RNDBOT","23744","1","4","1","0","NULL","0","NULL","NULL"
"RNDBOT","23745","3","3","1","0","NULL","0","NULL","NULL"
"RNDBOT","23746","1","2","1","0","NULL","0","NULL","NULL"
"RNDBOT","23747","10","5","1","0","NULL","0","NULL","NULL"
"RNDBOT","23748","9","4","1","0","NULL","0","NULL","NULL"
"RNDBOT","23749","9","8","1","0","NULL","0","NULL","NULL"
"RNDBOT","23750","10","1","1","0","NULL","0","NULL","NULL"
"RNDBOT","23751","10","4","1","0","NULL","0","NULL","NULL"
"RNDBOT","23752","10","5","1","0","NULL","0","NULL","NULL"
"RNDBOT","23753","3","3","1","0","NULL","0","NULL","NULL"
"RNDBOT","23754","9","1","1","0","NULL","0","NULL","NULL"
"RNDBOT","23755","5","4","1","0","NULL","0","NULL","NULL"
"RNDBOT","23756","10","5","1","0","NULL","0","NULL","NULL"
"RNDBOT","23757","4","5","1","0","NULL","0","NULL","NULL"
"RNDBOT","23758","9","9","1","0","NULL","0","NULL","NULL"
"RNDBOT","23759","9","3","1","0","NULL","0","NULL","NULL"
"RNDBOT","23760","8","8","1","0","NULL","0","NULL","NULL"
"RNDBOT","23761","4","3","1","0","NULL","0","NULL","NULL"
"RNDBOT","23762","2","3","1","0","NULL","0","NULL","NULL"
"RNDBOT","23763","10","4","1","0","NULL","0","NULL","NULL"
"RNDBOT","23764","9","4","1","0","NULL","0","NULL","NULL"
"RNDBOT","23765","9","3","1","0","NULL","0","NULL","NULL"
"RNDBOT","23766","5","9","1","0","NULL","0","NULL","NULL"
"RNDBOT","23767","9","3","1","0","NULL","0","NULL","NULL"
"RNDBOT","23768","3","1","1","0","NULL","0","NULL","NULL"
"RNDBOT","23769","10","2","1","0","NULL","0","NULL","NULL"
"RNDBOT","23770","8","4","1","0","NULL","0","NULL","NULL"
"RNDBOT","23771","2","1","1","0","NULL","0","NULL","NULL"
"RNDBOT","23772","10","1","1","0","NULL","0","NULL","NULL"
"RNDBOT","23773","7","9","1","0","NULL","0","NULL","NULL"
"RNDBOT","23774","10","2","1","0","NULL","0","NULL","NULL"
"RNDBOT","23775","1","5","1","0","NULL","0","NULL","NULL"
"RNDBOT","23776","4","4","1","0","NULL","0","NULL","NULL"
"RNDBOT","23777","4","4","1","0","NULL","0","NULL","NULL"
"RNDBOT","23778","6","7","1","0","NULL","0","NULL","NULL"
"RNDBOT","23779","10","1","1","0","NULL","0","NULL","NULL"
"RNDBOT","23780","10","5","1","0","NULL","0","NULL","NULL"
"RNDBOT","23781","10","3","1","0","NULL","0","NULL","NULL"
"RNDBOT","23782","3","1","1","0","NULL","0","NULL","NULL"
"RNDBOT","23783","6","11","1","0","NULL","0","NULL","NULL"
"RNDBOT","23784","8","4","1","0","NULL","0","NULL","NULL"
"RNDBOT","23785","3","3","1","0","NULL","0","NULL","NULL"
"RNDBOT","23786","1","2","1","0","NULL","0","NULL","NULL"
"RNDBOT","23787","4","5","1","0","NULL","0","NULL","NULL"
"RNDBOT","23788","10","2","1","0","NULL","0","NULL","NULL"
"RNDBOT","23789","3","3","1","0","NULL","0","NULL","NULL"
"RNDBOT","23790","1","2","1","0","NULL","0","NULL","NULL"
"RNDBOT","23791","7","8","1","0","NULL","0","NULL","NULL"
"RNDBOT","23792","9","1","1","0","NULL","0","NULL","NULL"
"RNDBOT","23793","9","3","1","0","NULL","0","NULL","NULL"
"RNDBOT","23794","10","2","1","0","NULL","0","NULL","NULL"
"RNDBOT","23795","10","4","1","0","NULL","0","NULL","NULL"
"RNDBOT","23796","9","9","1","0","NULL","0","NULL","NULL"
"RNDBOT","23797","10","2","1","0","NULL","0","NULL","NULL"
"RNDBOT","23798","10","5","1","0","NULL","0","NULL","NULL"
"RNDBOT","23799","10","4","1","0","NULL","0","NULL","NULL"
"RNDBOT","23800","4","5","1","0","NULL","0","NULL","NULL"
"RNDBOT","23801","4","11","1","0","NULL","0","NULL","NULL"
"RNDBOT","23802","9","3","1","0","NULL","0","NULL","NULL"
"RNDBOT","23803","1","8","1","0","NULL","0","NULL","NULL"
"RNDBOT","23804","10","2","1","0","NULL","0","NULL","NULL"
"RNDBOT","23805","2","1","1","0","NULL","0","NULL","NULL"
"RNDBOT","23806","1","3","1","0","NULL","0","NULL","NULL"
"RNDBOT","23807","10","3","1","0","NULL","0","NULL","NULL"
"RNDBOT","23808","3","1","1","0","NULL","0","NULL","NULL"
"RNDBOT","23809","10","8","1","0","NULL","0","NULL","NULL"
"RNDBOT","23810","1","2","1","0","NULL","0","NULL","NULL"
"RNDBOT","23811","4","3","1","0","NULL","0","NULL","NULL"
"RNDBOT","23812","7","8","1","0","NULL","0","NULL","NULL"
"RNDBOT","23813","5","8","1","0","NULL","0","NULL","NULL"
"RNDBOT","23814","9","4","1","0","NULL","0","NULL","NULL"
"RNDBOT","23815","9","1","1","0","NULL","0","NULL","NULL"
"RNDBOT","23816","10","8","7","0","NULL","0","NULL","NULL"
"RNDBOT","23817","5","5","7","2","Herbalism:4/75;Mining:4/75","4","First Aid:1/75;Survival:1/75;Cooking:1/75;Fishing:1/75","NULL"
"RNDBOT","23818","10","3","6","0","NULL","0","NULL","NULL"
"RNDBOT","23819","7","9","7","0","NULL","0","NULL","NULL"
"RNDBOT","23820","3","2","7","0","NULL","0","NULL","NULL"
"RNDBOT","23821","9","3","6","0","NULL","0","NULL","NULL"
"RNDBOT","23822","3","3","6","0","NULL","0","NULL","NULL"
"RNDBOT","23823","10","5","1","0","NULL","0","NULL","NULL"
"RNDBOT","23824","9","3","6","0","NULL","0","NULL","NULL"
"RNDBOT","23825","8","8","1","0","NULL","0","NULL","NULL"
"RNDBOT","23826","5","9","1","0","NULL","0","NULL","NULL"
"RNDBOT","23827","1","2","1","0","NULL","0","NULL","NULL"
"RNDBOT","23828","5","9","1","0","NULL","0","NULL","NULL"
"RNDBOT","23829","8","4","1","0","NULL","0","NULL","NULL"
"RNDBOT","23830","10","4","1","0","NULL","0","NULL","NULL"
"RNDBOT","23831","8","3","1","0","NULL","0","NULL","NULL"
"RNDBOT","23832","9","4","1","0","NULL","0","NULL","NULL"
"RNDBOT","23833","2","3","1","0","NULL","0","NULL","NULL"
"RNDBOT","23834","10","2","1","0","NULL","0","NULL","NULL"
"RNDBOT","23835","9","3","1","0","NULL","0","NULL","NULL"
"RNDBOT","23836","9","9","1","0","NULL","0","NULL","NULL"
"RNDBOT","23837","4","1","1","0","NULL","0","NULL","NULL"
"RNDBOT","23838","6","1","1","0","NULL","0","NULL","NULL"
"RNDBOT","23839","10","2","1","0","NULL","0","NULL","NULL"
"RNDBOT","23840","10","3","1","0","NULL","0","NULL","NULL"
"RNDBOT","23841","9","3","1","0","NULL","0","NULL","NULL"
"RNDBOT","23842","9","3","1","0","NULL","0","NULL","NULL"
"RNDBOT","23843","9","4","1","0","NULL","0","NULL","NULL"
"RNDBOT","23844","4","3","1","0","NULL","0","NULL","NULL"
"RNDBOT","23845","1","2","1","0","NULL","0","NULL","NULL"
"RNDBOT","23846","10","1","1","0","NULL","0","NULL","NULL"
"RNDBOT","23847","5","8","1","0","NULL","0","NULL","NULL"
"RNDBOT","23848","10","4","1","0","NULL","0","NULL","NULL"
"RNDBOT","23849","1","2","1","0","NULL","0","NULL","NULL"
"RNDBOT","23850","9","8","1","0","NULL","0","NULL","NULL"
"RNDBOT","23851","5","4","1","0","NULL","0","NULL","NULL"
"RNDBOT","23852","2","3","4","0","NULL","0","NULL","NULL"
"RNDBOT","23853","2","3","1","0","NULL","0","NULL","NULL"
"RNDBOT","23854","9","1","4","0","NULL","0","NULL","NULL"
"RNDBOT","23855","10","2","2","0","NULL","0","NULL","NULL"
"RNDBOT","23856","9","1","1","0","NULL","0","NULL","NULL"
"RNDBOT","23857","10","2","2","0","NULL","0","NULL","NULL"
"RNDBOT","23858","3","2","6","0","NULL","0","NULL","NULL"
"RNDBOT","23859","9","9","5","0","NULL","0","NULL","NULL"
"RNDBOT","23860","10","2","1","0","NULL","0","NULL","NULL"
"RNDBOT","23861","9","8","1","0","NULL","0","NULL","NULL"
"RNDBOT","23862","9","9","1","0","NULL","0","NULL","NULL"
"RNDBOT","23863","3","3","1","0","NULL","0","NULL","NULL"
"RNDBOT","23864","1","9","1","0","NULL","0","NULL","NULL"
"RNDBOT","23865","10","8","1","0","NULL","0","NULL","NULL"
"RNDBOT","23866","10","2","1","0","NULL","0","NULL","NULL"
"RNDBOT","23867","4","3","1","0","NULL","0","NULL","NULL"
"RNDBOT","23868","5","5","1","0","NULL","0","NULL","NULL"
"RNDBOT","23869","5","5","1","0","NULL","0","NULL","NULL"
"RNDBOT","23870","10","3","1","0","NULL","0","NULL","NULL"
"RNDBOT","23871","9","9","1","0","NULL","0","NULL","NULL"
"RNDBOT","23872","10","3","1","0","NULL","0","NULL","NULL"
"RNDBOT","23873","1","3","1","0","NULL","0","NULL","NULL"
"RNDBOT","23874","6","3","1","0","NULL","0","NULL","NULL"
"RNDBOT","23875","10","8","1","0","NULL","0","NULL","NULL"
"RNDBOT","23876","1","2","1","0","NULL","0","NULL","NULL"
"RNDBOT","23877","1","2","1","0","NULL","0","NULL","NULL"
"RNDBOT","23878","10","4","1","0","NULL","0","NULL","NULL"
"RNDBOT","23879","9","9","1","0","NULL","0","NULL","NULL"
"RNDBOT","23880","1","2","1","0","NULL","0","NULL","NULL"
"RNDBOT","23881","9","3","1","0","NULL","0","NULL","NULL"
"RNDBOT","23882","5","4","1","0","NULL","0","NULL","NULL"
"RNDBOT","23883","10","2","1","0","NULL","0","NULL","NULL"
"RNDBOT","23884","4","4","1","0","NULL","0","NULL","NULL"
"RNDBOT","23885","4","4","1","0","NULL","0","NULL","NULL"
"RNDBOT","23886","9","8","1","0","NULL","0","NULL","NULL"
"RNDBOT","23887","2","1","1","0","NULL","0","NULL","NULL"
"RNDBOT","23888","8","7","1","0","NULL","0","NULL","NULL"
"RNDBOT","23889","10","1","1","0","NULL","0","NULL","NULL"
"RNDBOT","23890","9","9","1","0","NULL","0","NULL","NULL"
"RNDBOT","23891","5","1","1","0","NULL","0","NULL","NULL"
"RNDBOT","23892","1","9","1","0","NULL","0","NULL","NULL"
"RNDBOT","23893","9","9","1","0","NULL","0","NULL","NULL"
"RNDBOT","23894","2","4","1","0","NULL","0","NULL","NULL"
"RNDBOT","23895","1","3","1","0","NULL","0","NULL","NULL"
"RNDBOT","23896","4","3","1","0","NULL","0","NULL","NULL"
"RNDBOT","23897","9","3","1","0","NULL","0","NULL","NULL"
"RNDBOT","23898","9","3","1","0","NULL","0","NULL","NULL"
"RNDBOT","23899","10","2","1","0","NULL","0","NULL","NULL"
"RNDBOT","23900","1","3","1","0","NULL","0","NULL","NULL"
"RNDBOT","23901","3","4","1","0","NULL","0","NULL","NULL"
"RNDBOT","23902","3","2","1","0","NULL","0","NULL","NULL"
"RNDBOT","23903","9","9","1","0","NULL","0","NULL","NULL"
"RNDBOT","23904","2","1","1","0","NULL","0","NULL","NULL"
"RNDBOT","23905","1","1","1","0","NULL","0","NULL","NULL"
"RNDBOT","23906","1","4","1","0","NULL","0","NULL","NULL"
"RNDBOT","23907","10","2","1","0","NULL","0","NULL","NULL"
"RNDBOT","23908","9","3","1","0","NULL","0","NULL","NULL"
"RNDBOT","23909","1","5","1","0","NULL","0","NULL","NULL"
"RNDBOT","23910","5","4","1","0","NULL","0","NULL","NULL"
"RNDBOT","23911","3","3","1","0","NULL","0","NULL","NULL"
"RNDBOT","23912","4","3","1","0","NULL","0","NULL","NULL"
"RNDBOT","23913","9","9","1","0","NULL","0","NULL","NULL"
"RNDBOT","23914","7","8","1","0","NULL","0","NULL","NULL"
"RNDBOT","23915","10","8","1","0","NULL","0","NULL","NULL"
"RNDBOT","23916","1","2","1","0","NULL","0","NULL","NULL"
"RNDBOT","23917","1","2","1","0","NULL","0","NULL","NULL"
"RNDBOT","23918","4","4","1","0","NULL","0","NULL","NULL"
"RNDBOT","23919","10","8","1","0","NULL","0","NULL","NULL"
"RNDBOT","23920","1","8","1","0","NULL","0","NULL","NULL"
"RNDBOT","23921","10","4","1","0","NULL","0","NULL","NULL"
"RNDBOT","23922","5","4","1","0","NULL","0","NULL","NULL"
"RNDBOT","23923","9","9","1","0","NULL","0","NULL","NULL"
"RNDBOT","23924","1","3","1","0","NULL","0","NULL","NULL"
"RNDBOT","23925","9","1","1","0","NULL","0","NULL","NULL"
"RNDBOT","23926","7","9","1","0","NULL","0","NULL","NULL"
"RNDBOT","23927","4","5","1","0","NULL","0","NULL","NULL"
"RNDBOT","23928","4","1","1","0","NULL","0","NULL","NULL"
"RNDBOT","23929","1","3","1","0","NULL","0","NULL","NULL"
"RNDBOT","23930","3","1","1","0","NULL","0","NULL","NULL"
"RNDBOT","23931","10","3","1","0","NULL","0","NULL","NULL"
"RNDBOT","23932","10","4","1","0","NULL","0","NULL","NULL"
"RNDBOT","23933","10","8","1","0","NULL","0","NULL","NULL"
"RNDBOT","23934","1","5","1","0","NULL","0","NULL","NULL"
"RNDBOT","23935","3","3","1","0","NULL","0","NULL","NULL"
"RNDBOT","23936","6","7","1","0","NULL","0","NULL","NULL"
"RNDBOT","23937","9","3","1","0","NULL","0","NULL","NULL"
"RNDBOT","23938","10","2","1","0","NULL","0","NULL","NULL"
"RNDBOT","23939","9","4","1","0","NULL","0","NULL","NULL"
"RNDBOT","23940","2","3","1","0","NULL","0","NULL","NULL"
"RNDBOT","23941","10","1","1","0","NULL","0","NULL","NULL"
"RNDBOT","23942","10","2","1","0","NULL","0","NULL","NULL"
"RNDBOT","23943","5","5","1","0","NULL","0","NULL","NULL"
"RNDBOT","23944","6","3","1","0","NULL","0","NULL","NULL"
"RNDBOT","23945","10","1","1","0","NULL","0","NULL","NULL"
"RNDBOT","23946","5","9","1","0","NULL","0","NULL","NULL"
"RNDBOT","23947","10","2","1","0","NULL","0","NULL","NULL"
"RNDBOT","23948","1","2","1","0","NULL","0","NULL","NULL"
"RNDBOT","23949","9","4","1","0","NULL","0","NULL","NULL"
"RNDBOT","23950","4","4","1","0","NULL","0","NULL","NULL"
"RNDBOT","23951","1","8","1","0","NULL","0","NULL","NULL"
"RNDBOT","23952","7","8","1","0","NULL","0","NULL","NULL"
"RNDBOT","23953","4","1","1","0","NULL","0","NULL","NULL"
"RNDBOT","23954","2","3","1","0","NULL","0","NULL","NULL"
"RNDBOT","23955","3","5","1","0","NULL","0","NULL","NULL"
"RNDBOT","23956","9","1","1","0","NULL","0","NULL","NULL"
"RNDBOT","23957","9","1","1","0","NULL","0","NULL","NULL"
"RNDBOT","23958","7","8","1","0","NULL","0","NULL","NULL"
"RNDBOT","23959","9","3","1","0","NULL","0","NULL","NULL"
"RNDBOT","23960","8","3","1","0","NULL","0","NULL","NULL"
"RNDBOT","23961","9","9","1","0","NULL","0","NULL","NULL"
"RNDBOT","23962","1","2","1","0","NULL","0","NULL","NULL"
"RNDBOT","23963","9","3","1","0","NULL","0","NULL","NULL"
"RNDBOT","23964","6","7","1","0","NULL","0","NULL","NULL"
"RNDBOT","23965","4","4","1","0","NULL","0","NULL","NULL"
"RNDBOT","23966","1","2","1","0","NULL","0","NULL","NULL"
"RNDBOT","23967","10","4","1","0","NULL","0","NULL","NULL"
"RNDBOT","23968","7","8","1","0","NULL","0","NULL","NULL"
"RNDBOT","23969","1","2","1","0","NULL","0","NULL","NULL"
"RNDBOT","23970","1","1","1","0","NULL","0","NULL","NULL"
"RNDBOT","23971","9","4","1","0","NULL","0","NULL","NULL"
"RNDBOT","23972","10","1","1","0","NULL","0","NULL","NULL"
"RNDBOT","23973","9","1","1","0","NULL","0","NULL","NULL"
"RNDBOT","23974","4","3","1","0","NULL","0","NULL","NULL"
"RNDBOT","23975","4","11","1","0","NULL","0","NULL","NULL"
"RNDBOT","23976","9","8","1","0","NULL","0","NULL","NULL"
"RNDBOT","23977","5","4","1","0","NULL","0","NULL","NULL"
"RNDBOT","23978","9","9","1","0","NULL","0","NULL","NULL"
"RNDBOT","23979","9","1","1","0","NULL","0","NULL","NULL"
"RNDBOT","23980","2","3","1","0","NULL","0","NULL","NULL"
"RNDBOT","23981","3","3","1","0","NULL","0","NULL","NULL"
"RNDBOT","23982","10","1","1","0","NULL","0","NULL","NULL"
"RNDBOT","23983","9","9","1","0","NULL","0","NULL","NULL"
"RNDBOT","23984","1","5","1","0","NULL","0","NULL","NULL"
"RNDBOT","23985","9","1","1","0","NULL","0","NULL","NULL"
"RNDBOT","23986","3","5","1","0","NULL","0","NULL","NULL"
"RNDBOT","23987","9","1","1","0","NULL","0","NULL","NULL"
"RNDBOT","23988","9","1","1","0","NULL","0","NULL","NULL"
"RNDBOT","23989","9","1","1","0","NULL","0","NULL","NULL"
"RNDBOT","23990","1","1","1","0","NULL","0","NULL","NULL"
"RNDBOT","23991","9","8","1","0","NULL","0","NULL","NULL"
"RNDBOT","23992","10","1","1","0","NULL","0","NULL","NULL"
"RNDBOT","23993","10","1","1","0","NULL","0","NULL","NULL"
"RNDBOT","23994","3","5","1","0","NULL","0","NULL","NULL"
"RNDBOT","23995","9","3","1","0","NULL","0","NULL","NULL"
"RNDBOT","23996","9","4","1","0","NULL","0","NULL","NULL"
"RNDBOT","23997","7","1","1","0","NULL","0","NULL","NULL"
"RNDBOT","23998","1","8","1","0","NULL","0","NULL","NULL"
"RNDBOT","23999","10","3","1","0","NULL","0","NULL","NULL"
"RNDBOT","24000","9","3","1","0","NULL","0","NULL","NULL"
"RNDBOT","24001","2","9","1","0","NULL","0","NULL","NULL"
"RNDBOT","24002","6","7","1","0","NULL","0","NULL","NULL"
"RNDBOT","24003","1","3","1","0","NULL","0","NULL","NULL"
"RNDBOT","24004","9","8","1","0","NULL","0","NULL","NULL"
"RNDBOT","24005","9","8","1","0","NULL","0","NULL","NULL"
"RNDBOT","24006","1","3","1","0","NULL","0","NULL","NULL"
"RNDBOT","24007","10","8","1","0","NULL","0","NULL","NULL"
"RNDBOT","24008","10","4","1","0","NULL","0","NULL","NULL"
"RNDBOT","24009","1","9","1","0","NULL","0","NULL","NULL"
"RNDBOT","24010","6","7","1","0","NULL","0","NULL","NULL"
"RNDBOT","24011","5","8","1","0","NULL","0","NULL","NULL"
"RNDBOT","24012","10","2","1","0","NULL","0","NULL","NULL"
"RNDBOT","24013","4","3","1","0","NULL","0","NULL","NULL"
"RNDBOT","24014","4","1","1","0","NULL","0","NULL","NULL"
"RNDBOT","24015","8","3","1","0","NULL","0","NULL","NULL"
"RNDBOT","24016","9","4","1","0","NULL","0","NULL","NULL"
"RNDBOT","24017","3","2","1","0","NULL","0","NULL","NULL"
"RNDBOT","24018","10","3","1","0","NULL","0","NULL","NULL"
"RNDBOT","24019","2","9","1","0","NULL","0","NULL","NULL"
"RNDBOT","24020","6","11","1","0","NULL","0","NULL","NULL"
"RNDBOT","24021","4","3","1","0","NULL","0","NULL","NULL"
"RNDBOT","24022","9","4","1","0","NULL","0","NULL","NULL"
"RNDBOT","24023","10","2","1","0","NULL","0","NULL","NULL"
"RNDBOT","24024","8","7","1","0","NULL","0","NULL","NULL"
"RNDBOT","24025","9","3","1","0","NULL","0","NULL","NULL"
"RNDBOT","24026","4","4","1","0","NULL","0","NULL","NULL"
"RNDBOT","24027","6","1","1","0","NULL","0","NULL","NULL"
"RNDBOT","24028","7","8","1","0","NULL","0","NULL","NULL"
"RNDBOT","24029","4","3","1","0","NULL","0","NULL","NULL"
"RNDBOT","24030","4","11","1","0","NULL","0","NULL","NULL"
"RNDBOT","24031","9","8","1","0","NULL","0","NULL","NULL"
"RNDBOT","24032","6","7","1","0","NULL","0","NULL","NULL"
"RNDBOT","24033","10","1","1","0","NULL","0","NULL","NULL"
"RNDBOT","24034","4","1","1","0","NULL","0","NULL","NULL"
"RNDBOT","24035","6","7","1","0","NULL","0","NULL","NULL"
"RNDBOT","24036","5","8","1","0","NULL","0","NULL","NULL"
"RNDBOT","24037","10","8","1","0","NULL","0","NULL","NULL"
"RNDBOT","24038","10","4","1","0","NULL","0","NULL","NULL"
"RNDBOT","24039","9","3","1","0","NULL","0","NULL","NULL"
"RNDBOT","24040","9","1","1","0","NULL","0","NULL","NULL"
"RNDBOT","24041","3","3","1","0","NULL","0","NULL","NULL"
"RNDBOT","24042","10","4","1","0","NULL","0","NULL","NULL"
"RNDBOT","24043","4","3","1","0","NULL","0","NULL","NULL"
"RNDBOT","24044","5","5","1","0","NULL","0","NULL","NULL"
"RNDBOT","24045","9","3","1","0","NULL","0","NULL","NULL"
"RNDBOT","24046","1","2","1","0","NULL","0","NULL","NULL"
"RNDBOT","24047","10","4","1","0","NULL","0","NULL","NULL"
"RNDBOT","24048","10","2","1","0","NULL","0","NULL","NULL"
"RNDBOT","24049","1","2","1","0","NULL","0","NULL","NULL"
"RNDBOT","24050","8","8","1","0","NULL","0","NULL","NULL"
"RNDBOT","24051","6","11","1","0","NULL","0","NULL","NULL"
"RNDBOT","24052","1","9","1","0","NULL","0","NULL","NULL"
"RNDBOT","24053","9","1","1","0","NULL","0","NULL","NULL"
"RNDBOT","24054","10","8","1","0","NULL","0","NULL","NULL"
"RNDBOT","24055","4","3","1","0","NULL","0","NULL","NULL"
"RNDBOT","24056","6","11","1","0","NULL","0","NULL","NULL"
"RNDBOT","24057","1","1","1","0","NULL","0","NULL","NULL"
"RNDBOT","24058","2","3","1","0","NULL","0","NULL","NULL"
"RNDBOT","24059","1","2","1","0","NULL","0","NULL","NULL"
"RNDBOT","24060","10","1","1","0","NULL","0","NULL","NULL"
"RNDBOT","24061","9","3","1","0","NULL","0","NULL","NULL"
"RNDBOT","24062","9","3","1","0","NULL","0","NULL","NULL"
"RNDBOT","24063","4","3","1","0","NULL","0","NULL","NULL"
"RNDBOT","24064","9","8","1","0","NULL","0","NULL","NULL"
"RNDBOT","24065","9","4","1","0","NULL","0","NULL","NULL"
"RNDBOT","24066","9","4","1","0","NULL","0","NULL","NULL"
"RNDBOT","24067","1","9","1","0","NULL","0","NULL","NULL"
"RNDBOT","24068","2","3","1","0","NULL","0","NULL","NULL"
"RNDBOT","24069","1","2","1","0","NULL","0","NULL","NULL"
"RNDBOT","24070","9","1","1","0","NULL","0","NULL","NULL"
"RNDBOT","24071","1","8","1","0","NULL","0","NULL","NULL"
"RNDBOT","24072","3","2","1","0","NULL","0","NULL","NULL"
"RNDBOT","24073","4","5","1","0","NULL","0","NULL","NULL"
"RNDBOT","24074","1","3","1","0","NULL","0","NULL","NULL"
"RNDBOT","24075","9","8","1","0","NULL","0","NULL","NULL"
"RNDBOT","24076","2","3","1","0","NULL","0","NULL","NULL"
"RNDBOT","24077","9","4","1","0","NULL","0","NULL","NULL"
"RNDBOT","24078","10","4","1","0","NULL","0","NULL","NULL"
"RNDBOT","24079","1","4","1","0","NULL","0","NULL","NULL"
"RNDBOT","24080","4","11","1","0","NULL","0","NULL","NULL"
"RNDBOT","24081","10","5","1","0","NULL","0","NULL","NULL"
"RNDBOT","24082","4","4","1","0","NULL","0","NULL","NULL"
"RNDBOT","24083","3","1","1","0","NULL","0","NULL","NULL"
"RNDBOT","24084","10","1","1","0","NULL","0","NULL","NULL"
"RNDBOT","24085","4","1","1","0","NULL","0","NULL","NULL"
"RNDBOT","24086","9","9","1","0","NULL","0","NULL","NULL"
"RNDBOT","24087","4","11","1","0","NULL","0","NULL","NULL"
"RNDBOT","24088","5","1","1","0","NULL","0","NULL","NULL"
"RNDBOT","24089","8","3","1","0","NULL","0","NULL","NULL"
"RNDBOT","24090","4","3","1","0","NULL","0","NULL","NULL"
"RNDBOT","24091","6","1","1","0","NULL","0","NULL","NULL"
"RNDBOT","24092","1","3","1","0","NULL","0","NULL","NULL"
"RNDBOT","24093","5","8","1","0","NULL","0","NULL","NULL"
"RNDBOT","24094","4","11","1","0","NULL","0","NULL","NULL"
"RNDBOT","24095","9","8","1","0","NULL","0","NULL","NULL"
"RNDBOT","24096","9","9","1","0","NULL","0","NULL","NULL"
"RNDBOT","24097","4","11","1","0","NULL","0","NULL","NULL"
"RNDBOT","24098","4","4","1","0","NULL","0","NULL","NULL"
"RNDBOT","24099","4","3","1","0","NULL","0","NULL","NULL"
"RNDBOT","24100","5","8","1","0","NULL","0","NULL","NULL"
"RNDBOT","24101","2","7","1","0","NULL","0","NULL","NULL"
"RNDBOT","24102","1","2","1","0","NULL","0","NULL","NULL"
"RNDBOT","24103","9","4","1","0","NULL","0","NULL","NULL"
"RNDBOT","24104","9","1","1","0","NULL","0","NULL","NULL"
"RNDBOT","24105","1","3","1","0","NULL","0","NULL","NULL"
"RNDBOT","24106","4","3","1","0","NULL","0","NULL","NULL"
"RNDBOT","24107","10","2","1","0","NULL","0","NULL","NULL"
"RNDBOT","24108","8","7","1","0","NULL","0","NULL","NULL"
"RNDBOT","24109","9","8","1","0","NULL","0","NULL","NULL"
"RNDBOT","24110","1","3","1","0","NULL","0","NULL","NULL"
"RNDBOT","24111","9","4","1","0","NULL","0","NULL","NULL"
"RNDBOT","24112","1","8","1","0","NULL","0","NULL","NULL"
"RNDBOT","24113","10","2","1","0","NULL","0","NULL","NULL"
"RNDBOT","24114","4","5","1","0","NULL","0","NULL","NULL"
"RNDBOT","24115","1","1","1","0","NULL","0","NULL","NULL"
"RNDBOT","24116","9","1","1","0","NULL","0","NULL","NULL"
"RNDBOT","24117","1","2","1","0","NULL","0","NULL","NULL"
"RNDBOT","24118","4","5","1","0","NULL","0","NULL","NULL"
"RNDBOT","24119","8","7","1","0","NULL","0","NULL","NULL"
"RNDBOT","24120","10","2","1","0","NULL","0","NULL","NULL"
"RNDBOT","24121","4","4","1","0","NULL","0","NULL","NULL"
"RNDBOT","24122","1","3","1","0","NULL","0","NULL","NULL"
"RNDBOT","24123","8","5","1","0","NULL","0","NULL","NULL"
"RNDBOT","24124","6","3","1","0","NULL","0","NULL","NULL"
"RNDBOT","24125","10","3","1","0","NULL","0","NULL","NULL"
"RNDBOT","24126","4","4","1","0","NULL","0","NULL","NULL"
"RNDBOT","24127","3","3","1","0","NULL","0","NULL","NULL"
"RNDBOT","24128","5","4","1","0","NULL","0","NULL","NULL"
"RNDBOT","24129","2","3","1","0","NULL","0","NULL","NULL"
"RNDBOT","24130","1","4","1","0","NULL","0","NULL","NULL"
"RNDBOT","24131","1","9","1","0","NULL","0","NULL","NULL"
"RNDBOT","24132","4","11","1","0","NULL","0","NULL","NULL"
"RNDBOT","24133","2","1","1","0","NULL","0","NULL","NULL"
"RNDBOT","24134","1","9","1","0","NULL","0","NULL","NULL"
"RNDBOT","24135","10","2","1","0","NULL","0","NULL","NULL"
"RNDBOT","24136","2","4","1","0","NULL","0","NULL","NULL"
"RNDBOT","24137","10","2","1","0","NULL","0","NULL","NULL"
"RNDBOT","24138","1","1","1","0","NULL","0","NULL","NULL"
"RNDBOT","24139","4","3","1","0","NULL","0","NULL","NULL"
"RNDBOT","24140","1","9","1","0","NULL","0","NULL","NULL"
"RNDBOT","24141","2","3","1","0","NULL","0","NULL","NULL"
"RNDBOT","24142","9","4","1","0","NULL","0","NULL","NULL"
"RNDBOT","24143","1","3","1","0","NULL","0","NULL","NULL"
"RNDBOT","24144","3","3","1","0","NULL","0","NULL","NULL"
"RNDBOT","24145","1","2","1","0","NULL","0","NULL","NULL"
"RNDBOT","24146","1","3","1","0","NULL","0","NULL","NULL"
"RNDBOT","24147","2","3","1","0","NULL","0","NULL","NULL"
"RNDBOT","24148","5","5","1","0","NULL","0","NULL","NULL"
"RNDBOT","24149","8","3","1","0","NULL","0","NULL","NULL"
"RNDBOT","24150","4","11","1","0","NULL","0","NULL","NULL"
"RNDBOT","24151","9","9","1","0","NULL","0","NULL","NULL"
"RNDBOT","24152","4","5","1","0","NULL","0","NULL","NULL"
"RNDBOT","24153","1","8","1","0","NULL","0","NULL","NULL"
"RNDBOT","24154","10","2","1","0","NULL","0","NULL","NULL"
"RNDBOT","24155","9","9","1","0","NULL","0","NULL","NULL"
"RNDBOT","24156","4","1","1","0","NULL","0","NULL","NULL"
"RNDBOT","24157","9","9","1","0","NULL","0","NULL","NULL"
"RNDBOT","24158","9","3","1","0","NULL","0","NULL","NULL"
"RNDBOT","24159","9","4","1","0","NULL","0","NULL","NULL"
"RNDBOT","24160","1","2","1","0","NULL","0","NULL","NULL"
"RNDBOT","24161","5","4","1","0","NULL","0","NULL","NULL"
"RNDBOT","24162","10","3","1","0","NULL","0","NULL","NULL"
"RNDBOT","24163","10","1","1","0","NULL","0","NULL","NULL"
"RNDBOT","24164","1","1","1","0","NULL","0","NULL","NULL"
"RNDBOT","24165","6","3","1","0","NULL","0","NULL","NULL"
"RNDBOT","24166","7","4","1","0","NULL","0","NULL","NULL"
"RNDBOT","24167","1","2","1","0","NULL","0","NULL","NULL"
"RNDBOT","24168","4","3","1","0","NULL","0","NULL","NULL"
"RNDBOT","24169","9","1","1","0","NULL","0","NULL","NULL"
"RNDBOT","24170","5","5","1","0","NULL","0","NULL","NULL"
"RNDBOT","24171","9","8","1","0","NULL","0","NULL","NULL"
"RNDBOT","24172","4","3","1","0","NULL","0","NULL","NULL"
"RNDBOT","24173","2","3","1","0","NULL","0","NULL","NULL"
"RNDBOT","24174","5","9","1","0","NULL","0","NULL","NULL"
"RNDBOT","24175","10","8","1","0","NULL","0","NULL","NULL"
"RNDBOT","24176","10","2","1","0","NULL","0","NULL","NULL"
"RNDBOT","24177","10","8","1","0","NULL","0","NULL","NULL"
"RNDBOT","24178","10","3","1","0","NULL","0","NULL","NULL"
"RNDBOT","24179","9","9","1","0","NULL","0","NULL","NULL"
"RNDBOT","24180","10","4","1","0","NULL","0","NULL","NULL"
"RNDBOT","24181","9","1","1","0","NULL","0","NULL","NULL"
"RNDBOT","24182","10","3","1","0","NULL","0","NULL","NULL"
"RNDBOT","24183","9","9","1","0","NULL","0","NULL","NULL"
"RNDBOT","24184","7","8","1","0","NULL","0","NULL","NULL"
"RNDBOT","24185","1","8","1","0","NULL","0","NULL","NULL"
"RNDBOT","24186","10","1","1","0","NULL","0","NULL","NULL"
"RNDBOT","24187","9","4","1","0","NULL","0","NULL","NULL"
"RNDBOT","24188","3","2","1","0","NULL","0","NULL","NULL"
"RNDBOT","24189","4","3","1","0","NULL","0","NULL","NULL"
"RNDBOT","24190","3","3","1","0","NULL","0","NULL","NULL"
"RNDBOT","24191","9","9","1","0","NULL","0","NULL","NULL"
"RNDBOT","24192","10","8","1","0","NULL","0","NULL","NULL"
"RNDBOT","24193","3","3","1","0","NULL","0","NULL","NULL"
"RNDBOT","24194","9","9","1","0","NULL","0","NULL","NULL"
"RNDBOT","24195","7","8","1","0","NULL","0","NULL","NULL"
"RNDBOT","24196","1","2","1","0","NULL","0","NULL","NULL"
"RNDBOT","24197","2","3","1","0","NULL","0","NULL","NULL"
"RNDBOT","24198","9","3","1","0","NULL","0","NULL","NULL"
"RNDBOT","24199","10","1","1","0","NULL","0","NULL","NULL"
"RNDBOT","24200","9","3","1","0","NULL","0","NULL","NULL"
"RNDBOT","24201","9","8","1","0","NULL","0","NULL","NULL"
"RNDBOT","24202","1","1","1","0","NULL","0","NULL","NULL"
"RNDBOT","24203","1","3","1","0","NULL","0","NULL","NULL"
"RNDBOT","24204","4","3","1","0","NULL","0","NULL","NULL"
"RNDBOT","24205","4","3","1","0","NULL","0","NULL","NULL"
"RNDBOT","24206","1","5","1","0","NULL","0","NULL","NULL"
"RNDBOT","24207","4","11","1","0","NULL","0","NULL","NULL"
"RNDBOT","24208","6","7","1","0","NULL","0","NULL","NULL"
"RNDBOT","24209","9","9","1","0","NULL","0","NULL","NULL"
"RNDBOT","24210","9","9","1","0","NULL","0","NULL","NULL"
"RNDBOT","24211","1","2","1","0","NULL","0","NULL","NULL"
"RNDBOT","24212","9","4","1","0","NULL","0","NULL","NULL"
"RNDBOT","24213","9","1","1","0","NULL","0","NULL","NULL"
"RNDBOT","24214","1","8","1","0","NULL","0","NULL","NULL"
"RNDBOT","24215","2","1","1","0","NULL","0","NULL","NULL"
"RNDBOT","24216","9","8","1","0","NULL","0","NULL","NULL"
"RNDBOT","24217","10","5","1","0","NULL","0","NULL","NULL"
"RNDBOT","24218","9","4","1","0","NULL","0","NULL","NULL"
"RNDBOT","24219","7","4","1","0","NULL","0","NULL","NULL"
"RNDBOT","24220","9","1","1","0","NULL","0","NULL","NULL"
"RNDBOT","24221","9","3","1","0","NULL","0","NULL","NULL"
"RNDBOT","24222","10","5","1","0","NULL","0","NULL","NULL"
"RNDBOT","24223","5","9","1","0","NULL","0","NULL","NULL"
"RNDBOT","24224","9","8","1","0","NULL","0","NULL","NULL"
"RNDBOT","24225","10","8","1","0","NULL","0","NULL","NULL"
"RNDBOT","24226","4","11","1","0","NULL","0","NULL","NULL"
"RNDBOT","24227","1","8","1","0","NULL","0","NULL","NULL"
"RNDBOT","24228","4","11","1","0","NULL","0","NULL","NULL"
"RNDBOT","24229","4","11","1","0","NULL","0","NULL","NULL"
"RNDBOT","24230","10","2","1","0","NULL","0","NULL","NULL"
"RNDBOT","24231","2","3","1","0","NULL","0","NULL","NULL"
"RNDBOT","24232","7","1","1","0","NULL","0","NULL","NULL"
"RNDBOT","24233","10","2","1","0","NULL","0","NULL","NULL"
"RNDBOT","24234","4","1","1","0","NULL","0","NULL","NULL"
"RNDBOT","24235","9","9","1","0","NULL","0","NULL","NULL"
"RNDBOT","24236","6","11","1","0","NULL","0","NULL","NULL"
"RNDBOT","24237","1","9","1","0","NULL","0","NULL","NULL"
"RNDBOT","24238","10","1","1","0","NULL","0","NULL","NULL"
"RNDBOT","24239","10","8","1","0","NULL","0","NULL","NULL"
"RNDBOT","24240","9","1","1","0","NULL","0","NULL","NULL"
"RNDBOT","24241","6","1","1","0","NULL","0","NULL","NULL"
"RNDBOT","24242","10","2","1","0","NULL","0","NULL","NULL"
"RNDBOT","24243","8","4","1","0","NULL","0","NULL","NULL"
"RNDBOT","24244","10","4","1","0","NULL","0","NULL","NULL"
"RNDBOT","24245","8","4","1","0","NULL","0","NULL","NULL"
"RNDBOT","24246","8","4","1","0","NULL","0","NULL","NULL"
"RNDBOT","24247","10","1","1","0","NULL","0","NULL","NULL"
"RNDBOT","24248","5","4","1","0","NULL","0","NULL","NULL"
"RNDBOT","24249","4","3","1","0","NULL","0","NULL","NULL"
"RNDBOT","24250","9","3","1","0","NULL","0","NULL","NULL"
"RNDBOT","24251","10","5","1","0","NULL","0","NULL","NULL"
"RNDBOT","24252","7","8","1","0","NULL","0","NULL","NULL"
"RNDBOT","24253","8","7","1","0","NULL","0","NULL","NULL"
"RNDBOT","24254","9","3","1","0","NULL","0","NULL","NULL"
"RNDBOT","24255","9","3","1","0","NULL","0","NULL","NULL"
"RNDBOT","24256","4","3","1","0","NULL","0","NULL","NULL"
"RNDBOT","24257","4","4","8","0","NULL","0","NULL","NULL"
"RNDBOT","24258","5","8","6","0","NULL","0","NULL","NULL"
"RNDBOT","24259","10","1","7","0","NULL","0","NULL","NULL"
"RNDBOT","24260","10","4","7","0","NULL","0","NULL","NULL"
"RNDBOT","24261","1","2","6","0","NULL","0","NULL","NULL"
"RNDBOT","24262","4","3","7","1","Alchemy:1/75","1","Survival:1/75","NULL"
"RNDBOT","24263","2","3","6","0","NULL","0","NULL","NULL"
"RNDBOT","24264","2","1","6","0","NULL","0","NULL","NULL"
"RNDBOT","24265","8","8","9","2","Herbalism:4/75;Mining:1/75","3","First Aid:7/75;Survival:1/75;Fishing:1/75","NULL"
"RNDBOT","24266","9","4","1","0","NULL","0","NULL","NULL"
"RNDBOT","24267","9","9","1","0","NULL","0","NULL","NULL"
"RNDBOT","24268","1","8","1","0","NULL","0","NULL","NULL"
"RNDBOT","24269","10","2","1","0","NULL","0","NULL","NULL"
"RNDBOT","24270","10","8","1","0","NULL","0","NULL","NULL"
"RNDBOT","24271","4","3","1","0","NULL","0","NULL","NULL"
"RNDBOT","24272","10","8","1","0","NULL","0","NULL","NULL"
"RNDBOT","24273","3","2","1","0","NULL","0","NULL","NULL"
"RNDBOT","24274","10","3","1","0","NULL","0","NULL","NULL"
"RNDBOT","24275","5","9","1","0","NULL","0","NULL","NULL"
"RNDBOT","24276","5","9","1","0","NULL","0","NULL","NULL"
"RNDBOT","24277","9","8","1","0","NULL","0","NULL","NULL"
"RNDBOT","24278","1","3","1","0","NULL","0","NULL","NULL"
"RNDBOT","24279","10","5","1","0","NULL","0","NULL","NULL"
"RNDBOT","24280","1","2","1","0","NULL","0","NULL","NULL"
"RNDBOT","24281","10","5","1","0","NULL","0","NULL","NULL"
"RNDBOT","24282","8","3","1","0","NULL","0","NULL","NULL"
"RNDBOT","24283","7","8","1","0","NULL","0","NULL","NULL"
"RNDBOT","24284","5","8","1","0","NULL","0","NULL","NULL"
"RNDBOT","24285","4","3","1","0","NULL","0","NULL","NULL"
"RNDBOT","24286","1","1","1","0","NULL","0","NULL","NULL"
"RNDBOT","24287","1","2","1","0","NULL","0","NULL","NULL"
"RNDBOT","24288","5","4","1","0","NULL","0","NULL","NULL"
"RNDBOT","24289","3","2","1","0","NULL","0","NULL","NULL"
"RNDBOT","24290","10","2","1","0","NULL","0","NULL","NULL"
"RNDBOT","24291","7","4","1","0","NULL","0","NULL","NULL"
"RNDBOT","24292","1","3","1","0","NULL","0","NULL","NULL"
"RNDBOT","24293","9","8","1","0","NULL","0","NULL","NULL"
"RNDBOT","24294","10","1","1","0","NULL","0","NULL","NULL"
"RNDBOT","24295","4","11","1","0","NULL","0","NULL","NULL"
"RNDBOT","24296","9","8","1","0","NULL","0","NULL","NULL"
"RNDBOT","24297","10","1","1","0","NULL","0","NULL","NULL"
"RNDBOT","24298","9","4","1","0","NULL","0","NULL","NULL"
"RNDBOT","24299","1","2","1","0","NULL","0","NULL","NULL"
"RNDBOT","24300","9","8","1","0","NULL","0","NULL","NULL"
"RNDBOT","24301","10","2","1","0","NULL","0","NULL","NULL"
"RNDBOT","24302","10","8","1","0","NULL","0","NULL","NULL"
"RNDBOT","24303","1","5","1","0","NULL","0","NULL","NULL"
"RNDBOT","24304","2","7","1","0","NULL","0","NULL","NULL"
"RNDBOT","24305","9","4","1","0","NULL","0","NULL","NULL"
"RNDBOT","24306","6","7","1","0","NULL","0","NULL","NULL"
"RNDBOT","24307","10","5","1","0","NULL","0","NULL","NULL"
"RNDBOT","24308","10","8","1","0","NULL","0","NULL","NULL"
"RNDBOT","24309","10","4","1","0","NULL","0","NULL","NULL"
"RNDBOT","24310","1","2","1","0","NULL","0","NULL","NULL"
"RNDBOT","24311","10","2","1","0","NULL","0","NULL","NULL"
"RNDBOT","24312","10","5","1","0","NULL","0","NULL","NULL"
"RNDBOT","24313","3","5","1","0","NULL","0","NULL","NULL"
"RNDBOT","24314","4","3","1","0","NULL","0","NULL","NULL"
"RNDBOT","24315","9","8","1","0","NULL","0","NULL","NULL"
"RNDBOT","24316","2","1","1","0","NULL","0","NULL","NULL"
"RNDBOT","24317","5","4","1","0","NULL","0","NULL","NULL"
"RNDBOT","24318","2","1","1","0","NULL","0","NULL","NULL"
"RNDBOT","24319","10","4","1","0","NULL","0","NULL","NULL"
"RNDBOT","24320","3","3","1","0","NULL","0","NULL","NULL"
"RNDBOT","24321","1","8","1","0","NULL","0","NULL","NULL"
"RNDBOT","24322","8","7","1","0","NULL","0","NULL","NULL"
"RNDBOT","24323","9","1","1","0","NULL","0","NULL","NULL"
"RNDBOT","24324","4","3","1","0","NULL","0","NULL","NULL"
"RNDBOT","24325","4","11","1","0","NULL","0","NULL","NULL"
"RNDBOT","24326","10","8","1","0","NULL","0","NULL","NULL"
"RNDBOT","24327","7","9","1","0","NULL","0","NULL","NULL"
"RNDBOT","24328","7","1","1","0","NULL","0","NULL","NULL"
"RNDBOT","24329","9","1","1","0","NULL","0","NULL","NULL"
"RNDBOT","24330","10","4","1","0","NULL","0","NULL","NULL"
"RNDBOT","24331","5","5","1","0","NULL","0","NULL","NULL"
"RNDBOT","24332","4","4","1","0","NULL","0","NULL","NULL"
"RNDBOT","24333","9","8","1","0","NULL","0","NULL","NULL"
"RNDBOT","24334","9","9","1","0","NULL","0","NULL","NULL"
"RNDBOT","24335","10","2","1","0","NULL","0","NULL","NULL"
"RNDBOT","24336","4","1","1","0","NULL","0","NULL","NULL"
"RNDBOT","24337","4","3","1","0","NULL","0","NULL","NULL"
"RNDBOT","24338","9","4","1","0","NULL","0","NULL","NULL"
"RNDBOT","24339","9","9","1","0","NULL","0","NULL","NULL"
"RNDBOT","24340","1","2","1","0","NULL","0","NULL","NULL"
"RNDBOT","24341","1","3","1","0","NULL","0","NULL","NULL"
"RNDBOT","24342","10","2","1","0","NULL","0","NULL","NULL"
"RNDBOT","24343","9","9","1","0","NULL","0","NULL","NULL"
"RNDBOT","24344","1","2","1","0","NULL","0","NULL","NULL"
"RNDBOT","24345","9","9","1","0","NULL","0","NULL","NULL"
"RNDBOT","24346","10","2","1","0","NULL","0","NULL","NULL"
"RNDBOT","24347","5","1","1","0","NULL","0","NULL","NULL"
"RNDBOT","24348","9","3","1","0","NULL","0","NULL","NULL"
"RNDBOT","24349","10","5","1","0","NULL","0","NULL","NULL"
"RNDBOT","24350","10","8","1","0","NULL","0","NULL","NULL"
"RNDBOT","24351","3","3","1","0","NULL","0","NULL","NULL"
"RNDBOT","24352","9","4","1","0","NULL","0","NULL","NULL"
"RNDBOT","24353","4","11","1","0","NULL","0","NULL","NULL"
"RNDBOT","24354","1","1","1","0","NULL","0","NULL","NULL"
"RNDBOT","24355","4","11","1","0","NULL","0","NULL","NULL"
"RNDBOT","24356","9","1","1","0","NULL","0","NULL","NULL"
"RNDBOT","24357","6","1","1","0","NULL","0","NULL","NULL"
"RNDBOT","24358","10","3","1","0","NULL","0","NULL","NULL"
"RNDBOT","24359","8","3","1","0","NULL","0","NULL","NULL"
"RNDBOT","24360","7","9","1","0","NULL","0","NULL","NULL"
"RNDBOT","24361","9","9","1","0","NULL","0","NULL","NULL"
"RNDBOT","24362","10","3","1","0","NULL","0","NULL","NULL"
"RNDBOT","24363","1","2","1","0","NULL","0","NULL","NULL"
"RNDBOT","24364","9","1","1","0","NULL","0","NULL","NULL"
"RNDBOT","24365","3","3","1","0","NULL","0","NULL","NULL"
"RNDBOT","24366","2","1","1","0","NULL","0","NULL","NULL"
"RNDBOT","24367","4","4","1","0","NULL","0","NULL","NULL"
"RNDBOT","24368","4","4","1","0","NULL","0","NULL","NULL"
"RNDBOT","24369","10","8","1","0","NULL","0","NULL","NULL"
"RNDBOT","24370","10","3","1","0","NULL","0","NULL","NULL"
"RNDBOT","24371","9","1","1","0","NULL","0","NULL","NULL"
"RNDBOT","24372","1","2","1","0","NULL","0","NULL","NULL"
"RNDBOT","24373","9","8","1","0","NULL","0","NULL","NULL"
"RNDBOT","24374","8","3","1","0","NULL","0","NULL","NULL"
"RNDBOT","24375","10","5","1","0","NULL","0","NULL","NULL"
"RNDBOT","24376","8","1","1","0","NULL","0","NULL","NULL"
"RNDBOT","24377","4","5","1","0","NULL","0","NULL","NULL"
"RNDBOT","24378","7","9","1","0","NULL","0","NULL","NULL"
"RNDBOT","24379","1","3","1","0","NULL","0","NULL","NULL"
"RNDBOT","24380","5","4","1","0","NULL","0","NULL","NULL"
"RNDBOT","24381","8","3","1","0","NULL","0","NULL","NULL"
"RNDBOT","24382","3","3","1","0","NULL","0","NULL","NULL"
"RNDBOT","24383","10","2","1","0","NULL","0","NULL","NULL"
"RNDBOT","24384","5","8","1","0","NULL","0","NULL","NULL"
"RNDBOT","24385","2","9","1","0","NULL","0","NULL","NULL"
"RNDBOT","24386","1","2","1","0","NULL","0","NULL","NULL"
"RNDBOT","24387","4","11","1","0","NULL","0","NULL","NULL"
"RNDBOT","24388","2","1","1","0","NULL","0","NULL","NULL"
"RNDBOT","24389","1","8","1","0","NULL","0","NULL","NULL"
"RNDBOT","24390","10","3","1","0","NULL","0","NULL","NULL"
"RNDBOT","24391","4","4","1","0","NULL","0","NULL","NULL"
"RNDBOT","24392","4","11","1","0","NULL","0","NULL","NULL"
"RNDBOT","24393","9","3","1","0","NULL","0","NULL","NULL"
"RNDBOT","24394","5","4","1","0","NULL","0","NULL","NULL"
"RNDBOT","24395","9","3","1","0","NULL","0","NULL","NULL"
"RNDBOT","24396","2","3","1","0","NULL","0","NULL","NULL"
"RNDBOT","24397","9","9","1","0","NULL","0","NULL","NULL"
"RNDBOT","24398","6","3","1","0","NULL","0","NULL","NULL"
"RNDBOT","24399","1","5","1","0","NULL","0","NULL","NULL"
"RNDBOT","24400","3","2","1","0","NULL","0","NULL","NULL"
"RNDBOT","24401","4","11","1","0","NULL","0","NULL","NULL"
"RNDBOT","24402","10","2","1","0","NULL","0","NULL","NULL"
"RNDBOT","24403","9","4","1","0","NULL","0","NULL","NULL"
"RNDBOT","24404","9","9","1","0","NULL","0","NULL","NULL"
"RNDBOT","24405","3","2","1","0","NULL","0","NULL","NULL"
"RNDBOT","24406","6","7","1","0","NULL","0","NULL","NULL"
"RNDBOT","24407","10","1","1","0","NULL","0","NULL","NULL"
"RNDBOT","24408","2","3","1","0","NULL","0","NULL","NULL"
"RNDBOT","24409","10","1","1","0","NULL","0","NULL","NULL"
"RNDBOT","24410","10","2","1","0","NULL","0","NULL","NULL"
"RNDBOT","24411","1","2","1","0","NULL","0","NULL","NULL"
"RNDBOT","24412","5","4","1","0","NULL","0","NULL","NULL"
"RNDBOT","24413","5","9","1","0","NULL","0","NULL","NULL"
"RNDBOT","24414","10","2","1","0","NULL","0","NULL","NULL"
"RNDBOT","24415","6","3","1","0","NULL","0","NULL","NULL"
"RNDBOT","24416","9","8","1","0","NULL","0","NULL","NULL"
"RNDBOT","24417","10","1","1","0","NULL","0","NULL","NULL"
"RNDBOT","24418","1","4","1","0","NULL","0","NULL","NULL"
"RNDBOT","24419","10","8","1","0","NULL","0","NULL","NULL"
"RNDBOT","24420","1","2","1","0","NULL","0","NULL","NULL"
"RNDBOT","24421","6","1","1","0","NULL","0","NULL","NULL"
"RNDBOT","24422","1","4","1","0","NULL","0","NULL","NULL"
"RNDBOT","24423","9","8","1","0","NULL","0","NULL","NULL"
"RNDBOT","24424","1","4","1","0","NULL","0","NULL","NULL"
"RNDBOT","24425","1","1","1","0","NULL","0","NULL","NULL"
"RNDBOT","24426","8","4","1","0","NULL","0","NULL","NULL"
"RNDBOT","24427","1","9","1","0","NULL","0","NULL","NULL"
"RNDBOT","24428","9","8","1","0","NULL","0","NULL","NULL"
"RNDBOT","24429","10","3","1","0","NULL","0","NULL","NULL"
"RNDBOT","24430","1","3","1","0","NULL","0","NULL","NULL"
"RNDBOT","24431","9","3","1","0","NULL","0","NULL","NULL"
"RNDBOT","24432","9","4","1","0","NULL","0","NULL","NULL"
"RNDBOT","24433","9","4","1","0","NULL","0","NULL","NULL"
"RNDBOT","24434","7","4","1","0","NULL","0","NULL","NULL"
"RNDBOT","24435","1","5","1","0","NULL","0","NULL","NULL"
"RNDBOT","24436","6","7","1","0","NULL","0","NULL","NULL"
"RNDBOT","24437","10","4","1","0","NULL","0","NULL","NULL"
"RNDBOT","24438","5","9","1","0","NULL","0","NULL","NULL"
"RNDBOT","24439","9","4","1","0","NULL","0","NULL","NULL"
"RNDBOT","24440","8","8","1","0","NULL","0","NULL","NULL"
"RNDBOT","24441","10","1","1","0","NULL","0","NULL","NULL"
"RNDBOT","24442","9","3","1","0","NULL","0","NULL","NULL"
"RNDBOT","24443","1","9","1","0","NULL","0","NULL","NULL"
"RNDBOT","24444","9","9","1","0","NULL","0","NULL","NULL"
"RNDBOT","24445","6","7","1","0","NULL","0","NULL","NULL"
"RNDBOT","24446","10","5","1","0","NULL","0","NULL","NULL"
"RNDBOT","24447","7","8","1","0","NULL","0","NULL","NULL"
"RNDBOT","24448","1","4","1","0","NULL","0","NULL","NULL"
"RNDBOT","24449","5","5","1","0","NULL","0","NULL","NULL"
"RNDBOT","24450","10","2","1","0","NULL","0","NULL","NULL"
"RNDBOT","24451","1","8","1","0","NULL","0","NULL","NULL"
"RNDBOT","24452","5","9","1","0","NULL","0","NULL","NULL"
"RNDBOT","24453","10","8","1","0","NULL","0","NULL","NULL"
"RNDBOT","24454","10","2","1","0","NULL","0","NULL","NULL"
"RNDBOT","24455","5","5","1","0","NULL","0","NULL","NULL"
"RNDBOT","24456","4","11","1","0","NULL","0","NULL","NULL"
"RNDBOT","24457","10","5","1","0","NULL","0","NULL","NULL"
"RNDBOT","24458","1","2","1","0","NULL","0","NULL","NULL"
"RNDBOT","24459","10","2","1","0","NULL","0","NULL","NULL"
"RNDBOT","24460","10","2","1","0","NULL","0","NULL","NULL"
"RNDBOT","24461","5","9","1","0","NULL","0","NULL","NULL"
"RNDBOT","24462","1","3","1","0","NULL","0","NULL","NULL"
"RNDBOT","24463","3","2","1","0","NULL","0","NULL","NULL"
"RNDBOT","24464","9","8","1","0","NULL","0","NULL","NULL"
"RNDBOT","24465","10","3","1","0","NULL","0","NULL","NULL"
"RNDBOT","24466","3","3","1","0","NULL","0","NULL","NULL"
"RNDBOT","24467","9","9","1","0","NULL","0","NULL","NULL"
"RNDBOT","24468","7","1","1","0","NULL","0","NULL","NULL"
"RNDBOT","24469","10","2","1","0","NULL","0","NULL","NULL"
"RNDBOT","24470","9","3","1","0","NULL","0","NULL","NULL"
"RNDBOT","24471","1","8","1","0","NULL","0","NULL","NULL"
"RNDBOT","24472","4","3","1","0","NULL","0","NULL","NULL"
"RNDBOT","24473","8","4","1","0","NULL","0","NULL","NULL"
"RNDBOT","24474","10","8","1","0","NULL","0","NULL","NULL"
"RNDBOT","24475","1","2","1","0","NULL","0","NULL","NULL"
"RNDBOT","24476","1","3","1","0","NULL","0","NULL","NULL"
"RNDBOT","24477","4","4","1","0","NULL","0","NULL","NULL"
"RNDBOT","24478","1","3","1","0","NULL","0","NULL","NULL"
"RNDBOT","24479","9","8","1","0","NULL","0","NULL","NULL"
"RNDBOT","24480","10","5","1","0","NULL","0","NULL","NULL"
"RNDBOT","24481","2","1","1","0","NULL","0","NULL","NULL"
"RNDBOT","24482","9","1","1","0","NULL","0","NULL","NULL"
"RNDBOT","24483","1","5","1","0","NULL","0","NULL","NULL"
"RNDBOT","24484","5","9","1","0","NULL","0","NULL","NULL"
"RNDBOT","24485","9","4","1","0","NULL","0","NULL","NULL"
"RNDBOT","24486","5","4","1","0","NULL","0","NULL","NULL"
"RNDBOT","24487","4","3","1","0","NULL","0","NULL","NULL"
"RNDBOT","24488","9","3","1","0","NULL","0","NULL","NULL"
"RNDBOT","24489","1","3","1","0","NULL","0","NULL","NULL"
"RNDBOT","24490","4","11","1","0","NULL","0","NULL","NULL"
"RNDBOT","24491","4","11","1","0","NULL","0","NULL","NULL"
"RNDBOT","24492","10","8","1","0","NULL","0","NULL","NULL"
"RNDBOT","24493","10","3","1","0","NULL","0","NULL","NULL"
"RNDBOT","24494","10","5","1","0","NULL","0","NULL","NULL"
"RNDBOT","24495","1","5","1","0","NULL","0","NULL","NULL"
"RNDBOT","24496","5","8","1","0","NULL","0","NULL","NULL"
"RNDBOT","24497","3","1","1","0","NULL","0","NULL","NULL"
"RNDBOT","24498","4","11","1","0","NULL","0","NULL","NULL"
"RNDBOT","24499","3","2","1","0","NULL","0","NULL","NULL"
"RNDBOT","24500","9","3","1","0","NULL","0","NULL","NULL"
"RNDBOT","24501","1","1","1","0","NULL","0","NULL","NULL"
"RNDBOT","24502","10","5","1","0","NULL","0","NULL","NULL"
"RNDBOT","24503","5","1","1","0","NULL","0","NULL","NULL"
"RNDBOT","24504","10","8","1","0","NULL","0","NULL","NULL"
"RNDBOT","24505","4","3","1","0","NULL","0","NULL","NULL"
"RNDBOT","24506","10","2","1","0","NULL","0","NULL","NULL"
"RNDBOT","24507","10","3","1","0","NULL","0","NULL","NULL"
"RNDBOT","24508","10","1","1","0","NULL","0","NULL","NULL"
"RNDBOT","24509","10","2","1","0","NULL","0","NULL","NULL"
"RNDBOT","24510","9","9","1","0","NULL","0","NULL","NULL"
"RNDBOT","24511","7","9","1","0","NULL","0","NULL","NULL"
"RNDBOT","24512","10","2","1","0","NULL","0","NULL","NULL"
"RNDBOT","24513","7","8","1","0","NULL","0","NULL","NULL"
"RNDBOT","24514","9","3","1","0","NULL","0","NULL","NULL"
"RNDBOT","24515","3","2","1","0","NULL","0","NULL","NULL"
"RNDBOT","24516","4","11","1","0","NULL","0","NULL","NULL"
"RNDBOT","24517","1","1","1","0","NULL","0","NULL","NULL"
"RNDBOT","24518","9","8","1","0","NULL","0","NULL","NULL"
"RNDBOT","24519","9","1","1","0","NULL","0","NULL","NULL"
"RNDBOT","24520","4","4","1","0","NULL","0","NULL","NULL"
"RNDBOT","24521","10","1","1","0","NULL","0","NULL","NULL"
"RNDBOT","24522","7","4","1","0","NULL","0","NULL","NULL"
"RNDBOT","24523","5","4","1","0","NULL","0","NULL","NULL"
"RNDBOT","24524","1","2","1","0","NULL","0","NULL","NULL"
"RNDBOT","24525","6","11","1","0","NULL","0","NULL","NULL"
"RNDBOT","24526","5","8","1","0","NULL","0","NULL","NULL"
"RNDBOT","24527","7","8","1","0","NULL","0","NULL","NULL"
"RNDBOT","24528","9","4","1","0","NULL","0","NULL","NULL"
"RNDBOT","24529","10","1","1","0","NULL","0","NULL","NULL"
"RNDBOT","24530","1","2","1","0","NULL","0","NULL","NULL"
"RNDBOT","24531","5","8","1","0","NULL","0","NULL","NULL"
"RNDBOT","24532","4","5","1","0","NULL","0","NULL","NULL"
"RNDBOT","24533","1","3","1","0","NULL","0","NULL","NULL"
"RNDBOT","24534","1","3","1","0","NULL","0","NULL","NULL"
"RNDBOT","24535","4","3","1","0","NULL","0","NULL","NULL"
"RNDBOT","24536","6","1","1","0","NULL","0","NULL","NULL"
"RNDBOT","24537","2","7","1","0","NULL","0","NULL","NULL"
"RNDBOT","24538","8","3","1","0","NULL","0","NULL","NULL"
"RNDBOT","24539","6","7","1","0","NULL","0","NULL","NULL"
"RNDBOT","24540","7","9","1","0","NULL","0","NULL","NULL"
"RNDBOT","24541","2","3","1","0","NULL","0","NULL","NULL"
"RNDBOT","24542","4","1","1","0","NULL","0","NULL","NULL"
"RNDBOT","24543","5","4","1","0","NULL","0","NULL","NULL"
"RNDBOT","24544","9","1","1","0","NULL","0","NULL","NULL"
"RNDBOT","24545","2","9","1","0","NULL","0","NULL","NULL"
"RNDBOT","24546","9","3","1","0","NULL","0","NULL","NULL"
"RNDBOT","24547","7","8","1","0","NULL","0","NULL","NULL"
"RNDBOT","24548","10","8","1","0","NULL","0","NULL","NULL"
"RNDBOT","24549","6","7","1","0","NULL","0","NULL","NULL"
"RNDBOT","24550","1","2","1","0","NULL","0","NULL","NULL"
"RNDBOT","24551","1","2","1","0","NULL","0","NULL","NULL"
"RNDBOT","24552","4","3","1","0","NULL","0","NULL","NULL"
"RNDBOT","24553","1","4","1","0","NULL","0","NULL","NULL"
"RNDBOT","24554","1","8","1","0","NULL","0","NULL","NULL"
"RNDBOT","24555","1","3","1","0","NULL","0","NULL","NULL"
"RNDBOT","24556","9","1","1","0","NULL","0","NULL","NULL"
"RNDBOT","24557","1","2","1","0","NULL","0","NULL","NULL"
"RNDBOT","24558","9","8","1","0","NULL","0","NULL","NULL"
"RNDBOT","24559","5","8","1","0","NULL","0","NULL","NULL"
"RNDBOT","24560","5","9","1","0","NULL","0","NULL","NULL"
"RNDBOT","24561","10","3","1","0","NULL","0","NULL","NULL"
"RNDBOT","24562","4","3","1","0","NULL","0","NULL","NULL"
"RNDBOT","24563","5","8","1","0","NULL","0","NULL","NULL"
"RNDBOT","24564","2","3","1","0","NULL","0","NULL","NULL"
"RNDBOT","24565","1","9","1","0","NULL","0","NULL","NULL"
"RNDBOT","24566","9","9","1","0","NULL","0","NULL","NULL"
"RNDBOT","24567","9","9","1","0","NULL","0","NULL","NULL"
"RNDBOT","24568","4","11","1","0","NULL","0","NULL","NULL"
"RNDBOT","24569","6","7","1","0","NULL","0","NULL","NULL"
"RNDBOT","24570","4","11","1","0","NULL","0","NULL","NULL"
"RNDBOT","24571","10","3","1","0","NULL","0","NULL","NULL"
"RNDBOT","24572","9","1","1","0","NULL","0","NULL","NULL"
"RNDBOT","24573","9","9","1","0","NULL","0","NULL","NULL"
"RNDBOT","24574","10","8","1","0","NULL","0","NULL","NULL"
"RNDBOT","24575","9","4","1","0","NULL","0","NULL","NULL"
"RNDBOT","24576","3","2","1","0","NULL","0","NULL","NULL"
"RNDBOT","24577","1","3","1","0","NULL","0","NULL","NULL"
"RNDBOT","24578","1","8","1","0","NULL","0","NULL","NULL"
"RNDBOT","24579","10","3","1","0","NULL","0","NULL","NULL"
"RNDBOT","24580","10","5","1","0","NULL","0","NULL","NULL"
"RNDBOT","24581","2","9","1","0","NULL","0","NULL","NULL"
"RNDBOT","24582","9","4","1","0","NULL","0","NULL","NULL"
"RNDBOT","24583","6","3","1","0","NULL","0","NULL","NULL"
"RNDBOT","24584","9","1","1","0","NULL","0","NULL","NULL"
"RNDBOT","24585","10","3","1","0","NULL","0","NULL","NULL"
"RNDBOT","24586","5","5","1","0","NULL","0","NULL","NULL"
"RNDBOT","24587","9","1","1","0","NULL","0","NULL","NULL"
"RNDBOT","24588","1","4","1","0","NULL","0","NULL","NULL"
"RNDBOT","24589","10","1","1","0","NULL","0","NULL","NULL"
"RNDBOT","24590","10","2","1","0","NULL","0","NULL","NULL"
"RNDBOT","24591","10","4","1","0","NULL","0","NULL","NULL"
"RNDBOT","24592","9","8","1","0","NULL","0","NULL","NULL"
"RNDBOT","24593","2","7","1","0","NULL","0","NULL","NULL"
"RNDBOT","24594","1","4","1","0","NULL","0","NULL","NULL"
"RNDBOT","24595","8","4","1","0","NULL","0","NULL","NULL"
"RNDBOT","24596","10","2","1","0","NULL","0","NULL","NULL"
"RNDBOT","24597","10","4","1","0","NULL","0","NULL","NULL"
"RNDBOT","24598","1","8","1","0","NULL","0","NULL","NULL"
"RNDBOT","24599","2","1","1","0","NULL","0","NULL","NULL"
"RNDBOT","24600","10","2","1","0","NULL","0","NULL","NULL"
"RNDBOT","24601","10","4","1","0","NULL","0","NULL","NULL"
"RNDBOT","24602","10","2","1","0","NULL","0","NULL","NULL"
"RNDBOT","24603","4","3","1","0","NULL","0","NULL","NULL"
"RNDBOT","24604","7","9","1","0","NULL","0","NULL","NULL"
"RNDBOT","24605","10","4","1","0","NULL","0","NULL","NULL"
"RNDBOT","24606","3","1","1","0","NULL","0","NULL","NULL"
"RNDBOT","24607","1","2","1","0","NULL","0","NULL","NULL"
"RNDBOT","24608","3","3","1","0","NULL","0","NULL","NULL"
"RNDBOT","24609","3","1","1","0","NULL","0","NULL","NULL"
"RNDBOT","24610","2","3","1","0","NULL","0","NULL","NULL"
"RNDBOT","24611","8","4","1","0","NULL","0","NULL","NULL"
"RNDBOT","24612","1","1","1","0","NULL","0","NULL","NULL"
"RNDBOT","24613","4","4","1","0","NULL","0","NULL","NULL"
"RNDBOT","24614","10","1","1","0","NULL","0","NULL","NULL"
"RNDBOT","24615","1","1","1","0","NULL","0","NULL","NULL"
"RNDBOT","24616","7","8","1","0","NULL","0","NULL","NULL"
"RNDBOT","24617","9","1","1","0","NULL","0","NULL","NULL"
"RNDBOT","24618","10","8","1","0","NULL","0","NULL","NULL"
"RNDBOT","24619","10","1","1","0","NULL","0","NULL","NULL"
"RNDBOT","24620","10","5","1","0","NULL","0","NULL","NULL"
"RNDBOT","24621","9","1","1","0","NULL","0","NULL","NULL"
"RNDBOT","24622","1","8","1","0","NULL","0","NULL","NULL"
"RNDBOT","24623","9","3","1","0","NULL","0","NULL","NULL"
"RNDBOT","24624","4","3","1","0","NULL","0","NULL","NULL"
"RNDBOT","24625","9","3","1","0","NULL","0","NULL","NULL"
"RNDBOT","24626","10","2","1","0","NULL","0","NULL","NULL"
"RNDBOT","24627","9","9","1","0","NULL","0","NULL","NULL"
"RNDBOT","24628","1","1","1","0","NULL","0","NULL","NULL"
"RNDBOT","24629","9","1","1","0","NULL","0","NULL","NULL"
"RNDBOT","24630","4","5","1","0","NULL","0","NULL","NULL"
"RNDBOT","24631","2","3","1","0","NULL","0","NULL","NULL"
"RNDBOT","24632","7","8","1","0","NULL","0","NULL","NULL"
"RNDBOT","24633","2","3","1","0","NULL","0","NULL","NULL"
"RNDBOT","24634","8","7","1","0","NULL","0","NULL","NULL"
"RNDBOT","24635","9","4","1","0","NULL","0","NULL","NULL"
"RNDBOT","24636","9","3","1","0","NULL","0","NULL","NULL"
"RNDBOT","24637","9","4","1","0","NULL","0","NULL","NULL"
"RNDBOT","24638","9","9","1","0","NULL","0","NULL","NULL"
"RNDBOT","24639","1","9","1","0","NULL","0","NULL","NULL"
"RNDBOT","24640","4","3","1","0","NULL","0","NULL","NULL"
"RNDBOT","24641","4","4","1","0","NULL","0","NULL","NULL"
"RNDBOT","24642","9","1","1","0","NULL","0","NULL","NULL"
"RNDBOT","24643","10","3","1","0","NULL","0","NULL","NULL"
"RNDBOT","24644","9","1","1","0","NULL","0","NULL","NULL"
"RNDBOT","24645","10","1","1","0","NULL","0","NULL","NULL"
"RNDBOT","24646","9","3","1","0","NULL","0","NULL","NULL"
"RNDBOT","24647","4","3","1","0","NULL","0","NULL","NULL"
"RNDBOT","24648","3","3","1","0","NULL","0","NULL","NULL"
"RNDBOT","24649","3","3","1","0","NULL","0","NULL","NULL"
"RNDBOT","24650","8","7","1","0","NULL","0","NULL","NULL"
"RNDBOT","24651","9","1","1","0","NULL","0","NULL","NULL"
"RNDBOT","24652","2","7","1","0","NULL","0","NULL","NULL"
"RNDBOT","24653","9","8","1","0","NULL","0","NULL","NULL"
"RNDBOT","24654","10","4","1","0","NULL","0","NULL","NULL"
"RNDBOT","24655","4","11","1","0","NULL","0","NULL","NULL"
"RNDBOT","24656","10","3","1","0","NULL","0","NULL","NULL"
"RNDBOT","24657","10","5","1","0","NULL","0","NULL","NULL"
"RNDBOT","24658","10","3","1","0","NULL","0","NULL","NULL"
"RNDBOT","24659","6","1","1","0","NULL","0","NULL","NULL"
"RNDBOT","24660","4","11","1","0","NULL","0","NULL","NULL"
"RNDBOT","24661","10","1","1","0","NULL","0","NULL","NULL"
"RNDBOT","24662","8","3","1","0","NULL","0","NULL","NULL"
"RNDBOT","24663","7","1","1","0","NULL","0","NULL","NULL"
"RNDBOT","24664","8","3","1","0","NULL","0","NULL","NULL"
"RNDBOT","24665","10","2","1","0","NULL","0","NULL","NULL"
"RNDBOT","24666","7","1","1","0","NULL","0","NULL","NULL"
"RNDBOT","24667","9","3","1","0","NULL","0","NULL","NULL"
"RNDBOT","24668","6","7","1","0","NULL","0","NULL","NULL"
"RNDBOT","24669","10","3","1","0","NULL","0","NULL","NULL"
"RNDBOT","24670","9","4","1","0","NULL","0","NULL","NULL"
"RNDBOT","24671","5","4","1","0","NULL","0","NULL","NULL"
"RNDBOT","24672","5","8","1","0","NULL","0","NULL","NULL"
"RNDBOT","24673","9","4","1","0","NULL","0","NULL","NULL"
"RNDBOT","24674","9","3","1","0","NULL","0","NULL","NULL"
"RNDBOT","24675","1","5","1","0","NULL","0","NULL","NULL"
"RNDBOT","24676","10","8","1","0","NULL","0","NULL","NULL"
"RNDBOT","24677","10","3","1","0","NULL","0","NULL","NULL"
"RNDBOT","24678","7","8","1","0","NULL","0","NULL","NULL"
"RNDBOT","24679","9","4","1","0","NULL","0","NULL","NULL"
"RNDBOT","24680","5","4","1","0","NULL","0","NULL","NULL"
"RNDBOT","24681","1","3","1","0","NULL","0","NULL","NULL"
"RNDBOT","24682","9","4","1","0","NULL","0","NULL","NULL"
"RNDBOT","24683","1","2","1","0","NULL","0","NULL","NULL"
"RNDBOT","24684","2","1","1","0","NULL","0","NULL","NULL"
"RNDBOT","24685","1","2","1","0","NULL","0","NULL","NULL"
"RNDBOT","24686","9","8","1","0","NULL","0","NULL","NULL"
"RNDBOT","24687","10","2","1","0","NULL","0","NULL","NULL"
"RNDBOT","24688","9","4","1","0","NULL","0","NULL","NULL"
"RNDBOT","24689","1","2","1","0","NULL","0","NULL","NULL"
"RNDBOT","24690","8","7","1","0","NULL","0","NULL","NULL"
"RNDBOT","24691","9","9","1","0","NULL","0","NULL","NULL"
"RNDBOT","24692","5","8","1","0","NULL","0","NULL","NULL"
"RNDBOT","24693","9","1","1","0","NULL","0","NULL","NULL"
"RNDBOT","24694","9","9","1","0","NULL","0","NULL","NULL"
"RNDBOT","24695","1","4","1","0","NULL","0","NULL","NULL"
"RNDBOT","24696","10","1","1","0","NULL","0","NULL","NULL"
"RNDBOT","24697","10","4","1","0","NULL","0","NULL","NULL"
"RNDBOT","24698","10","5","1","0","NULL","0","NULL","NULL"
"RNDBOT","24699","6","3","1","0","NULL","0","NULL","NULL"
"RNDBOT","24700","1","8","1","0","NULL","0","NULL","NULL"
"RNDBOT","24701","9","3","1","0","NULL","0","NULL","NULL"
"RNDBOT","24702","10","1","1","0","NULL","0","NULL","NULL"
"RNDBOT","24703","1","4","1","0","NULL","0","NULL","NULL"
"RNDBOT","24704","3","5","1","0","NULL","0","NULL","NULL"
"RNDBOT","24705","10","3","1","0","NULL","0","NULL","NULL"
"RNDBOT","24706","6","11","1","0","NULL","0","NULL","NULL"
"RNDBOT","24707","1","1","1","0","NULL","0","NULL","NULL"
"RNDBOT","24708","10","2","3","0","NULL","0","NULL","NULL"
"RNDBOT","24709","3","3","4","0","NULL","0","NULL","NULL"
"RNDBOT","24710","9","9","6","0","NULL","0","NULL","NULL"
"RNDBOT","24711","4","3","1","0","NULL","0","NULL","NULL"
"RNDBOT","24712","9","4","1","0","NULL","0","NULL","NULL"
"RNDBOT","24713","6","1","1","0","NULL","0","NULL","NULL"
"RNDBOT","24714","10","5","1","0","NULL","0","NULL","NULL"
"RNDBOT","24715","9","1","1","0","NULL","0","NULL","NULL"
"RNDBOT","24716","4","4","1","0","NULL","0","NULL","NULL"
"RNDBOT","24717","4","3","1","0","NULL","0","NULL","NULL"
"RNDBOT","24718","10","5","1","0","NULL","0","NULL","NULL"
"RNDBOT","24719","1","2","1","0","NULL","0","NULL","NULL"
"RNDBOT","24720","10","1","1","0","NULL","0","NULL","NULL"
"RNDBOT","24721","1","4","1","0","NULL","0","NULL","NULL"
"RNDBOT","24722","10","1","1","0","NULL","0","NULL","NULL"
"RNDBOT","24723","4","11","1","0","NULL","0","NULL","NULL"
"RNDBOT","24724","5","4","1","0","NULL","0","NULL","NULL"
"RNDBOT","24725","4","11","1","0","NULL","0","NULL","NULL"
"RNDBOT","24726","10","3","1","0","NULL","0","NULL","NULL"
"RNDBOT","24727","9","1","1","0","NULL","0","NULL","NULL"
"RNDBOT","24728","1","2","1","0","NULL","0","NULL","NULL"
"RNDBOT","24729","5","8","1","0","NULL","0","NULL","NULL"
"RNDBOT","24730","9","8","1","0","NULL","0","NULL","NULL"
"RNDBOT","24731","5","4","1","0","NULL","0","NULL","NULL"
"RNDBOT","24732","1","2","1","0","NULL","0","NULL","NULL"
"RNDBOT","24733","4","4","1","0","NULL","0","NULL","NULL"
"RNDBOT","24734","10","5","1","0","NULL","0","NULL","NULL"
"RNDBOT","24735","1","3","1","0","NULL","0","NULL","NULL"
"RNDBOT","24736","10","4","1","0","NULL","0","NULL","NULL"
"RNDBOT","24737","5","5","1","0","NULL","0","NULL","NULL"
"RNDBOT","24738","3","3","1","0","NULL","0","NULL","NULL"
"RNDBOT","24739","9","1","1","0","NULL","0","NULL","NULL"
"RNDBOT","24740","1","3","1","0","NULL","0","NULL","NULL"
"RNDBOT","24741","10","4","1","0","NULL","0","NULL","NULL"
"RNDBOT","24742","4","3","1","0","NULL","0","NULL","NULL"
"RNDBOT","24743","10","8","1","0","NULL","0","NULL","NULL"
"RNDBOT","24744","9","8","1","0","NULL","0","NULL","NULL"
"RNDBOT","24745","5","9","1","0","NULL","0","NULL","NULL"
"RNDBOT","24746","9","3","1","0","NULL","0","NULL","NULL"
"RNDBOT","24747","5","1","1","0","NULL","0","NULL","NULL"
"RNDBOT","24748","10","3","1","0","NULL","0","NULL","NULL"
"RNDBOT","24749","9","4","1","0","NULL","0","NULL","NULL"
"RNDBOT","24750","9","9","1","0","NULL","0","NULL","NULL"
"RNDBOT","24751","9","8","1","0","NULL","0","NULL","NULL"
"RNDBOT","24752","1","2","1","0","NULL","0","NULL","NULL"
"RNDBOT","24753","2","1","1","0","NULL","0","NULL","NULL"
"RNDBOT","24754","1","4","1","0","NULL","0","NULL","NULL"
"RNDBOT","24755","8","3","1","0","NULL","0","NULL","NULL"
"RNDBOT","24756","1","3","1","0","NULL","0","NULL","NULL"
"RNDBOT","24757","10","3","1","0","NULL","0","NULL","NULL"
"RNDBOT","24758","9","9","1","0","NULL","0","NULL","NULL"
"RNDBOT","24759","9","9","1","0","NULL","0","NULL","NULL"
"RNDBOT","24760","7","4","1","0","NULL","0","NULL","NULL"
"RNDBOT","24761","10","2","1","0","NULL","0","NULL","NULL"
"RNDBOT","24762","1","5","1","0","NULL","0","NULL","NULL"
"RNDBOT","24763","10","3","1","0","NULL","0","NULL","NULL"
"RNDBOT","24764","9","8","1","0","NULL","0","NULL","NULL"
"RNDBOT","24765","6","11","1","0","NULL","0","NULL","NULL"
"RNDBOT","24766","1","3","1","0","NULL","0","NULL","NULL"
"RNDBOT","24767","4","11","1","0","NULL","0","NULL","NULL"
"RNDBOT","24768","3","4","1","0","NULL","0","NULL","NULL"
"RNDBOT","24769","9","9","1","0","NULL","0","NULL","NULL"
"RNDBOT","24770","10","3","1","0","NULL","0","NULL","NULL"
"RNDBOT","24771","5","1","1","0","NULL","0","NULL","NULL"
"RNDBOT","24772","9","3","1","0","NULL","0","NULL","NULL"
"RNDBOT","24773","9","9","1","0","NULL","0","NULL","NULL"
"RNDBOT","24774","1","8","1","0","NULL","0","NULL","NULL"
"RNDBOT","24775","10","2","1","0","NULL","0","NULL","NULL"
"RNDBOT","24776","6","7","1","0","NULL","0","NULL","NULL"
"RNDBOT","24777","10","4","1","0","NULL","0","NULL","NULL"
"RNDBOT","24778","1","5","1","0","NULL","0","NULL","NULL"
"RNDBOT","24779","6","3","1","0","NULL","0","NULL","NULL"
"RNDBOT","24780","10","8","1","0","NULL","0","NULL","NULL"
"RNDBOT","24781","10","3","1","0","NULL","0","NULL","NULL"
"RNDBOT","24782","1","8","1","0","NULL","0","NULL","NULL"
"RNDBOT","24783","8","4","1","0","NULL","0","NULL","NULL"
"RNDBOT","24784","10","1","1","0","NULL","0","NULL","NULL"
"RNDBOT","24785","1","5","1","0","NULL","0","NULL","NULL"
"RNDBOT","24786","5","9","1","0","NULL","0","NULL","NULL"
"RNDBOT","24787","3","1","1","0","NULL","0","NULL","NULL"
"RNDBOT","24788","4","4","1","0","NULL","0","NULL","NULL"
"RNDBOT","24789","8","3","1","0","NULL","0","NULL","NULL"
"RNDBOT","24790","10","3","1","0","NULL","0","NULL","NULL"
"RNDBOT","24791","1","5","1","0","NULL","0","NULL","NULL"
"RNDBOT","24792","10","5","1","0","NULL","0","NULL","NULL"
"RNDBOT","24793","7","4","1","0","NULL","0","NULL","NULL"
"RNDBOT","24794","2","3","1","0","NULL","0","NULL","NULL"
"RNDBOT","24795","10","2","1","0","NULL","0","NULL","NULL"
"RNDBOT","24796","1","2","1","0","NULL","0","NULL","NULL"
"RNDBOT","24797","4","3","1","0","NULL","0","NULL","NULL"
"RNDBOT","24798","6","7","1","0","NULL","0","NULL","NULL"
"RNDBOT","24799","10","8","1","0","NULL","0","NULL","NULL"
"RNDBOT","24800","4","5","1","0","NULL","0","NULL","NULL"
"RNDBOT","24801","10","4","1","0","NULL","0","NULL","NULL"
"RNDBOT","24802","3","2","1","0","NULL","0","NULL","NULL"
"RNDBOT","24803","7","9","1","0","NULL","0","NULL","NULL"
"RNDBOT","24804","10","8","1","0","NULL","0","NULL","NULL"
"RNDBOT","24805","1","2","1","0","NULL","0","NULL","NULL"
"RNDBOT","24806","10","4","1","0","NULL","0","NULL","NULL"
"RNDBOT","24807","3","3","1","0","NULL","0","NULL","NULL"
"RNDBOT","24808","10","2","1","0","NULL","0","NULL","NULL"
"RNDBOT","24809","10","4","1","0","NULL","0","NULL","NULL"
"RNDBOT","24810","4","5","1","0","NULL","0","NULL","NULL"
"RNDBOT","24811","4","4","1","0","NULL","0","NULL","NULL"
"RNDBOT","24812","10","3","1","0","NULL","0","NULL","NULL"
"RNDBOT","24813","4","5","1","0","NULL","0","NULL","NULL"
"RNDBOT","24814","9","9","1","0","NULL","0","NULL","NULL"
"RNDBOT","24815","10","1","1","0","NULL","0","NULL","NULL"
"RNDBOT","24816","10","3","1","0","NULL","0","NULL","NULL"
"RNDBOT","24817","9","1","1","0","NULL","0","NULL","NULL"
"RNDBOT","24818","3","2","1","0","NULL","0","NULL","NULL"
"RNDBOT","24819","9","1","1","0","NULL","0","NULL","NULL"
"RNDBOT","24820","4","11","1","0","NULL","0","NULL","NULL"
"RNDBOT","24821","9","4","1","0","NULL","0","NULL","NULL"
"RNDBOT","24822","10","8","1","0","NULL","0","NULL","NULL"
"RNDBOT","24823","9","3","1","0","NULL","0","NULL","NULL"
"RNDBOT","24824","10","3","1","0","NULL","0","NULL","NULL"
"RNDBOT","24825","10","8","1","0","NULL","0","NULL","NULL"
"RNDBOT","24826","10","4","1","0","NULL","0","NULL","NULL"
"RNDBOT","24827","10","1","1","0","NULL","0","NULL","NULL"
"RNDBOT","24828","4","4","1","0","NULL","0","NULL","NULL"
"RNDBOT","24829","9","1","1","0","NULL","0","NULL","NULL"
"RNDBOT","24830","10","5","1","0","NULL","0","NULL","NULL"
"RNDBOT","24831","4","11","1","0","NULL","0","NULL","NULL"
"RNDBOT","24832","1","5","1","0","NULL","0","NULL","NULL"
"RNDBOT","24833","4","1","2","0","NULL","0","NULL","NULL"
"RNDBOT","24834","9","9","6","0","NULL","0","NULL","NULL"
"RNDBOT","24835","5","8","6","0","NULL","0","NULL","NULL"
"RNDBOT","24836","9","1","7","0","NULL","0","NULL","NULL"
"RNDBOT","24837","6","3","6","0","NULL","0","NULL","NULL"
"RNDBOT","24838","9","4","5","0","NULL","0","NULL","NULL"
"RNDBOT","24839","10","5","2","0","NULL","0","NULL","NULL"
"RNDBOT","24840","4","1","6","0","NULL","0","NULL","NULL"
"RNDBOT","24841","10","2","6","0","NULL","0","NULL","NULL"
"RNDBOT","24842","10","2","1","0","NULL","0","NULL","NULL"
"RNDBOT","24843","10","3","1","0","NULL","0","NULL","NULL"
"RNDBOT","24844","4","4","1","0","NULL","0","NULL","NULL"
"RNDBOT","24845","10","1","1","0","NULL","0","NULL","NULL"
"RNDBOT","24846","3","3","1","0","NULL","0","NULL","NULL"
"RNDBOT","24847","10","1","1","0","NULL","0","NULL","NULL"
"RNDBOT","24848","1","8","1","0","NULL","0","NULL","NULL"
"RNDBOT","24849","4","4","1","0","NULL","0","NULL","NULL"
"RNDBOT","24850","8","4","1","0","NULL","0","NULL","NULL"
"RNDBOT","24851","6","1","1","0","NULL","0","NULL","NULL"
"RNDBOT","24852","10","5","1","0","NULL","0","NULL","NULL"
"RNDBOT","24853","9","4","1","0","NULL","0","NULL","NULL"
"RNDBOT","24854","10","3","1","0","NULL","0","NULL","NULL"
"RNDBOT","24855","5","1","1","0","NULL","0","NULL","NULL"
"RNDBOT","24856","1","3","1","0","NULL","0","NULL","NULL"
"RNDBOT","24857","9","4","1","0","NULL","0","NULL","NULL"
"RNDBOT","24858","9","1","1","0","NULL","0","NULL","NULL"
"RNDBOT","24859","6","3","1","0","NULL","0","NULL","NULL"
"RNDBOT","24860","6","7","1","0","NULL","0","NULL","NULL"
"RNDBOT","24861","4","1","1","0","NULL","0","NULL","NULL"
"RNDBOT","24862","4","3","1","0","NULL","0","NULL","NULL"
"RNDBOT","24863","9","1","1","0","NULL","0","NULL","NULL"
"RNDBOT","24864","10","1","1","0","NULL","0","NULL","NULL"
"RNDBOT","24865","10","3","1","0","NULL","0","NULL","NULL"
"RNDBOT","24866","4","11","1","0","NULL","0","NULL","NULL"
"RNDBOT","24867","2","1","1","0","NULL","0","NULL","NULL"
"RNDBOT","24868","10","3","1","0","NULL","0","NULL","NULL"
"RNDBOT","24869","9","9","1","0","NULL","0","NULL","NULL"
"RNDBOT","24870","4","3","1","0","NULL","0","NULL","NULL"
"RNDBOT","24871","10","4","1","0","NULL","0","NULL","NULL"
"RNDBOT","24872","9","3","1","0","NULL","0","NULL","NULL"
"RNDBOT","24873","10","1","1","0","NULL","0","NULL","NULL"
"RNDBOT","24874","9","8","1","0","NULL","0","NULL","NULL"
"RNDBOT","24875","1","1","1","0","NULL","0","NULL","NULL"
"RNDBOT","24876","10","2","1","0","NULL","0","NULL","NULL"
"RNDBOT","24877","10","4","1","0","NULL","0","NULL","NULL"
"RNDBOT","24878","4","3","1","0","NULL","0","NULL","NULL"
"RNDBOT","24879","1","3","1","0","NULL","0","NULL","NULL"
"RNDBOT","24880","3","3","1","0","NULL","0","NULL","NULL"
"RNDBOT","24881","9","8","1","0","NULL","0","NULL","NULL"
"RNDBOT","24882","9","1","1","0","NULL","0","NULL","NULL"
"RNDBOT","24883","9","8","1","0","NULL","0","NULL","NULL"
"RNDBOT","24884","9","9","1","0","NULL","0","NULL","NULL"
"RNDBOT","24885","9","9","1","0","NULL","0","NULL","NULL"
"RNDBOT","24886","3","3","1","0","NULL","0","NULL","NULL"
"RNDBOT","24887","10","8","1","0","NULL","0","NULL","NULL"
"RNDBOT","24888","9","9","1","0","NULL","0","NULL","NULL"
"RNDBOT","24889","4","1","1","0","NULL","0","NULL","NULL"
"RNDBOT","24890","5","4","1","0","NULL","0","NULL","NULL"
"RNDBOT","24891","9","4","1","0","NULL","0","NULL","NULL"
"RNDBOT","24892","10","5","1","0","NULL","0","NULL","NULL"
"RNDBOT","24893","6","7","1","0","NULL","0","NULL","NULL"
"RNDBOT","24894","10","4","1","0","NULL","0","NULL","NULL"
"RNDBOT","24895","9","4","1","0","NULL","0","NULL","NULL"
"RNDBOT","24896","10","1","1","0","NULL","0","NULL","NULL"
"RNDBOT","24897","6","1","1","0","NULL","0","NULL","NULL"
"RNDBOT","24898","1","5","1","0","NULL","0","NULL","NULL"
"RNDBOT","24899","10","1","1","0","NULL","0","NULL","NULL"
"RNDBOT","24900","1","4","1","0","NULL","0","NULL","NULL"
"RNDBOT","24901","10","5","1","0","NULL","0","NULL","NULL"
"RNDBOT","24902","9","1","1","0","NULL","0","NULL","NULL"
"RNDBOT","24903","3","2","1","0","NULL","0","NULL","NULL"
"RNDBOT","24904","1","2","1","0","NULL","0","NULL","NULL"
"RNDBOT","24905","3","1","7","0","NULL","0","NULL","NULL"
"RNDBOT","24906","9","3","1","0","NULL","0","NULL","NULL"
"RNDBOT","24907","7","4","1","0","NULL","0","NULL","NULL"
"RNDBOT","24908","4","1","1","0","NULL","0","NULL","NULL"
"RNDBOT","24909","6","3","6","0","NULL","0","NULL","NULL"
"RNDBOT","24910","1","8","6","0","NULL","0","NULL","NULL"
"RNDBOT","24911","4","3","7","1","Herbalism:1/75","0","NULL","NULL"
"RNDBOT","24912","10","8","7","1","Skinning:1/75","1","First Aid:7/75","NULL"
"RNDBOT","24913","3","4","1","0","NULL","0","NULL","NULL"
"RNDBOT","24914","9","3","5","0","NULL","0","NULL","NULL"
"RNDBOT","24915","9","1","1","0","NULL","0","NULL","NULL"
"RNDBOT","24916","10","1","1","0","NULL","0","NULL","NULL"
"RNDBOT","24917","9","1","6","0","NULL","0","NULL","NULL"
"RNDBOT","24918","10","5","6","0","NULL","0","NULL","NULL"
"RNDBOT","24919","4","11","3","0","NULL","0","NULL","NULL"
"RNDBOT","24920","1","2","6","0","NULL","0","NULL","NULL"
"RNDBOT","24921","9","1","7","0","NULL","0","NULL","NULL"
"RNDBOT","24922","3","5","7","0","NULL","0","NULL","NULL"
"RNDBOT","24923","10","8","1","0","NULL","0","NULL","NULL"
"RNDBOT","24924","10","2","1","0","NULL","0","NULL","NULL"
"RNDBOT","24925","5","4","1","0","NULL","0","NULL","NULL"
"RNDBOT","24926","3","5","1","0","NULL","0","NULL","NULL"
"RNDBOT","24927","9","1","1","0","NULL","0","NULL","NULL"
"RNDBOT","24928","1","9","1","0","NULL","0","NULL","NULL"
"RNDBOT","24929","10","4","1","0","NULL","0","NULL","NULL"
"RNDBOT","24930","10","4","1","0","NULL","0","NULL","NULL"
"RNDBOT","24931","1","3","1","0","NULL","0","NULL","NULL"
"RNDBOT","24932","10","4","1","0","NULL","0","NULL","NULL"
"RNDBOT","24933","5","1","1","0","NULL","0","NULL","NULL"
"RNDBOT","24934","2","9","1","0","NULL","0","NULL","NULL"
"RNDBOT","24935","1","8","1","0","NULL","0","NULL","NULL"
"RNDBOT","24936","10","5","1","0","NULL","0","NULL","NULL"
"RNDBOT","24937","1","4","1","0","NULL","0","NULL","NULL"
"RNDBOT","24938","1","9","1","0","NULL","0","NULL","NULL"
"RNDBOT","24939","2","1","1","0","NULL","0","NULL","NULL"
"RNDBOT","24940","7","8","1","0","NULL","0","NULL","NULL"
"RNDBOT","24941","10","1","1","0","NULL","0","NULL","NULL"
"RNDBOT","24942","1","9","1","0","NULL","0","NULL","NULL"
"RNDBOT","24943","8","7","1","0","NULL","0","NULL","NULL"
"RNDBOT","24944","1","2","1","0","NULL","0","NULL","NULL"
"RNDBOT","24945","10","2","1","0","NULL","0","NULL","NULL"
"RNDBOT","24946","1","9","1","0","NULL","0","NULL","NULL"
"RNDBOT","24947","9","8","1","0","NULL","0","NULL","NULL"
"RNDBOT","24948","9","4","1","0","NULL","0","NULL","NULL"
"RNDBOT","24949","1","4","1","0","NULL","0","NULL","NULL"
"RNDBOT","24950","3","5","1","0","NULL","0","NULL","NULL"
"RNDBOT","24951","9","8","1","0","NULL","0","NULL","NULL"
"RNDBOT","24952","8","1","1","0","NULL","0","NULL","NULL"
"RNDBOT","24953","9","1","1","0","NULL","0","NULL","NULL"
"RNDBOT","24954","6","7","1","0","NULL","0","NULL","NULL"
"RNDBOT","24955","9","9","1","0","NULL","0","NULL","NULL"
"RNDBOT","24956","10","5","1","0","NULL","0","NULL","NULL"
"RNDBOT","24957","5","5","1","0","NULL","0","NULL","NULL"
"RNDBOT","24958","1","1","1","0","NULL","0","NULL","NULL"
"RNDBOT","24959","9","9","1","0","NULL","0","NULL","NULL"
"RNDBOT","24960","4","3","1","0","NULL","0","NULL","NULL"
"RNDBOT","24961","1","3","1","0","NULL","0","NULL","NULL"
"RNDBOT","24962","3","4","1","0","NULL","0","NULL","NULL"
"RNDBOT","24963","1","3","1","0","NULL","0","NULL","NULL"
"RNDBOT","24964","4","4","1","0","NULL","0","NULL","NULL"
"RNDBOT","24965","4","11","1","0","NULL","0","NULL","NULL"
"RNDBOT","24966","3","3","1","0","NULL","0","NULL","NULL"
"RNDBOT","24967","1","5","1","0","NULL","0","NULL","NULL"
"RNDBOT","24968","1","5","1","0","NULL","0","NULL","NULL"
"RNDBOT","24969","9","4","1","0","NULL","0","NULL","NULL"
"RNDBOT","24970","4","4","1","0","NULL","0","NULL","NULL"
"RNDBOT","24971","7","9","1","0","NULL","0","NULL","NULL"
"RNDBOT","24972","7","9","1","0","NULL","0","NULL","NULL"
"RNDBOT","24973","6","11","1","0","NULL","0","NULL","NULL"
"RNDBOT","24974","6","11","1","0","NULL","0","NULL","NULL"
"RNDBOT","24975","10","5","1","0","NULL","0","NULL","NULL"
"RNDBOT","24976","10","2","1","0","NULL","0","NULL","NULL"
"RNDBOT","24977","10","3","1","0","NULL","0","NULL","NULL"
"RNDBOT","24978","9","8","1","0","NULL","0","NULL","NULL"
"RNDBOT","24979","7","9","1","0","NULL","0","NULL","NULL"
"RNDBOT","24980","5","5","1","0","NULL","0","NULL","NULL"
"RNDBOT","24981","9","4","1","0","NULL","0","NULL","NULL"
"RNDBOT","24982","10","5","1","0","NULL","0","NULL","NULL"
"RNDBOT","24983","9","3","1","0","NULL","0","NULL","NULL"
"RNDBOT","24984","4","4","1","0","NULL","0","NULL","NULL"
"RNDBOT","24985","4","1","1","0","NULL","0","NULL","NULL"
"RNDBOT","24986","1","9","1","0","NULL","0","NULL","NULL"
"RNDBOT","24987","9","8","1","0","NULL","0","NULL","NULL"
"RNDBOT","24988","10","3","1","0","NULL","0","NULL","NULL"
"RNDBOT","24989","1","2","1","0","NULL","0","NULL","NULL"
"RNDBOT","24990","2","3","1","0","NULL","0","NULL","NULL"
"RNDBOT","24991","10","2","1","0","NULL","0","NULL","NULL"
"RNDBOT","24992","5","1","1","0","NULL","0","NULL","NULL"
"RNDBOT","24993","4","3","1","0","NULL","0","NULL","NULL"
"RNDBOT","24994","2","4","1","0","NULL","0","NULL","NULL"
"RNDBOT","24995","10","2","9","0","NULL","0","NULL","NULL"
"RNDBOT","24996","10","8","6","1","Blacksmithing:1/75","1","Cooking:1/75","NULL"
"RNDBOT","24997","4","4","1","0","NULL","0","NULL","NULL"
"RNDBOT","24998","9","8","6","0","NULL","0","NULL","NULL"
"RNDBOT","24999","9","3","5","0","NULL","0","NULL","NULL"
"RNDBOT","25000","10","5","1","0","NULL","0","NULL","NULL"
"RNDBOT","25001","8","3","3","0","NULL","0","NULL","NULL"
"RNDBOT","25002","3","3","1","0","NULL","0","NULL","NULL"
"RNDBOT","25003","4","11","3","0","NULL","0","NULL","NULL"
"RNDBOT","25004","9","8","1","0","NULL","0","NULL","NULL"
"RNDBOT","25005","10","3","1","0","NULL","0","NULL","NULL"
"RNDBOT","25006","10","8","1","0","NULL","0","NULL","NULL"
"RNDBOT","25007","9","9","1","0","NULL","0","NULL","NULL"
"RNDBOT","25008","1","2","1","0","NULL","0","NULL","NULL"
"RNDBOT","25009","3","2","1","0","NULL","0","NULL","NULL"
"RNDBOT","25010","8","7","1","0","NULL","0","NULL","NULL"
"RNDBOT","25011","10","8","1","0","NULL","0","NULL","NULL"
"RNDBOT","25012","7","9","1","0","NULL","0","NULL","NULL"
"RNDBOT","25013","5","8","1","0","NULL","0","NULL","NULL"
"RNDBOT","25014","4","3","1","0","NULL","0","NULL","NULL"
"RNDBOT","25015","5","8","1","0","NULL","0","NULL","NULL"
"RNDBOT","25016","4","4","1","0","NULL","0","NULL","NULL"
"RNDBOT","25017","1","2","1","0","NULL","0","NULL","NULL"
"RNDBOT","25018","1","3","1","0","NULL","0","NULL","NULL"
"RNDBOT","25019","5","4","1","0","NULL","0","NULL","NULL"
"RNDBOT","25020","9","4","1","0","NULL","0","NULL","NULL"
"RNDBOT","25021","4","11","1","0","NULL","0","NULL","NULL"
"RNDBOT","25022","4","3","1","0","NULL","0","NULL","NULL"
"RNDBOT","25023","6","7","1","0","NULL","0","NULL","NULL"
"RNDBOT","25024","10","3","1","0","NULL","0","NULL","NULL"
"RNDBOT","25025","10","4","1","0","NULL","0","NULL","NULL"
"RNDBOT","25026","3","2","1","0","NULL","0","NULL","NULL"
"RNDBOT","25027","9","3","1","0","NULL","0","NULL","NULL"
"RNDBOT","25028","9","4","1","0","NULL","0","NULL","NULL"
"RNDBOT","25029","5","9","1","0","NULL","0","NULL","NULL"
"RNDBOT","25030","10","3","1","0","NULL","0","NULL","NULL"
"RNDBOT","25031","10","4","1","0","NULL","0","NULL","NULL"
"RNDBOT","25032","1","3","1","0","NULL","0","NULL","NULL"
"RNDBOT","25033","1","2","1","0","NULL","0","NULL","NULL"
"RNDBOT","25034","4","1","1","0","NULL","0","NULL","NULL"
"RNDBOT","25035","1","4","1","0","NULL","0","NULL","NULL"
"RNDBOT","25036","8","7","1","0","NULL","0","NULL","NULL"
"RNDBOT","25037","9","8","1","0","NULL","0","NULL","NULL"
"RNDBOT","25038","4","4","1","0","NULL","0","NULL","NULL"
"RNDBOT","25039","1","5","1","0","NULL","0","NULL","NULL"
"RNDBOT","25040","9","4","1","0","NULL","0","NULL","NULL"
"RNDBOT","25041","9","8","1","0","NULL","0","NULL","NULL"
"RNDBOT","25042","9","9","1","0","NULL","0","NULL","NULL"
"RNDBOT","25043","7","8","1","0","NULL","0","NULL","NULL"
"RNDBOT","25044","10","1","1","0","NULL","0","NULL","NULL"
"RNDBOT","25045","9","1","1","0","NULL","0","NULL","NULL"
"RNDBOT","25046","10","2","1","0","NULL","0","NULL","NULL"
"RNDBOT","25047","3","3","1","0","NULL","0","NULL","NULL"
"RNDBOT","25048","1","1","1","0","NULL","0","NULL","NULL"
"RNDBOT","25049","9","4","1","0","NULL","0","NULL","NULL"
"RNDBOT","25050","9","3","1","0","NULL","0","NULL","NULL"
"RNDBOT","25051","1","2","1","0","NULL","0","NULL","NULL"
"RNDBOT","25052","10","8","1","0","NULL","0","NULL","NULL"
"RNDBOT","25053","6","11","1","0","NULL","0","NULL","NULL"
"RNDBOT","25054","6","3","1","0","NULL","0","NULL","NULL"
"RNDBOT","25055","9","4","1","0","NULL","0","NULL","NULL"
"RNDBOT","25056","1","4","1","0","NULL","0","NULL","NULL"
"RNDBOT","25057","3","2","1","0","NULL","0","NULL","NULL"
"RNDBOT","25058","2","7","1","0","NULL","0","NULL","NULL"
"RNDBOT","25059","1","2","1","0","NULL","0","NULL","NULL"
"RNDBOT","25060","7","8","1","0","NULL","0","NULL","NULL"
"RNDBOT","25061","1","8","1","0","NULL","0","NULL","NULL"
"RNDBOT","25062","1","2","1","0","NULL","0","NULL","NULL"
"RNDBOT","25063","1","9","1","0","NULL","0","NULL","NULL"
"RNDBOT","25064","4","4","1","0","NULL","0","NULL","NULL"
"RNDBOT","25065","1","9","1","0","NULL","0","NULL","NULL"
"RNDBOT","25066","4","1","1","0","NULL","0","NULL","NULL"
"RNDBOT","25067","10","4","1","0","NULL","0","NULL","NULL"
"RNDBOT","25068","9","9","1","0","NULL","0","NULL","NULL"
"RNDBOT","25069","7","4","1","0","NULL","0","NULL","NULL"
"RNDBOT","25070","9","4","1","0","NULL","0","NULL","NULL"
"RNDBOT","25071","7","4","1","0","NULL","0","NULL","NULL"
"RNDBOT","25072","10","8","1","0","NULL","0","NULL","NULL"
"RNDBOT","25073","10","2","1","0","NULL","0","NULL","NULL"
"RNDBOT","25074","10","1","1","0","NULL","0","NULL","NULL"
"RNDBOT","25075","2","4","1","0","NULL","0","NULL","NULL"
"RNDBOT","25076","2","1","1","0","NULL","0","NULL","NULL"
"RNDBOT","25077","1","4","1","0","NULL","0","NULL","NULL"
"RNDBOT","25078","10","5","1","0","NULL","0","NULL","NULL"
"RNDBOT","25079","1","8","1","0","NULL","0","NULL","NULL"
"RNDBOT","25080","1","8","1","0","NULL","0","NULL","NULL"
"RNDBOT","25081","10","1","1","0","NULL","0","NULL","NULL"
"RNDBOT","25082","1","3","1","0","NULL","0","NULL","NULL"
"RNDBOT","25083","6","3","1","0","NULL","0","NULL","NULL"
"RNDBOT","25084","5","4","1","0","NULL","0","NULL","NULL"
"RNDBOT","25085","5","9","1","0","NULL","0","NULL","NULL"
"RNDBOT","25086","10","1","1","0","NULL","0","NULL","NULL"
"RNDBOT","25087","3","3","1","0","NULL","0","NULL","NULL"
"RNDBOT","25088","9","3","1","0","NULL","0","NULL","NULL"
"RNDBOT","25089","10","4","1","0","NULL","0","NULL","NULL"
"RNDBOT","25090","9","1","1","0","NULL","0","NULL","NULL"
"RNDBOT","25091","9","9","1","0","NULL","0","NULL","NULL"
"RNDBOT","25092","9","1","1","0","NULL","0","NULL","NULL"
"RNDBOT","25093","5","8","1","0","NULL","0","NULL","NULL"
"RNDBOT","25094","10","3","1","0","NULL","0","NULL","NULL"
"RNDBOT","25095","1","4","1","0","NULL","0","NULL","NULL"
"RNDBOT","25096","4","3","1","0","NULL","0","NULL","NULL"
"RNDBOT","25097","1","3","1","0","NULL","0","NULL","NULL"
"RNDBOT","25098","4","3","1","0","NULL","0","NULL","NULL"
"RNDBOT","25099","9","4","1","0","NULL","0","NULL","NULL"
"RNDBOT","25100","10","5","1","0","NULL","0","NULL","NULL"
"RNDBOT","25101","9","3","1","0","NULL","0","NULL","NULL"
"RNDBOT","25102","4","1","1","0","NULL","0","NULL","NULL"
"RNDBOT","25103","9","3","1","0","NULL","0","NULL","NULL"
"RNDBOT","25104","1","5","1","0","NULL","0","NULL","NULL"
"RNDBOT","25105","5","5","1","0","NULL","0","NULL","NULL"
"RNDBOT","25106","9","3","1","0","NULL","0","NULL","NULL"
"RNDBOT","25107","4","3","1","0","NULL","0","NULL","NULL"
"RNDBOT","25108","9","8","1","0","NULL","0","NULL","NULL"
"RNDBOT","25109","1","3","1","0","NULL","0","NULL","NULL"
"RNDBOT","25110","10","5","1","0","NULL","0","NULL","NULL"
"RNDBOT","25111","3","1","1","0","NULL","0","NULL","NULL"
"RNDBOT","25112","9","9","1","0","NULL","0","NULL","NULL"
"RNDBOT","25113","3","5","1","0","NULL","0","NULL","NULL"
"RNDBOT","25114","9","1","1","0","NULL","0","NULL","NULL"
"RNDBOT","25115","1","4","1","0","NULL","0","NULL","NULL"
"RNDBOT","25116","9","4","1","0","NULL","0","NULL","NULL"
"RNDBOT","25117","6","7","1","0","NULL","0","NULL","NULL"
"RNDBOT","25118","1","1","1","0","NULL","0","NULL","NULL"
"RNDBOT","25119","6","7","1","0","NULL","0","NULL","NULL"
"RNDBOT","25120","10","5","1","0","NULL","0","NULL","NULL"
"RNDBOT","25121","5","4","1","0","NULL","0","NULL","NULL"
"RNDBOT","25122","4","3","1","0","NULL","0","NULL","NULL"
"RNDBOT","25123","5","4","1","0","NULL","0","NULL","NULL"
"RNDBOT","25124","1","8","1","0","NULL","0","NULL","NULL"
"RNDBOT","25125","9","9","1","0","NULL","0","NULL","NULL"
"RNDBOT","25126","1","1","1","0","NULL","0","NULL","NULL"
"RNDBOT","25127","4","3","1","0","NULL","0","NULL","NULL"
"RNDBOT","25128","1","8","1","0","NULL","0","NULL","NULL"
"RNDBOT","25129","10","2","1","0","NULL","0","NULL","NULL"
"RNDBOT","25130","1","2","1","0","NULL","0","NULL","NULL"
"RNDBOT","25131","9","4","1","0","NULL","0","NULL","NULL"
"RNDBOT","25132","3","3","1","0","NULL","0","NULL","NULL"
"RNDBOT","25133","6","7","1","0","NULL","0","NULL","NULL"
"RNDBOT","25134","1","2","1","0","NULL","0","NULL","NULL"
"RNDBOT","25135","9","4","1","0","NULL","0","NULL","NULL"
"RNDBOT","25136","3","5","1","0","NULL","0","NULL","NULL"
"RNDBOT","25137","10","1","1","0","NULL","0","NULL","NULL"
"RNDBOT","25138","9","1","1","0","NULL","0","NULL","NULL"
"RNDBOT","25139","4","11","1","0","NULL","0","NULL","NULL"
"RNDBOT","25140","3","2","1","0","NULL","0","NULL","NULL"
"RNDBOT","25141","2","3","1","0","NULL","0","NULL","NULL"
"RNDBOT","25142","9","8","1","0","NULL","0","NULL","NULL"
"RNDBOT","25143","6","1","1","0","NULL","0","NULL","NULL"
"RNDBOT","25144","9","9","1","0","NULL","0","NULL","NULL"
"RNDBOT","25145","9","1","1","0","NULL","0","NULL","NULL"
"RNDBOT","25146","4","3","1","0","NULL","0","NULL","NULL"
"RNDBOT","25147","4","4","1","0","NULL","0","NULL","NULL"
"RNDBOT","25148","1","3","1","0","NULL","0","NULL","NULL"
"RNDBOT","25149","7","8","1","0","NULL","0","NULL","NULL"
"RNDBOT","25150","2","1","1","0","NULL","0","NULL","NULL"
"RNDBOT","25151","8","1","1","0","NULL","0","NULL","NULL"
"RNDBOT","25152","10","1","1","0","NULL","0","NULL","NULL"
"RNDBOT","25153","10","5","1","0","NULL","0","NULL","NULL"
"RNDBOT","25154","4","11","1","0","NULL","0","NULL","NULL"
"RNDBOT","25155","1","1","1","0","NULL","0","NULL","NULL"
"RNDBOT","25156","4","11","1","0","NULL","0","NULL","NULL"
"RNDBOT","25157","3","2","1","0","NULL","0","NULL","NULL"
"RNDBOT","25158","9","4","1","0","NULL","0","NULL","NULL"
"RNDBOT","25159","1","3","1","0","NULL","0","NULL","NULL"
"RNDBOT","25160","8","8","1","0","NULL","0","NULL","NULL"
"RNDBOT","25161","1","3","1","0","NULL","0","NULL","NULL"
"RNDBOT","25162","10","8","1","0","NULL","0","NULL","NULL"
"RNDBOT","25163","7","4","1","0","NULL","0","NULL","NULL"
"RNDBOT","25164","4","3","1","0","NULL","0","NULL","NULL"
"RNDBOT","25165","1","2","1","0","NULL","0","NULL","NULL"
"RNDBOT","25166","5","1","1","0","NULL","0","NULL","NULL"
"RNDBOT","25167","10","3","1","0","NULL","0","NULL","NULL"
"RNDBOT","25168","3","4","1","0","NULL","0","NULL","NULL"
"RNDBOT","25169","3","3","1","0","NULL","0","NULL","NULL"
"RNDBOT","25170","10","8","1","0","NULL","0","NULL","NULL"
"RNDBOT","25171","1","2","1","0","NULL","0","NULL","NULL"
"RNDBOT","25172","4","11","1","0","NULL","0","NULL","NULL"
"RNDBOT","25173","10","8","1","0","NULL","0","NULL","NULL"
"RNDBOT","25174","4","5","1","0","NULL","0","NULL","NULL"
"RNDBOT","25175","7","4","1","0","NULL","0","NULL","NULL"
"RNDBOT","25176","5","9","1","0","NULL","0","NULL","NULL"
"RNDBOT","25177","4","3","1","0","NULL","0","NULL","NULL"
"RNDBOT","25178","9","8","1","0","NULL","0","NULL","NULL"
"RNDBOT","25179","9","4","1","0","NULL","0","NULL","NULL"
"RNDBOT","25180","10","4","1","0","NULL","0","NULL","NULL"
"RNDBOT","25181","10","8","1","0","NULL","0","NULL","NULL"
"RNDBOT","25182","6","11","1","0","NULL","0","NULL","NULL"
"RNDBOT","25183","5","8","1","0","NULL","0","NULL","NULL"
"RNDBOT","25184","4","11","1","0","NULL","0","NULL","NULL"
"RNDBOT","25185","4","1","1","0","NULL","0","NULL","NULL"
"RNDBOT","25186","10","4","1","0","NULL","0","NULL","NULL"
"RNDBOT","25187","5","5","1","0","NULL","0","NULL","NULL"
"RNDBOT","25188","4","4","1","0","NULL","0","NULL","NULL"
"RNDBOT","25189","9","8","1","0","NULL","0","NULL","NULL"
"RNDBOT","25190","10","3","1","0","NULL","0","NULL","NULL"
"RNDBOT","25191","2","3","1","0","NULL","0","NULL","NULL"
"RNDBOT","25192","2","1","1","0","NULL","0","NULL","NULL"
"RNDBOT","25193","4","3","1","0","NULL","0","NULL","NULL"
"RNDBOT","25194","5","8","1","0","NULL","0","NULL","NULL"
"RNDBOT","25195","10","2","1","0","NULL","0","NULL","NULL"
"RNDBOT","25196","10","4","1","0","NULL","0","NULL","NULL"
"RNDBOT","25197","10","4","1","0","NULL","0","NULL","NULL"
"RNDBOT","25198","8","8","1","0","NULL","0","NULL","NULL"
"RNDBOT","25199","5","5","1","0","NULL","0","NULL","NULL"
"RNDBOT","25200","6","7","1","0","NULL","0","NULL","NULL"
"RNDBOT","25201","9","9","1","0","NULL","0","NULL","NULL"
"RNDBOT","25202","4","3","1","0","NULL","0","NULL","NULL"
"RNDBOT","25203","10","5","1","0","NULL","0","NULL","NULL"
"RNDBOT","25204","9","4","1","0","NULL","0","NULL","NULL"
"RNDBOT","25205","2","1","1","0","NULL","0","NULL","NULL"
"RNDBOT","25206","9","8","1","0","NULL","0","NULL","NULL"
"RNDBOT","25207","5","9","1","0","NULL","0","NULL","NULL"
"RNDBOT","25208","4","1","1","0","NULL","0","NULL","NULL"
"RNDBOT","25209","1","1","1","0","NULL","0","NULL","NULL"
"RNDBOT","25210","4","11","1","0","NULL","0","NULL","NULL"
"RNDBOT","25211","1","8","1","0","NULL","0","NULL","NULL"
"RNDBOT","25212","9","3","1","0","NULL","0","NULL","NULL"
"RNDBOT","25213","10","4","1","0","NULL","0","NULL","NULL"
"RNDBOT","25214","9","8","1","0","NULL","0","NULL","NULL"
"RNDBOT","25215","4","3","1","0","NULL","0","NULL","NULL"
"RNDBOT","25216","10","3","1","0","NULL","0","NULL","NULL"
"RNDBOT","25217","3","2","1","0","NULL","0","NULL","NULL"
"RNDBOT","25218","4","11","1","0","NULL","0","NULL","NULL"
"RNDBOT","25219","1","8","1","0","NULL","0","NULL","NULL"
"RNDBOT","25220","5","4","1","0","NULL","0","NULL","NULL"
"RNDBOT","25221","1","2","1","0","NULL","0","NULL","NULL"
"RNDBOT","25222","9","3","1","0","NULL","0","NULL","NULL"
"RNDBOT","25223","10","5","1","0","NULL","0","NULL","NULL"
"RNDBOT","25224","8","3","1","0","NULL","0","NULL","NULL"
"RNDBOT","25225","10","3","1","0","NULL","0","NULL","NULL"
"RNDBOT","25226","1","3","1","0","NULL","0","NULL","NULL"
"RNDBOT","25227","8","7","1","0","NULL","0","NULL","NULL"
"RNDBOT","25228","1","5","1","0","NULL","0","NULL","NULL"
"RNDBOT","25229","7","1","1","0","NULL","0","NULL","NULL"
"RNDBOT","25230","1","3","1","0","NULL","0","NULL","NULL"
"RNDBOT","25231","4","4","1","0","NULL","0","NULL","NULL"
"RNDBOT","25232","5","9","1","0","NULL","0","NULL","NULL"
"RNDBOT","25233","8","7","1","0","NULL","0","NULL","NULL"
"RNDBOT","25234","10","1","1","0","NULL","0","NULL","NULL"
"RNDBOT","25235","8","8","1","0","NULL","0","NULL","NULL"
"RNDBOT","25236","1","2","1","0","NULL","0","NULL","NULL"
"RNDBOT","25237","10","8","1","0","NULL","0","NULL","NULL"
"RNDBOT","25238","4","11","1","0","NULL","0","NULL","NULL"
"RNDBOT","25239","3","2","1","0","NULL","0","NULL","NULL"
"RNDBOT","25240","5","4","1","0","NULL","0","NULL","NULL"
"RNDBOT","25241","1","2","1","0","NULL","0","NULL","NULL"
"RNDBOT","25242","3","1","1","0","NULL","0","NULL","NULL"
"RNDBOT","25243","9","4","1","0","NULL","0","NULL","NULL"
"RNDBOT","25244","9","3","1","0","NULL","0","NULL","NULL"
"RNDBOT","25245","9","4","1","0","NULL","0","NULL","NULL"
"RNDBOT","25246","9","8","1","0","NULL","0","NULL","NULL"
"RNDBOT","25247","10","8","1","0","NULL","0","NULL","NULL"
"RNDBOT","25248","10","1","1","0","NULL","0","NULL","NULL"
"RNDBOT","25249","10","3","1","0","NULL","0","NULL","NULL"
"RNDBOT","25250","9","9","1","0","NULL","0","NULL","NULL"
"RNDBOT","25251","6","7","1","0","NULL","0","NULL","NULL"
"RNDBOT","25252","2","7","1","0","NULL","0","NULL","NULL"
"RNDBOT","25253","9","8","1","0","NULL","0","NULL","NULL"
"RNDBOT","25254","10","4","1","0","NULL","0","NULL","NULL"
"RNDBOT","25255","10","8","1","0","NULL","0","NULL","NULL"
"RNDBOT","25256","9","8","1","0","NULL","0","NULL","NULL"
"RNDBOT","25257","9","8","1","0","NULL","0","NULL","NULL"
"RNDBOT","25258","5","8","1","0","NULL","0","NULL","NULL"
"RNDBOT","25259","10","5","1","0","NULL","0","NULL","NULL"
"RNDBOT","25260","4","3","1","0","NULL","0","NULL","NULL"
"RNDBOT","25261","4","11","1","0","NULL","0","NULL","NULL"
"RNDBOT","25262","3","2","1","0","NULL","0","NULL","NULL"
"RNDBOT","25263","10","3","1","0","NULL","0","NULL","NULL"
"RNDBOT","25264","10","1","1","0","NULL","0","NULL","NULL"
"RNDBOT","25265","5","8","5","0","NULL","0","NULL","NULL"
"RNDBOT","25266","9","9","5","0","NULL","0","NULL","NULL"
"RNDBOT","25267","2","3","6","0","NULL","0","NULL","NULL"
"RNDBOT","25268","1","9","6","0","NULL","0","NULL","NULL"
"RNDBOT","25269","2","4","6","0","NULL","0","NULL","NULL"
"RNDBOT","25270","4","11","2","0","NULL","0","NULL","NULL"
"RNDBOT","25271","10","4","6","0","NULL","0","NULL","NULL"
"RNDBOT","25272","1","2","2","0","NULL","0","NULL","NULL"
"RNDBOT","25273","10","8","7","0","NULL","0","NULL","NULL"
"RNDBOT","25274","4","4","1","0","NULL","0","NULL","NULL"
"RNDBOT","25275","3","4","1","0","NULL","0","NULL","NULL"
"RNDBOT","25276","3","3","1","0","NULL","0","NULL","NULL"
"RNDBOT","25277","1","5","1","0","NULL","0","NULL","NULL"
"RNDBOT","25278","9","8","1","0","NULL","0","NULL","NULL"
"RNDBOT","25279","3","1","1","0","NULL","0","NULL","NULL"
"RNDBOT","25280","10","5","1","0","NULL","0","NULL","NULL"
"RNDBOT","25281","9","1","1","0","NULL","0","NULL","NULL"
"RNDBOT","25282","9","3","1","0","NULL","0","NULL","NULL"
"RNDBOT","25283","9","3","1","0","NULL","0","NULL","NULL"
"RNDBOT","25284","10","5","1","0","NULL","0","NULL","NULL"
"RNDBOT","25285","10","1","1","0","NULL","0","NULL","NULL"
"RNDBOT","25286","10","3","1","0","NULL","0","NULL","NULL"
"RNDBOT","25287","9","1","1","0","NULL","0","NULL","NULL"
"RNDBOT","25288","4","4","1","0","NULL","0","NULL","NULL"
"RNDBOT","25289","1","9","1","0","NULL","0","NULL","NULL"
"RNDBOT","25290","10","3","1","0","NULL","0","NULL","NULL"
"RNDBOT","25291","8","4","1","0","NULL","0","NULL","NULL"
"RNDBOT","25292","4","4","1","0","NULL","0","NULL","NULL"
"RNDBOT","25293","2","3","1","0","NULL","0","NULL","NULL"
"RNDBOT","25294","9","8","1","0","NULL","0","NULL","NULL"
"RNDBOT","25295","2","7","1","0","NULL","0","NULL","NULL"
"RNDBOT","25296","9","8","1","0","NULL","0","NULL","NULL"
"RNDBOT","25297","1","5","1","0","NULL","0","NULL","NULL"
"RNDBOT","25298","4","4","1","0","NULL","0","NULL","NULL"
"RNDBOT","25299","10","4","1","0","NULL","0","NULL","NULL"
"RNDBOT","25300","3","3","1","0","NULL","0","NULL","NULL"
"RNDBOT","25301","4","11","1","0","NULL","0","NULL","NULL"
"RNDBOT","25302","10","3","1","0","NULL","0","NULL","NULL"
"RNDBOT","25303","8","4","1","0","NULL","0","NULL","NULL"
"RNDBOT","25304","10","8","1","0","NULL","0","NULL","NULL"
"RNDBOT","25305","6","11","1","0","NULL","0","NULL","NULL"
"RNDBOT","25306","3","3","1","0","NULL","0","NULL","NULL"
"RNDBOT","25307","2","9","1","0","NULL","0","NULL","NULL"
"RNDBOT","25308","7","1","1","0","NULL","0","NULL","NULL"
"RNDBOT","25309","5","4","1","0","NULL","0","NULL","NULL"
"RNDBOT","25310","5","8","1","0","NULL","0","NULL","NULL"
"RNDBOT","25311","8","5","1","0","NULL","0","NULL","NULL"
"RNDBOT","25312","8","4","1","0","NULL","0","NULL","NULL"
"RNDBOT","25313","10","2","1","0","NULL","0","NULL","NULL"
"RNDBOT","25314","6","7","1","0","NULL","0","NULL","NULL"
"RNDBOT","25315","10","8","1","0","NULL","0","NULL","NULL"
"RNDBOT","25316","10","2","1","0","NULL","0","NULL","NULL"
"RNDBOT","25317","1","3","1","0","NULL","0","NULL","NULL"
"RNDBOT","25318","1","3","1","0","NULL","0","NULL","NULL"
"RNDBOT","25319","1","8","1","0","NULL","0","NULL","NULL"
"RNDBOT","25320","10","3","1","0","NULL","0","NULL","NULL"
"RNDBOT","25321","10","3","1","0","NULL","0","NULL","NULL"
"RNDBOT","25322","1","9","1","0","NULL","0","NULL","NULL"
"RNDBOT","25323","4","4","1","0","NULL","0","NULL","NULL"
"RNDBOT","25324","10","5","1","0","NULL","0","NULL","NULL"
"RNDBOT","25325","2","1","1","0","NULL","0","NULL","NULL"
"RNDBOT","25326","4","11","1","0","NULL","0","NULL","NULL"
"RNDBOT","25327","10","3","1","0","NULL","0","NULL","NULL"
"RNDBOT","25328","1","3","1","0","NULL","0","NULL","NULL"
"RNDBOT","25329","9","8","1","0","NULL","0","NULL","NULL"
"RNDBOT","25330","9","9","1","0","NULL","0","NULL","NULL"
"RNDBOT","25331","2","9","1","0","NULL","0","NULL","NULL"
"RNDBOT","25332","10","2","1","0","NULL","0","NULL","NULL"
"RNDBOT","25333","9","1","1","0","NULL","0","NULL","NULL"
"RNDBOT","25334","10","1","1","0","NULL","0","NULL","NULL"
"RNDBOT","25335","4","3","1","0","NULL","0","NULL","NULL"
"RNDBOT","25336","9","9","1","0","NULL","0","NULL","NULL"
"RNDBOT","25337","1","1","1","0","NULL","0","NULL","NULL"
"RNDBOT","25338","10","8","1","0","NULL","0","NULL","NULL"
"RNDBOT","25339","1","3","1","0","NULL","0","NULL","NULL"
"RNDBOT","25340","9","1","1","0","NULL","0","NULL","NULL"
"RNDBOT","25341","9","1","1","0","NULL","0","NULL","NULL"
"RNDBOT","25342","1","3","1","0","NULL","0","NULL","NULL"
"RNDBOT","25343","1","3","1","0","NULL","0","NULL","NULL"
"RNDBOT","25344","4","3","1","0","NULL","0","NULL","NULL"
"RNDBOT","25345","4","1","1","0","NULL","0","NULL","NULL"
"RNDBOT","25346","9","8","1","0","NULL","0","NULL","NULL"
"RNDBOT","25347","5","5","1","0","NULL","0","NULL","NULL"
"RNDBOT","25348","10","4","1","0","NULL","0","NULL","NULL"
"RNDBOT","25349","10","3","1","0","NULL","0","NULL","NULL"
"RNDBOT","25350","9","9","1","0","NULL","0","NULL","NULL"
"RNDBOT","25351","2","1","1","0","NULL","0","NULL","NULL"
"RNDBOT","25352","3","3","1","0","NULL","0","NULL","NULL"
"RNDBOT","25353","10","5","1","0","NULL","0","NULL","NULL"
"RNDBOT","25354","9","4","1","0","NULL","0","NULL","NULL"
"RNDBOT","25355","4","1","1","0","NULL","0","NULL","NULL"
"RNDBOT","25356","4","3","1","0","NULL","0","NULL","NULL"
"RNDBOT","25357","10","1","1","0","NULL","0","NULL","NULL"
"RNDBOT","25358","8","4","1","0","NULL","0","NULL","NULL"
"RNDBOT","25359","1","2","1","0","NULL","0","NULL","NULL"
"RNDBOT","25360","9","3","1","0","NULL","0","NULL","NULL"
"RNDBOT","25361","7","1","1","0","NULL","0","NULL","NULL"
"RNDBOT","25362","5","5","1","0","NULL","0","NULL","NULL"
"RNDBOT","25363","5","4","1","0","NULL","0","NULL","NULL"
"RNDBOT","25364","6","1","1","0","NULL","0","NULL","NULL"
"RNDBOT","25365","7","9","1","0","NULL","0","NULL","NULL"
"RNDBOT","25366","1","8","1","0","NULL","0","NULL","NULL"
"RNDBOT","25367","3","5","1","0","NULL","0","NULL","NULL"
"RNDBOT","25368","2","3","1","0","NULL","0","NULL","NULL"
"RNDBOT","25369","1","3","1","0","NULL","0","NULL","NULL"
"RNDBOT","25370","4","3","1","0","NULL","0","NULL","NULL"
"RNDBOT","25371","7","9","1","0","NULL","0","NULL","NULL"
"RNDBOT","25372","4","11","1","0","NULL","0","NULL","NULL"
"RNDBOT","25373","1","9","1","0","NULL","0","NULL","NULL"
"RNDBOT","25374","3","3","1","0","NULL","0","NULL","NULL"
"RNDBOT","25375","1","2","1","0","NULL","0","NULL","NULL"
"RNDBOT","25376","4","3","1","0","NULL","0","NULL","NULL"
"RNDBOT","25377","4","3","1","0","NULL","0","NULL","NULL"
"RNDBOT","25378","4","3","1","0","NULL","0","NULL","NULL"
"RNDBOT","25379","6","1","1","0","NULL","0","NULL","NULL"
"RNDBOT","25380","10","3","1","0","NULL","0","NULL","NULL"
"RNDBOT","25381","9","3","1","0","NULL","0","NULL","NULL"
"RNDBOT","25382","10","5","1","0","NULL","0","NULL","NULL"
"RNDBOT","25383","4","4","1","0","NULL","0","NULL","NULL"
"RNDBOT","25384","10","3","1","0","NULL","0","NULL","NULL"
"RNDBOT","25385","9","4","1","0","NULL","0","NULL","NULL"
"RNDBOT","25386","9","4","1","0","NULL","0","NULL","NULL"
"RNDBOT","25387","4","5","1","0","NULL","0","NULL","NULL"
"RNDBOT","25388","10","1","1","0","NULL","0","NULL","NULL"
"RNDBOT","25389","3","5","1","0","NULL","0","NULL","NULL"
"RNDBOT","25390","10","8","1","0","NULL","0","NULL","NULL"
"RNDBOT","25391","9","8","1","0","NULL","0","NULL","NULL"
"RNDBOT","25392","10","8","1","0","NULL","0","NULL","NULL"
"RNDBOT","25393","9","8","1","0","NULL","0","NULL","NULL"
"RNDBOT","25394","9","4","1","0","NULL","0","NULL","NULL"
"RNDBOT","25395","1","9","1","0","NULL","0","NULL","NULL"
"RNDBOT","25396","4","4","1","0","NULL","0","NULL","NULL"
"RNDBOT","25397","4","11","1","0","NULL","0","NULL","NULL"
"RNDBOT","25398","10","2","1","0","NULL","0","NULL","NULL"
"RNDBOT","25399","7","4","1","0","NULL","0","NULL","NULL"
"RNDBOT","25400","1","2","1","0","NULL","0","NULL","NULL"
"RNDBOT","25401","2","7","1","0","NULL","0","NULL","NULL"
"RNDBOT","25402","10","4","1","0","NULL","0","NULL","NULL"
"RNDBOT","25403","6","7","1","0","NULL","0","NULL","NULL"
"RNDBOT","25404","3","2","1","0","NULL","0","NULL","NULL"
"RNDBOT","25405","5","9","1","0","NULL","0","NULL","NULL"
"RNDBOT","25406","10","4","1","0","NULL","0","NULL","NULL"
"RNDBOT","25407","1","1","1","0","NULL","0","NULL","NULL"
"RNDBOT","25408","4","3","1","0","NULL","0","NULL","NULL"
"RNDBOT","25409","7","8","1","0","NULL","0","NULL","NULL"
"RNDBOT","25410","10","1","1","0","NULL","0","NULL","NULL"
"RNDBOT","25411","7","8","1","0","NULL","0","NULL","NULL"
"RNDBOT","25412","9","4","1","0","NULL","0","NULL","NULL"
"RNDBOT","25413","9","9","1","0","NULL","0","NULL","NULL"
"RNDBOT","25414","2","1","1","0","NULL","0","NULL","NULL"
"RNDBOT","25415","3","2","1","0","NULL","0","NULL","NULL"
"RNDBOT","25416","3","3","1","0","NULL","0","NULL","NULL"
"RNDBOT","25417","4","3","1","0","NULL","0","NULL","NULL"
"RNDBOT","25418","2","3","1","0","NULL","0","NULL","NULL"
"RNDBOT","25419","1","2","1","0","NULL","0","NULL","NULL"
"RNDBOT","25420","4","3","1","0","NULL","0","NULL","NULL"
"RNDBOT","25421","9","4","1","0","NULL","0","NULL","NULL"
"RNDBOT","25422","1","4","1","0","NULL","0","NULL","NULL"
"RNDBOT","25423","10","4","1","0","NULL","0","NULL","NULL"
"RNDBOT","25424","4","3","1","0","NULL","0","NULL","NULL"
"RNDBOT","25425","4","11","1","0","NULL","0","NULL","NULL"
"RNDBOT","25426","10","5","1","0","NULL","0","NULL","NULL"
"RNDBOT","25427","10","2","1","0","NULL","0","NULL","NULL"
"RNDBOT","25428","9","1","1","0","NULL","0","NULL","NULL"
"RNDBOT","25429","10","3","1","0","NULL","0","NULL","NULL"
"RNDBOT","25430","10","1","1","0","NULL","0","NULL","NULL"
"RNDBOT","25431","10","5","1","0","NULL","0","NULL","NULL"
"RNDBOT","25432","1","5","1","0","NULL","0","NULL","NULL"
"RNDBOT","25433","1","8","1","0","NULL","0","NULL","NULL"
"RNDBOT","25434","1","1","1","0","NULL","0","NULL","NULL"
"RNDBOT","25435","7","9","1","0","NULL","0","NULL","NULL"
"RNDBOT","25436","1","2","1","0","NULL","0","NULL","NULL"
"RNDBOT","25437","2","3","1","0","NULL","0","NULL","NULL"
"RNDBOT","25438","10","5","1","0","NULL","0","NULL","NULL"
"RNDBOT","25439","7","4","1","0","NULL","0","NULL","NULL"
"RNDBOT","25440","1","1","1","0","NULL","0","NULL","NULL"
"RNDBOT","25441","7","8","1","0","NULL","0","NULL","NULL"
"RNDBOT","25442","10","5","1","0","NULL","0","NULL","NULL"
"RNDBOT","25443","4","3","1","0","NULL","0","NULL","NULL"
"RNDBOT","25444","10","2","1","0","NULL","0","NULL","NULL"
"RNDBOT","25445","4","5","1","0","NULL","0","NULL","NULL"
"RNDBOT","25446","9","3","1","0","NULL","0","NULL","NULL"
"RNDBOT","25447","4","3","1","0","NULL","0","NULL","NULL"
"RNDBOT","25448","2","9","1","0","NULL","0","NULL","NULL"
"RNDBOT","25449","1","3","1","0","NULL","0","NULL","NULL"
"RNDBOT","25450","1","1","1","0","NULL","0","NULL","NULL"
"RNDBOT","25451","4","1","1","0","NULL","0","NULL","NULL"
"RNDBOT","25452","2","9","1","0","NULL","0","NULL","NULL"
"RNDBOT","25453","9","3","1","0","NULL","0","NULL","NULL"
"RNDBOT","25454","10","2","1","0","NULL","0","NULL","NULL"
"RNDBOT","25455","4","3","1","0","NULL","0","NULL","NULL"
"RNDBOT","25456","1","1","1","0","NULL","0","NULL","NULL"
"RNDBOT","25457","1","9","1","0","NULL","0","NULL","NULL"
"RNDBOT","25458","1","2","1","0","NULL","0","NULL","NULL"
"RNDBOT","25459","5","5","1","0","NULL","0","NULL","NULL"
"RNDBOT","25460","10","8","1","0","NULL","0","NULL","NULL"
"RNDBOT","25461","9","8","1","0","NULL","0","NULL","NULL"
"RNDBOT","25462","2","3","1","0","NULL","0","NULL","NULL"
"RNDBOT","25463","10","1","1","0","NULL","0","NULL","NULL"
"RNDBOT","25464","3","3","1","0","NULL","0","NULL","NULL"
"RNDBOT","25465","8","7","1","0","NULL","0","NULL","NULL"
"RNDBOT","25466","2","7","1","0","NULL","0","NULL","NULL"
"RNDBOT","25467","1","3","1","0","NULL","0","NULL","NULL"
"RNDBOT","25468","9","1","1","0","NULL","0","NULL","NULL"
"RNDBOT","25469","10","2","1","0","NULL","0","NULL","NULL"
"RNDBOT","25470","3","3","1","0","NULL","0","NULL","NULL"
"RNDBOT","25471","10","3","1","0","NULL","0","NULL","NULL"
"RNDBOT","25472","4","11","1","0","NULL","0","NULL","NULL"
"RNDBOT","25473","9","8","1","0","NULL","0","NULL","NULL"
"RNDBOT","25474","6","7","1","0","NULL","0","NULL","NULL"
"RNDBOT","25475","2","3","1","0","NULL","0","NULL","NULL"
"RNDBOT","25476","4","3","1","0","NULL","0","NULL","NULL"
"RNDBOT","25477","9","9","1","0","NULL","0","NULL","NULL"
"RNDBOT","25478","10","1","1","0","NULL","0","NULL","NULL"
"RNDBOT","25479","10","5","1","0","NULL","0","NULL","NULL"
"RNDBOT","25480","5","9","1","0","NULL","0","NULL","NULL"
"RNDBOT","25481","10","1","1","0","NULL","0","NULL","NULL"
"RNDBOT","25482","4","11","1","0","NULL","0","NULL","NULL"
"RNDBOT","25483","10","3","1","0","NULL","0","NULL","NULL"
"RNDBOT","25484","1","9","1","0","NULL","0","NULL","NULL"
"RNDBOT","25485","9","9","1","0","NULL","0","NULL","NULL"
"RNDBOT","25486","7","4","1","0","NULL","0","NULL","NULL"
"RNDBOT","25487","9","9","1","0","NULL","0","NULL","NULL"
"RNDBOT","25488","10","8","1","0","NULL","0","NULL","NULL"
"RNDBOT","25489","9","9","1","0","NULL","0","NULL","NULL"
"RNDBOT","25490","3","1","1","0","NULL","0","NULL","NULL"
"RNDBOT","25491","4","3","1","0","NULL","0","NULL","NULL"
"RNDBOT","25492","10","3","1","0","NULL","0","NULL","NULL"
"RNDBOT","25493","7","8","1","0","NULL","0","NULL","NULL"
"RNDBOT","25494","10","2","1","0","NULL","0","NULL","NULL"
"RNDBOT","25495","10","5","1","0","NULL","0","NULL","NULL"
"RNDBOT","25496","4","3","1","0","NULL","0","NULL","NULL"
"RNDBOT","25497","3","3","1","0","NULL","0","NULL","NULL"
"RNDBOT","25498","9","9","1","0","NULL","0","NULL","NULL"
"RNDBOT","25499","10","4","1","0","NULL","0","NULL","NULL"
"RNDBOT","25500","8","4","1","0","NULL","0","NULL","NULL"
"RNDBOT","25501","10","1","1","0","NULL","0","NULL","NULL"
"RNDBOT","25502","9","8","1","0","NULL","0","NULL","NULL"
"RNDBOT","25503","8","3","1","0","NULL","0","NULL","NULL"
"RNDBOT","25504","1","1","1","0","NULL","0","NULL","NULL"
"RNDBOT","25505","9","1","1","0","NULL","0","NULL","NULL"
"RNDBOT","25506","1","3","1","0","NULL","0","NULL","NULL"
"RNDBOT","25507","10","4","1","0","NULL","0","NULL","NULL"
"RNDBOT","25508","4","4","1","0","NULL","0","NULL","NULL"
"RNDBOT","25509","1","5","1","0","NULL","0","NULL","NULL"
"RNDBOT","25510","1","1","1","0","NULL","0","NULL","NULL"
"RNDBOT","25511","10","3","1","0","NULL","0","NULL","NULL"
"RNDBOT","25512","1","4","1","0","NULL","0","NULL","NULL"
"RNDBOT","25513","5","4","1","0","NULL","0","NULL","NULL"
"RNDBOT","25514","9","3","1","0","NULL","0","NULL","NULL"
"RNDBOT","25515","1","1","1","0","NULL","0","NULL","NULL"
"RNDBOT","25516","6","3","1","0","NULL","0","NULL","NULL"
"RNDBOT","25517","10","4","1","0","NULL","0","NULL","NULL"
"RNDBOT","25518","1","2","1","0","NULL","0","NULL","NULL"
"RNDBOT","25519","7","8","1","0","NULL","0","NULL","NULL"
"RNDBOT","25520","6","7","1","0","NULL","0","NULL","NULL"
"RNDBOT","25521","1","8","1","0","NULL","0","NULL","NULL"
"RNDBOT","25522","1","4","1","0","NULL","0","NULL","NULL"
"RNDBOT","25523","9","4","1","0","NULL","0","NULL","NULL"
"RNDBOT","25524","10","3","1","0","NULL","0","NULL","NULL"
"RNDBOT","25525","5","8","1","0","NULL","0","NULL","NULL"
"RNDBOT","25526","10","2","7","0","NULL","0","NULL","NULL"
"RNDBOT","25527","3","3","6","0","NULL","0","NULL","NULL"
"RNDBOT","25528","9","1","6","0","NULL","0","NULL","NULL"
"RNDBOT","25529","10","2","6","0","NULL","0","NULL","NULL"
"RNDBOT","25530","1","5","6","0","NULL","0","NULL","NULL"
"RNDBOT","25531","1","2","7","0","NULL","0","NULL","NULL"
"RNDBOT","25532","2","3","6","0","NULL","0","NULL","NULL"
"RNDBOT","25533","9","9","6","0","NULL","0","NULL","NULL"
"RNDBOT","25534","1","1","7","0","NULL","0","NULL","NULL"
"RNDBOT","25535","10","1","1","0","NULL","0","NULL","NULL"
"RNDBOT","25536","9","1","1","0","NULL","0","NULL","NULL"
"RNDBOT","25537","10","5","1","0","NULL","0","NULL","NULL"
"RNDBOT","25538","4","11","1","0","NULL","0","NULL","NULL"
"RNDBOT","25539","9","1","1","0","NULL","0","NULL","NULL"
"RNDBOT","25540","10","2","1","0","NULL","0","NULL","NULL"
"RNDBOT","25541","8","8","1","0","NULL","0","NULL","NULL"
"RNDBOT","25542","2","7","1","0","NULL","0","NULL","NULL"
"RNDBOT","25543","10","1","1","0","NULL","0","NULL","NULL"
"RNDBOT","25544","9","9","1","0","NULL","0","NULL","NULL"
"RNDBOT","25545","4","11","1","0","NULL","0","NULL","NULL"
"RNDBOT","25546","9","9","1","0","NULL","0","NULL","NULL"
"RNDBOT","25547","4","4","1","0","NULL","0","NULL","NULL"
"RNDBOT","25548","4","5","1","0","NULL","0","NULL","NULL"
"RNDBOT","25549","10","3","1","0","NULL","0","NULL","NULL"
"RNDBOT","25550","9","4","1","0","NULL","0","NULL","NULL"
"RNDBOT","25551","2","9","1","0","NULL","0","NULL","NULL"
"RNDBOT","25552","7","9","1","0","NULL","0","NULL","NULL"
"RNDBOT","25553","1","9","1","0","NULL","0","NULL","NULL"
"RNDBOT","25554","4","3","1","0","NULL","0","NULL","NULL"
"RNDBOT","25555","4","4","1","0","NULL","0","NULL","NULL"
"RNDBOT","25556","1","1","1","0","NULL","0","NULL","NULL"
"RNDBOT","25557","10","1","1","0","NULL","0","NULL","NULL"
"RNDBOT","25558","5","9","1","0","NULL","0","NULL","NULL"
"RNDBOT","25559","10","1","1","0","NULL","0","NULL","NULL"
"RNDBOT","25560","7","8","1","0","NULL","0","NULL","NULL"
"RNDBOT","25561","2","3","1","0","NULL","0","NULL","NULL"
"RNDBOT","25562","1","2","1","0","NULL","0","NULL","NULL"
"RNDBOT","25563","2","7","1","0","NULL","0","NULL","NULL"
"RNDBOT","25564","10","1","1","0","NULL","0","NULL","NULL"
"RNDBOT","25565","9","4","1","0","NULL","0","NULL","NULL"
"RNDBOT","25566","4","3","1","0","NULL","0","NULL","NULL"
"RNDBOT","25567","4","11","1","0","NULL","0","NULL","NULL"
"RNDBOT","25568","10","3","1","0","NULL","0","NULL","NULL"
"RNDBOT","25569","10","8","1","0","NULL","0","NULL","NULL"
"RNDBOT","25570","4","1","1","0","NULL","0","NULL","NULL"
"RNDBOT","25571","4","4","1","0","NULL","0","NULL","NULL"
"RNDBOT","25572","2","7","1","0","NULL","0","NULL","NULL"
"RNDBOT","25573","10","2","1","0","NULL","0","NULL","NULL"
"RNDBOT","25574","10","2","1","0","NULL","0","NULL","NULL"
"RNDBOT","25575","1","3","1","0","NULL","0","NULL","NULL"
"RNDBOT","25576","4","4","1","0","NULL","0","NULL","NULL"
"RNDBOT","25577","9","8","1","0","NULL","0","NULL","NULL"
"RNDBOT","25578","1","2","1","0","NULL","0","NULL","NULL"
"RNDBOT","25579","10","1","1","0","NULL","0","NULL","NULL"
"RNDBOT","25580","3","3","1","0","NULL","0","NULL","NULL"
"RNDBOT","25581","9","4","1","0","NULL","0","NULL","NULL"
"RNDBOT","25582","1","2","1","0","NULL","0","NULL","NULL"
"RNDBOT","25583","9","8","1","0","NULL","0","NULL","NULL"
"RNDBOT","25584","9","3","1","0","NULL","0","NULL","NULL"
"RNDBOT","25585","6","7","1","0","NULL","0","NULL","NULL"
"RNDBOT","25586","9","1","1","0","NULL","0","NULL","NULL"
"RNDBOT","25587","9","8","1","0","NULL","0","NULL","NULL"
"RNDBOT","25588","6","11","1","0","NULL","0","NULL","NULL"
"RNDBOT","25589","5","4","1","0","NULL","0","NULL","NULL"
"RNDBOT","25590","9","3","1","0","NULL","0","NULL","NULL"
"RNDBOT","25591","10","5","1","0","NULL","0","NULL","NULL"
"RNDBOT","25592","6","7","1","0","NULL","0","NULL","NULL"
"RNDBOT","25593","4","3","1","0","NULL","0","NULL","NULL"
"RNDBOT","25594","9","3","1","0","NULL","0","NULL","NULL"
"RNDBOT","25595","10","5","1","0","NULL","0","NULL","NULL"
"RNDBOT","25596","9","1","1","0","NULL","0","NULL","NULL"
"RNDBOT","25597","10","3","1","0","NULL","0","NULL","NULL"
"RNDBOT","25598","10","5","1","0","NULL","0","NULL","NULL"
"RNDBOT","25599","1","1","1","0","NULL","0","NULL","NULL"
"RNDBOT","25600","6","7","1","0","NULL","0","NULL","NULL"
"RNDBOT","25601","3","2","1","0","NULL","0","NULL","NULL"
"RNDBOT","25602","10","5","1","0","NULL","0","NULL","NULL"
"RNDBOT","25603","3","2","1","0","NULL","0","NULL","NULL"
"RNDBOT","25604","5","9","1","0","NULL","0","NULL","NULL"
"RNDBOT","25605","2","3","1","0","NULL","0","NULL","NULL"
"RNDBOT","25606","1","2","1","0","NULL","0","NULL","NULL"
"RNDBOT","25607","4","3","1","0","NULL","0","NULL","NULL"
"RNDBOT","25608","10","3","1","0","NULL","0","NULL","NULL"
"RNDBOT","25609","4","5","1","0","NULL","0","NULL","NULL"
"RNDBOT","25610","1","3","1","0","NULL","0","NULL","NULL"
"RNDBOT","25611","2","3","1","0","NULL","0","NULL","NULL"
"RNDBOT","25612","4","4","1","0","NULL","0","NULL","NULL"
"RNDBOT","25613","1","5","1","0","NULL","0","NULL","NULL"
"RNDBOT","25614","7","1","1","0","NULL","0","NULL","NULL"
"RNDBOT","25615","8","4","1","0","NULL","0","NULL","NULL"
"RNDBOT","25616","10","5","1","0","NULL","0","NULL","NULL"
"RNDBOT","25617","1","8","1","0","NULL","0","NULL","NULL"
"RNDBOT","25618","10","8","1","0","NULL","0","NULL","NULL"
"RNDBOT","25619","7","8","1","0","NULL","0","NULL","NULL"
"RNDBOT","25620","1","2","1","0","NULL","0","NULL","NULL"
"RNDBOT","25621","5","5","1","0","NULL","0","NULL","NULL"
"RNDBOT","25622","10","5","1","0","NULL","0","NULL","NULL"
"RNDBOT","25623","7","4","1","0","NULL","0","NULL","NULL"
"RNDBOT","25624","1","1","1","0","NULL","0","NULL","NULL"
"RNDBOT","25625","1","9","1","0","NULL","0","NULL","NULL"
"RNDBOT","25626","5","4","1","0","NULL","0","NULL","NULL"
"RNDBOT","25627","5","4","1","0","NULL","0","NULL","NULL"
"RNDBOT","25628","4","4","1","0","NULL","0","NULL","NULL"
"RNDBOT","25629","6","11","1","0","NULL","0","NULL","NULL"
"RNDBOT","25630","10","8","1","0","NULL","0","NULL","NULL"
"RNDBOT","25631","6","7","1","0","NULL","0","NULL","NULL"
"RNDBOT","25632","9","9","1","0","NULL","0","NULL","NULL"
"RNDBOT","25633","6","11","1","0","NULL","0","NULL","NULL"
"RNDBOT","25634","5","8","1","0","NULL","0","NULL","NULL"
"RNDBOT","25635","3","4","1","0","NULL","0","NULL","NULL"
"RNDBOT","25636","9","4","1","0","NULL","0","NULL","NULL"
"RNDBOT","25637","9","8","1","0","NULL","0","NULL","NULL"
"RNDBOT","25638","2","3","1","0","NULL","0","NULL","NULL"
"RNDBOT","25639","5","5","1","0","NULL","0","NULL","NULL"
"RNDBOT","25640","1","8","1","0","NULL","0","NULL","NULL"
"RNDBOT","25641","10","2","1","0","NULL","0","NULL","NULL"
"RNDBOT","25642","10","1","1","0","NULL","0","NULL","NULL"
"RNDBOT","25643","5","5","1","0","NULL","0","NULL","NULL"
"RNDBOT","25644","1","8","1","0","NULL","0","NULL","NULL"
"RNDBOT","25645","2","1","1","0","NULL","0","NULL","NULL"
"RNDBOT","25646","5","8","1","0","NULL","0","NULL","NULL"
"RNDBOT","25647","5","9","1","0","NULL","0","NULL","NULL"
"RNDBOT","25648","10","1","1","0","NULL","0","NULL","NULL"
"RNDBOT","25649","9","1","1","0","NULL","0","NULL","NULL"
"RNDBOT","25650","4","11","1","0","NULL","0","NULL","NULL"
"RNDBOT","25651","1","5","1","0","NULL","0","NULL","NULL"
"RNDBOT","25652","10","8","1","0","NULL","0","NULL","NULL"
"RNDBOT","25653","1","3","1","0","NULL","0","NULL","NULL"
"RNDBOT","25654","9","9","1","0","NULL","0","NULL","NULL"
"RNDBOT","25655","9","4","1","0","NULL","0","NULL","NULL"
"RNDBOT","25656","10","1","1","0","NULL","0","NULL","NULL"
"RNDBOT","25657","10","4","1","0","NULL","0","NULL","NULL"
"RNDBOT","25658","4","3","1","0","NULL","0","NULL","NULL"
"RNDBOT","25659","9","8","1","0","NULL","0","NULL","NULL"
"RNDBOT","25660","5","8","1","0","NULL","0","NULL","NULL"
"RNDBOT","25661","10","8","1","0","NULL","0","NULL","NULL"
"RNDBOT","25662","3","2","1","0","NULL","0","NULL","NULL"
"RNDBOT","25663","9","1","1","0","NULL","0","NULL","NULL"
"RNDBOT","25664","10","4","1","0","NULL","0","NULL","NULL"
"RNDBOT","25665","10","8","1","0","NULL","0","NULL","NULL"
"RNDBOT","25666","4","3","1","0","NULL","0","NULL","NULL"
"RNDBOT","25667","10","2","1","0","NULL","0","NULL","NULL"
"RNDBOT","25668","1","1","1","0","NULL","0","NULL","NULL"
"RNDBOT","25669","9","1","1","0","NULL","0","NULL","NULL"
"RNDBOT","25670","1","3","1","0","NULL","0","NULL","NULL"
"RNDBOT","25671","9","4","1","0","NULL","0","NULL","NULL"
"RNDBOT","25672","10","4","1","0","NULL","0","NULL","NULL"
"RNDBOT","25673","10","4","1","0","NULL","0","NULL","NULL"
"RNDBOT","25674","2","7","1","0","NULL","0","NULL","NULL"
"RNDBOT","25675","10","1","1","0","NULL","0","NULL","NULL"
"RNDBOT","25676","9","1","1","0","NULL","0","NULL","NULL"
"RNDBOT","25677","9","8","1","0","NULL","0","NULL","NULL"
"RNDBOT","25678","10","5","1","0","NULL","0","NULL","NULL"
"RNDBOT","25679","4","3","1","0","NULL","0","NULL","NULL"
"RNDBOT","25680","6","11","1","0","NULL","0","NULL","NULL"
"RNDBOT","25681","3","1","1","0","NULL","0","NULL","NULL"
"RNDBOT","25682","5","9","1","0","NULL","0","NULL","NULL"
"RNDBOT","25683","1","9","1","0","NULL","0","NULL","NULL"
"RNDBOT","25684","9","1","1","0","NULL","0","NULL","NULL"
"RNDBOT","25685","3","4","1","0","NULL","0","NULL","NULL"
"RNDBOT","25686","7","8","1","0","NULL","0","NULL","NULL"
"RNDBOT","25687","3","1","1","0","NULL","0","NULL","NULL"
"RNDBOT","25688","1","9","1","0","NULL","0","NULL","NULL"
"RNDBOT","25689","10","8","1","0","NULL","0","NULL","NULL"
"RNDBOT","25690","10","3","1","0","NULL","0","NULL","NULL"
"RNDBOT","25691","10","2","1","0","NULL","0","NULL","NULL"
"RNDBOT","25692","10","5","1","0","NULL","0","NULL","NULL"
"RNDBOT","25693","2","3","1","0","NULL","0","NULL","NULL"
"RNDBOT","25694","9","4","1","0","NULL","0","NULL","NULL"
"RNDBOT","25695","1","8","1","0","NULL","0","NULL","NULL"
"RNDBOT","25696","9","9","1","0","NULL","0","NULL","NULL"
"RNDBOT","25697","1","8","1","0","NULL","0","NULL","NULL"
"RNDBOT","25698","1","5","1","0","NULL","0","NULL","NULL"
"RNDBOT","25699","10","3","1","0","NULL","0","NULL","NULL"
"RNDBOT","25700","7","9","1","0","NULL","0","NULL","NULL"
"RNDBOT","25701","9","8","1","0","NULL","0","NULL","NULL"
"RNDBOT","25702","3","2","1","0","NULL","0","NULL","NULL"
"RNDBOT","25703","10","8","1","0","NULL","0","NULL","NULL"
"RNDBOT","25704","9","9","1","0","NULL","0","NULL","NULL"
"RNDBOT","25705","10","5","1","0","NULL","0","NULL","NULL"
"RNDBOT","25706","9","9","1","0","NULL","0","NULL","NULL"
"RNDBOT","25707","3","3","1","0","NULL","0","NULL","NULL"
"RNDBOT","25708","9","8","1","0","NULL","0","NULL","NULL"
"RNDBOT","25709","10","5","1","0","NULL","0","NULL","NULL"
"RNDBOT","25710","10","1","1","0","NULL","0","NULL","NULL"
"RNDBOT","25711","3","3","1","0","NULL","0","NULL","NULL"
"RNDBOT","25712","1","2","1","0","NULL","0","NULL","NULL"
"RNDBOT","25713","10","2","1","0","NULL","0","NULL","NULL"
"RNDBOT","25714","8","3","1","0","NULL","0","NULL","NULL"
"RNDBOT","25715","10","4","1","0","NULL","0","NULL","NULL"
"RNDBOT","25716","5","8","1","0","NULL","0","NULL","NULL"
"RNDBOT","25717","3","3","1","0","NULL","0","NULL","NULL"
"RNDBOT","25718","5","8","1","0","NULL","0","NULL","NULL"
"RNDBOT","25719","1","2","1","0","NULL","0","NULL","NULL"
"RNDBOT","25720","4","3","1","0","NULL","0","NULL","NULL"
"RNDBOT","25721","4","4","1","0","NULL","0","NULL","NULL"
"RNDBOT","25722","9","4","1","0","NULL","0","NULL","NULL"
"RNDBOT","25723","4","4","1","0","NULL","0","NULL","NULL"
"RNDBOT","25724","4","4","1","0","NULL","0","NULL","NULL"
"RNDBOT","25725","8","7","1","0","NULL","0","NULL","NULL"
"RNDBOT","25726","6","7","1","0","NULL","0","NULL","NULL"
"RNDBOT","25727","4","11","1","0","NULL","0","NULL","NULL"
"RNDBOT","25728","5","9","1","0","NULL","0","NULL","NULL"
"RNDBOT","25729","1","3","1","0","NULL","0","NULL","NULL"
"RNDBOT","25730","10","5","1","0","NULL","0","NULL","NULL"
"RNDBOT","25731","6","1","1","0","NULL","0","NULL","NULL"
"RNDBOT","25732","9","9","1","0","NULL","0","NULL","NULL"
"RNDBOT","25733","9","1","1","0","NULL","0","NULL","NULL"
"RNDBOT","25734","9","3","1","0","NULL","0","NULL","NULL"
"RNDBOT","25735","9","4","1","0","NULL","0","NULL","NULL"
"RNDBOT","25736","9","4","1","0","NULL","0","NULL","NULL"
"RNDBOT","25737","10","3","1","0","NULL","0","NULL","NULL"
"RNDBOT","25738","4","3","1","0","NULL","0","NULL","NULL"
"RNDBOT","25739","1","1","1","0","NULL","0","NULL","NULL"
"RNDBOT","25740","1","2","1","0","NULL","0","NULL","NULL"
"RNDBOT","25741","4","11","1","0","NULL","0","NULL","NULL"
"RNDBOT","25742","4","4","1","0","NULL","0","NULL","NULL"
"RNDBOT","25743","10","1","1","0","NULL","0","NULL","NULL"
"RNDBOT","25744","1","1","1","0","NULL","0","NULL","NULL"
"RNDBOT","25745","4","4","1","0","NULL","0","NULL","NULL"
"RNDBOT","25746","10","5","1","0","NULL","0","NULL","NULL"
"RNDBOT","25747","10","5","1","0","NULL","0","NULL","NULL"
"RNDBOT","25748","3","1","1","0","NULL","0","NULL","NULL"
"RNDBOT","25749","1","3","1","0","NULL","0","NULL","NULL"
"RNDBOT","25750","4","4","1","0","NULL","0","NULL","NULL"
"RNDBOT","25751","1","3","1","0","NULL","0","NULL","NULL"
"RNDBOT","25752","3","3","1","0","NULL","0","NULL","NULL"
"RNDBOT","25753","10","5","1","0","NULL","0","NULL","NULL"
"RNDBOT","25754","4","3","1","0","NULL","0","NULL","NULL"
"RNDBOT","25755","10","8","1","0","NULL","0","NULL","NULL"
"RNDBOT","25756","10","4","1","0","NULL","0","NULL","NULL"
"RNDBOT","25757","9","4","1","0","NULL","0","NULL","NULL"
"RNDBOT","25758","10","8","1","0","NULL","0","NULL","NULL"
"RNDBOT","25759","9","9","1","0","NULL","0","NULL","NULL"
"RNDBOT","25760","1","3","1","0","NULL","0","NULL","NULL"
"RNDBOT","25761","5","9","1","0","NULL","0","NULL","NULL"
"RNDBOT","25762","1","1","1","0","NULL","0","NULL","NULL"
"RNDBOT","25763","5","8","1","0","NULL","0","NULL","NULL"
"RNDBOT","25764","10","4","1","0","NULL","0","NULL","NULL"
"RNDBOT","25765","6","11","1","0","NULL","0","NULL","NULL"
"RNDBOT","25766","6","11","1","0","NULL","0","NULL","NULL"
"RNDBOT","25767","5","9","1","0","NULL","0","NULL","NULL"
"RNDBOT","25768","4","4","1","0","NULL","0","NULL","NULL"
"RNDBOT","25769","10","2","1","0","NULL","0","NULL","NULL"
"RNDBOT","25770","9","4","1","0","NULL","0","NULL","NULL"
"RNDBOT","25771","4","1","1","0","NULL","0","NULL","NULL"
"RNDBOT","25772","6","7","1","0","NULL","0","NULL","NULL"
"RNDBOT","25773","3","1","1","0","NULL","0","NULL","NULL"
"RNDBOT","25774","1","2","1","0","NULL","0","NULL","NULL"
"RNDBOT","25775","9","1","1","0","NULL","0","NULL","NULL"
"RNDBOT","25776","10","3","1","0","NULL","0","NULL","NULL"
"RNDBOT","25777","5","9","1","0","NULL","0","NULL","NULL"
"RNDBOT","25778","1","4","1","0","NULL","0","NULL","NULL"
"RNDBOT","25779","10","5","1","0","NULL","0","NULL","NULL"
"RNDBOT","25780","1","2","1","0","NULL","0","NULL","NULL"
"RNDBOT","25781","10","3","1","0","NULL","0","NULL","NULL"
"RNDBOT","25782","9","8","1","0","NULL","0","NULL","NULL"
"RNDBOT","25783","9","3","1","0","NULL","0","NULL","NULL"
"RNDBOT","25784","3","2","1","0","NULL","0","NULL","NULL"
"RNDBOT","25785","1","8","1","0","NULL","0","NULL","NULL"
"RNDBOT","25786","10","2","1","0","NULL","0","NULL","NULL"
"RNDBOT","25787","10","2","1","0","NULL","0","NULL","NULL"
"RNDBOT","25788","9","3","1","0","NULL","0","NULL","NULL"
"RNDBOT","25789","4","3","1","0","NULL","0","NULL","NULL"
"RNDBOT","25790","9","3","1","0","NULL","0","NULL","NULL"
"RNDBOT","25791","6","11","1","0","NULL","0","NULL","NULL"
"RNDBOT","25792","10","8","1","0","NULL","0","NULL","NULL"
"RNDBOT","25793","4","4","1","0","NULL","0","NULL","NULL"
"RNDBOT","25794","1","2","1","0","NULL","0","NULL","NULL"
"RNDBOT","25795","10","2","1","0","NULL","0","NULL","NULL"
"RNDBOT","25796","6","7","1","0","NULL","0","NULL","NULL"
"RNDBOT","25797","9","9","1","0","NULL","0","NULL","NULL"
"RNDBOT","25798","8","3","1","0","NULL","0","NULL","NULL"
"RNDBOT","25799","10","4","1","0","NULL","0","NULL","NULL"
"RNDBOT","25800","10","4","1","0","NULL","0","NULL","NULL"
"RNDBOT","25801","4","3","1","0","NULL","0","NULL","NULL"
"RNDBOT","25802","4","4","1","0","NULL","0","NULL","NULL"
"RNDBOT","25803","10","5","1","0","NULL","0","NULL","NULL"
"RNDBOT","25804","9","8","1","0","NULL","0","NULL","NULL"
"RNDBOT","25805","1","3","1","0","NULL","0","NULL","NULL"
"RNDBOT","25806","10","2","1","0","NULL","0","NULL","NULL"
"RNDBOT","25807","10","2","1","0","NULL","0","NULL","NULL"
"RNDBOT","25808","9","9","1","0","NULL","0","NULL","NULL"
"RNDBOT","25809","10","1","1","0","NULL","0","NULL","NULL"
"RNDBOT","25810","8","3","1","0","NULL","0","NULL","NULL"
"RNDBOT","25811","1","4","1","0","NULL","0","NULL","NULL"
"RNDBOT","25812","4","11","1","0","NULL","0","NULL","NULL"
"RNDBOT","25813","5","9","1","0","NULL","0","NULL","NULL"
"RNDBOT","25814","10","1","1","0","NULL","0","NULL","NULL"
"RNDBOT","25815","2","3","1","0","NULL","0","NULL","NULL"
"RNDBOT","25816","10","4","1","0","NULL","0","NULL","NULL"
"RNDBOT","25817","9","8","1","0","NULL","0","NULL","NULL"
"RNDBOT","25818","7","8","1","0","NULL","0","NULL","NULL"
"RNDBOT","25819","10","8","1","0","NULL","0","NULL","NULL"
"RNDBOT","25820","6","7","1","0","NULL","0","NULL","NULL"
"RNDBOT","25821","1","1","1","0","NULL","0","NULL","NULL"
"RNDBOT","25822","5","9","1","0","NULL","0","NULL","NULL"
"RNDBOT","25823","10","8","1","0","NULL","0","NULL","NULL"
"RNDBOT","25824","8","5","1","0","NULL","0","NULL","NULL"
"RNDBOT","25825","10","4","1","0","NULL","0","NULL","NULL"
"RNDBOT","25826","10","1","1","0","NULL","0","NULL","NULL"
"RNDBOT","25827","10","3","1","0","NULL","0","NULL","NULL"
"RNDBOT","25828","4","4","1","0","NULL","0","NULL","NULL"
"RNDBOT","25829","8","7","1","0","NULL","0","NULL","NULL"
"RNDBOT","25830","4","1","1","0","NULL","0","NULL","NULL"
"RNDBOT","25831","4","11","1","0","NULL","0","NULL","NULL"
"RNDBOT","25832","9","3","1","0","NULL","0","NULL","NULL"
"RNDBOT","25833","10","3","1","0","NULL","0","NULL","NULL"
"RNDBOT","25834","8","4","1","0","NULL","0","NULL","NULL"
"RNDBOT","25835","9","1","1","0","NULL","0","NULL","NULL"
"RNDBOT","25836","10","3","1","0","NULL","0","NULL","NULL"
"RNDBOT","25837","1","3","1","0","NULL","0","NULL","NULL"
"RNDBOT","25838","7","4","1","0","NULL","0","NULL","NULL"
"RNDBOT","25839","3","2","1","0","NULL","0","NULL","NULL"
"RNDBOT","25840","2","7","1","0","NULL","0","NULL","NULL"
"RNDBOT","25841","9","1","1","0","NULL","0","NULL","NULL"
"RNDBOT","25842","10","1","1","0","NULL","0","NULL","NULL"
"RNDBOT","25843","4","4","1","0","NULL","0","NULL","NULL"
"RNDBOT","25844","9","4","1","0","NULL","0","NULL","NULL"
"RNDBOT","25845","3","1","1","0","NULL","0","NULL","NULL"
"RNDBOT","25846","10","2","1","0","NULL","0","NULL","NULL"
"RNDBOT","25847","1","4","1","0","NULL","0","NULL","NULL"
"RNDBOT","25848","4","5","1","0","NULL","0","NULL","NULL"
"RNDBOT","25849","10","4","1","0","NULL","0","NULL","NULL"
"RNDBOT","25850","10","3","1","0","NULL","0","NULL","NULL"
"RNDBOT","25851","1","5","1","0","NULL","0","NULL","NULL"
"RNDBOT","25852","9","9","1","0","NULL","0","NULL","NULL"
"RNDBOT","25853","9","3","1","0","NULL","0","NULL","NULL"
"RNDBOT","25854","10","3","1","0","NULL","0","NULL","NULL"
"RNDBOT","25855","10","4","1","0","NULL","0","NULL","NULL"
"RNDBOT","25856","10","3","1","0","NULL","0","NULL","NULL"
"RNDBOT","25857","9","9","1","0","NULL","0","NULL","NULL"
"RNDBOT","25858","9","3","1","0","NULL","0","NULL","NULL"
"RNDBOT","25859","10","4","1","0","NULL","0","NULL","NULL"
"RNDBOT","25860","2","7","1","0","NULL","0","NULL","NULL"
"RNDBOT","25861","1","1","1","0","NULL","0","NULL","NULL"
"RNDBOT","25862","9","9","1","0","NULL","0","NULL","NULL"
"RNDBOT","25863","6","1","1","0","NULL","0","NULL","NULL"
"RNDBOT","25864","9","3","1","0","NULL","0","NULL","NULL"
"RNDBOT","25865","9","8","1","0","NULL","0","NULL","NULL"
"RNDBOT","25866","9","1","1","0","NULL","0","NULL","NULL"
"RNDBOT","25867","10","4","1","0","NULL","0","NULL","NULL"
"RNDBOT","25868","4","1","1","0","NULL","0","NULL","NULL"
"RNDBOT","25869","2","9","1","0","NULL","0","NULL","NULL"
"RNDBOT","25870","1","3","1","0","NULL","0","NULL","NULL"
"RNDBOT","25871","10","8","1","0","NULL","0","NULL","NULL"
"RNDBOT","25872","9","8","1","0","NULL","0","NULL","NULL"
"RNDBOT","25873","10","5","1","0","NULL","0","NULL","NULL"
"RNDBOT","25874","6","1","1","0","NULL","0","NULL","NULL"
"RNDBOT","25875","3","5","1","0","NULL","0","NULL","NULL"
"RNDBOT","25876","1","1","1","0","NULL","0","NULL","NULL"
"RNDBOT","25877","8","4","1","0","NULL","0","NULL","NULL"
"RNDBOT","25878","10","8","1","0","NULL","0","NULL","NULL"
"RNDBOT","25879","4","3","1","0","NULL","0","NULL","NULL"
"RNDBOT","25880","10","1","1","0","NULL","0","NULL","NULL"
"RNDBOT","25881","4","4","1","0","NULL","0","NULL","NULL"
"RNDBOT","25882","4","11","1","0","NULL","0","NULL","NULL"
"RNDBOT","25883","2","3","1","0","NULL","0","NULL","NULL"
"RNDBOT","25884","10","3","1","0","NULL","0","NULL","NULL"
"RNDBOT","25885","1","2","1","0","NULL","0","NULL","NULL"
"RNDBOT","25886","3","3","1","0","NULL","0","NULL","NULL"
"RNDBOT","25887","2","7","1","0","NULL","0","NULL","NULL"
"RNDBOT","25888","10","1","1","0","NULL","0","NULL","NULL"
"RNDBOT","25889","4","1","1","0","NULL","0","NULL","NULL"
"RNDBOT","25890","4","3","1","0","NULL","0","NULL","NULL"
"RNDBOT","25891","9","9","1","0","NULL","0","NULL","NULL"
"RNDBOT","25892","1","8","1","0","NULL","0","NULL","NULL"
"RNDBOT","25893","6","11","1","0","NULL","0","NULL","NULL"
"RNDBOT","25894","1","2","1","0","NULL","0","NULL","NULL"
"RNDBOT","25895","10","2","1","0","NULL","0","NULL","NULL"
"RNDBOT","25896","10","5","1","0","NULL","0","NULL","NULL"
"RNDBOT","25897","10","1","1","0","NULL","0","NULL","NULL"
"RNDBOT","25898","2","9","1","0","NULL","0","NULL","NULL"
"RNDBOT","25899","10","1","1","0","NULL","0","NULL","NULL"
"RNDBOT","25900","1","2","1","0","NULL","0","NULL","NULL"
"RNDBOT","25901","1","8","1","0","NULL","0","NULL","NULL"
"RNDBOT","25902","10","8","1","0","NULL","0","NULL","NULL"
"RNDBOT","25903","10","8","1","0","NULL","0","NULL","NULL"
"RNDBOT","25904","10","5","1","0","NULL","0","NULL","NULL"
"RNDBOT","25905","10","1","1","0","NULL","0","NULL","NULL"
"RNDBOT","25906","1","8","1","0","NULL","0","NULL","NULL"
"RNDBOT","25907","1","1","1","0","NULL","0","NULL","NULL"
"RNDBOT","25908","4","3","1","0","NULL","0","NULL","NULL"
"RNDBOT","25909","8","7","1","0","NULL","0","NULL","NULL"
"RNDBOT","25910","9","9","1","0","NULL","0","NULL","NULL"
"RNDBOT","25911","8","7","1","0","NULL","0","NULL","NULL"
"RNDBOT","25912","10","1","1","0","NULL","0","NULL","NULL"
"RNDBOT","25913","5","4","1","0","NULL","0","NULL","NULL"
"RNDBOT","25914","9","3","1","0","NULL","0","NULL","NULL"
"RNDBOT","25915","4","4","1","0","NULL","0","NULL","NULL"
"RNDBOT","25916","5","1","1","0","NULL","0","NULL","NULL"
"RNDBOT","25917","9","8","1","0","NULL","0","NULL","NULL"
"RNDBOT","25918","6","11","1","0","NULL","0","NULL","NULL"
"RNDBOT","25919","2","3","1","0","NULL","0","NULL","NULL"
"RNDBOT","25920","4","11","1","0","NULL","0","NULL","NULL"
"RNDBOT","25921","9","3","1","0","NULL","0","NULL","NULL"
"RNDBOT","25922","10","4","1","0","NULL","0","NULL","NULL"
"RNDBOT","25923","2","1","1","0","NULL","0","NULL","NULL"
"RNDBOT","25924","10","3","1","0","NULL","0","NULL","NULL"
"RNDBOT","25925","5","8","1","0","NULL","0","NULL","NULL"
"RNDBOT","25926","10","3","1","0","NULL","0","NULL","NULL"
"RNDBOT","25927","9","8","1","0","NULL","0","NULL","NULL"
"RNDBOT","25928","10","4","1","0","NULL","0","NULL","NULL"
"RNDBOT","25929","10","3","1","0","NULL","0","NULL","NULL"
"RNDBOT","25930","8","3","1","0","NULL","0","NULL","NULL"
"RNDBOT","25931","7","9","1","0","NULL","0","NULL","NULL"
"RNDBOT","25932","1","3","1","0","NULL","0","NULL","NULL"
"RNDBOT","25933","10","1","1","0","NULL","0","NULL","NULL"
"RNDBOT","25934","9","9","1","0","NULL","0","NULL","NULL"
"RNDBOT","25935","9","1","1","0","NULL","0","NULL","NULL"
"RNDBOT","25936","9","1","1","0","NULL","0","NULL","NULL"
"RNDBOT","25937","8","4","1","0","NULL","0","NULL","NULL"
"RNDBOT","25938","9","3","1","0","NULL","0","NULL","NULL"
"RNDBOT","25939","5","8","1","0","NULL","0","NULL","NULL"
"RNDBOT","25940","6","3","1","0","NULL","0","NULL","NULL"
"RNDBOT","25941","10","2","1","0","NULL","0","NULL","NULL"
"RNDBOT","25942","2","1","1","0","NULL","0","NULL","NULL"
"RNDBOT","25943","6","3","1","0","NULL","0","NULL","NULL"
"RNDBOT","25944","9","4","1","0","NULL","0","NULL","NULL"
"RNDBOT","25945","1","2","1","0","NULL","0","NULL","NULL"
"RNDBOT","25946","10","8","1","0","NULL","0","NULL","NULL"
"RNDBOT","25947","10","1","1","0","NULL","0","NULL","NULL"
"RNDBOT","25948","1","4","1","0","NULL","0","NULL","NULL"
"RNDBOT","25949","7","9","1","0","NULL","0","NULL","NULL"
"RNDBOT","25950","6","7","1","0","NULL","0","NULL","NULL"
"RNDBOT","25951","5","5","1","0","NULL","0","NULL","NULL"
"RNDBOT","25952","6","7","1","0","NULL","0","NULL","NULL"
"RNDBOT","25953","9","4","1","0","NULL","0","NULL","NULL"
"RNDBOT","25954","8","4","1","0","NULL","0","NULL","NULL"
"RNDBOT","25955","9","3","1","0","NULL","0","NULL","NULL"
"RNDBOT","25956","9","3","1","0","NULL","0","NULL","NULL"
"RNDBOT","25957","3","3","1","0","NULL","0","NULL","NULL"
"RNDBOT","25958","10","3","1","0","NULL","0","NULL","NULL"
"RNDBOT","25959","10","5","1","0","NULL","0","NULL","NULL"
"RNDBOT","25960","10","5","1","0","NULL","0","NULL","NULL"
"RNDBOT","25961","1","8","1","0","NULL","0","NULL","NULL"
"RNDBOT","25962","1","3","1","0","NULL","0","NULL","NULL"
"RNDBOT","25963","9","1","1","0","NULL","0","NULL","NULL"
"RNDBOT","25964","9","4","1","0","NULL","0","NULL","NULL"
"RNDBOT","25965","5","5","1","0","NULL","0","NULL","NULL"
"RNDBOT","25966","1","4","1","0","NULL","0","NULL","NULL"
"RNDBOT","25967","9","1","1","0","NULL","0","NULL","NULL"
"RNDBOT","25968","9","3","1","0","NULL","0","NULL","NULL"
"RNDBOT","25969","10","5","1","0","NULL","0","NULL","NULL"
"RNDBOT","25970","7","4","1","0","NULL","0","NULL","NULL"
"RNDBOT","25971","10","2","1","0","NULL","0","NULL","NULL"
"RNDBOT","25972","7","8","1","0","NULL","0","NULL","NULL"
"RNDBOT","25973","3","2","1","0","NULL","0","NULL","NULL"
"RNDBOT","25974","8","4","1","0","NULL","0","NULL","NULL"
"RNDBOT","25975","3","5","1","0","NULL","0","NULL","NULL"
"RNDBOT","25976","10","2","1","0","NULL","0","NULL","NULL"
"RNDBOT","25977","9","8","1","0","NULL","0","NULL","NULL"
"RNDBOT","25978","10","3","1","0","NULL","0","NULL","NULL"
"RNDBOT","25979","4","3","1","0","NULL","0","NULL","NULL"
"RNDBOT","25980","9","1","1","0","NULL","0","NULL","NULL"
"RNDBOT","25981","9","1","1","0","NULL","0","NULL","NULL"
"RNDBOT","25982","4","3","1","0","NULL","0","NULL","NULL"
"RNDBOT","25983","2","1","1","0","NULL","0","NULL","NULL"
"RNDBOT","25984","5","5","1","0","NULL","0","NULL","NULL"
"RNDBOT","25985","10","1","1","0","NULL","0","NULL","NULL"
"RNDBOT","25986","6","1","1","0","NULL","0","NULL","NULL"
"RNDBOT","25987","8","3","1","0","NULL","0","NULL","NULL"
"RNDBOT","25988","4","4","1","0","NULL","0","NULL","NULL"
"RNDBOT","25989","10","3","1","0","NULL","0","NULL","NULL"
"RNDBOT","25990","9","9","1","0","NULL","0","NULL","NULL"
"RNDBOT","25991","6","7","1","0","NULL","0","NULL","NULL"
"RNDBOT","25992","7","8","1","0","NULL","0","NULL","NULL"
"RNDBOT","25993","9","1","1","0","NULL","0","NULL","NULL"
"RNDBOT","25994","1","3","1","0","NULL","0","NULL","NULL"
"RNDBOT","25995","5","5","1","0","NULL","0","NULL","NULL"
"RNDBOT","25996","5","5","1","0","NULL","0","NULL","NULL"
"RNDBOT","25997","9","1","1","0","NULL","0","NULL","NULL"
"RNDBOT","25998","10","5","1","0","NULL","0","NULL","NULL"
"RNDBOT","25999","10","1","1","0","NULL","0","NULL","NULL"
"RNDBOT","26000","10","4","1","0","NULL","0","NULL","NULL"
"RNDBOT","26001","4","1","1","0","NULL","0","NULL","NULL"
"RNDBOT","26002","10","1","1","0","NULL","0","NULL","NULL"
"RNDBOT","26003","9","3","1","0","NULL","0","NULL","NULL"
"RNDBOT","26004","10","2","1","0","NULL","0","NULL","NULL"
"RNDBOT","26005","9","3","1","0","NULL","0","NULL","NULL"
"RNDBOT","26006","10","2","1","0","NULL","0","NULL","NULL"
"RNDBOT","26007","10","4","1","0","NULL","0","NULL","NULL"
"RNDBOT","26008","9","3","1","0","NULL","0","NULL","NULL"
"RNDBOT","26009","1","3","1","0","NULL","0","NULL","NULL"
"RNDBOT","26010","5","4","1","0","NULL","0","NULL","NULL"
"RNDBOT","26011","5","5","1","0","NULL","0","NULL","NULL"
"RNDBOT","26012","9","4","1","0","NULL","0","NULL","NULL"
"RNDBOT","26013","9","8","1","0","NULL","0","NULL","NULL"
"RNDBOT","26014","3","1","1","0","NULL","0","NULL","NULL"
"RNDBOT","26015","4","4","1","0","NULL","0","NULL","NULL"
"RNDBOT","26016","5","9","1","0","NULL","0","NULL","NULL"
"RNDBOT","26017","8","4","1","0","NULL","0","NULL","NULL"
"RNDBOT","26018","3","2","1","0","NULL","0","NULL","NULL"
"RNDBOT","26019","9","4","1","0","NULL","0","NULL","NULL"
"RNDBOT","26020","3","3","1","0","NULL","0","NULL","NULL"
"RNDBOT","26021","1","5","1","0","NULL","0","NULL","NULL"
"RNDBOT","26022","9","4","1","0","NULL","0","NULL","NULL"
"RNDBOT","26023","4","4","1","0","NULL","0","NULL","NULL"
"RNDBOT","26024","3","3","1","0","NULL","0","NULL","NULL"
"RNDBOT","26025","9","9","1","0","NULL","0","NULL","NULL"
"RNDBOT","26026","9","9","1","0","NULL","0","NULL","NULL"
"RNDBOT","26027","1","8","1","0","NULL","0","NULL","NULL"
"RNDBOT","26028","1","8","1","0","NULL","0","NULL","NULL"
"RNDBOT","26029","10","4","1","0","NULL","0","NULL","NULL"
"RNDBOT","26030","8","7","1","0","NULL","0","NULL","NULL"
"RNDBOT","26031","4","4","1","0","NULL","0","NULL","NULL"
"RNDBOT","26032","9","3","1","0","NULL","0","NULL","NULL"
"RNDBOT","26033","9","1","1","0","NULL","0","NULL","NULL"
"RNDBOT","26034","10","8","1","0","NULL","0","NULL","NULL"
"RNDBOT","26035","4","1","1","0","NULL","0","NULL","NULL"
"RNDBOT","26036","8","7","1","0","NULL","0","NULL","NULL"
"RNDBOT","26037","10","8","1","0","NULL","0","NULL","NULL"
"RNDBOT","26038","10","4","1","0","NULL","0","NULL","NULL"
"RNDBOT","26039","4","5","1","0","NULL","0","NULL","NULL"
"RNDBOT","26040","1","5","1","0","NULL","0","NULL","NULL"
"RNDBOT","26041","6","1","1","0","NULL","0","NULL","NULL"
"RNDBOT","26042","10","5","1","0","NULL","0","NULL","NULL"
"RNDBOT","26043","6","7","1","0","NULL","0","NULL","NULL"
"RNDBOT","26044","9","4","1","0","NULL","0","NULL","NULL"
"RNDBOT","26045","4","4","1","0","NULL","0","NULL","NULL"
"RNDBOT","26046","9","8","1","0","NULL","0","NULL","NULL"
"RNDBOT","26047","7","4","1","0","NULL","0","NULL","NULL"
"RNDBOT","26048","10","5","1","0","NULL","0","NULL","NULL"
"RNDBOT","26049","10","8","1","0","NULL","0","NULL","NULL"
"RNDBOT","26050","9","1","1","0","NULL","0","NULL","NULL"
"RNDBOT","26051","9","3","1","0","NULL","0","NULL","NULL"
"RNDBOT","26052","9","1","1","0","NULL","0","NULL","NULL"
"RNDBOT","26053","1","1","1","0","NULL","0","NULL","NULL"
"RNDBOT","26054","9","9","1","0","NULL","0","NULL","NULL"
"RNDBOT","26055","10","3","1","0","NULL","0","NULL","NULL"
"RNDBOT","26056","4","11","1","0","NULL","0","NULL","NULL"
"RNDBOT","26057","10","3","1","0","NULL","0","NULL","NULL"
"RNDBOT","26058","9","4","1","0","NULL","0","NULL","NULL"
"RNDBOT","26059","1","3","1","0","NULL","0","NULL","NULL"
"RNDBOT","26060","10","5","1","0","NULL","0","NULL","NULL"
"RNDBOT","26061","4","1","1","0","NULL","0","NULL","NULL"
"RNDBOT","26062","1","3","1","0","NULL","0","NULL","NULL"
"RNDBOT","26063","9","9","1","0","NULL","0","NULL","NULL"
"RNDBOT","26064","10","4","1","0","NULL","0","NULL","NULL"
"RNDBOT","26065","8","4","1","0","NULL","0","NULL","NULL"
"RNDBOT","26066","3","2","1","0","NULL","0","NULL","NULL"
"RNDBOT","26067","7","8","1","0","NULL","0","NULL","NULL"
"RNDBOT","26068","3","2","1","0","NULL","0","NULL","NULL"
"RNDBOT","26069","10","3","1","0","NULL","0","NULL","NULL"
"RNDBOT","26070","10","2","1","0","NULL","0","NULL","NULL"
"RNDBOT","26071","1","3","1","0","NULL","0","NULL","NULL"
"RNDBOT","26072","8","7","1","0","NULL","0","NULL","NULL"
"RNDBOT","26073","3","3","1","0","NULL","0","NULL","NULL"
"RNDBOT","26074","10","3","1","0","NULL","0","NULL","NULL"
"RNDBOT","26075","1","9","1","0","NULL","0","NULL","NULL"
"RNDBOT","26076","8","4","1","0","NULL","0","NULL","NULL"
"RNDBOT","26077","2","3","1","0","NULL","0","NULL","NULL"
"RNDBOT","26078","2","3","1","0","NULL","0","NULL","NULL"
"RNDBOT","26079","4","11","1","0","NULL","0","NULL","NULL"
"RNDBOT","26080","1","3","1","0","NULL","0","NULL","NULL"
"RNDBOT","26081","5","5","1","0","NULL","0","NULL","NULL"
"RNDBOT","26082","6","11","1","0","NULL","0","NULL","NULL"
"RNDBOT","26083","9","8","1","0","NULL","0","NULL","NULL"
"RNDBOT","26084","9","8","1","0","NULL","0","NULL","NULL"
"RNDBOT","26085","1","2","1","0","NULL","0","NULL","NULL"
"RNDBOT","26086","5","8","1","0","NULL","0","NULL","NULL"
"RNDBOT","26087","10","3","1","0","NULL","0","NULL","NULL"
"RNDBOT","26088","1","3","1","0","NULL","0","NULL","NULL"
"RNDBOT","26089","6","11","1","0","NULL","0","NULL","NULL"
"RNDBOT","26090","4","3","1","0","NULL","0","NULL","NULL"
"RNDBOT","26091","4","5","1","0","NULL","0","NULL","NULL"
"RNDBOT","26092","6","7","1","0","NULL","0","NULL","NULL"
"RNDBOT","26093","5","9","1","0","NULL","0","NULL","NULL"
"RNDBOT","26094","9","8","1","0","NULL","0","NULL","NULL"
"RNDBOT","26095","9","1","1","0","NULL","0","NULL","NULL"
"RNDBOT","26096","1","8","1","0","NULL","0","NULL","NULL"
"RNDBOT","26097","3","3","1","0","NULL","0","NULL","NULL"
"RNDBOT","26098","10","8","1","0","NULL","0","NULL","NULL"
"RNDBOT","26099","1","1","1","0","NULL","0","NULL","NULL"
"RNDBOT","26100","9","8","1","0","NULL","0","NULL","NULL"
"RNDBOT","26101","4","11","1","0","NULL","0","NULL","NULL"
"RNDBOT","26102","3","3","1","0","NULL","0","NULL","NULL"
"RNDBOT","26103","4","4","1","0","NULL","0","NULL","NULL"
"RNDBOT","26104","10","2","1","0","NULL","0","NULL","NULL"
"RNDBOT","26105","5","9","1","0","NULL","0","NULL","NULL"
"RNDBOT","26106","10","2","1","0","NULL","0","NULL","NULL"
"RNDBOT","26107","9","8","1","0","NULL","0","NULL","NULL"
"RNDBOT","26108","9","3","1","0","NULL","0","NULL","NULL"
"RNDBOT","26109","9","8","1","0","NULL","0","NULL","NULL"
"RNDBOT","26110","9","8","1","0","NULL","0","NULL","NULL"
"RNDBOT","26111","8","4","1","0","NULL","0","NULL","NULL"
"RNDBOT","26112","8","3","1","0","NULL","0","NULL","NULL"
"RNDBOT","26113","10","5","1","0","NULL","0","NULL","NULL"
"RNDBOT","26114","10","8","1","0","NULL","0","NULL","NULL"
"RNDBOT","26115","10","3","1","0","NULL","0","NULL","NULL"
"RNDBOT","26116","10","2","1","0","NULL","0","NULL","NULL"
"RNDBOT","26117","10","1","1","0","NULL","0","NULL","NULL"
"RNDBOT","26118","4","11","1","0","NULL","0","NULL","NULL"
"RNDBOT","26119","10","8","1","0","NULL","0","NULL","NULL"
"RNDBOT","26120","9","8","1","0","NULL","0","NULL","NULL"
"RNDBOT","26121","5","9","1","0","NULL","0","NULL","NULL"
"RNDBOT","26122","10","4","1","0","NULL","0","NULL","NULL"
"RNDBOT","26123","6","1","1","0","NULL","0","NULL","NULL"
"RNDBOT","26124","6","11","1","0","NULL","0","NULL","NULL"
"RNDBOT","26125","3","3","1","0","NULL","0","NULL","NULL"
"RNDBOT","26126","10","4","1","0","NULL","0","NULL","NULL"
"RNDBOT","26127","10","5","1","0","NULL","0","NULL","NULL"
"RNDBOT","26128","6","7","1","0","NULL","0","NULL","NULL"
"RNDBOT","26129","9","8","1","0","NULL","0","NULL","NULL"
"RNDBOT","26130","8","1","1","0","NULL","0","NULL","NULL"
"RNDBOT","26131","4","11","1","0","NULL","0","NULL","NULL"
"RNDBOT","26132","9","1","1","0","NULL","0","NULL","NULL"
"RNDBOT","26133","9","9","1","0","NULL","0","NULL","NULL"
"RNDBOT","26134","5","5","1","0","NULL","0","NULL","NULL"
"RNDBOT","26135","9","3","1","0","NULL","0","NULL","NULL"
"RNDBOT","26136","10","1","1","0","NULL","0","NULL","NULL"
"RNDBOT","26137","10","5","1","0","NULL","0","NULL","NULL"
"RNDBOT","26138","9","8","1","0","NULL","0","NULL","NULL"
"RNDBOT","26139","8","3","1","0","NULL","0","NULL","NULL"
"RNDBOT","26140","10","2","1","0","NULL","0","NULL","NULL"
"RNDBOT","26141","7","8","1","0","NULL","0","NULL","NULL"
"RNDBOT","26142","1","2","1","0","NULL","0","NULL","NULL"
"RNDBOT","26143","10","3","1","0","NULL","0","NULL","NULL"
"RNDBOT","26144","10","5","1","0","NULL","0","NULL","NULL"
"RNDBOT","26145","5","8","1","0","NULL","0","NULL","NULL"
"RNDBOT","26146","9","8","1","0","NULL","0","NULL","NULL"
"RNDBOT","26147","1","2","1","0","NULL","0","NULL","NULL"
"RNDBOT","26148","4","3","1","0","NULL","0","NULL","NULL"
"RNDBOT","26149","10","1","1","0","NULL","0","NULL","NULL"
"RNDBOT","26150","10","4","1","0","NULL","0","NULL","NULL"
"RNDBOT","26151","10","4","1","0","NULL","0","NULL","NULL"
"RNDBOT","26152","4","3","1","0","NULL","0","NULL","NULL"
"RNDBOT","26153","6","3","1","0","NULL","0","NULL","NULL"
"RNDBOT","26154","10","3","1","0","NULL","0","NULL","NULL"
"RNDBOT","26155","1","1","1","0","NULL","0","NULL","NULL"
"RNDBOT","26156","10","2","1","0","NULL","0","NULL","NULL"
"RNDBOT","26157","1","8","1","0","NULL","0","NULL","NULL"
"RNDBOT","26158","1","2","1","0","NULL","0","NULL","NULL"
"RNDBOT","26159","10","1","1","0","NULL","0","NULL","NULL"
"RNDBOT","26160","1","2","1","0","NULL","0","NULL","NULL"
"RNDBOT","26161","1","5","1","0","NULL","0","NULL","NULL"
"RNDBOT","26162","5","5","1","0","NULL","0","NULL","NULL"
"RNDBOT","26163","2","1","1","0","NULL","0","NULL","NULL"
"RNDBOT","26164","2","7","1","0","NULL","0","NULL","NULL"
"RNDBOT","26165","10","1","1","0","NULL","0","NULL","NULL"
"RNDBOT","26166","9","3","1","0","NULL","0","NULL","NULL"
"RNDBOT","26167","5","9","1","0","NULL","0","NULL","NULL"
"RNDBOT","26168","10","2","1","0","NULL","0","NULL","NULL"
"RNDBOT","26169","1","8","1","0","NULL","0","NULL","NULL"
"RNDBOT","26170","4","1","1","0","NULL","0","NULL","NULL"
"RNDBOT","26171","7","1","1","0","NULL","0","NULL","NULL"
"RNDBOT","26172","1","4","1","0","NULL","0","NULL","NULL"
"RNDBOT","26173","3","1","1","0","NULL","0","NULL","NULL"
"RNDBOT","26174","9","9","1","0","NULL","0","NULL","NULL"
"RNDBOT","26175","1","8","1","0","NULL","0","NULL","NULL"
"RNDBOT","26176","10","8","1","0","NULL","0","NULL","NULL"
"RNDBOT","26177","6","11","1","0","NULL","0","NULL","NULL"
"RNDBOT","26178","9","4","1","0","NULL","0","NULL","NULL"
"RNDBOT","26179","9","3","1","0","NULL","0","NULL","NULL"
"RNDBOT","26180","5","4","1","0","NULL","0","NULL","NULL"
"RNDBOT","26181","6","11","1","0","NULL","0","NULL","NULL"
"RNDBOT","26182","1","9","1","0","NULL","0","NULL","NULL"
"RNDBOT","26183","4","4","1","0","NULL","0","NULL","NULL"
"RNDBOT","26184","9","8","1","0","NULL","0","NULL","NULL"
"RNDBOT","26185","9","3","1","0","NULL","0","NULL","NULL"
"RNDBOT","26186","5","9","1","0","NULL","0","NULL","NULL"
"RNDBOT","26187","9","8","1","0","NULL","0","NULL","NULL"
"RNDBOT","26188","3","3","1","0","NULL","0","NULL","NULL"
"RNDBOT","26189","10","1","1","0","NULL","0","NULL","NULL"
"RNDBOT","26190","10","4","1","0","NULL","0","NULL","NULL"
"RNDBOT","26191","6","11","1","0","NULL","0","NULL","NULL"
"RNDBOT","26192","2","3","1","0","NULL","0","NULL","NULL"
"RNDBOT","26193","1","8","1","0","NULL","0","NULL","NULL"
"RNDBOT","26194","10","1","1","0","NULL","0","NULL","NULL"
"RNDBOT","26195","1","1","1","0","NULL","0","NULL","NULL"
"RNDBOT","26196","4","3","1","0","NULL","0","NULL","NULL"
"RNDBOT","26197","9","3","1","0","NULL","0","NULL","NULL"
"RNDBOT","26198","4","3","1","0","NULL","0","NULL","NULL"
"RNDBOT","26199","9","3","1","0","NULL","0","NULL","NULL"
"RNDBOT","26200","1","3","1","0","NULL","0","NULL","NULL"
"RNDBOT","26201","4","3","1","0","NULL","0","NULL","NULL"
"RNDBOT","26202","9","3","1","0","NULL","0","NULL","NULL"
"RNDBOT","26203","4","11","1","0","NULL","0","NULL","NULL"
"RNDBOT","26204","1","1","1","0","NULL","0","NULL","NULL"
"RNDBOT","26205","1","2","1","0","NULL","0","NULL","NULL"
"RNDBOT","26206","1","3","1","0","NULL","0","NULL","NULL"
"RNDBOT","26207","10","4","1","0","NULL","0","NULL","NULL"
"RNDBOT","26208","10","4","1","0","NULL","0","NULL","NULL"
"RNDBOT","26209","1","9","1","0","NULL","0","NULL","NULL"
"RNDBOT","26210","1","3","1","0","NULL","0","NULL","NULL"
"RNDBOT","26211","5","5","1","0","NULL","0","NULL","NULL"
"RNDBOT","26212","7","8","1","0","NULL","0","NULL","NULL"
"RNDBOT","26213","9","8","1","0","NULL","0","NULL","NULL"
"RNDBOT","26214","10","2","1","0","NULL","0","NULL","NULL"
"RNDBOT","26215","10","2","1","0","NULL","0","NULL","NULL"
"RNDBOT","26216","10","5","1","0","NULL","0","NULL","NULL"
"RNDBOT","26217","8","3","1","0","NULL","0","NULL","NULL"
"RNDBOT","26218","4","11","1","0","NULL","0","NULL","NULL"
"RNDBOT","26219","3","1","1","0","NULL","0","NULL","NULL"
"RNDBOT","26220","9","3","1","0","NULL","0","NULL","NULL"
"RNDBOT","26221","2","7","1","0","NULL","0","NULL","NULL"
"RNDBOT","26222","1","5","1","0","NULL","0","NULL","NULL"
"RNDBOT","26223","9","8","1","0","NULL","0","NULL","NULL"
"RNDBOT","26224","9","8","1","0","NULL","0","NULL","NULL"
"RNDBOT","26225","4","1","1","0","NULL","0","NULL","NULL"
"RNDBOT","26226","8","7","1","0","NULL","0","NULL","NULL"
"RNDBOT","26227","4","4","1","0","NULL","0","NULL","NULL"
"RNDBOT","26228","5","4","1","0","NULL","0","NULL","NULL"
"RNDBOT","26229","4","1","1","0","NULL","0","NULL","NULL"
"RNDBOT","26230","10","8","1","0","NULL","0","NULL","NULL"
"RNDBOT","26231","10","1","1","0","NULL","0","NULL","NULL"
"RNDBOT","26232","10","8","1","0","NULL","0","NULL","NULL"
"RNDBOT","26233","10","3","1","0","NULL","0","NULL","NULL"
"RNDBOT","26234","1","4","1","0","NULL","0","NULL","NULL"
"RNDBOT","26235","7","4","1","0","NULL","0","NULL","NULL"
"RNDBOT","26236","1","4","1","0","NULL","0","NULL","NULL"
"RNDBOT","26237","10","5","1","0","NULL","0","NULL","NULL"
"RNDBOT","26238","4","11","1","0","NULL","0","NULL","NULL"
"RNDBOT","26239","1","3","1","0","NULL","0","NULL","NULL"
"RNDBOT","26240","4","4","1","0","NULL","0","NULL","NULL"
"RNDBOT","26241","9","8","1","0","NULL","0","NULL","NULL"
"RNDBOT","26242","10","8","1","0","NULL","0","NULL","NULL"
"RNDBOT","26243","10","2","1","0","NULL","0","NULL","NULL"
"RNDBOT","26244","8","8","1","0","NULL","0","NULL","NULL"
"RNDBOT","26245","8","8","1","0","NULL","0","NULL","NULL"
"RNDBOT","26246","1","4","1","0","NULL","0","NULL","NULL"
"RNDBOT","26247","5","4","1","0","NULL","0","NULL","NULL"
"RNDBOT","26248","9","9","1","0","NULL","0","NULL","NULL"
"RNDBOT","26249","4","11","1","0","NULL","0","NULL","NULL"
"RNDBOT","26250","9","8","1","0","NULL","0","NULL","NULL"
"RNDBOT","26251","1","8","1","0","NULL","0","NULL","NULL"
"RNDBOT","26252","8","4","1","0","NULL","0","NULL","NULL"
"RNDBOT","26253","7","9","1","0","NULL","0","NULL","NULL"
"RNDBOT","26254","1","2","1","0","NULL","0","NULL","NULL"
"RNDBOT","26255","9","8","1","0","NULL","0","NULL","NULL"
"RNDBOT","26256","8","7","1","0","NULL","0","NULL","NULL"
"RNDBOT","26257","10","5","1","0","NULL","0","NULL","NULL"
"RNDBOT","26258","4","5","1","0","NULL","0","NULL","NULL"
"RNDBOT","26259","10","4","1","0","NULL","0","NULL","NULL"
"RNDBOT","26260","10","5","1","0","NULL","0","NULL","NULL"
"RNDBOT","26261","5","9","1","0","NULL","0","NULL","NULL"
"RNDBOT","26262","10","1","1","0","NULL","0","NULL","NULL"
"RNDBOT","26263","5","9","1","0","NULL","0","NULL","NULL"
"RNDBOT","26264","5","4","1","0","NULL","0","NULL","NULL"
"RNDBOT","26265","1","1","1","0","NULL","0","NULL","NULL"
"RNDBOT","26266","2","3","1","0","NULL","0","NULL","NULL"
"RNDBOT","26267","1","2","1","0","NULL","0","NULL","NULL"
"RNDBOT","26268","10","4","1","0","NULL","0","NULL","NULL"
"RNDBOT","26269","10","4","1","0","NULL","0","NULL","NULL"
"RNDBOT","26270","7","9","1","0","NULL","0","NULL","NULL"
"RNDBOT","26271","10","8","1","0","NULL","0","NULL","NULL"
"RNDBOT","26272","9","3","1","0","NULL","0","NULL","NULL"
"RNDBOT","26273","7","9","1","0","NULL","0","NULL","NULL"
"RNDBOT","26274","4","3","1","0","NULL","0","NULL","NULL"
"RNDBOT","26275","3","3","1","0","NULL","0","NULL","NULL"
"RNDBOT","26276","10","4","1","0","NULL","0","NULL","NULL"
"RNDBOT","26277","9","4","1","0","NULL","0","NULL","NULL"
"RNDBOT","26278","3","1","1","0","NULL","0","NULL","NULL"
"RNDBOT","26279","5","4","1","0","NULL","0","NULL","NULL"
"RNDBOT","26280","6","11","1","0","NULL","0","NULL","NULL"
"RNDBOT","26281","9","4","1","0","NULL","0","NULL","NULL"
"RNDBOT","26282","10","2","1","0","NULL","0","NULL","NULL"
"RNDBOT","26283","6","7","1","0","NULL","0","NULL","NULL"
"RNDBOT","26284","9","4","1","0","NULL","0","NULL","NULL"
"RNDBOT","26285","6","7","1","0","NULL","0","NULL","NULL"
"RNDBOT","26286","1","1","1","0","NULL","0","NULL","NULL"
"RNDBOT","26287","10","5","1","0","NULL","0","NULL","NULL"
"RNDBOT","26288","5","9","1","0","NULL","0","NULL","NULL"
"RNDBOT","26289","5","4","1","0","NULL","0","NULL","NULL"
"RNDBOT","26290","9","9","1","0","NULL","0","NULL","NULL"
"RNDBOT","26291","7","9","1","0","NULL","0","NULL","NULL"
"RNDBOT","26292","1","2","1","0","NULL","0","NULL","NULL"
"RNDBOT","26293","1","2","1","0","NULL","0","NULL","NULL"
"RNDBOT","26294","10","5","1","0","NULL","0","NULL","NULL"
"RNDBOT","26295","5","4","1","0","NULL","0","NULL","NULL"
"RNDBOT","26296","3","1","1","0","NULL","0","NULL","NULL"
"RNDBOT","26297","6","7","1","0","NULL","0","NULL","NULL"
"RNDBOT","26298","9","9","1","0","NULL","0","NULL","NULL"
"RNDBOT","26299","3","4","1","0","NULL","0","NULL","NULL"
"RNDBOT","26300","10","8","1","0","NULL","0","NULL","NULL"
"RNDBOT","26301","10","1","1","0","NULL","0","NULL","NULL"
"RNDBOT","26302","8","3","1","0","NULL","0","NULL","NULL"
"RNDBOT","26303","6","11","1","0","NULL","0","NULL","NULL"
"RNDBOT","26304","9","8","1","0","NULL","0","NULL","NULL"
"RNDBOT","26305","10","1","1","0","NULL","0","NULL","NULL"
"RNDBOT","26306","10","2","1","0","NULL","0","NULL","NULL"
"RNDBOT","26307","5","9","1","0","NULL","0","NULL","NULL"
"RNDBOT","26308","9","8","1","0","NULL","0","NULL","NULL"
"RNDBOT","26309","9","3","1","0","NULL","0","NULL","NULL"
"RNDBOT","26310","10","4","1","0","NULL","0","NULL","NULL"
"RNDBOT","26311","10","8","1","0","NULL","0","NULL","NULL"
"RNDBOT","26312","9","4","1","0","NULL","0","NULL","NULL"
"RNDBOT","26313","10","8","1","0","NULL","0","NULL","NULL"
"RNDBOT","26314","10","1","1","0","NULL","0","NULL","NULL"
"RNDBOT","26315","3","4","1","0","NULL","0","NULL","NULL"
"RNDBOT","26316","9","4","1","0","NULL","0","NULL","NULL"
"RNDBOT","26317","7","9","1","0","NULL","0","NULL","NULL"
"RNDBOT","26318","3","2","1","0","NULL","0","NULL","NULL"
"RNDBOT","26319","10","3","1","0","NULL","0","NULL","NULL"
"RNDBOT","26320","1","8","1","0","NULL","0","NULL","NULL"
"RNDBOT","26321","9","4","1","0","NULL","0","NULL","NULL"
"RNDBOT","26322","1","1","1","0","NULL","0","NULL","NULL"
"RNDBOT","26323","10","5","1","0","NULL","0","NULL","NULL"
"RNDBOT","26324","5","9","1","0","NULL","0","NULL","NULL"
"RNDBOT","26325","6","3","1","0","NULL","0","NULL","NULL"
"RNDBOT","26326","10","5","1","0","NULL","0","NULL","NULL"
"RNDBOT","26327","10","5","1","0","NULL","0","NULL","NULL"
"RNDBOT","26328","3","2","1","0","NULL","0","NULL","NULL"
"RNDBOT","26329","5","5","1","0","NULL","0","NULL","NULL"
"RNDBOT","26330","5","1","1","0","NULL","0","NULL","NULL"
"RNDBOT","26331","2","1","1","0","NULL","0","NULL","NULL"
"RNDBOT","26332","9","8","1","0","NULL","0","NULL","NULL"
"RNDBOT","26333","5","4","1","0","NULL","0","NULL","NULL"
"RNDBOT","26334","10","1","1","0","NULL","0","NULL","NULL"
"RNDBOT","26335","1","1","1","0","NULL","0","NULL","NULL"
"RNDBOT","26336","4","1","1","0","NULL","0","NULL","NULL"
"RNDBOT","26337","1","3","1","0","NULL","0","NULL","NULL"
"RNDBOT","26338","4","5","1","0","NULL","0","NULL","NULL"
"RNDBOT","26339","10","5","1","0","NULL","0","NULL","NULL"
"RNDBOT","26340","6","1","1","0","NULL","0","NULL","NULL"
"RNDBOT","26341","10","1","1","0","NULL","0","NULL","NULL"
"RNDBOT","26342","4","4","1","0","NULL","0","NULL","NULL"
"RNDBOT","26343","9","8","1","0","NULL","0","NULL","NULL"
"RNDBOT","26344","1","4","1","0","NULL","0","NULL","NULL"
"RNDBOT","26345","10","3","1","0","NULL","0","NULL","NULL"
"RNDBOT","26346","10","1","1","0","NULL","0","NULL","NULL"
"RNDBOT","26347","9","3","1","0","NULL","0","NULL","NULL"
"RNDBOT","26348","1","4","1","0","NULL","0","NULL","NULL"
"RNDBOT","26349","10","3","1","0","NULL","0","NULL","NULL"
"RNDBOT","26350","2","3","1","0","NULL","0","NULL","NULL"
"RNDBOT","26351","10","4","1","0","NULL","0","NULL","NULL"
"RNDBOT","26352","9","9","1","0","NULL","0","NULL","NULL"
"RNDBOT","26353","10","8","1","0","NULL","0","NULL","NULL"
"RNDBOT","26354","8","5","1","0","NULL","0","NULL","NULL"
"RNDBOT","26355","1","3","1","0","NULL","0","NULL","NULL"
"RNDBOT","26356","4","11","1","0","NULL","0","NULL","NULL"
"RNDBOT","26357","4","11","1","0","NULL","0","NULL","NULL"
"RNDBOT","26358","4","1","1","0","NULL","0","NULL","NULL"
"RNDBOT","26359","10","1","1","0","NULL","0","NULL","NULL"
"RNDBOT","26360","9","3","1","0","NULL","0","NULL","NULL"
"RNDBOT","26361","4","3","1","0","NULL","0","NULL","NULL"
"RNDBOT","26362","4","4","1","0","NULL","0","NULL","NULL"
"RNDBOT","26363","5","1","1","0","NULL","0","NULL","NULL"
"RNDBOT","26364","6","7","1","0","NULL","0","NULL","NULL"
"RNDBOT","26365","1","8","1","0","NULL","0","NULL","NULL"
"RNDBOT","26366","1","2","1","0","NULL","0","NULL","NULL"
"RNDBOT","26367","1","8","1","0","NULL","0","NULL","NULL"
"RNDBOT","26368","10","4","1","0","NULL","0","NULL","NULL"
"RNDBOT","26369","8","4","1","0","NULL","0","NULL","NULL"
"RNDBOT","26370","1","5","1","0","NULL","0","NULL","NULL"
"RNDBOT","26371","7","8","1","0","NULL","0","NULL","NULL"
"RNDBOT","26372","6","7","1","0","NULL","0","NULL","NULL"
"RNDBOT","26373","6","3","1","0","NULL","0","NULL","NULL"
"RNDBOT","26374","1","2","1","0","NULL","0","NULL","NULL"
"RNDBOT","26375","1","3","1","0","NULL","0","NULL","NULL"
"RNDBOT","26376","4","4","1","0","NULL","0","NULL","NULL"
"RNDBOT","26377","9","3","1","0","NULL","0","NULL","NULL"
"RNDBOT","26378","4","11","1","0","NULL","0","NULL","NULL"
"RNDBOT","26379","1","2","1","0","NULL","0","NULL","NULL"
"RNDBOT","26380","1","8","1","0","NULL","0","NULL","NULL"
"RNDBOT","26381","2","1","1","0","NULL","0","NULL","NULL"
"RNDBOT","26382","6","7","1","0","NULL","0","NULL","NULL"
"RNDBOT","26383","6","11","1","0","NULL","0","NULL","NULL"
"RNDBOT","26384","1","2","1","0","NULL","0","NULL","NULL"
"RNDBOT","26385","9","9","1","0","NULL","0","NULL","NULL"
"RNDBOT","26386","10","1","1","0","NULL","0","NULL","NULL"
"RNDBOT","26387","2","1","1","0","NULL","0","NULL","NULL"
"RNDBOT","26388","6","11","1","0","NULL","0","NULL","NULL"
"RNDBOT","26389","2","7","1","0","NULL","0","NULL","NULL"
"RNDBOT","26390","4","1","1","0","NULL","0","NULL","NULL"
"RNDBOT","26391","10","5","1","0","NULL","0","NULL","NULL"
"RNDBOT","26392","6","7","1","0","NULL","0","NULL","NULL"
"RNDBOT","26393","1","4","1","0","NULL","0","NULL","NULL"
"RNDBOT","26394","7","8","1","0","NULL","0","NULL","NULL"
"RNDBOT","26395","5","5","1","0","NULL","0","NULL","NULL"
"RNDBOT","26396","5","9","1","0","NULL","0","NULL","NULL"
"RNDBOT","26397","9","1","1","0","NULL","0","NULL","NULL"
"RNDBOT","26398","9","1","1","0","NULL","0","NULL","NULL"
"RNDBOT","26399","9","4","1","0","NULL","0","NULL","NULL"
"RNDBOT","26400","3","3","1","0","NULL","0","NULL","NULL"
"RNDBOT","26401","1","2","1","0","NULL","0","NULL","NULL"
"RNDBOT","26402","6","7","1","0","NULL","0","NULL","NULL"
"RNDBOT","26403","8","3","1","0","NULL","0","NULL","NULL"
"RNDBOT","26404","10","1","1","0","NULL","0","NULL","NULL"
"RNDBOT","26405","4","5","1","0","NULL","0","NULL","NULL"
"RNDBOT","26406","9","9","1","0","NULL","0","NULL","NULL"
"RNDBOT","26407","2","7","1","0","NULL","0","NULL","NULL"
"RNDBOT","26408","5","4","1","0","NULL","0","NULL","NULL"
"RNDBOT","26409","3","3","1","0","NULL","0","NULL","NULL"
"RNDBOT","26410","9","4","1","0","NULL","0","NULL","NULL"
"RNDBOT","26411","10","1","1","0","NULL","0","NULL","NULL"
"RNDBOT","26412","10","5","1","0","NULL","0","NULL","NULL"
"RNDBOT","26413","5","9","1","0","NULL","0","NULL","NULL"
"RNDBOT","26414","7","9","1","0","NULL","0","NULL","NULL"
"RNDBOT","26415","4","4","1","0","NULL","0","NULL","NULL"
"RNDBOT","26416","5","9","1","0","NULL","0","NULL","NULL"
"RNDBOT","26417","1","1","1","0","NULL","0","NULL","NULL"
"RNDBOT","26418","4","1","1","0","NULL","0","NULL","NULL"
"RNDBOT","26419","9","9","1","0","NULL","0","NULL","NULL"
"RNDBOT","26420","2","3","1","0","NULL","0","NULL","NULL"
"RNDBOT","26421","10","5","1","0","NULL","0","NULL","NULL"
"RNDBOT","26422","9","1","1","0","NULL","0","NULL","NULL"
"RNDBOT","26423","9","1","1","0","NULL","0","NULL","NULL"
"RNDBOT","26424","3","4","1","0","NULL","0","NULL","NULL"
"RNDBOT","26425","8","1","1","0","NULL","0","NULL","NULL"
"RNDBOT","26426","9","3","1","0","NULL","0","NULL","NULL"
"RNDBOT","26427","9","3","1","0","NULL","0","NULL","NULL"
"RNDBOT","26428","4","11","1","0","NULL","0","NULL","NULL"
"RNDBOT","26429","10","4","1","0","NULL","0","NULL","NULL"
"RNDBOT","26430","6","3","1","0","NULL","0","NULL","NULL"
"RNDBOT","26431","10","5","1","0","NULL","0","NULL","NULL"
"RNDBOT","26432","1","2","1","0","NULL","0","NULL","NULL"
"RNDBOT","26433","1","8","1","0","NULL","0","NULL","NULL"
"RNDBOT","26434","9","9","1","0","NULL","0","NULL","NULL"
"RNDBOT","26435","10","4","1","0","NULL","0","NULL","NULL"
"RNDBOT","26436","7","9","1","0","NULL","0","NULL","NULL"
"RNDBOT","26437","10","4","1","0","NULL","0","NULL","NULL"
"RNDBOT","26438","3","1","1","0","NULL","0","NULL","NULL"
"RNDBOT","26439","10","8","1","0","NULL","0","NULL","NULL"
"RNDBOT","26440","10","4","1","0","NULL","0","NULL","NULL"
"RNDBOT","26441","9","9","1","0","NULL","0","NULL","NULL"
"RNDBOT","26442","10","1","1","0","NULL","0","NULL","NULL"
"RNDBOT","26443","9","1","1","0","NULL","0","NULL","NULL"
"RNDBOT","26444","10","3","1","0","NULL","0","NULL","NULL"
"RNDBOT","26445","10","4","1","0","NULL","0","NULL","NULL"
"RNDBOT","26446","1","9","1","0","NULL","0","NULL","NULL"
"RNDBOT","26447","1","8","1","0","NULL","0","NULL","NULL"
"RNDBOT","26448","1","1","1","0","NULL","0","NULL","NULL"
"RNDBOT","26449","4","3","1","0","NULL","0","NULL","NULL"
"RNDBOT","26450","9","4","1","0","NULL","0","NULL","NULL"
"RNDBOT","26451","9","3","1","0","NULL","0","NULL","NULL"
"RNDBOT","26452","9","8","1","0","NULL","0","NULL","NULL"
"RNDBOT","26453","10","8","1","0","NULL","0","NULL","NULL"
"RNDBOT","26454","10","3","1","0","NULL","0","NULL","NULL"
"RNDBOT","26455","5","9","1","0","NULL","0","NULL","NULL"
"RNDBOT","26456","9","4","1","0","NULL","0","NULL","NULL"
"RNDBOT","26457","2","1","1","0","NULL","0","NULL","NULL"
"RNDBOT","26458","1","3","1","0","NULL","0","NULL","NULL"
"RNDBOT","26459","1","9","1","0","NULL","0","NULL","NULL"
"RNDBOT","26460","1","3","1","0","NULL","0","NULL","NULL"
"RNDBOT","26461","6","1","1","0","NULL","0","NULL","NULL"
"RNDBOT","26462","1","4","1","0","NULL","0","NULL","NULL"
"RNDBOT","26463","10","4","1","0","NULL","0","NULL","NULL"
"RNDBOT","26464","2","1","1","0","NULL","0","NULL","NULL"
"RNDBOT","26465","2","3","1","0","NULL","0","NULL","NULL"
"RNDBOT","26466","2","1","1","0","NULL","0","NULL","NULL"
"RNDBOT","26467","1","2","1","0","NULL","0","NULL","NULL"
"RNDBOT","26468","6","7","1","0","NULL","0","NULL","NULL"
"RNDBOT","26469","1","9","1","0","NULL","0","NULL","NULL"
"RNDBOT","26470","7","4","1","0","NULL","0","NULL","NULL"
"RNDBOT","26471","10","4","1","0","NULL","0","NULL","NULL"
"RNDBOT","26472","5","5","1","0","NULL","0","NULL","NULL"
"RNDBOT","26473","9","3","1","0","NULL","0","NULL","NULL"
"RNDBOT","26474","10","3","1","0","NULL","0","NULL","NULL"
"RNDBOT","26475","1","2","1","0","NULL","0","NULL","NULL"
"RNDBOT","26476","5","9","1","0","NULL","0","NULL","NULL"
"RNDBOT","26477","1","2","1","0","NULL","0","NULL","NULL"
"RNDBOT","26478","10","5","1","0","NULL","0","NULL","NULL"
"RNDBOT","26479","10","8","1","0","NULL","0","NULL","NULL"
"RNDBOT","26480","6","7","1","0","NULL","0","NULL","NULL"
"RNDBOT","26481","4","3","1","0","NULL","0","NULL","NULL"
"RNDBOT","26482","10","2","1","0","NULL","0","NULL","NULL"
"RNDBOT","26483","9","3","1","0","NULL","0","NULL","NULL"
"RNDBOT","26484","10","8","1","0","NULL","0","NULL","NULL"
"RNDBOT","26485","9","1","1","0","NULL","0","NULL","NULL"
"RNDBOT","26486","9","1","1","0","NULL","0","NULL","NULL"
"RNDBOT","26487","1","3","1","0","NULL","0","NULL","NULL"
"RNDBOT","26488","10","1","1","0","NULL","0","NULL","NULL"
"RNDBOT","26489","8","5","1","0","NULL","0","NULL","NULL"
"RNDBOT","26490","8","7","1","0","NULL","0","NULL","NULL"
"RNDBOT","26491","6","1","1","0","NULL","0","NULL","NULL"
"RNDBOT","26492","1","9","1","0","NULL","0","NULL","NULL"
"RNDBOT","26493","10","4","1","0","NULL","0","NULL","NULL"
"RNDBOT","26494","5","5","1","0","NULL","0","NULL","NULL"
"RNDBOT","26495","1","2","1","0","NULL","0","NULL","NULL"
"RNDBOT","26496","10","3","1","0","NULL","0","NULL","NULL"
"RNDBOT","26497","1","4","1","0","NULL","0","NULL","NULL"
"RNDBOT","26498","1","1","1","0","NULL","0","NULL","NULL"
"RNDBOT","26499","10","1","1","0","NULL","0","NULL","NULL"
"RNDBOT","26500","9","4","1","0","NULL","0","NULL","NULL"
"RNDBOT","26501","4","1","1","0","NULL","0","NULL","NULL"
"RNDBOT","26502","4","4","1","0","NULL","0","NULL","NULL"
"RNDBOT","26503","1","4","1","0","NULL","0","NULL","NULL"
"RNDBOT","26504","5","1","1","0","NULL","0","NULL","NULL"
"RNDBOT","26505","9","3","1","0","NULL","0","NULL","NULL"
"RNDBOT","26506","10","1","1","0","NULL","0","NULL","NULL"
"RNDBOT","26507","5","5","1","0","NULL","0","NULL","NULL"
"RNDBOT","26508","5","1","1","0","NULL","0","NULL","NULL"
"RNDBOT","26509","9","4","1","0","NULL","0","NULL","NULL"
"RNDBOT","26510","10","3","1","0","NULL","0","NULL","NULL"
"RNDBOT","26511","9","4","1","0","NULL","0","NULL","NULL"
"RNDBOT","26512","10","8","1","0","NULL","0","NULL","NULL"
"RNDBOT","26513","9","8","1","0","NULL","0","NULL","NULL"
"RNDBOT","26514","8","8","1","0","NULL","0","NULL","NULL"
"RNDBOT","26515","9","9","1","0","NULL","0","NULL","NULL"
"RNDBOT","26516","9","4","1","0","NULL","0","NULL","NULL"
"RNDBOT","26517","9","3","1","0","NULL","0","NULL","NULL"
"RNDBOT","26518","10","5","1","0","NULL","0","NULL","NULL"
"RNDBOT","26519","1","3","1","0","NULL","0","NULL","NULL"
"RNDBOT","26520","2","9","1","0","NULL","0","NULL","NULL"
"RNDBOT","26521","6","3","1","0","NULL","0","NULL","NULL"
"RNDBOT","26522","1","9","1","0","NULL","0","NULL","NULL"
"RNDBOT","26523","4","3","1","0","NULL","0","NULL","NULL"
"RNDBOT","26524","10","8","1","0","NULL","0","NULL","NULL"
"RNDBOT","26525","4","11","1","0","NULL","0","NULL","NULL"
"RNDBOT","26526","4","11","1","0","NULL","0","NULL","NULL"
"RNDBOT","26527","4","3","1","0","NULL","0","NULL","NULL"
"RNDBOT","26528","1","1","1","0","NULL","0","NULL","NULL"
"RNDBOT","26529","9","1","1","0","NULL","0","NULL","NULL"
"RNDBOT","26530","9","1","1","0","NULL","0","NULL","NULL"
"RNDBOT","26531","9","9","1","0","NULL","0","NULL","NULL"
"RNDBOT","26532","9","1","1","0","NULL","0","NULL","NULL"
"RNDBOT","26533","3","5","1","0","NULL","0","NULL","NULL"
"RNDBOT","26534","6","11","1","0","NULL","0","NULL","NULL"
"RNDBOT","26535","6","7","1","0","NULL","0","NULL","NULL"
"RNDBOT","26536","1","5","1","0","NULL","0","NULL","NULL"
"RNDBOT","26537","8","7","1","0","NULL","0","NULL","NULL"
"RNDBOT","26538","1","3","1","0","NULL","0","NULL","NULL"
"RNDBOT","26539","10","1","1","0","NULL","0","NULL","NULL"
"RNDBOT","26540","1","2","1","0","NULL","0","NULL","NULL"
"RNDBOT","26541","3","3","1","0","NULL","0","NULL","NULL"
"RNDBOT","26542","4","11","1","0","NULL","0","NULL","NULL"
"RNDBOT","26543","9","1","1","0","NULL","0","NULL","NULL"
"RNDBOT","26544","1","3","1","0","NULL","0","NULL","NULL"
"RNDBOT","26545","1","5","1","0","NULL","0","NULL","NULL"
"RNDBOT","26546","2","7","1","0","NULL","0","NULL","NULL"
"RNDBOT","26547","9","8","1","0","NULL","0","NULL","NULL"
"RNDBOT","26548","4","3","1","0","NULL","0","NULL","NULL"
"RNDBOT","26549","5","8","1","0","NULL","0","NULL","NULL"
"RNDBOT","26550","9","3","1","0","NULL","0","NULL","NULL"
"RNDBOT","26551","1","4","1","0","NULL","0","NULL","NULL"
"RNDBOT","26552","9","3","1","0","NULL","0","NULL","NULL"
"RNDBOT","26553","1","1","1","0","NULL","0","NULL","NULL"
"RNDBOT","26554","7","9","1","0","NULL","0","NULL","NULL"
"RNDBOT","26555","4","3","1","0","NULL","0","NULL","NULL"
"RNDBOT","26556","2","1","1","0","NULL","0","NULL","NULL"
"RNDBOT","26557","1","3","1","0","NULL","0","NULL","NULL"
"RNDBOT","26558","4","1","1","0","NULL","0","NULL","NULL"
"RNDBOT","26559","5","4","1","0","NULL","0","NULL","NULL"
"RNDBOT","26560","4","11","1","0","NULL","0","NULL","NULL"
"RNDBOT","26561","8","3","1","0","NULL","0","NULL","NULL"
"RNDBOT","26562","3","2","1","0","NULL","0","NULL","NULL"
"RNDBOT","26563","10","4","1","0","NULL","0","NULL","NULL"
"RNDBOT","26564","10","2","1","0","NULL","0","NULL","NULL"
"RNDBOT","26565","4","11","1","0","NULL","0","NULL","NULL"
"RNDBOT","26566","1","2","1","0","NULL","0","NULL","NULL"
"RNDBOT","26567","10","1","1","0","NULL","0","NULL","NULL"
"RNDBOT","26568","10","5","1","0","NULL","0","NULL","NULL"
"RNDBOT","26569","1","8","1","0","NULL","0","NULL","NULL"
"RNDBOT","26570","9","1","1","0","NULL","0","NULL","NULL"
"RNDBOT","26571","10","3","1","0","NULL","0","NULL","NULL"
"RNDBOT","26572","9","8","1","0","NULL","0","NULL","NULL"
"RNDBOT","26573","1","3","1","0","NULL","0","NULL","NULL"
"RNDBOT","26574","9","1","1","0","NULL","0","NULL","NULL"
"RNDBOT","26575","7","8","1","0","NULL","0","NULL","NULL"
"RNDBOT","26576","3","5","1","0","NULL","0","NULL","NULL"
"RNDBOT","26577","1","8","1","0","NULL","0","NULL","NULL"
"RNDBOT","26578","10","8","1","0","NULL","0","NULL","NULL"
"RNDBOT","26579","9","4","1","0","NULL","0","NULL","NULL"
"RNDBOT","26580","8","7","1","0","NULL","0","NULL","NULL"
"RNDBOT","26581","8","3","1","0","NULL","0","NULL","NULL"
"RNDBOT","26582","6","1","1","0","NULL","0","NULL","NULL"
"RNDBOT","26583","4","3","1","0","NULL","0","NULL","NULL"
"RNDBOT","26584","10","1","1","0","NULL","0","NULL","NULL"
"RNDBOT","26585","10","5","1","0","NULL","0","NULL","NULL"
"RNDBOT","26586","4","4","1","0","NULL","0","NULL","NULL"
"RNDBOT","26587","5","8","1","0","NULL","0","NULL","NULL"
"RNDBOT","26588","10","5","1","0","NULL","0","NULL","NULL"
"RNDBOT","26589","3","3","1","0","NULL","0","NULL","NULL"
"RNDBOT","26590","3","5","1","0","NULL","0","NULL","NULL"
"RNDBOT","26591","10","1","1","0","NULL","0","NULL","NULL"
"RNDBOT","26592","1","8","1","0","NULL","0","NULL","NULL"
"RNDBOT","26593","3","3","1","0","NULL","0","NULL","NULL"
"RNDBOT","26594","10","8","1","0","NULL","0","NULL","NULL"
"RNDBOT","26595","1","8","1","0","NULL","0","NULL","NULL"
"RNDBOT","26596","4","4","1","0","NULL","0","NULL","NULL"
"RNDBOT","26597","3","2","1","0","NULL","0","NULL","NULL"
"RNDBOT","26598","4","3","1","0","NULL","0","NULL","NULL"
"RNDBOT","26599","10","2","1","0","NULL","0","NULL","NULL"
"RNDBOT","26600","10","1","1","0","NULL","0","NULL","NULL"
"RNDBOT","26601","1","1","1","0","NULL","0","NULL","NULL"
"RNDBOT","26602","2","1","1","0","NULL","0","NULL","NULL"
"RNDBOT","26603","9","9","1","0","NULL","0","NULL","NULL"
"RNDBOT","26604","9","8","1","0","NULL","0","NULL","NULL"
"RNDBOT","26605","9","4","1","0","NULL","0","NULL","NULL"
"RNDBOT","26606","1","2","1","0","NULL","0","NULL","NULL"
"RNDBOT","26607","8","5","1","0","NULL","0","NULL","NULL"
"RNDBOT","26608","9","1","1","0","NULL","0","NULL","NULL"
"RNDBOT","26609","4","1","1","0","NULL","0","NULL","NULL"
"RNDBOT","26610","9","1","1","0","NULL","0","NULL","NULL"
"RNDBOT","26611","9","3","1","0","NULL","0","NULL","NULL"
"RNDBOT","26612","7","8","1","0","NULL","0","NULL","NULL"
"RNDBOT","26613","6","1","1","0","NULL","0","NULL","NULL"
"RNDBOT","26614","10","4","1","0","NULL","0","NULL","NULL"
"RNDBOT","26615","3","3","1","0","NULL","0","NULL","NULL"
"RNDBOT","26616","10","8","1","0","NULL","0","NULL","NULL"
"RNDBOT","26617","10","1","1","0","NULL","0","NULL","NULL"
"RNDBOT","26618","9","3","1","0","NULL","0","NULL","NULL"
"RNDBOT","26619","1","2","1","0","NULL","0","NULL","NULL"
"RNDBOT","26620","3","4","1","0","NULL","0","NULL","NULL"
"RNDBOT","26621","4","3","1","0","NULL","0","NULL","NULL"
"RNDBOT","26622","10","1","1","0","NULL","0","NULL","NULL"
"RNDBOT","26623","9","3","1","0","NULL","0","NULL","NULL"
"RNDBOT","26624","9","3","1","0","NULL","0","NULL","NULL"
"RNDBOT","26625","9","1","1","0","NULL","0","NULL","NULL"
"RNDBOT","26626","9","4","1","0","NULL","0","NULL","NULL"
"RNDBOT","26627","9","4","1","0","NULL","0","NULL","NULL"
"RNDBOT","26628","10","3","1","0","NULL","0","NULL","NULL"
"RNDBOT","26629","10","4","1","0","NULL","0","NULL","NULL"
"RNDBOT","26630","4","1","1","0","NULL","0","NULL","NULL"
"RNDBOT","26631","4","3","1","0","NULL","0","NULL","NULL"
"RNDBOT","26632","1","2","1","0","NULL","0","NULL","NULL"
"RNDBOT","26633","9","8","1","0","NULL","0","NULL","NULL"
"RNDBOT","26634","1","4","1","0","NULL","0","NULL","NULL"
"RNDBOT","26635","4","11","1","0","NULL","0","NULL","NULL"
"RNDBOT","26636","9","9","1","0","NULL","0","NULL","NULL"
"RNDBOT","26637","3","1","1","0","NULL","0","NULL","NULL"
"RNDBOT","26638","9","3","1","0","NULL","0","NULL","NULL"
"RNDBOT","26639","9","4","1","0","NULL","0","NULL","NULL"
"RNDBOT","26640","10","1","1","0","NULL","0","NULL","NULL"
"RNDBOT","26641","9","1","1","0","NULL","0","NULL","NULL"
"RNDBOT","26642","9","1","1","0","NULL","0","NULL","NULL"
"RNDBOT","26643","9","4","1","0","NULL","0","NULL","NULL"
"RNDBOT","26644","10","2","1","0","NULL","0","NULL","NULL"
"RNDBOT","26645","5","1","1","0","NULL","0","NULL","NULL"
"RNDBOT","26646","10","4","1","0","NULL","0","NULL","NULL"
"RNDBOT","26647","8","4","1","0","NULL","0","NULL","NULL"
"RNDBOT","26648","3","2","1","0","NULL","0","NULL","NULL"
"RNDBOT","26649","9","3","1","0","NULL","0","NULL","NULL"
"RNDBOT","26650","10","4","1","0","NULL","0","NULL","NULL"
"RNDBOT","26651","4","5","1","0","NULL","0","NULL","NULL"
"RNDBOT","26652","8","4","1","0","NULL","0","NULL","NULL"
"RNDBOT","26653","9","8","1","0","NULL","0","NULL","NULL"
"RNDBOT","26654","9","9","1","0","NULL","0","NULL","NULL"
"RNDBOT","26655","9","3","1","0","NULL","0","NULL","NULL"
"RNDBOT","26656","10","3","1","0","NULL","0","NULL","NULL"
"RNDBOT","26657","5","8","1","0","NULL","0","NULL","NULL"
"RNDBOT","26658","9","9","1","0","NULL","0","NULL","NULL"
"RNDBOT","26659","10","5","1","0","NULL","0","NULL","NULL"
"RNDBOT","26660","4","3","1","0","NULL","0","NULL","NULL"
"RNDBOT","26661","5","9","1","0","NULL","0","NULL","NULL"
"RNDBOT","26662","4","3","1","0","NULL","0","NULL","NULL"
"RNDBOT","26663","1","3","1","0","NULL","0","NULL","NULL"
"RNDBOT","26664","5","9","1","0","NULL","0","NULL","NULL"
"RNDBOT","26665","10","1","1","0","NULL","0","NULL","NULL"
"RNDBOT","26666","1","3","1","0","NULL","0","NULL","NULL"
"RNDBOT","26667","3","2","1","0","NULL","0","NULL","NULL"
"RNDBOT","26668","9","8","1","0","NULL","0","NULL","NULL"
"RNDBOT","26669","10","1","1","0","NULL","0","NULL","NULL"
"RNDBOT","26670","4","5","2","0","NULL","0","NULL","NULL"
"RNDBOT","26671","10","3","1","0","NULL","0","NULL","NULL"
"RNDBOT","26672","5","9","1","0","NULL","0","NULL","NULL"
"RNDBOT","26673","7","8","1","0","NULL","0","NULL","NULL"
"RNDBOT","26674","5","1","3","0","NULL","0","NULL","NULL"
"RNDBOT","26675","10","4","1","0","NULL","0","NULL","NULL"
"RNDBOT","26676","1","2","1","0","NULL","0","NULL","NULL"
"RNDBOT","26677","5","9","1","0","NULL","0","NULL","NULL"
"RNDBOT","26678","6","3","1","0","NULL","0","NULL","NULL"
"RNDBOT","26679","4","3","1","0","NULL","0","NULL","NULL"
"RNDBOT","26680","9","8","1","0","NULL","0","NULL","NULL"
"RNDBOT","26681","9","1","1","0","NULL","0","NULL","NULL"
"RNDBOT","26682","4","3","1","0","NULL","0","NULL","NULL"
"RNDBOT","26683","5","5","1","0","NULL","0","NULL","NULL"
"RNDBOT","26684","9","1","1","0","NULL","0","NULL","NULL"
"RNDBOT","26685","4","3","1","0","NULL","0","NULL","NULL"
"RNDBOT","26686","8","7","1","0","NULL","0","NULL","NULL"
"RNDBOT","26687","9","1","1","0","NULL","0","NULL","NULL"
"RNDBOT","26688","4","3","1","0","NULL","0","NULL","NULL"
"RNDBOT","26689","1","9","1","0","NULL","0","NULL","NULL"
"RNDBOT","26690","6","11","1","0","NULL","0","NULL","NULL"
"RNDBOT","26691","1","3","1","0","NULL","0","NULL","NULL"
"RNDBOT","26692","9","4","1","0","NULL","0","NULL","NULL"
"RNDBOT","26693","9","9","1","0","NULL","0","NULL","NULL"
"RNDBOT","26694","4","11","1","0","NULL","0","NULL","NULL"
"RNDBOT","26695","4","11","1","0","NULL","0","NULL","NULL"
"RNDBOT","26696","5","4","1","0","NULL","0","NULL","NULL"
"RNDBOT","26697","5","8","1","0","NULL","0","NULL","NULL"
"RNDBOT","26698","7","8","1","0","NULL","0","NULL","NULL"
"RNDBOT","26699","10","8","1","0","NULL","0","NULL","NULL"
"RNDBOT","26700","9","4","1","0","NULL","0","NULL","NULL"
"RNDBOT","26701","1","2","1","0","NULL","0","NULL","NULL"
"RNDBOT","26702","10","1","1","0","NULL","0","NULL","NULL"
"RNDBOT","26703","6","1","1","0","NULL","0","NULL","NULL"
"RNDBOT","26704","9","1","1","0","NULL","0","NULL","NULL"
"RNDBOT","26705","1","2","1","0","NULL","0","NULL","NULL"
"RNDBOT","26706","10","8","1","0","NULL","0","NULL","NULL"
"RNDBOT","26707","10","1","1","0","NULL","0","NULL","NULL"
"RNDBOT","26708","4","3","1","0","NULL","0","NULL","NULL"
"RNDBOT","26709","9","3","1","0","NULL","0","NULL","NULL"
"RNDBOT","26710","9","9","1","0","NULL","0","NULL","NULL"
"RNDBOT","26711","10","3","1","0","NULL","0","NULL","NULL"
"RNDBOT","26712","2","1","1","0","NULL","0","NULL","NULL"
"RNDBOT","26713","1","2","1","0","NULL","0","NULL","NULL"
"RNDBOT","26714","10","2","1","0","NULL","0","NULL","NULL"
"RNDBOT","26715","10","3","1","0","NULL","0","NULL","NULL"
"RNDBOT","26716","2","3","1","0","NULL","0","NULL","NULL"
"RNDBOT","26717","9","4","1","0","NULL","0","NULL","NULL"
"RNDBOT","26718","1","8","1","0","NULL","0","NULL","NULL"
"RNDBOT","26719","10","4","1","0","NULL","0","NULL","NULL"
"RNDBOT","26720","10","3","1","0","NULL","0","NULL","NULL"
"RNDBOT","26721","4","11","1","0","NULL","0","NULL","NULL"
"RNDBOT","26722","1","3","1","0","NULL","0","NULL","NULL"
"RNDBOT","26723","9","4","1","0","NULL","0","NULL","NULL"
"RNDBOT","26724","10","4","1","0","NULL","0","NULL","NULL"
"RNDBOT","26725","10","1","1","0","NULL","0","NULL","NULL"
"RNDBOT","26726","9","3","1","0","NULL","0","NULL","NULL"
"RNDBOT","26727","9","8","1","0","NULL","0","NULL","NULL"
"RNDBOT","26728","1","5","1","0","NULL","0","NULL","NULL"
"RNDBOT","26729","7","8","1","0","NULL","0","NULL","NULL"
"RNDBOT","26730","9","4","1","0","NULL","0","NULL","NULL"
"RNDBOT","26731","4","11","1","0","NULL","0","NULL","NULL"
"RNDBOT","26732","9","8","1","0","NULL","0","NULL","NULL"
"RNDBOT","26733","4","11","1","0","NULL","0","NULL","NULL"
"RNDBOT","26734","2","1","1","0","NULL","0","NULL","NULL"
"RNDBOT","26735","6","11","1","0","NULL","0","NULL","NULL"
"RNDBOT","26736","1","2","1","0","NULL","0","NULL","NULL"
"RNDBOT","26737","3","3","1","0","NULL","0","NULL","NULL"
"RNDBOT","26738","2","3","1","0","NULL","0","NULL","NULL"
"RNDBOT","26739","1","3","1","0","NULL","0","NULL","NULL"
"RNDBOT","26740","10","8","1","0","NULL","0","NULL","NULL"
"RNDBOT","26741","2","1","1","0","NULL","0","NULL","NULL"
"RNDBOT","26742","4","3","1","0","NULL","0","NULL","NULL"
"RNDBOT","26743","4","4","1","0","NULL","0","NULL","NULL"
"RNDBOT","26744","10","4","1","0","NULL","0","NULL","NULL"
"RNDBOT","26745","10","1","1","0","NULL","0","NULL","NULL"
"RNDBOT","26746","8","3","1","0","NULL","0","NULL","NULL"
"RNDBOT","26747","3","2","1","0","NULL","0","NULL","NULL"
"RNDBOT","26748","10","4","1","0","NULL","0","NULL","NULL"
"RNDBOT","26749","10","1","1","0","NULL","0","NULL","NULL"
"RNDBOT","26750","10","8","1","0","NULL","0","NULL","NULL"
"RNDBOT","26751","1","3","1","0","NULL","0","NULL","NULL"
"RNDBOT","26752","4","5","1","0","NULL","0","NULL","NULL"
"RNDBOT","26753","5","1","1","0","NULL","0","NULL","NULL"
"RNDBOT","26754","5","4","1","0","NULL","0","NULL","NULL"
"RNDBOT","26755","4","3","1","0","NULL","0","NULL","NULL"
"RNDBOT","26756","9","3","1","0","NULL","0","NULL","NULL"
"RNDBOT","26757","3","3","1","0","NULL","0","NULL","NULL"
"RNDBOT","26758","1","8","1","0","NULL","0","NULL","NULL"
"RNDBOT","26759","8","3","1","0","NULL","0","NULL","NULL"
"RNDBOT","26760","8","3","1","0","NULL","0","NULL","NULL"
"RNDBOT","26761","5","9","1","0","NULL","0","NULL","NULL"
"RNDBOT","26762","10","1","1","0","NULL","0","NULL","NULL"
"RNDBOT","26763","1","9","1","0","NULL","0","NULL","NULL"
"RNDBOT","26764","9","9","1","0","NULL","0","NULL","NULL"
"RNDBOT","26765","3","3","1","0","NULL","0","NULL","NULL"
"RNDBOT","26766","1","4","1","0","NULL","0","NULL","NULL"
"RNDBOT","26767","9","8","1","0","NULL","0","NULL","NULL"
"RNDBOT","26768","2","9","1","0","NULL","0","NULL","NULL"
"RNDBOT","26769","9","4","1","0","NULL","0","NULL","NULL"
"RNDBOT","26770","8","4","1","0","NULL","0","NULL","NULL"
"RNDBOT","26771","4","11","1","0","NULL","0","NULL","NULL"
"RNDBOT","26772","1","3","1","0","NULL","0","NULL","NULL"
"RNDBOT","26773","1","3","1","0","NULL","0","NULL","NULL"
"RNDBOT","26774","4","11","1","0","NULL","0","NULL","NULL"
"RNDBOT","26775","1","3","1","0","NULL","0","NULL","NULL"
"RNDBOT","26776","6","1","1","0","NULL","0","NULL","NULL"
"RNDBOT","26777","5","5","1","0","NULL","0","NULL","NULL"
"RNDBOT","26778","4","11","1","0","NULL","0","NULL","NULL"
"RNDBOT","26779","9","8","1","0","NULL","0","NULL","NULL"
"RNDBOT","26780","10","3","1","0","NULL","0","NULL","NULL"
"RNDBOT","26781","5","9","1","0","NULL","0","NULL","NULL"
"RNDBOT","26782","1","3","1","0","NULL","0","NULL","NULL"
"RNDBOT","26783","5","9","1","0","NULL","0","NULL","NULL"
"RNDBOT","26784","7","4","1","0","NULL","0","NULL","NULL"
"RNDBOT","26785","10","4","1","0","NULL","0","NULL","NULL"
"RNDBOT","26786","3","2","1","0","NULL","0","NULL","NULL"
"RNDBOT","26787","3","3","1","0","NULL","0","NULL","NULL"
"RNDBOT","26788","10","8","1","0","NULL","0","NULL","NULL"
"RNDBOT","26789","9","8","1","0","NULL","0","NULL","NULL"
"RNDBOT","26790","4","11","1","0","NULL","0","NULL","NULL"
"RNDBOT","26791","10","8","1","0","NULL","0","NULL","NULL"
"RNDBOT","26792","1","2","1","0","NULL","0","NULL","NULL"
"RNDBOT","26793","10","4","1","0","NULL","0","NULL","NULL"
"RNDBOT","26794","9","1","1","0","NULL","0","NULL","NULL"
"RNDBOT","26795","10","5","1","0","NULL","0","NULL","NULL"
"RNDBOT","26796","4","3","1","0","NULL","0","NULL","NULL"
"RNDBOT","26797","6","7","1","0","NULL","0","NULL","NULL"
"RNDBOT","26798","8","4","1","0","NULL","0","NULL","NULL"
"RNDBOT","26799","4","11","1","0","NULL","0","NULL","NULL"
"RNDBOT","26800","9","4","1","0","NULL","0","NULL","NULL"
"RNDBOT","26801","10","1","1","0","NULL","0","NULL","NULL"
"RNDBOT","26802","1","9","1","0","NULL","0","NULL","NULL"
"RNDBOT","26803","10","4","1","0","NULL","0","NULL","NULL"
"RNDBOT","26804","9","8","1","0","NULL","0","NULL","NULL"
"RNDBOT","26805","9","4","1","0","NULL","0","NULL","NULL"
"RNDBOT","26806","10","1","1","0","NULL","0","NULL","NULL"
"RNDBOT","26807","10","5","1","0","NULL","0","NULL","NULL"
"RNDBOT","26808","1","1","1","0","NULL","0","NULL","NULL"
"RNDBOT","26809","5","9","1","0","NULL","0","NULL","NULL"
"RNDBOT","26810","4","3","1","0","NULL","0","NULL","NULL"
"RNDBOT","26811","4","1","1","0","NULL","0","NULL","NULL"
"RNDBOT","26812","10","1","1","0","NULL","0","NULL","NULL"
"RNDBOT","26813","10","5","1","0","NULL","0","NULL","NULL"
"RNDBOT","26814","4","3","1","0","NULL","0","NULL","NULL"
"RNDBOT","26815","6","3","1","0","NULL","0","NULL","NULL"
"RNDBOT","26816","10","3","1","0","NULL","0","NULL","NULL"
"RNDBOT","26817","10","4","1","0","NULL","0","NULL","NULL"
"RNDBOT","26818","10","1","1","0","NULL","0","NULL","NULL"
"RNDBOT","26819","10","1","1","0","NULL","0","NULL","NULL"
"RNDBOT","26820","6","7","1","0","NULL","0","NULL","NULL"
"RNDBOT","26821","10","5","1","0","NULL","0","NULL","NULL"
"RNDBOT","26822","5","4","1","0","NULL","0","NULL","NULL"
"RNDBOT","26823","1","2","1","0","NULL","0","NULL","NULL"
"RNDBOT","26824","1","2","1","0","NULL","0","NULL","NULL"
"RNDBOT","26825","1","1","1","0","NULL","0","NULL","NULL"
"RNDBOT","26826","9","4","1","0","NULL","0","NULL","NULL"
"RNDBOT","26827","2","1","1","0","NULL","0","NULL","NULL"
"RNDBOT","26828","9","9","1","0","NULL","0","NULL","NULL"
"RNDBOT","26829","10","3","1","0","NULL","0","NULL","NULL"
"RNDBOT","26830","4","3","1","0","NULL","0","NULL","NULL"
"RNDBOT","26831","10","4","1","0","NULL","0","NULL","NULL"
"RNDBOT","26832","9","1","1","0","NULL","0","NULL","NULL"
"RNDBOT","26833","3","2","1","0","NULL","0","NULL","NULL"
"RNDBOT","26834","10","2","1","0","NULL","0","NULL","NULL"
"RNDBOT","26835","10","1","1","0","NULL","0","NULL","NULL"
"RNDBOT","26836","1","3","1","0","NULL","0","NULL","NULL"
"RNDBOT","26837","9","9","1","0","NULL","0","NULL","NULL"
"RNDBOT","26838","8","8","1","0","NULL","0","NULL","NULL"
"RNDBOT","26839","10","5","1","0","NULL","0","NULL","NULL"
"RNDBOT","26840","10","4","1","0","NULL","0","NULL","NULL"
"RNDBOT","26841","4","3","1","0","NULL","0","NULL","NULL"
"RNDBOT","26842","9","3","1","0","NULL","0","NULL","NULL"
"RNDBOT","26843","4","1","1","0","NULL","0","NULL","NULL"
"RNDBOT","26844","4","4","1","0","NULL","0","NULL","NULL"
"RNDBOT","26845","9","9","1","0","NULL","0","NULL","NULL"
"RNDBOT","26846","9","8","1","0","NULL","0","NULL","NULL"
"RNDBOT","26847","10","1","1","0","NULL","0","NULL","NULL"
"RNDBOT","26848","2","1","1","0","NULL","0","NULL","NULL"
"RNDBOT","26849","5","8","1","0","NULL","0","NULL","NULL"
"RNDBOT","26850","10","2","1","0","NULL","0","NULL","NULL"
"RNDBOT","26851","10","8","1","0","NULL","0","NULL","NULL"
"RNDBOT","26852","3","1","1","0","NULL","0","NULL","NULL"
"RNDBOT","26853","4","5","1","0","NULL","0","NULL","NULL"
"RNDBOT","26854","1","8","1","0","NULL","0","NULL","NULL"
"RNDBOT","26855","4","3","1","0","NULL","0","NULL","NULL"
"RNDBOT","26856","9","3","1","0","NULL","0","NULL","NULL"
"RNDBOT","26857","10","1","1","0","NULL","0","NULL","NULL"
"RNDBOT","26858","4","3","1","0","NULL","0","NULL","NULL"
"RNDBOT","26859","6","11","1","0","NULL","0","NULL","NULL"
"RNDBOT","26860","6","1","1","0","NULL","0","NULL","NULL"
"RNDBOT","26861","10","5","1","0","NULL","0","NULL","NULL"
"RNDBOT","26862","10","4","1","0","NULL","0","NULL","NULL"
"RNDBOT","26863","1","9","1","0","NULL","0","NULL","NULL"
"RNDBOT","26864","5","5","1","0","NULL","0","NULL","NULL"
"RNDBOT","26865","3","1","1","0","NULL","0","NULL","NULL"
"RNDBOT","26866","10","1","1","0","NULL","0","NULL","NULL"
"RNDBOT","26867","1","2","1","0","NULL","0","NULL","NULL"
"RNDBOT","26868","6","7","1","0","NULL","0","NULL","NULL"
"RNDBOT","26869","5","9","1","0","NULL","0","NULL","NULL"
"RNDBOT","26870","10","2","1","0","NULL","0","NULL","NULL"
"RNDBOT","26871","7","9","1","0","NULL","0","NULL","NULL"
"RNDBOT","26872","2","1","1","0","NULL","0","NULL","NULL"
"RNDBOT","26873","10","4","1","0","NULL","0","NULL","NULL"
"RNDBOT","26874","8","8","1","0","NULL","0","NULL","NULL"
"RNDBOT","26875","1","2","1","0","NULL","0","NULL","NULL"
"RNDBOT","26876","2","9","1","0","NULL","0","NULL","NULL"
"RNDBOT","26877","2","1","1","0","NULL","0","NULL","NULL"
"RNDBOT","26878","4","1","1","0","NULL","0","NULL","NULL"
"RNDBOT","26879","6","7","1","0","NULL","0","NULL","NULL"
"RNDBOT","26880","9","4","1","0","NULL","0","NULL","NULL"
"RNDBOT","26881","9","8","1","0","NULL","0","NULL","NULL"
"RNDBOT","26882","8","3","1","0","NULL","0","NULL","NULL"
"RNDBOT","26883","1","9","1","0","NULL","0","NULL","NULL"
"RNDBOT","26884","10","3","1","0","NULL","0","NULL","NULL"
"RNDBOT","26885","4","11","1","0","NULL","0","NULL","NULL"
"RNDBOT","26886","10","3","1","0","NULL","0","NULL","NULL"
"RNDBOT","26887","9","8","1","0","NULL","0","NULL","NULL"
"RNDBOT","26888","10","8","1","0","NULL","0","NULL","NULL"
"RNDBOT","26889","5","5","1","0","NULL","0","NULL","NULL"
"RNDBOT","26890","9","8","1","0","NULL","0","NULL","NULL"
"RNDBOT","26891","9","1","1","0","NULL","0","NULL","NULL"
"RNDBOT","26892","1","3","1","0","NULL","0","NULL","NULL"
"RNDBOT","26893","4","4","1","0","NULL","0","NULL","NULL"
"RNDBOT","26903","8","5","1","0","NULL","0","NULL","NULL"
"RNDBOT","26904","10","3","1","0","NULL","0","NULL","NULL"
"RNDBOT","26905","10","3","1","0","NULL","0","NULL","NULL"
"RNDBOT","26906","6","3","1","0","NULL","0","NULL","NULL"
"RNDBOT","26907","9","4","1","0","NULL","0","NULL","NULL"
"RNDBOT","26908","9","9","1","0","NULL","0","NULL","NULL"
"RNDBOT","26909","10","1","1","0","NULL","0","NULL","NULL"
"RNDBOT","26910","6","11","1","0","NULL","0","NULL","NULL"
"RNDBOT","26911","4","11","1","0","NULL","0","NULL","NULL"
"RNDBOT","26912","2","1","1","0","NULL","0","NULL","NULL"
"RNDBOT","26913","10","8","1","0","NULL","0","NULL","NULL"
"RNDBOT","26914","10","4","1","0","NULL","0","NULL","NULL"
"RNDBOT","26915","2","1","1","0","NULL","0","NULL","NULL"
"RNDBOT","26916","9","9","1","0","NULL","0","NULL","NULL"
"RNDBOT","26917","9","1","1","0","NULL","0","NULL","NULL"
"RNDBOT","26918","5","8","1","0","NULL","0","NULL","NULL"
"RNDBOT","26919","5","5","1","0","NULL","0","NULL","NULL"
"RNDBOT","26920","9","8","1","0","NULL","0","NULL","NULL"
"RNDBOT","26921","1","3","1","0","NULL","0","NULL","NULL"
"RNDBOT","26922","4","11","1","0","NULL","0","NULL","NULL"
"RNDBOT","26923","6","11","1","0","NULL","0","NULL","NULL"
"RNDBOT","26924","9","1","1","0","NULL","0","NULL","NULL"
"RNDBOT","26925","4","3","1","0","NULL","0","NULL","NULL"
"RNDBOT","26926","5","5","1","0","NULL","0","NULL","NULL"
"RNDBOT","26927","7","8","1","0","NULL","0","NULL","NULL"
"RNDBOT","26928","9","9","1","0","NULL","0","NULL","NULL"
"RNDBOT","26929","3","5","1","0","NULL","0","NULL","NULL"
"RNDBOT","26930","5","4","1","0","NULL","0","NULL","NULL"
"RNDBOT","26931","1","8","1","0","NULL","0","NULL","NULL"
"RNDBOT","26932","1","3","1","0","NULL","0","NULL","NULL"
"RNDBOT","26933","1","3","1","0","NULL","0","NULL","NULL"
"RNDBOT","26934","5","4","1","0","NULL","0","NULL","NULL"
"RNDBOT","26935","4","11","1","0","NULL","0","NULL","NULL"
"RNDBOT","26936","1","1","1","0","NULL","0","NULL","NULL"
"RNDBOT","26937","10","8","1","0","NULL","0","NULL","NULL"
"RNDBOT","26938","10","2","1","0","NULL","0","NULL","NULL"
