op,key,field,value,note
insert,90100,,copy:8815,Attack Speed rank 1 (#357)
set,90100,CastingTimeIndex,sql:spell_template.castingTimeIndex,
set,90100,RecoveryTime,sql:spell_template.recoveryTime,
set,90100,CategoryRecoveryTime,sql:spell_template.categoryRecoveryTime,
set,90100,ProcChance,sql:spell_template.procChance,
set,90100,ProcCharges,sql:spell_template.procCharges,
set,90100,DurationIndex,sql:spell_template.durationIndex,
set,90100,PowerType,sql:spell_template.powerType,
set,90100,ManaCost,sql:spell_template.manaCost,
set,90100,RangeIndex,sql:spell_template.rangeIndex,
set,90100,Speed,sql:spell_template.speed,
set,90100,CumulativeAura,sql:spell_template.stackAmount,
set,90100,SpellIconID,sql:spell_template.spellIconId,
set,90100,ManaCostPct,sql:spell_template.manaCostPercentage,
set,90100,StartRecoveryCategory,sql:spell_template.startRecoveryCategory,
set,90100,StartRecoveryTime,sql:spell_template.startRecoveryTime,
set,90100,Effect[0],sql:spell_template.effect1,
set,90100,EffectDieSides[0],sql:spell_template.effectDieSides1,
set,90100,EffectBaseDice[0],sql:spell_template.effectBaseDice1,
set,90100,EffectDicePerLevel[0],sql:spell_template.effectDicePerLevel1,
set,90100,EffectRealPointsPerLevel[0],sql:spell_template.effectRealPointsPerLevel1,
set,90100,EffectBasePoints[0],sql:spell_template.effectBasePoints1,
set,90100,EffectAura[0],sql:spell_template.effectApplyAuraName1,
set,90100,EffectRadiusIndex[0],sql:spell_template.effectRadiusIndex1,
set,90100,EffectChainTargets[0],sql:spell_template.effectChainTarget1,
set,90100,EffectMiscValue[0],sql:spell_template.effectMiscValue1,
set,90100,EffectTriggerSpell[0],sql:spell_template.effectTriggerSpell1,
set,90100,EffectPointsPerCombo[0],sql:spell_template.effectPointsPerComboPoint1,
set,90100,Effect[1],sql:spell_template.effect2,
set,90100,EffectDieSides[1],sql:spell_template.effectDieSides2,
set,90100,EffectBaseDice[1],sql:spell_template.effectBaseDice2,
set,90100,EffectDicePerLevel[1],sql:spell_template.effectDicePerLevel2,
set,90100,EffectRealPointsPerLevel[1],sql:spell_template.effectRealPointsPerLevel2,
set,90100,EffectBasePoints[1],sql:spell_template.effectBasePoints2,
set,90100,EffectAura[1],sql:spell_template.effectApplyAuraName2,
set,90100,EffectRadiusIndex[1],sql:spell_template.effectRadiusIndex2,
set,90100,EffectChainTargets[1],sql:spell_template.effectChainTarget2,
set,90100,EffectMiscValue[1],sql:spell_template.effectMiscValue2,
set,90100,EffectTriggerSpell[1],sql:spell_template.effectTriggerSpell2,
set,90100,EffectPointsPerCombo[1],sql:spell_template.effectPointsPerComboPoint2,
set,90100,Effect[2],sql:spell_template.effect3,
set,90100,EffectDieSides[2],sql:spell_template.effectDieSides3,
set,90100,EffectBaseDice[2],sql:spell_template.effectBaseDice3,
set,90100,EffectDicePerLevel[2],sql:spell_template.effectDicePerLevel3,
set,90100,EffectRealPointsPerLevel[2],sql:spell_template.effectRealPointsPerLevel3,
set,90100,EffectBasePoints[2],sql:spell_template.effectBasePoints3,
set,90100,EffectAura[2],sql:spell_template.effectApplyAuraName3,
set,90100,EffectRadiusIndex[2],sql:spell_template.effectRadiusIndex3,
set,90100,EffectChainTargets[2],sql:spell_template.effectChainTarget3,
set,90100,EffectMiscValue[2],sql:spell_template.effectMiscValue3,
set,90100,EffectTriggerSpell[2],sql:spell_template.effectTriggerSpell3,
set,90100,EffectPointsPerCombo[2],sql:spell_template.effectPointsPerComboPoint3,
set,90100,EffectAuraPeriod[0],sql:spell_template.effectAmplitude1,
set,90100,EffectAmplitude[0],sql:spell_template.effectMultipleValue1,
set,90100,ImplicitTargetA[0],sql:spell_template.effectImplicitTargetA1,
set,90100,ImplicitTargetB[0],sql:spell_template.effectImplicitTargetB1,
set,90100,EffectItemType[0],sql:spell_template.effectItemType1,
set,90100,EffectAuraPeriod[1],sql:spell_template.effectAmplitude2,
set,90100,EffectAmplitude[1],sql:spell_template.effectMultipleValue2,
set,90100,ImplicitTargetA[1],sql:spell_template.effectImplicitTargetA2,
set,90100,ImplicitTargetB[1],sql:spell_template.effectImplicitTargetB2,
set,90100,EffectItemType[1],sql:spell_template.effectItemType2,
set,90100,EffectAuraPeriod[2],sql:spell_template.effectAmplitude3,
set,90100,EffectAmplitude[2],sql:spell_template.effectMultipleValue3,
set,90100,ImplicitTargetA[2],sql:spell_template.effectImplicitTargetA3,
set,90100,ImplicitTargetB[2],sql:spell_template.effectImplicitTargetB3,
set,90100,EffectItemType[2],sql:spell_template.effectItemType3,
set,90100,School,sql:spell_template.school,
set,90100,Attributes,sql:spell_template.attributes,
set,90100,AttributesEx,sql:spell_template.attributesEx,
set,90100,AttributesExB,sql:spell_template.attributesEx2,
set,90100,AttributesExC,sql:spell_template.attributesEx3,
set,90100,AttributesExD,sql:spell_template.attributesEx4,
set,90100,Category,sql:spell_template.category,
set,90100,CastUI,sql:spell_template.castUI,
set,90100,DispelType,sql:spell_template.dispel,
set,90100,Mechanic,sql:spell_template.mechanic,
set,90100,ShapeshiftMask,sql:spell_template.stances,
set,90100,ShapeshiftExclude,sql:spell_template.stancesNot,
set,90100,Targets,sql:spell_template.targets,
set,90100,TargetCreatureType,sql:spell_template.targetCreatureType,
set,90100,RequiresSpellFocus,sql:spell_template.requiresSpellFocus,
set,90100,CasterAuraState,sql:spell_template.casterAuraState,
set,90100,TargetAuraState,sql:spell_template.targetAuraState,
set,90100,InterruptFlags,sql:spell_template.interruptFlags,
set,90100,AuraInterruptFlags,sql:spell_template.auraInterruptFlags,
set,90100,ChannelInterruptFlags,sql:spell_template.channelInterruptFlags,
set,90100,ProcFlags,sql:spell_template.procFlags,
set,90100,MaxLevel,sql:spell_template.maxLevel,
set,90100,BaseLevel,sql:spell_template.baseLevel,
set,90100,SpellLevel,sql:spell_template.spellLevel,
set,90100,ManaCostPerLevel,sql:spell_template.manCostPerLevel,
set,90100,ManaPerSecond,sql:spell_template.manaPerSecond,
set,90100,ManaPerSecondPerLevel,sql:spell_template.manaPerSecondPerLevel,
set,90100,ModalNextSpell,sql:spell_template.modelNextSpell,
set,90100,Totem[0],sql:spell_template.totem1,
set,90100,Totem[1],sql:spell_template.totem2,
set,90100,Reagent[0],sql:spell_template.reagent1,
set,90100,Reagent[1],sql:spell_template.reagent2,
set,90100,Reagent[2],sql:spell_template.reagent3,
set,90100,Reagent[3],sql:spell_template.reagent4,
set,90100,Reagent[4],sql:spell_template.reagent5,
set,90100,Reagent[5],sql:spell_template.reagent6,
set,90100,Reagent[6],sql:spell_template.reagent7,
set,90100,Reagent[7],sql:spell_template.reagent8,
set,90100,ReagentCount[0],sql:spell_template.reagentCount1,
set,90100,ReagentCount[1],sql:spell_template.reagentCount2,
set,90100,ReagentCount[2],sql:spell_template.reagentCount3,
set,90100,ReagentCount[3],sql:spell_template.reagentCount4,
set,90100,ReagentCount[4],sql:spell_template.reagentCount5,
set,90100,ReagentCount[5],sql:spell_template.reagentCount6,
set,90100,ReagentCount[6],sql:spell_template.reagentCount7,
set,90100,ReagentCount[7],sql:spell_template.reagentCount8,
set,90100,EquippedItemClass,sql:spell_template.equippedItemClass,
set,90100,EquippedItemSubclass,sql:spell_template.equippedItemSubClassMask,
set,90100,EquippedItemInvTypes,sql:spell_template.equippedItemInventoryTypeMask,
set,90100,EffectMechanic[0],sql:spell_template.effectMechanic1,
set,90100,EffectMechanic[1],sql:spell_template.effectMechanic2,
set,90100,EffectMechanic[2],sql:spell_template.effectMechanic3,
set,90100,SpellVisualID[0],sql:spell_template.spellVisual1,
set,90100,SpellVisualID[1],sql:spell_template.spellVisual2,
set,90100,ActiveIconID,sql:spell_template.activeIconId,
set,90100,SpellPriority,sql:spell_template.spellPriority,
set,90100,Name_lang_enUS,sql:spell_template.name,
set,90100,NameSubtext_lang_enUS,sql:spell_template.nameSubtext,
set,90100,Description_lang_enUS,sql:spell_template.description,
set,90100,AuraDescription_lang_enUS,sql:spell_template.auraDescription,
set,90100,MaxTargetLevel,sql:spell_template.maxTargetLevel,
set,90100,SpellClassSet,sql:spell_template.spellFamilyName,
set,90100,MaxTargets,sql:spell_template.maxAffectedTargets,
set,90100,DefenseType,sql:spell_template.dmgClass,
set,90100,PreventionType,sql:spell_template.preventionType,
set,90100,StanceBarOrder,sql:spell_template.stanceBarOrder,
set,90100,EffectChainAmplitude[0],sql:spell_template.dmgMultiplier1,
set,90100,EffectChainAmplitude[1],sql:spell_template.dmgMultiplier2,
set,90100,EffectChainAmplitude[2],sql:spell_template.dmgMultiplier3,
set,90100,MinFactionID,sql:spell_template.minFactionId,
set,90100,MinReputation,sql:spell_template.minReputation,
set,90100,RequiredAuraVision,sql:spell_template.requiredAuraVision,
set,90100,SpellClassMask[0],0,spellFamilyFlags low
set,90100,SpellClassMask[1],0,spellFamilyFlags high
insert,90101,,copy:8815,Attack Speed rank 2 (#357)
set,90101,CastingTimeIndex,sql:spell_template.castingTimeIndex,
set,90101,RecoveryTime,sql:spell_template.recoveryTime,
set,90101,CategoryRecoveryTime,sql:spell_template.categoryRecoveryTime,
set,90101,ProcChance,sql:spell_template.procChance,
set,90101,ProcCharges,sql:spell_template.procCharges,
set,90101,DurationIndex,sql:spell_template.durationIndex,
set,90101,PowerType,sql:spell_template.powerType,
set,90101,ManaCost,sql:spell_template.manaCost,
set,90101,RangeIndex,sql:spell_template.rangeIndex,
set,90101,Speed,sql:spell_template.speed,
set,90101,CumulativeAura,sql:spell_template.stackAmount,
set,90101,SpellIconID,sql:spell_template.spellIconId,
set,90101,ManaCostPct,sql:spell_template.manaCostPercentage,
set,90101,StartRecoveryCategory,sql:spell_template.startRecoveryCategory,
set,90101,StartRecoveryTime,sql:spell_template.startRecoveryTime,
set,90101,Effect[0],sql:spell_template.effect1,
set,90101,EffectDieSides[0],sql:spell_template.effectDieSides1,
set,90101,EffectBaseDice[0],sql:spell_template.effectBaseDice1,
set,90101,EffectDicePerLevel[0],sql:spell_template.effectDicePerLevel1,
set,90101,EffectRealPointsPerLevel[0],sql:spell_template.effectRealPointsPerLevel1,
set,90101,EffectBasePoints[0],sql:spell_template.effectBasePoints1,
set,90101,EffectAura[0],sql:spell_template.effectApplyAuraName1,
set,90101,EffectRadiusIndex[0],sql:spell_template.effectRadiusIndex1,
set,90101,EffectChainTargets[0],sql:spell_template.effectChainTarget1,
set,90101,EffectMiscValue[0],sql:spell_template.effectMiscValue1,
set,90101,EffectTriggerSpell[0],sql:spell_template.effectTriggerSpell1,
set,90101,EffectPointsPerCombo[0],sql:spell_template.effectPointsPerComboPoint1,
set,90101,Effect[1],sql:spell_template.effect2,
set,90101,EffectDieSides[1],sql:spell_template.effectDieSides2,
set,90101,EffectBaseDice[1],sql:spell_template.effectBaseDice2,
set,90101,EffectDicePerLevel[1],sql:spell_template.effectDicePerLevel2,
set,90101,EffectRealPointsPerLevel[1],sql:spell_template.effectRealPointsPerLevel2,
set,90101,EffectBasePoints[1],sql:spell_template.effectBasePoints2,
set,90101,EffectAura[1],sql:spell_template.effectApplyAuraName2,
set,90101,EffectRadiusIndex[1],sql:spell_template.effectRadiusIndex2,
set,90101,EffectChainTargets[1],sql:spell_template.effectChainTarget2,
set,90101,EffectMiscValue[1],sql:spell_template.effectMiscValue2,
set,90101,EffectTriggerSpell[1],sql:spell_template.effectTriggerSpell2,
set,90101,EffectPointsPerCombo[1],sql:spell_template.effectPointsPerComboPoint2,
set,90101,Effect[2],sql:spell_template.effect3,
set,90101,EffectDieSides[2],sql:spell_template.effectDieSides3,
set,90101,EffectBaseDice[2],sql:spell_template.effectBaseDice3,
set,90101,EffectDicePerLevel[2],sql:spell_template.effectDicePerLevel3,
set,90101,EffectRealPointsPerLevel[2],sql:spell_template.effectRealPointsPerLevel3,
set,90101,EffectBasePoints[2],sql:spell_template.effectBasePoints3,
set,90101,EffectAura[2],sql:spell_template.effectApplyAuraName3,
set,90101,EffectRadiusIndex[2],sql:spell_template.effectRadiusIndex3,
set,90101,EffectChainTargets[2],sql:spell_template.effectChainTarget3,
set,90101,EffectMiscValue[2],sql:spell_template.effectMiscValue3,
set,90101,EffectTriggerSpell[2],sql:spell_template.effectTriggerSpell3,
set,90101,EffectPointsPerCombo[2],sql:spell_template.effectPointsPerComboPoint3,
set,90101,EffectAuraPeriod[0],sql:spell_template.effectAmplitude1,
set,90101,EffectAmplitude[0],sql:spell_template.effectMultipleValue1,
set,90101,ImplicitTargetA[0],sql:spell_template.effectImplicitTargetA1,
set,90101,ImplicitTargetB[0],sql:spell_template.effectImplicitTargetB1,
set,90101,EffectItemType[0],sql:spell_template.effectItemType1,
set,90101,EffectAuraPeriod[1],sql:spell_template.effectAmplitude2,
set,90101,EffectAmplitude[1],sql:spell_template.effectMultipleValue2,
set,90101,ImplicitTargetA[1],sql:spell_template.effectImplicitTargetA2,
set,90101,ImplicitTargetB[1],sql:spell_template.effectImplicitTargetB2,
set,90101,EffectItemType[1],sql:spell_template.effectItemType2,
set,90101,EffectAuraPeriod[2],sql:spell_template.effectAmplitude3,
set,90101,EffectAmplitude[2],sql:spell_template.effectMultipleValue3,
set,90101,ImplicitTargetA[2],sql:spell_template.effectImplicitTargetA3,
set,90101,ImplicitTargetB[2],sql:spell_template.effectImplicitTargetB3,
set,90101,EffectItemType[2],sql:spell_template.effectItemType3,
set,90101,School,sql:spell_template.school,
set,90101,Attributes,sql:spell_template.attributes,
set,90101,AttributesEx,sql:spell_template.attributesEx,
set,90101,AttributesExB,sql:spell_template.attributesEx2,
set,90101,AttributesExC,sql:spell_template.attributesEx3,
set,90101,AttributesExD,sql:spell_template.attributesEx4,
set,90101,Category,sql:spell_template.category,
set,90101,CastUI,sql:spell_template.castUI,
set,90101,DispelType,sql:spell_template.dispel,
set,90101,Mechanic,sql:spell_template.mechanic,
set,90101,ShapeshiftMask,sql:spell_template.stances,
set,90101,ShapeshiftExclude,sql:spell_template.stancesNot,
set,90101,Targets,sql:spell_template.targets,
set,90101,TargetCreatureType,sql:spell_template.targetCreatureType,
set,90101,RequiresSpellFocus,sql:spell_template.requiresSpellFocus,
set,90101,CasterAuraState,sql:spell_template.casterAuraState,
set,90101,TargetAuraState,sql:spell_template.targetAuraState,
set,90101,InterruptFlags,sql:spell_template.interruptFlags,
set,90101,AuraInterruptFlags,sql:spell_template.auraInterruptFlags,
set,90101,ChannelInterruptFlags,sql:spell_template.channelInterruptFlags,
set,90101,ProcFlags,sql:spell_template.procFlags,
set,90101,MaxLevel,sql:spell_template.maxLevel,
set,90101,BaseLevel,sql:spell_template.baseLevel,
set,90101,SpellLevel,sql:spell_template.spellLevel,
set,90101,ManaCostPerLevel,sql:spell_template.manCostPerLevel,
set,90101,ManaPerSecond,sql:spell_template.manaPerSecond,
set,90101,ManaPerSecondPerLevel,sql:spell_template.manaPerSecondPerLevel,
set,90101,ModalNextSpell,sql:spell_template.modelNextSpell,
set,90101,Totem[0],sql:spell_template.totem1,
set,90101,Totem[1],sql:spell_template.totem2,
set,90101,Reagent[0],sql:spell_template.reagent1,
set,90101,Reagent[1],sql:spell_template.reagent2,
set,90101,Reagent[2],sql:spell_template.reagent3,
set,90101,Reagent[3],sql:spell_template.reagent4,
set,90101,Reagent[4],sql:spell_template.reagent5,
set,90101,Reagent[5],sql:spell_template.reagent6,
set,90101,Reagent[6],sql:spell_template.reagent7,
set,90101,Reagent[7],sql:spell_template.reagent8,
set,90101,ReagentCount[0],sql:spell_template.reagentCount1,
set,90101,ReagentCount[1],sql:spell_template.reagentCount2,
set,90101,ReagentCount[2],sql:spell_template.reagentCount3,
set,90101,ReagentCount[3],sql:spell_template.reagentCount4,
set,90101,ReagentCount[4],sql:spell_template.reagentCount5,
set,90101,ReagentCount[5],sql:spell_template.reagentCount6,
set,90101,ReagentCount[6],sql:spell_template.reagentCount7,
set,90101,ReagentCount[7],sql:spell_template.reagentCount8,
set,90101,EquippedItemClass,sql:spell_template.equippedItemClass,
set,90101,EquippedItemSubclass,sql:spell_template.equippedItemSubClassMask,
set,90101,EquippedItemInvTypes,sql:spell_template.equippedItemInventoryTypeMask,
set,90101,EffectMechanic[0],sql:spell_template.effectMechanic1,
set,90101,EffectMechanic[1],sql:spell_template.effectMechanic2,
set,90101,EffectMechanic[2],sql:spell_template.effectMechanic3,
set,90101,SpellVisualID[0],sql:spell_template.spellVisual1,
set,90101,SpellVisualID[1],sql:spell_template.spellVisual2,
set,90101,ActiveIconID,sql:spell_template.activeIconId,
set,90101,SpellPriority,sql:spell_template.spellPriority,
set,90101,Name_lang_enUS,sql:spell_template.name,
set,90101,NameSubtext_lang_enUS,sql:spell_template.nameSubtext,
set,90101,Description_lang_enUS,sql:spell_template.description,
set,90101,AuraDescription_lang_enUS,sql:spell_template.auraDescription,
set,90101,MaxTargetLevel,sql:spell_template.maxTargetLevel,
set,90101,SpellClassSet,sql:spell_template.spellFamilyName,
set,90101,MaxTargets,sql:spell_template.maxAffectedTargets,
set,90101,DefenseType,sql:spell_template.dmgClass,
set,90101,PreventionType,sql:spell_template.preventionType,
set,90101,StanceBarOrder,sql:spell_template.stanceBarOrder,
set,90101,EffectChainAmplitude[0],sql:spell_template.dmgMultiplier1,
set,90101,EffectChainAmplitude[1],sql:spell_template.dmgMultiplier2,
set,90101,EffectChainAmplitude[2],sql:spell_template.dmgMultiplier3,
set,90101,MinFactionID,sql:spell_template.minFactionId,
set,90101,MinReputation,sql:spell_template.minReputation,
set,90101,RequiredAuraVision,sql:spell_template.requiredAuraVision,
set,90101,SpellClassMask[0],0,spellFamilyFlags low
set,90101,SpellClassMask[1],0,spellFamilyFlags high
insert,90102,,copy:8815,Attack Speed rank 3 (#357)
set,90102,CastingTimeIndex,sql:spell_template.castingTimeIndex,
set,90102,RecoveryTime,sql:spell_template.recoveryTime,
set,90102,CategoryRecoveryTime,sql:spell_template.categoryRecoveryTime,
set,90102,ProcChance,sql:spell_template.procChance,
set,90102,ProcCharges,sql:spell_template.procCharges,
set,90102,DurationIndex,sql:spell_template.durationIndex,
set,90102,PowerType,sql:spell_template.powerType,
set,90102,ManaCost,sql:spell_template.manaCost,
set,90102,RangeIndex,sql:spell_template.rangeIndex,
set,90102,Speed,sql:spell_template.speed,
set,90102,CumulativeAura,sql:spell_template.stackAmount,
set,90102,SpellIconID,sql:spell_template.spellIconId,
set,90102,ManaCostPct,sql:spell_template.manaCostPercentage,
set,90102,StartRecoveryCategory,sql:spell_template.startRecoveryCategory,
set,90102,StartRecoveryTime,sql:spell_template.startRecoveryTime,
set,90102,Effect[0],sql:spell_template.effect1,
set,90102,EffectDieSides[0],sql:spell_template.effectDieSides1,
set,90102,EffectBaseDice[0],sql:spell_template.effectBaseDice1,
set,90102,EffectDicePerLevel[0],sql:spell_template.effectDicePerLevel1,
set,90102,EffectRealPointsPerLevel[0],sql:spell_template.effectRealPointsPerLevel1,
set,90102,EffectBasePoints[0],sql:spell_template.effectBasePoints1,
set,90102,EffectAura[0],sql:spell_template.effectApplyAuraName1,
set,90102,EffectRadiusIndex[0],sql:spell_template.effectRadiusIndex1,
set,90102,EffectChainTargets[0],sql:spell_template.effectChainTarget1,
set,90102,EffectMiscValue[0],sql:spell_template.effectMiscValue1,
set,90102,EffectTriggerSpell[0],sql:spell_template.effectTriggerSpell1,
set,90102,EffectPointsPerCombo[0],sql:spell_template.effectPointsPerComboPoint1,
set,90102,Effect[1],sql:spell_template.effect2,
set,90102,EffectDieSides[1],sql:spell_template.effectDieSides2,
set,90102,EffectBaseDice[1],sql:spell_template.effectBaseDice2,
set,90102,EffectDicePerLevel[1],sql:spell_template.effectDicePerLevel2,
set,90102,EffectRealPointsPerLevel[1],sql:spell_template.effectRealPointsPerLevel2,
set,90102,EffectBasePoints[1],sql:spell_template.effectBasePoints2,
set,90102,EffectAura[1],sql:spell_template.effectApplyAuraName2,
set,90102,EffectRadiusIndex[1],sql:spell_template.effectRadiusIndex2,
set,90102,EffectChainTargets[1],sql:spell_template.effectChainTarget2,
set,90102,EffectMiscValue[1],sql:spell_template.effectMiscValue2,
set,90102,EffectTriggerSpell[1],sql:spell_template.effectTriggerSpell2,
set,90102,EffectPointsPerCombo[1],sql:spell_template.effectPointsPerComboPoint2,
set,90102,Effect[2],sql:spell_template.effect3,
set,90102,EffectDieSides[2],sql:spell_template.effectDieSides3,
set,90102,EffectBaseDice[2],sql:spell_template.effectBaseDice3,
set,90102,EffectDicePerLevel[2],sql:spell_template.effectDicePerLevel3,
set,90102,EffectRealPointsPerLevel[2],sql:spell_template.effectRealPointsPerLevel3,
set,90102,EffectBasePoints[2],sql:spell_template.effectBasePoints3,
set,90102,EffectAura[2],sql:spell_template.effectApplyAuraName3,
set,90102,EffectRadiusIndex[2],sql:spell_template.effectRadiusIndex3,
set,90102,EffectChainTargets[2],sql:spell_template.effectChainTarget3,
set,90102,EffectMiscValue[2],sql:spell_template.effectMiscValue3,
set,90102,EffectTriggerSpell[2],sql:spell_template.effectTriggerSpell3,
set,90102,EffectPointsPerCombo[2],sql:spell_template.effectPointsPerComboPoint3,
set,90102,EffectAuraPeriod[0],sql:spell_template.effectAmplitude1,
set,90102,EffectAmplitude[0],sql:spell_template.effectMultipleValue1,
set,90102,ImplicitTargetA[0],sql:spell_template.effectImplicitTargetA1,
set,90102,ImplicitTargetB[0],sql:spell_template.effectImplicitTargetB1,
set,90102,EffectItemType[0],sql:spell_template.effectItemType1,
set,90102,EffectAuraPeriod[1],sql:spell_template.effectAmplitude2,
set,90102,EffectAmplitude[1],sql:spell_template.effectMultipleValue2,
set,90102,ImplicitTargetA[1],sql:spell_template.effectImplicitTargetA2,
set,90102,ImplicitTargetB[1],sql:spell_template.effectImplicitTargetB2,
set,90102,EffectItemType[1],sql:spell_template.effectItemType2,
set,90102,EffectAuraPeriod[2],sql:spell_template.effectAmplitude3,
set,90102,EffectAmplitude[2],sql:spell_template.effectMultipleValue3,
set,90102,ImplicitTargetA[2],sql:spell_template.effectImplicitTargetA3,
set,90102,ImplicitTargetB[2],sql:spell_template.effectImplicitTargetB3,
set,90102,EffectItemType[2],sql:spell_template.effectItemType3,
set,90102,School,sql:spell_template.school,
set,90102,Attributes,sql:spell_template.attributes,
set,90102,AttributesEx,sql:spell_template.attributesEx,
set,90102,AttributesExB,sql:spell_template.attributesEx2,
set,90102,AttributesExC,sql:spell_template.attributesEx3,
set,90102,AttributesExD,sql:spell_template.attributesEx4,
set,90102,Category,sql:spell_template.category,
set,90102,CastUI,sql:spell_template.castUI,
set,90102,DispelType,sql:spell_template.dispel,
set,90102,Mechanic,sql:spell_template.mechanic,
set,90102,ShapeshiftMask,sql:spell_template.stances,
set,90102,ShapeshiftExclude,sql:spell_template.stancesNot,
set,90102,Targets,sql:spell_template.targets,
set,90102,TargetCreatureType,sql:spell_template.targetCreatureType,
set,90102,RequiresSpellFocus,sql:spell_template.requiresSpellFocus,
set,90102,CasterAuraState,sql:spell_template.casterAuraState,
set,90102,TargetAuraState,sql:spell_template.targetAuraState,
set,90102,InterruptFlags,sql:spell_template.interruptFlags,
set,90102,AuraInterruptFlags,sql:spell_template.auraInterruptFlags,
set,90102,ChannelInterruptFlags,sql:spell_template.channelInterruptFlags,
set,90102,ProcFlags,sql:spell_template.procFlags,
set,90102,MaxLevel,sql:spell_template.maxLevel,
set,90102,BaseLevel,sql:spell_template.baseLevel,
set,90102,SpellLevel,sql:spell_template.spellLevel,
set,90102,ManaCostPerLevel,sql:spell_template.manCostPerLevel,
set,90102,ManaPerSecond,sql:spell_template.manaPerSecond,
set,90102,ManaPerSecondPerLevel,sql:spell_template.manaPerSecondPerLevel,
set,90102,ModalNextSpell,sql:spell_template.modelNextSpell,
set,90102,Totem[0],sql:spell_template.totem1,
set,90102,Totem[1],sql:spell_template.totem2,
set,90102,Reagent[0],sql:spell_template.reagent1,
set,90102,Reagent[1],sql:spell_template.reagent2,
set,90102,Reagent[2],sql:spell_template.reagent3,
set,90102,Reagent[3],sql:spell_template.reagent4,
set,90102,Reagent[4],sql:spell_template.reagent5,
set,90102,Reagent[5],sql:spell_template.reagent6,
set,90102,Reagent[6],sql:spell_template.reagent7,
set,90102,Reagent[7],sql:spell_template.reagent8,
set,90102,ReagentCount[0],sql:spell_template.reagentCount1,
set,90102,ReagentCount[1],sql:spell_template.reagentCount2,
set,90102,ReagentCount[2],sql:spell_template.reagentCount3,
set,90102,ReagentCount[3],sql:spell_template.reagentCount4,
set,90102,ReagentCount[4],sql:spell_template.reagentCount5,
set,90102,ReagentCount[5],sql:spell_template.reagentCount6,
set,90102,ReagentCount[6],sql:spell_template.reagentCount7,
set,90102,ReagentCount[7],sql:spell_template.reagentCount8,
set,90102,EquippedItemClass,sql:spell_template.equippedItemClass,
set,90102,EquippedItemSubclass,sql:spell_template.equippedItemSubClassMask,
set,90102,EquippedItemInvTypes,sql:spell_template.equippedItemInventoryTypeMask,
set,90102,EffectMechanic[0],sql:spell_template.effectMechanic1,
set,90102,EffectMechanic[1],sql:spell_template.effectMechanic2,
set,90102,EffectMechanic[2],sql:spell_template.effectMechanic3,
set,90102,SpellVisualID[0],sql:spell_template.spellVisual1,
set,90102,SpellVisualID[1],sql:spell_template.spellVisual2,
set,90102,ActiveIconID,sql:spell_template.activeIconId,
set,90102,SpellPriority,sql:spell_template.spellPriority,
set,90102,Name_lang_enUS,sql:spell_template.name,
set,90102,NameSubtext_lang_enUS,sql:spell_template.nameSubtext,
set,90102,Description_lang_enUS,sql:spell_template.description,
set,90102,AuraDescription_lang_enUS,sql:spell_template.auraDescription,
set,90102,MaxTargetLevel,sql:spell_template.maxTargetLevel,
set,90102,SpellClassSet,sql:spell_template.spellFamilyName,
set,90102,MaxTargets,sql:spell_template.maxAffectedTargets,
set,90102,DefenseType,sql:spell_template.dmgClass,
set,90102,PreventionType,sql:spell_template.preventionType,
set,90102,StanceBarOrder,sql:spell_template.stanceBarOrder,
set,90102,EffectChainAmplitude[0],sql:spell_template.dmgMultiplier1,
set,90102,EffectChainAmplitude[1],sql:spell_template.dmgMultiplier2,
set,90102,EffectChainAmplitude[2],sql:spell_template.dmgMultiplier3,
set,90102,MinFactionID,sql:spell_template.minFactionId,
set,90102,MinReputation,sql:spell_template.minReputation,
set,90102,RequiredAuraVision,sql:spell_template.requiredAuraVision,
set,90102,SpellClassMask[0],0,spellFamilyFlags low
set,90102,SpellClassMask[1],0,spellFamilyFlags high
insert,90103,,copy:8815,Attack Speed rank 4 (#357)
set,90103,CastingTimeIndex,sql:spell_template.castingTimeIndex,
set,90103,RecoveryTime,sql:spell_template.recoveryTime,
set,90103,CategoryRecoveryTime,sql:spell_template.categoryRecoveryTime,
set,90103,ProcChance,sql:spell_template.procChance,
set,90103,ProcCharges,sql:spell_template.procCharges,
set,90103,DurationIndex,sql:spell_template.durationIndex,
set,90103,PowerType,sql:spell_template.powerType,
set,90103,ManaCost,sql:spell_template.manaCost,
set,90103,RangeIndex,sql:spell_template.rangeIndex,
set,90103,Speed,sql:spell_template.speed,
set,90103,CumulativeAura,sql:spell_template.stackAmount,
set,90103,SpellIconID,sql:spell_template.spellIconId,
set,90103,ManaCostPct,sql:spell_template.manaCostPercentage,
set,90103,StartRecoveryCategory,sql:spell_template.startRecoveryCategory,
set,90103,StartRecoveryTime,sql:spell_template.startRecoveryTime,
set,90103,Effect[0],sql:spell_template.effect1,
set,90103,EffectDieSides[0],sql:spell_template.effectDieSides1,
set,90103,EffectBaseDice[0],sql:spell_template.effectBaseDice1,
set,90103,EffectDicePerLevel[0],sql:spell_template.effectDicePerLevel1,
set,90103,EffectRealPointsPerLevel[0],sql:spell_template.effectRealPointsPerLevel1,
set,90103,EffectBasePoints[0],sql:spell_template.effectBasePoints1,
set,90103,EffectAura[0],sql:spell_template.effectApplyAuraName1,
set,90103,EffectRadiusIndex[0],sql:spell_template.effectRadiusIndex1,
set,90103,EffectChainTargets[0],sql:spell_template.effectChainTarget1,
set,90103,EffectMiscValue[0],sql:spell_template.effectMiscValue1,
set,90103,EffectTriggerSpell[0],sql:spell_template.effectTriggerSpell1,
set,90103,EffectPointsPerCombo[0],sql:spell_template.effectPointsPerComboPoint1,
set,90103,Effect[1],sql:spell_template.effect2,
set,90103,EffectDieSides[1],sql:spell_template.effectDieSides2,
set,90103,EffectBaseDice[1],sql:spell_template.effectBaseDice2,
set,90103,EffectDicePerLevel[1],sql:spell_template.effectDicePerLevel2,
set,90103,EffectRealPointsPerLevel[1],sql:spell_template.effectRealPointsPerLevel2,
set,90103,EffectBasePoints[1],sql:spell_template.effectBasePoints2,
set,90103,EffectAura[1],sql:spell_template.effectApplyAuraName2,
set,90103,EffectRadiusIndex[1],sql:spell_template.effectRadiusIndex2,
set,90103,EffectChainTargets[1],sql:spell_template.effectChainTarget2,
set,90103,EffectMiscValue[1],sql:spell_template.effectMiscValue2,
set,90103,EffectTriggerSpell[1],sql:spell_template.effectTriggerSpell2,
set,90103,EffectPointsPerCombo[1],sql:spell_template.effectPointsPerComboPoint2,
set,90103,Effect[2],sql:spell_template.effect3,
set,90103,EffectDieSides[2],sql:spell_template.effectDieSides3,
set,90103,EffectBaseDice[2],sql:spell_template.effectBaseDice3,
set,90103,EffectDicePerLevel[2],sql:spell_template.effectDicePerLevel3,
set,90103,EffectRealPointsPerLevel[2],sql:spell_template.effectRealPointsPerLevel3,
set,90103,EffectBasePoints[2],sql:spell_template.effectBasePoints3,
set,90103,EffectAura[2],sql:spell_template.effectApplyAuraName3,
set,90103,EffectRadiusIndex[2],sql:spell_template.effectRadiusIndex3,
set,90103,EffectChainTargets[2],sql:spell_template.effectChainTarget3,
set,90103,EffectMiscValue[2],sql:spell_template.effectMiscValue3,
set,90103,EffectTriggerSpell[2],sql:spell_template.effectTriggerSpell3,
set,90103,EffectPointsPerCombo[2],sql:spell_template.effectPointsPerComboPoint3,
set,90103,EffectAuraPeriod[0],sql:spell_template.effectAmplitude1,
set,90103,EffectAmplitude[0],sql:spell_template.effectMultipleValue1,
set,90103,ImplicitTargetA[0],sql:spell_template.effectImplicitTargetA1,
set,90103,ImplicitTargetB[0],sql:spell_template.effectImplicitTargetB1,
set,90103,EffectItemType[0],sql:spell_template.effectItemType1,
set,90103,EffectAuraPeriod[1],sql:spell_template.effectAmplitude2,
set,90103,EffectAmplitude[1],sql:spell_template.effectMultipleValue2,
set,90103,ImplicitTargetA[1],sql:spell_template.effectImplicitTargetA2,
set,90103,ImplicitTargetB[1],sql:spell_template.effectImplicitTargetB2,
set,90103,EffectItemType[1],sql:spell_template.effectItemType2,
set,90103,EffectAuraPeriod[2],sql:spell_template.effectAmplitude3,
set,90103,EffectAmplitude[2],sql:spell_template.effectMultipleValue3,
set,90103,ImplicitTargetA[2],sql:spell_template.effectImplicitTargetA3,
set,90103,ImplicitTargetB[2],sql:spell_template.effectImplicitTargetB3,
set,90103,EffectItemType[2],sql:spell_template.effectItemType3,
set,90103,School,sql:spell_template.school,
set,90103,Attributes,sql:spell_template.attributes,
set,90103,AttributesEx,sql:spell_template.attributesEx,
set,90103,AttributesExB,sql:spell_template.attributesEx2,
set,90103,AttributesExC,sql:spell_template.attributesEx3,
set,90103,AttributesExD,sql:spell_template.attributesEx4,
set,90103,Category,sql:spell_template.category,
set,90103,CastUI,sql:spell_template.castUI,
set,90103,DispelType,sql:spell_template.dispel,
set,90103,Mechanic,sql:spell_template.mechanic,
set,90103,ShapeshiftMask,sql:spell_template.stances,
set,90103,ShapeshiftExclude,sql:spell_template.stancesNot,
set,90103,Targets,sql:spell_template.targets,
set,90103,TargetCreatureType,sql:spell_template.targetCreatureType,
set,90103,RequiresSpellFocus,sql:spell_template.requiresSpellFocus,
set,90103,CasterAuraState,sql:spell_template.casterAuraState,
set,90103,TargetAuraState,sql:spell_template.targetAuraState,
set,90103,InterruptFlags,sql:spell_template.interruptFlags,
set,90103,AuraInterruptFlags,sql:spell_template.auraInterruptFlags,
set,90103,ChannelInterruptFlags,sql:spell_template.channelInterruptFlags,
set,90103,ProcFlags,sql:spell_template.procFlags,
set,90103,MaxLevel,sql:spell_template.maxLevel,
set,90103,BaseLevel,sql:spell_template.baseLevel,
set,90103,SpellLevel,sql:spell_template.spellLevel,
set,90103,ManaCostPerLevel,sql:spell_template.manCostPerLevel,
set,90103,ManaPerSecond,sql:spell_template.manaPerSecond,
set,90103,ManaPerSecondPerLevel,sql:spell_template.manaPerSecondPerLevel,
set,90103,ModalNextSpell,sql:spell_template.modelNextSpell,
set,90103,Totem[0],sql:spell_template.totem1,
set,90103,Totem[1],sql:spell_template.totem2,
set,90103,Reagent[0],sql:spell_template.reagent1,
set,90103,Reagent[1],sql:spell_template.reagent2,
set,90103,Reagent[2],sql:spell_template.reagent3,
set,90103,Reagent[3],sql:spell_template.reagent4,
set,90103,Reagent[4],sql:spell_template.reagent5,
set,90103,Reagent[5],sql:spell_template.reagent6,
set,90103,Reagent[6],sql:spell_template.reagent7,
set,90103,Reagent[7],sql:spell_template.reagent8,
set,90103,ReagentCount[0],sql:spell_template.reagentCount1,
set,90103,ReagentCount[1],sql:spell_template.reagentCount2,
set,90103,ReagentCount[2],sql:spell_template.reagentCount3,
set,90103,ReagentCount[3],sql:spell_template.reagentCount4,
set,90103,ReagentCount[4],sql:spell_template.reagentCount5,
set,90103,ReagentCount[5],sql:spell_template.reagentCount6,
set,90103,ReagentCount[6],sql:spell_template.reagentCount7,
set,90103,ReagentCount[7],sql:spell_template.reagentCount8,
set,90103,EquippedItemClass,sql:spell_template.equippedItemClass,
set,90103,EquippedItemSubclass,sql:spell_template.equippedItemSubClassMask,
set,90103,EquippedItemInvTypes,sql:spell_template.equippedItemInventoryTypeMask,
set,90103,EffectMechanic[0],sql:spell_template.effectMechanic1,
set,90103,EffectMechanic[1],sql:spell_template.effectMechanic2,
set,90103,EffectMechanic[2],sql:spell_template.effectMechanic3,
set,90103,SpellVisualID[0],sql:spell_template.spellVisual1,
set,90103,SpellVisualID[1],sql:spell_template.spellVisual2,
set,90103,ActiveIconID,sql:spell_template.activeIconId,
set,90103,SpellPriority,sql:spell_template.spellPriority,
set,90103,Name_lang_enUS,sql:spell_template.name,
set,90103,NameSubtext_lang_enUS,sql:spell_template.nameSubtext,
set,90103,Description_lang_enUS,sql:spell_template.description,
set,90103,AuraDescription_lang_enUS,sql:spell_template.auraDescription,
set,90103,MaxTargetLevel,sql:spell_template.maxTargetLevel,
set,90103,SpellClassSet,sql:spell_template.spellFamilyName,
set,90103,MaxTargets,sql:spell_template.maxAffectedTargets,
set,90103,DefenseType,sql:spell_template.dmgClass,
set,90103,PreventionType,sql:spell_template.preventionType,
set,90103,StanceBarOrder,sql:spell_template.stanceBarOrder,
set,90103,EffectChainAmplitude[0],sql:spell_template.dmgMultiplier1,
set,90103,EffectChainAmplitude[1],sql:spell_template.dmgMultiplier2,
set,90103,EffectChainAmplitude[2],sql:spell_template.dmgMultiplier3,
set,90103,MinFactionID,sql:spell_template.minFactionId,
set,90103,MinReputation,sql:spell_template.minReputation,
set,90103,RequiredAuraVision,sql:spell_template.requiredAuraVision,
set,90103,SpellClassMask[0],0,spellFamilyFlags low
set,90103,SpellClassMask[1],0,spellFamilyFlags high
insert,90104,,copy:8815,Attack Speed rank 5 (#357)
set,90104,CastingTimeIndex,sql:spell_template.castingTimeIndex,
set,90104,RecoveryTime,sql:spell_template.recoveryTime,
set,90104,CategoryRecoveryTime,sql:spell_template.categoryRecoveryTime,
set,90104,ProcChance,sql:spell_template.procChance,
set,90104,ProcCharges,sql:spell_template.procCharges,
set,90104,DurationIndex,sql:spell_template.durationIndex,
set,90104,PowerType,sql:spell_template.powerType,
set,90104,ManaCost,sql:spell_template.manaCost,
set,90104,RangeIndex,sql:spell_template.rangeIndex,
set,90104,Speed,sql:spell_template.speed,
set,90104,CumulativeAura,sql:spell_template.stackAmount,
set,90104,SpellIconID,sql:spell_template.spellIconId,
set,90104,ManaCostPct,sql:spell_template.manaCostPercentage,
set,90104,StartRecoveryCategory,sql:spell_template.startRecoveryCategory,
set,90104,StartRecoveryTime,sql:spell_template.startRecoveryTime,
set,90104,Effect[0],sql:spell_template.effect1,
set,90104,EffectDieSides[0],sql:spell_template.effectDieSides1,
set,90104,EffectBaseDice[0],sql:spell_template.effectBaseDice1,
set,90104,EffectDicePerLevel[0],sql:spell_template.effectDicePerLevel1,
set,90104,EffectRealPointsPerLevel[0],sql:spell_template.effectRealPointsPerLevel1,
set,90104,EffectBasePoints[0],sql:spell_template.effectBasePoints1,
set,90104,EffectAura[0],sql:spell_template.effectApplyAuraName1,
set,90104,EffectRadiusIndex[0],sql:spell_template.effectRadiusIndex1,
set,90104,EffectChainTargets[0],sql:spell_template.effectChainTarget1,
set,90104,EffectMiscValue[0],sql:spell_template.effectMiscValue1,
set,90104,EffectTriggerSpell[0],sql:spell_template.effectTriggerSpell1,
set,90104,EffectPointsPerCombo[0],sql:spell_template.effectPointsPerComboPoint1,
set,90104,Effect[1],sql:spell_template.effect2,
set,90104,EffectDieSides[1],sql:spell_template.effectDieSides2,
set,90104,EffectBaseDice[1],sql:spell_template.effectBaseDice2,
set,90104,EffectDicePerLevel[1],sql:spell_template.effectDicePerLevel2,
set,90104,EffectRealPointsPerLevel[1],sql:spell_template.effectRealPointsPerLevel2,
set,90104,EffectBasePoints[1],sql:spell_template.effectBasePoints2,
set,90104,EffectAura[1],sql:spell_template.effectApplyAuraName2,
set,90104,EffectRadiusIndex[1],sql:spell_template.effectRadiusIndex2,
set,90104,EffectChainTargets[1],sql:spell_template.effectChainTarget2,
set,90104,EffectMiscValue[1],sql:spell_template.effectMiscValue2,
set,90104,EffectTriggerSpell[1],sql:spell_template.effectTriggerSpell2,
set,90104,EffectPointsPerCombo[1],sql:spell_template.effectPointsPerComboPoint2,
set,90104,Effect[2],sql:spell_template.effect3,
set,90104,EffectDieSides[2],sql:spell_template.effectDieSides3,
set,90104,EffectBaseDice[2],sql:spell_template.effectBaseDice3,
set,90104,EffectDicePerLevel[2],sql:spell_template.effectDicePerLevel3,
set,90104,EffectRealPointsPerLevel[2],sql:spell_template.effectRealPointsPerLevel3,
set,90104,EffectBasePoints[2],sql:spell_template.effectBasePoints3,
set,90104,EffectAura[2],sql:spell_template.effectApplyAuraName3,
set,90104,EffectRadiusIndex[2],sql:spell_template.effectRadiusIndex3,
set,90104,EffectChainTargets[2],sql:spell_template.effectChainTarget3,
set,90104,EffectMiscValue[2],sql:spell_template.effectMiscValue3,
set,90104,EffectTriggerSpell[2],sql:spell_template.effectTriggerSpell3,
set,90104,EffectPointsPerCombo[2],sql:spell_template.effectPointsPerComboPoint3,
set,90104,EffectAuraPeriod[0],sql:spell_template.effectAmplitude1,
set,90104,EffectAmplitude[0],sql:spell_template.effectMultipleValue1,
set,90104,ImplicitTargetA[0],sql:spell_template.effectImplicitTargetA1,
set,90104,ImplicitTargetB[0],sql:spell_template.effectImplicitTargetB1,
set,90104,EffectItemType[0],sql:spell_template.effectItemType1,
set,90104,EffectAuraPeriod[1],sql:spell_template.effectAmplitude2,
set,90104,EffectAmplitude[1],sql:spell_template.effectMultipleValue2,
set,90104,ImplicitTargetA[1],sql:spell_template.effectImplicitTargetA2,
set,90104,ImplicitTargetB[1],sql:spell_template.effectImplicitTargetB2,
set,90104,EffectItemType[1],sql:spell_template.effectItemType2,
set,90104,EffectAuraPeriod[2],sql:spell_template.effectAmplitude3,
set,90104,EffectAmplitude[2],sql:spell_template.effectMultipleValue3,
set,90104,ImplicitTargetA[2],sql:spell_template.effectImplicitTargetA3,
set,90104,ImplicitTargetB[2],sql:spell_template.effectImplicitTargetB3,
set,90104,EffectItemType[2],sql:spell_template.effectItemType3,
set,90104,School,sql:spell_template.school,
set,90104,Attributes,sql:spell_template.attributes,
set,90104,AttributesEx,sql:spell_template.attributesEx,
set,90104,AttributesExB,sql:spell_template.attributesEx2,
set,90104,AttributesExC,sql:spell_template.attributesEx3,
set,90104,AttributesExD,sql:spell_template.attributesEx4,
set,90104,Category,sql:spell_template.category,
set,90104,CastUI,sql:spell_template.castUI,
set,90104,DispelType,sql:spell_template.dispel,
set,90104,Mechanic,sql:spell_template.mechanic,
set,90104,ShapeshiftMask,sql:spell_template.stances,
set,90104,ShapeshiftExclude,sql:spell_template.stancesNot,
set,90104,Targets,sql:spell_template.targets,
set,90104,TargetCreatureType,sql:spell_template.targetCreatureType,
set,90104,RequiresSpellFocus,sql:spell_template.requiresSpellFocus,
set,90104,CasterAuraState,sql:spell_template.casterAuraState,
set,90104,TargetAuraState,sql:spell_template.targetAuraState,
set,90104,InterruptFlags,sql:spell_template.interruptFlags,
set,90104,AuraInterruptFlags,sql:spell_template.auraInterruptFlags,
set,90104,ChannelInterruptFlags,sql:spell_template.channelInterruptFlags,
set,90104,ProcFlags,sql:spell_template.procFlags,
set,90104,MaxLevel,sql:spell_template.maxLevel,
set,90104,BaseLevel,sql:spell_template.baseLevel,
set,90104,SpellLevel,sql:spell_template.spellLevel,
set,90104,ManaCostPerLevel,sql:spell_template.manCostPerLevel,
set,90104,ManaPerSecond,sql:spell_template.manaPerSecond,
set,90104,ManaPerSecondPerLevel,sql:spell_template.manaPerSecondPerLevel,
set,90104,ModalNextSpell,sql:spell_template.modelNextSpell,
set,90104,Totem[0],sql:spell_template.totem1,
set,90104,Totem[1],sql:spell_template.totem2,
set,90104,Reagent[0],sql:spell_template.reagent1,
set,90104,Reagent[1],sql:spell_template.reagent2,
set,90104,Reagent[2],sql:spell_template.reagent3,
set,90104,Reagent[3],sql:spell_template.reagent4,
set,90104,Reagent[4],sql:spell_template.reagent5,
set,90104,Reagent[5],sql:spell_template.reagent6,
set,90104,Reagent[6],sql:spell_template.reagent7,
set,90104,Reagent[7],sql:spell_template.reagent8,
set,90104,ReagentCount[0],sql:spell_template.reagentCount1,
set,90104,ReagentCount[1],sql:spell_template.reagentCount2,
set,90104,ReagentCount[2],sql:spell_template.reagentCount3,
set,90104,ReagentCount[3],sql:spell_template.reagentCount4,
set,90104,ReagentCount[4],sql:spell_template.reagentCount5,
set,90104,ReagentCount[5],sql:spell_template.reagentCount6,
set,90104,ReagentCount[6],sql:spell_template.reagentCount7,
set,90104,ReagentCount[7],sql:spell_template.reagentCount8,
set,90104,EquippedItemClass,sql:spell_template.equippedItemClass,
set,90104,EquippedItemSubclass,sql:spell_template.equippedItemSubClassMask,
set,90104,EquippedItemInvTypes,sql:spell_template.equippedItemInventoryTypeMask,
set,90104,EffectMechanic[0],sql:spell_template.effectMechanic1,
set,90104,EffectMechanic[1],sql:spell_template.effectMechanic2,
set,90104,EffectMechanic[2],sql:spell_template.effectMechanic3,
set,90104,SpellVisualID[0],sql:spell_template.spellVisual1,
set,90104,SpellVisualID[1],sql:spell_template.spellVisual2,
set,90104,ActiveIconID,sql:spell_template.activeIconId,
set,90104,SpellPriority,sql:spell_template.spellPriority,
set,90104,Name_lang_enUS,sql:spell_template.name,
set,90104,NameSubtext_lang_enUS,sql:spell_template.nameSubtext,
set,90104,Description_lang_enUS,sql:spell_template.description,
set,90104,AuraDescription_lang_enUS,sql:spell_template.auraDescription,
set,90104,MaxTargetLevel,sql:spell_template.maxTargetLevel,
set,90104,SpellClassSet,sql:spell_template.spellFamilyName,
set,90104,MaxTargets,sql:spell_template.maxAffectedTargets,
set,90104,DefenseType,sql:spell_template.dmgClass,
set,90104,PreventionType,sql:spell_template.preventionType,
set,90104,StanceBarOrder,sql:spell_template.stanceBarOrder,
set,90104,EffectChainAmplitude[0],sql:spell_template.dmgMultiplier1,
set,90104,EffectChainAmplitude[1],sql:spell_template.dmgMultiplier2,
set,90104,EffectChainAmplitude[2],sql:spell_template.dmgMultiplier3,
set,90104,MinFactionID,sql:spell_template.minFactionId,
set,90104,MinReputation,sql:spell_template.minReputation,
set,90104,RequiredAuraVision,sql:spell_template.requiredAuraVision,
set,90104,SpellClassMask[0],0,spellFamilyFlags low
set,90104,SpellClassMask[1],0,spellFamilyFlags high
insert,90105,,copy:12297,Earthen Guard rank 1 (#357)
set,90105,CastingTimeIndex,sql:spell_template.castingTimeIndex,
set,90105,RecoveryTime,sql:spell_template.recoveryTime,
set,90105,CategoryRecoveryTime,sql:spell_template.categoryRecoveryTime,
set,90105,ProcChance,sql:spell_template.procChance,
set,90105,ProcCharges,sql:spell_template.procCharges,
set,90105,DurationIndex,sql:spell_template.durationIndex,
set,90105,PowerType,sql:spell_template.powerType,
set,90105,ManaCost,sql:spell_template.manaCost,
set,90105,RangeIndex,sql:spell_template.rangeIndex,
set,90105,Speed,sql:spell_template.speed,
set,90105,CumulativeAura,sql:spell_template.stackAmount,
set,90105,SpellIconID,sql:spell_template.spellIconId,
set,90105,ManaCostPct,sql:spell_template.manaCostPercentage,
set,90105,StartRecoveryCategory,sql:spell_template.startRecoveryCategory,
set,90105,StartRecoveryTime,sql:spell_template.startRecoveryTime,
set,90105,Effect[0],sql:spell_template.effect1,
set,90105,EffectDieSides[0],sql:spell_template.effectDieSides1,
set,90105,EffectBaseDice[0],sql:spell_template.effectBaseDice1,
set,90105,EffectDicePerLevel[0],sql:spell_template.effectDicePerLevel1,
set,90105,EffectRealPointsPerLevel[0],sql:spell_template.effectRealPointsPerLevel1,
set,90105,EffectBasePoints[0],sql:spell_template.effectBasePoints1,
set,90105,EffectAura[0],sql:spell_template.effectApplyAuraName1,
set,90105,EffectRadiusIndex[0],sql:spell_template.effectRadiusIndex1,
set,90105,EffectChainTargets[0],sql:spell_template.effectChainTarget1,
set,90105,EffectMiscValue[0],sql:spell_template.effectMiscValue1,
set,90105,EffectTriggerSpell[0],sql:spell_template.effectTriggerSpell1,
set,90105,EffectPointsPerCombo[0],sql:spell_template.effectPointsPerComboPoint1,
set,90105,Effect[1],sql:spell_template.effect2,
set,90105,EffectDieSides[1],sql:spell_template.effectDieSides2,
set,90105,EffectBaseDice[1],sql:spell_template.effectBaseDice2,
set,90105,EffectDicePerLevel[1],sql:spell_template.effectDicePerLevel2,
set,90105,EffectRealPointsPerLevel[1],sql:spell_template.effectRealPointsPerLevel2,
set,90105,EffectBasePoints[1],sql:spell_template.effectBasePoints2,
set,90105,EffectAura[1],sql:spell_template.effectApplyAuraName2,
set,90105,EffectRadiusIndex[1],sql:spell_template.effectRadiusIndex2,
set,90105,EffectChainTargets[1],sql:spell_template.effectChainTarget2,
set,90105,EffectMiscValue[1],sql:spell_template.effectMiscValue2,
set,90105,EffectTriggerSpell[1],sql:spell_template.effectTriggerSpell2,
set,90105,EffectPointsPerCombo[1],sql:spell_template.effectPointsPerComboPoint2,
set,90105,Effect[2],sql:spell_template.effect3,
set,90105,EffectDieSides[2],sql:spell_template.effectDieSides3,
set,90105,EffectBaseDice[2],sql:spell_template.effectBaseDice3,
set,90105,EffectDicePerLevel[2],sql:spell_template.effectDicePerLevel3,
set,90105,EffectRealPointsPerLevel[2],sql:spell_template.effectRealPointsPerLevel3,
set,90105,EffectBasePoints[2],sql:spell_template.effectBasePoints3,
set,90105,EffectAura[2],sql:spell_template.effectApplyAuraName3,
set,90105,EffectRadiusIndex[2],sql:spell_template.effectRadiusIndex3,
set,90105,EffectChainTargets[2],sql:spell_template.effectChainTarget3,
set,90105,EffectMiscValue[2],sql:spell_template.effectMiscValue3,
set,90105,EffectTriggerSpell[2],sql:spell_template.effectTriggerSpell3,
set,90105,EffectPointsPerCombo[2],sql:spell_template.effectPointsPerComboPoint3,
set,90105,EffectAuraPeriod[0],sql:spell_template.effectAmplitude1,
set,90105,EffectAmplitude[0],sql:spell_template.effectMultipleValue1,
set,90105,ImplicitTargetA[0],sql:spell_template.effectImplicitTargetA1,
set,90105,ImplicitTargetB[0],sql:spell_template.effectImplicitTargetB1,
set,90105,EffectItemType[0],sql:spell_template.effectItemType1,
set,90105,EffectAuraPeriod[1],sql:spell_template.effectAmplitude2,
set,90105,EffectAmplitude[1],sql:spell_template.effectMultipleValue2,
set,90105,ImplicitTargetA[1],sql:spell_template.effectImplicitTargetA2,
set,90105,ImplicitTargetB[1],sql:spell_template.effectImplicitTargetB2,
set,90105,EffectItemType[1],sql:spell_template.effectItemType2,
set,90105,EffectAuraPeriod[2],sql:spell_template.effectAmplitude3,
set,90105,EffectAmplitude[2],sql:spell_template.effectMultipleValue3,
set,90105,ImplicitTargetA[2],sql:spell_template.effectImplicitTargetA3,
set,90105,ImplicitTargetB[2],sql:spell_template.effectImplicitTargetB3,
set,90105,EffectItemType[2],sql:spell_template.effectItemType3,
set,90105,School,sql:spell_template.school,
set,90105,Attributes,sql:spell_template.attributes,
set,90105,AttributesEx,sql:spell_template.attributesEx,
set,90105,AttributesExB,sql:spell_template.attributesEx2,
set,90105,AttributesExC,sql:spell_template.attributesEx3,
set,90105,AttributesExD,sql:spell_template.attributesEx4,
set,90105,Category,sql:spell_template.category,
set,90105,CastUI,sql:spell_template.castUI,
set,90105,DispelType,sql:spell_template.dispel,
set,90105,Mechanic,sql:spell_template.mechanic,
set,90105,ShapeshiftMask,sql:spell_template.stances,
set,90105,ShapeshiftExclude,sql:spell_template.stancesNot,
set,90105,Targets,sql:spell_template.targets,
set,90105,TargetCreatureType,sql:spell_template.targetCreatureType,
set,90105,RequiresSpellFocus,sql:spell_template.requiresSpellFocus,
set,90105,CasterAuraState,sql:spell_template.casterAuraState,
set,90105,TargetAuraState,sql:spell_template.targetAuraState,
set,90105,InterruptFlags,sql:spell_template.interruptFlags,
set,90105,AuraInterruptFlags,sql:spell_template.auraInterruptFlags,
set,90105,ChannelInterruptFlags,sql:spell_template.channelInterruptFlags,
set,90105,ProcFlags,sql:spell_template.procFlags,
set,90105,MaxLevel,sql:spell_template.maxLevel,
set,90105,BaseLevel,sql:spell_template.baseLevel,
set,90105,SpellLevel,sql:spell_template.spellLevel,
set,90105,ManaCostPerLevel,sql:spell_template.manCostPerLevel,
set,90105,ManaPerSecond,sql:spell_template.manaPerSecond,
set,90105,ManaPerSecondPerLevel,sql:spell_template.manaPerSecondPerLevel,
set,90105,ModalNextSpell,sql:spell_template.modelNextSpell,
set,90105,Totem[0],sql:spell_template.totem1,
set,90105,Totem[1],sql:spell_template.totem2,
set,90105,Reagent[0],sql:spell_template.reagent1,
set,90105,Reagent[1],sql:spell_template.reagent2,
set,90105,Reagent[2],sql:spell_template.reagent3,
set,90105,Reagent[3],sql:spell_template.reagent4,
set,90105,Reagent[4],sql:spell_template.reagent5,
set,90105,Reagent[5],sql:spell_template.reagent6,
set,90105,Reagent[6],sql:spell_template.reagent7,
set,90105,Reagent[7],sql:spell_template.reagent8,
set,90105,ReagentCount[0],sql:spell_template.reagentCount1,
set,90105,ReagentCount[1],sql:spell_template.reagentCount2,
set,90105,ReagentCount[2],sql:spell_template.reagentCount3,
set,90105,ReagentCount[3],sql:spell_template.reagentCount4,
set,90105,ReagentCount[4],sql:spell_template.reagentCount5,
set,90105,ReagentCount[5],sql:spell_template.reagentCount6,
set,90105,ReagentCount[6],sql:spell_template.reagentCount7,
set,90105,ReagentCount[7],sql:spell_template.reagentCount8,
set,90105,EquippedItemClass,sql:spell_template.equippedItemClass,
set,90105,EquippedItemSubclass,sql:spell_template.equippedItemSubClassMask,
set,90105,EquippedItemInvTypes,sql:spell_template.equippedItemInventoryTypeMask,
set,90105,EffectMechanic[0],sql:spell_template.effectMechanic1,
set,90105,EffectMechanic[1],sql:spell_template.effectMechanic2,
set,90105,EffectMechanic[2],sql:spell_template.effectMechanic3,
set,90105,SpellVisualID[0],sql:spell_template.spellVisual1,
set,90105,SpellVisualID[1],sql:spell_template.spellVisual2,
set,90105,ActiveIconID,sql:spell_template.activeIconId,
set,90105,SpellPriority,sql:spell_template.spellPriority,
set,90105,Name_lang_enUS,sql:spell_template.name,
set,90105,NameSubtext_lang_enUS,sql:spell_template.nameSubtext,
set,90105,Description_lang_enUS,sql:spell_template.description,
set,90105,AuraDescription_lang_enUS,sql:spell_template.auraDescription,
set,90105,MaxTargetLevel,sql:spell_template.maxTargetLevel,
set,90105,SpellClassSet,sql:spell_template.spellFamilyName,
set,90105,MaxTargets,sql:spell_template.maxAffectedTargets,
set,90105,DefenseType,sql:spell_template.dmgClass,
set,90105,PreventionType,sql:spell_template.preventionType,
set,90105,StanceBarOrder,sql:spell_template.stanceBarOrder,
set,90105,EffectChainAmplitude[0],sql:spell_template.dmgMultiplier1,
set,90105,EffectChainAmplitude[1],sql:spell_template.dmgMultiplier2,
set,90105,EffectChainAmplitude[2],sql:spell_template.dmgMultiplier3,
set,90105,MinFactionID,sql:spell_template.minFactionId,
set,90105,MinReputation,sql:spell_template.minReputation,
set,90105,RequiredAuraVision,sql:spell_template.requiredAuraVision,
set,90105,SpellClassMask[0],0,spellFamilyFlags low
set,90105,SpellClassMask[1],0,spellFamilyFlags high
insert,90106,,copy:12297,Earthen Guard rank 2 (#357)
set,90106,CastingTimeIndex,sql:spell_template.castingTimeIndex,
set,90106,RecoveryTime,sql:spell_template.recoveryTime,
set,90106,CategoryRecoveryTime,sql:spell_template.categoryRecoveryTime,
set,90106,ProcChance,sql:spell_template.procChance,
set,90106,ProcCharges,sql:spell_template.procCharges,
set,90106,DurationIndex,sql:spell_template.durationIndex,
set,90106,PowerType,sql:spell_template.powerType,
set,90106,ManaCost,sql:spell_template.manaCost,
set,90106,RangeIndex,sql:spell_template.rangeIndex,
set,90106,Speed,sql:spell_template.speed,
set,90106,CumulativeAura,sql:spell_template.stackAmount,
set,90106,SpellIconID,sql:spell_template.spellIconId,
set,90106,ManaCostPct,sql:spell_template.manaCostPercentage,
set,90106,StartRecoveryCategory,sql:spell_template.startRecoveryCategory,
set,90106,StartRecoveryTime,sql:spell_template.startRecoveryTime,
set,90106,Effect[0],sql:spell_template.effect1,
set,90106,EffectDieSides[0],sql:spell_template.effectDieSides1,
set,90106,EffectBaseDice[0],sql:spell_template.effectBaseDice1,
set,90106,EffectDicePerLevel[0],sql:spell_template.effectDicePerLevel1,
set,90106,EffectRealPointsPerLevel[0],sql:spell_template.effectRealPointsPerLevel1,
set,90106,EffectBasePoints[0],sql:spell_template.effectBasePoints1,
set,90106,EffectAura[0],sql:spell_template.effectApplyAuraName1,
set,90106,EffectRadiusIndex[0],sql:spell_template.effectRadiusIndex1,
set,90106,EffectChainTargets[0],sql:spell_template.effectChainTarget1,
set,90106,EffectMiscValue[0],sql:spell_template.effectMiscValue1,
set,90106,EffectTriggerSpell[0],sql:spell_template.effectTriggerSpell1,
set,90106,EffectPointsPerCombo[0],sql:spell_template.effectPointsPerComboPoint1,
set,90106,Effect[1],sql:spell_template.effect2,
set,90106,EffectDieSides[1],sql:spell_template.effectDieSides2,
set,90106,EffectBaseDice[1],sql:spell_template.effectBaseDice2,
set,90106,EffectDicePerLevel[1],sql:spell_template.effectDicePerLevel2,
set,90106,EffectRealPointsPerLevel[1],sql:spell_template.effectRealPointsPerLevel2,
set,90106,EffectBasePoints[1],sql:spell_template.effectBasePoints2,
set,90106,EffectAura[1],sql:spell_template.effectApplyAuraName2,
set,90106,EffectRadiusIndex[1],sql:spell_template.effectRadiusIndex2,
set,90106,EffectChainTargets[1],sql:spell_template.effectChainTarget2,
set,90106,EffectMiscValue[1],sql:spell_template.effectMiscValue2,
set,90106,EffectTriggerSpell[1],sql:spell_template.effectTriggerSpell2,
set,90106,EffectPointsPerCombo[1],sql:spell_template.effectPointsPerComboPoint2,
set,90106,Effect[2],sql:spell_template.effect3,
set,90106,EffectDieSides[2],sql:spell_template.effectDieSides3,
set,90106,EffectBaseDice[2],sql:spell_template.effectBaseDice3,
set,90106,EffectDicePerLevel[2],sql:spell_template.effectDicePerLevel3,
set,90106,EffectRealPointsPerLevel[2],sql:spell_template.effectRealPointsPerLevel3,
set,90106,EffectBasePoints[2],sql:spell_template.effectBasePoints3,
set,90106,EffectAura[2],sql:spell_template.effectApplyAuraName3,
set,90106,EffectRadiusIndex[2],sql:spell_template.effectRadiusIndex3,
set,90106,EffectChainTargets[2],sql:spell_template.effectChainTarget3,
set,90106,EffectMiscValue[2],sql:spell_template.effectMiscValue3,
set,90106,EffectTriggerSpell[2],sql:spell_template.effectTriggerSpell3,
set,90106,EffectPointsPerCombo[2],sql:spell_template.effectPointsPerComboPoint3,
set,90106,EffectAuraPeriod[0],sql:spell_template.effectAmplitude1,
set,90106,EffectAmplitude[0],sql:spell_template.effectMultipleValue1,
set,90106,ImplicitTargetA[0],sql:spell_template.effectImplicitTargetA1,
set,90106,ImplicitTargetB[0],sql:spell_template.effectImplicitTargetB1,
set,90106,EffectItemType[0],sql:spell_template.effectItemType1,
set,90106,EffectAuraPeriod[1],sql:spell_template.effectAmplitude2,
set,90106,EffectAmplitude[1],sql:spell_template.effectMultipleValue2,
set,90106,ImplicitTargetA[1],sql:spell_template.effectImplicitTargetA2,
set,90106,ImplicitTargetB[1],sql:spell_template.effectImplicitTargetB2,
set,90106,EffectItemType[1],sql:spell_template.effectItemType2,
set,90106,EffectAuraPeriod[2],sql:spell_template.effectAmplitude3,
set,90106,EffectAmplitude[2],sql:spell_template.effectMultipleValue3,
set,90106,ImplicitTargetA[2],sql:spell_template.effectImplicitTargetA3,
set,90106,ImplicitTargetB[2],sql:spell_template.effectImplicitTargetB3,
set,90106,EffectItemType[2],sql:spell_template.effectItemType3,
set,90106,School,sql:spell_template.school,
set,90106,Attributes,sql:spell_template.attributes,
set,90106,AttributesEx,sql:spell_template.attributesEx,
set,90106,AttributesExB,sql:spell_template.attributesEx2,
set,90106,AttributesExC,sql:spell_template.attributesEx3,
set,90106,AttributesExD,sql:spell_template.attributesEx4,
set,90106,Category,sql:spell_template.category,
set,90106,CastUI,sql:spell_template.castUI,
set,90106,DispelType,sql:spell_template.dispel,
set,90106,Mechanic,sql:spell_template.mechanic,
set,90106,ShapeshiftMask,sql:spell_template.stances,
set,90106,ShapeshiftExclude,sql:spell_template.stancesNot,
set,90106,Targets,sql:spell_template.targets,
set,90106,TargetCreatureType,sql:spell_template.targetCreatureType,
set,90106,RequiresSpellFocus,sql:spell_template.requiresSpellFocus,
set,90106,CasterAuraState,sql:spell_template.casterAuraState,
set,90106,TargetAuraState,sql:spell_template.targetAuraState,
set,90106,InterruptFlags,sql:spell_template.interruptFlags,
set,90106,AuraInterruptFlags,sql:spell_template.auraInterruptFlags,
set,90106,ChannelInterruptFlags,sql:spell_template.channelInterruptFlags,
set,90106,ProcFlags,sql:spell_template.procFlags,
set,90106,MaxLevel,sql:spell_template.maxLevel,
set,90106,BaseLevel,sql:spell_template.baseLevel,
set,90106,SpellLevel,sql:spell_template.spellLevel,
set,90106,ManaCostPerLevel,sql:spell_template.manCostPerLevel,
set,90106,ManaPerSecond,sql:spell_template.manaPerSecond,
set,90106,ManaPerSecondPerLevel,sql:spell_template.manaPerSecondPerLevel,
set,90106,ModalNextSpell,sql:spell_template.modelNextSpell,
set,90106,Totem[0],sql:spell_template.totem1,
set,90106,Totem[1],sql:spell_template.totem2,
set,90106,Reagent[0],sql:spell_template.reagent1,
set,90106,Reagent[1],sql:spell_template.reagent2,
set,90106,Reagent[2],sql:spell_template.reagent3,
set,90106,Reagent[3],sql:spell_template.reagent4,
set,90106,Reagent[4],sql:spell_template.reagent5,
set,90106,Reagent[5],sql:spell_template.reagent6,
set,90106,Reagent[6],sql:spell_template.reagent7,
set,90106,Reagent[7],sql:spell_template.reagent8,
set,90106,ReagentCount[0],sql:spell_template.reagentCount1,
set,90106,ReagentCount[1],sql:spell_template.reagentCount2,
set,90106,ReagentCount[2],sql:spell_template.reagentCount3,
set,90106,ReagentCount[3],sql:spell_template.reagentCount4,
set,90106,ReagentCount[4],sql:spell_template.reagentCount5,
set,90106,ReagentCount[5],sql:spell_template.reagentCount6,
set,90106,ReagentCount[6],sql:spell_template.reagentCount7,
set,90106,ReagentCount[7],sql:spell_template.reagentCount8,
set,90106,EquippedItemClass,sql:spell_template.equippedItemClass,
set,90106,EquippedItemSubclass,sql:spell_template.equippedItemSubClassMask,
set,90106,EquippedItemInvTypes,sql:spell_template.equippedItemInventoryTypeMask,
set,90106,EffectMechanic[0],sql:spell_template.effectMechanic1,
set,90106,EffectMechanic[1],sql:spell_template.effectMechanic2,
set,90106,EffectMechanic[2],sql:spell_template.effectMechanic3,
set,90106,SpellVisualID[0],sql:spell_template.spellVisual1,
set,90106,SpellVisualID[1],sql:spell_template.spellVisual2,
set,90106,ActiveIconID,sql:spell_template.activeIconId,
set,90106,SpellPriority,sql:spell_template.spellPriority,
set,90106,Name_lang_enUS,sql:spell_template.name,
set,90106,NameSubtext_lang_enUS,sql:spell_template.nameSubtext,
set,90106,Description_lang_enUS,sql:spell_template.description,
set,90106,AuraDescription_lang_enUS,sql:spell_template.auraDescription,
set,90106,MaxTargetLevel,sql:spell_template.maxTargetLevel,
set,90106,SpellClassSet,sql:spell_template.spellFamilyName,
set,90106,MaxTargets,sql:spell_template.maxAffectedTargets,
set,90106,DefenseType,sql:spell_template.dmgClass,
set,90106,PreventionType,sql:spell_template.preventionType,
set,90106,StanceBarOrder,sql:spell_template.stanceBarOrder,
set,90106,EffectChainAmplitude[0],sql:spell_template.dmgMultiplier1,
set,90106,EffectChainAmplitude[1],sql:spell_template.dmgMultiplier2,
set,90106,EffectChainAmplitude[2],sql:spell_template.dmgMultiplier3,
set,90106,MinFactionID,sql:spell_template.minFactionId,
set,90106,MinReputation,sql:spell_template.minReputation,
set,90106,RequiredAuraVision,sql:spell_template.requiredAuraVision,
set,90106,SpellClassMask[0],0,spellFamilyFlags low
set,90106,SpellClassMask[1],0,spellFamilyFlags high
insert,90107,,copy:12297,Earthen Guard rank 3 (#357)
set,90107,CastingTimeIndex,sql:spell_template.castingTimeIndex,
set,90107,RecoveryTime,sql:spell_template.recoveryTime,
set,90107,CategoryRecoveryTime,sql:spell_template.categoryRecoveryTime,
set,90107,ProcChance,sql:spell_template.procChance,
set,90107,ProcCharges,sql:spell_template.procCharges,
set,90107,DurationIndex,sql:spell_template.durationIndex,
set,90107,PowerType,sql:spell_template.powerType,
set,90107,ManaCost,sql:spell_template.manaCost,
set,90107,RangeIndex,sql:spell_template.rangeIndex,
set,90107,Speed,sql:spell_template.speed,
set,90107,CumulativeAura,sql:spell_template.stackAmount,
set,90107,SpellIconID,sql:spell_template.spellIconId,
set,90107,ManaCostPct,sql:spell_template.manaCostPercentage,
set,90107,StartRecoveryCategory,sql:spell_template.startRecoveryCategory,
set,90107,StartRecoveryTime,sql:spell_template.startRecoveryTime,
set,90107,Effect[0],sql:spell_template.effect1,
set,90107,EffectDieSides[0],sql:spell_template.effectDieSides1,
set,90107,EffectBaseDice[0],sql:spell_template.effectBaseDice1,
set,90107,EffectDicePerLevel[0],sql:spell_template.effectDicePerLevel1,
set,90107,EffectRealPointsPerLevel[0],sql:spell_template.effectRealPointsPerLevel1,
set,90107,EffectBasePoints[0],sql:spell_template.effectBasePoints1,
set,90107,EffectAura[0],sql:spell_template.effectApplyAuraName1,
set,90107,EffectRadiusIndex[0],sql:spell_template.effectRadiusIndex1,
set,90107,EffectChainTargets[0],sql:spell_template.effectChainTarget1,
set,90107,EffectMiscValue[0],sql:spell_template.effectMiscValue1,
set,90107,EffectTriggerSpell[0],sql:spell_template.effectTriggerSpell1,
set,90107,EffectPointsPerCombo[0],sql:spell_template.effectPointsPerComboPoint1,
set,90107,Effect[1],sql:spell_template.effect2,
set,90107,EffectDieSides[1],sql:spell_template.effectDieSides2,
set,90107,EffectBaseDice[1],sql:spell_template.effectBaseDice2,
set,90107,EffectDicePerLevel[1],sql:spell_template.effectDicePerLevel2,
set,90107,EffectRealPointsPerLevel[1],sql:spell_template.effectRealPointsPerLevel2,
set,90107,EffectBasePoints[1],sql:spell_template.effectBasePoints2,
set,90107,EffectAura[1],sql:spell_template.effectApplyAuraName2,
set,90107,EffectRadiusIndex[1],sql:spell_template.effectRadiusIndex2,
set,90107,EffectChainTargets[1],sql:spell_template.effectChainTarget2,
set,90107,EffectMiscValue[1],sql:spell_template.effectMiscValue2,
set,90107,EffectTriggerSpell[1],sql:spell_template.effectTriggerSpell2,
set,90107,EffectPointsPerCombo[1],sql:spell_template.effectPointsPerComboPoint2,
set,90107,Effect[2],sql:spell_template.effect3,
set,90107,EffectDieSides[2],sql:spell_template.effectDieSides3,
set,90107,EffectBaseDice[2],sql:spell_template.effectBaseDice3,
set,90107,EffectDicePerLevel[2],sql:spell_template.effectDicePerLevel3,
set,90107,EffectRealPointsPerLevel[2],sql:spell_template.effectRealPointsPerLevel3,
set,90107,EffectBasePoints[2],sql:spell_template.effectBasePoints3,
set,90107,EffectAura[2],sql:spell_template.effectApplyAuraName3,
set,90107,EffectRadiusIndex[2],sql:spell_template.effectRadiusIndex3,
set,90107,EffectChainTargets[2],sql:spell_template.effectChainTarget3,
set,90107,EffectMiscValue[2],sql:spell_template.effectMiscValue3,
set,90107,EffectTriggerSpell[2],sql:spell_template.effectTriggerSpell3,
set,90107,EffectPointsPerCombo[2],sql:spell_template.effectPointsPerComboPoint3,
set,90107,EffectAuraPeriod[0],sql:spell_template.effectAmplitude1,
set,90107,EffectAmplitude[0],sql:spell_template.effectMultipleValue1,
set,90107,ImplicitTargetA[0],sql:spell_template.effectImplicitTargetA1,
set,90107,ImplicitTargetB[0],sql:spell_template.effectImplicitTargetB1,
set,90107,EffectItemType[0],sql:spell_template.effectItemType1,
set,90107,EffectAuraPeriod[1],sql:spell_template.effectAmplitude2,
set,90107,EffectAmplitude[1],sql:spell_template.effectMultipleValue2,
set,90107,ImplicitTargetA[1],sql:spell_template.effectImplicitTargetA2,
set,90107,ImplicitTargetB[1],sql:spell_template.effectImplicitTargetB2,
set,90107,EffectItemType[1],sql:spell_template.effectItemType2,
set,90107,EffectAuraPeriod[2],sql:spell_template.effectAmplitude3,
set,90107,EffectAmplitude[2],sql:spell_template.effectMultipleValue3,
set,90107,ImplicitTargetA[2],sql:spell_template.effectImplicitTargetA3,
set,90107,ImplicitTargetB[2],sql:spell_template.effectImplicitTargetB3,
set,90107,EffectItemType[2],sql:spell_template.effectItemType3,
set,90107,School,sql:spell_template.school,
set,90107,Attributes,sql:spell_template.attributes,
set,90107,AttributesEx,sql:spell_template.attributesEx,
set,90107,AttributesExB,sql:spell_template.attributesEx2,
set,90107,AttributesExC,sql:spell_template.attributesEx3,
set,90107,AttributesExD,sql:spell_template.attributesEx4,
set,90107,Category,sql:spell_template.category,
set,90107,CastUI,sql:spell_template.castUI,
set,90107,DispelType,sql:spell_template.dispel,
set,90107,Mechanic,sql:spell_template.mechanic,
set,90107,ShapeshiftMask,sql:spell_template.stances,
set,90107,ShapeshiftExclude,sql:spell_template.stancesNot,
set,90107,Targets,sql:spell_template.targets,
set,90107,TargetCreatureType,sql:spell_template.targetCreatureType,
set,90107,RequiresSpellFocus,sql:spell_template.requiresSpellFocus,
set,90107,CasterAuraState,sql:spell_template.casterAuraState,
set,90107,TargetAuraState,sql:spell_template.targetAuraState,
set,90107,InterruptFlags,sql:spell_template.interruptFlags,
set,90107,AuraInterruptFlags,sql:spell_template.auraInterruptFlags,
set,90107,ChannelInterruptFlags,sql:spell_template.channelInterruptFlags,
set,90107,ProcFlags,sql:spell_template.procFlags,
set,90107,MaxLevel,sql:spell_template.maxLevel,
set,90107,BaseLevel,sql:spell_template.baseLevel,
set,90107,SpellLevel,sql:spell_template.spellLevel,
set,90107,ManaCostPerLevel,sql:spell_template.manCostPerLevel,
set,90107,ManaPerSecond,sql:spell_template.manaPerSecond,
set,90107,ManaPerSecondPerLevel,sql:spell_template.manaPerSecondPerLevel,
set,90107,ModalNextSpell,sql:spell_template.modelNextSpell,
set,90107,Totem[0],sql:spell_template.totem1,
set,90107,Totem[1],sql:spell_template.totem2,
set,90107,Reagent[0],sql:spell_template.reagent1,
set,90107,Reagent[1],sql:spell_template.reagent2,
set,90107,Reagent[2],sql:spell_template.reagent3,
set,90107,Reagent[3],sql:spell_template.reagent4,
set,90107,Reagent[4],sql:spell_template.reagent5,
set,90107,Reagent[5],sql:spell_template.reagent6,
set,90107,Reagent[6],sql:spell_template.reagent7,
set,90107,Reagent[7],sql:spell_template.reagent8,
set,90107,ReagentCount[0],sql:spell_template.reagentCount1,
set,90107,ReagentCount[1],sql:spell_template.reagentCount2,
set,90107,ReagentCount[2],sql:spell_template.reagentCount3,
set,90107,ReagentCount[3],sql:spell_template.reagentCount4,
set,90107,ReagentCount[4],sql:spell_template.reagentCount5,
set,90107,ReagentCount[5],sql:spell_template.reagentCount6,
set,90107,ReagentCount[6],sql:spell_template.reagentCount7,
set,90107,ReagentCount[7],sql:spell_template.reagentCount8,
set,90107,EquippedItemClass,sql:spell_template.equippedItemClass,
set,90107,EquippedItemSubclass,sql:spell_template.equippedItemSubClassMask,
set,90107,EquippedItemInvTypes,sql:spell_template.equippedItemInventoryTypeMask,
set,90107,EffectMechanic[0],sql:spell_template.effectMechanic1,
set,90107,EffectMechanic[1],sql:spell_template.effectMechanic2,
set,90107,EffectMechanic[2],sql:spell_template.effectMechanic3,
set,90107,SpellVisualID[0],sql:spell_template.spellVisual1,
set,90107,SpellVisualID[1],sql:spell_template.spellVisual2,
set,90107,ActiveIconID,sql:spell_template.activeIconId,
set,90107,SpellPriority,sql:spell_template.spellPriority,
set,90107,Name_lang_enUS,sql:spell_template.name,
set,90107,NameSubtext_lang_enUS,sql:spell_template.nameSubtext,
set,90107,Description_lang_enUS,sql:spell_template.description,
set,90107,AuraDescription_lang_enUS,sql:spell_template.auraDescription,
set,90107,MaxTargetLevel,sql:spell_template.maxTargetLevel,
set,90107,SpellClassSet,sql:spell_template.spellFamilyName,
set,90107,MaxTargets,sql:spell_template.maxAffectedTargets,
set,90107,DefenseType,sql:spell_template.dmgClass,
set,90107,PreventionType,sql:spell_template.preventionType,
set,90107,StanceBarOrder,sql:spell_template.stanceBarOrder,
set,90107,EffectChainAmplitude[0],sql:spell_template.dmgMultiplier1,
set,90107,EffectChainAmplitude[1],sql:spell_template.dmgMultiplier2,
set,90107,EffectChainAmplitude[2],sql:spell_template.dmgMultiplier3,
set,90107,MinFactionID,sql:spell_template.minFactionId,
set,90107,MinReputation,sql:spell_template.minReputation,
set,90107,RequiredAuraVision,sql:spell_template.requiredAuraVision,
set,90107,SpellClassMask[0],0,spellFamilyFlags low
set,90107,SpellClassMask[1],0,spellFamilyFlags high
insert,90108,,copy:12297,Earthen Guard rank 4 (#357)
set,90108,CastingTimeIndex,sql:spell_template.castingTimeIndex,
set,90108,RecoveryTime,sql:spell_template.recoveryTime,
set,90108,CategoryRecoveryTime,sql:spell_template.categoryRecoveryTime,
set,90108,ProcChance,sql:spell_template.procChance,
set,90108,ProcCharges,sql:spell_template.procCharges,
set,90108,DurationIndex,sql:spell_template.durationIndex,
set,90108,PowerType,sql:spell_template.powerType,
set,90108,ManaCost,sql:spell_template.manaCost,
set,90108,RangeIndex,sql:spell_template.rangeIndex,
set,90108,Speed,sql:spell_template.speed,
set,90108,CumulativeAura,sql:spell_template.stackAmount,
set,90108,SpellIconID,sql:spell_template.spellIconId,
set,90108,ManaCostPct,sql:spell_template.manaCostPercentage,
set,90108,StartRecoveryCategory,sql:spell_template.startRecoveryCategory,
set,90108,StartRecoveryTime,sql:spell_template.startRecoveryTime,
set,90108,Effect[0],sql:spell_template.effect1,
set,90108,EffectDieSides[0],sql:spell_template.effectDieSides1,
set,90108,EffectBaseDice[0],sql:spell_template.effectBaseDice1,
set,90108,EffectDicePerLevel[0],sql:spell_template.effectDicePerLevel1,
set,90108,EffectRealPointsPerLevel[0],sql:spell_template.effectRealPointsPerLevel1,
set,90108,EffectBasePoints[0],sql:spell_template.effectBasePoints1,
set,90108,EffectAura[0],sql:spell_template.effectApplyAuraName1,
set,90108,EffectRadiusIndex[0],sql:spell_template.effectRadiusIndex1,
set,90108,EffectChainTargets[0],sql:spell_template.effectChainTarget1,
set,90108,EffectMiscValue[0],sql:spell_template.effectMiscValue1,
set,90108,EffectTriggerSpell[0],sql:spell_template.effectTriggerSpell1,
set,90108,EffectPointsPerCombo[0],sql:spell_template.effectPointsPerComboPoint1,
set,90108,Effect[1],sql:spell_template.effect2,
set,90108,EffectDieSides[1],sql:spell_template.effectDieSides2,
set,90108,EffectBaseDice[1],sql:spell_template.effectBaseDice2,
set,90108,EffectDicePerLevel[1],sql:spell_template.effectDicePerLevel2,
set,90108,EffectRealPointsPerLevel[1],sql:spell_template.effectRealPointsPerLevel2,
set,90108,EffectBasePoints[1],sql:spell_template.effectBasePoints2,
set,90108,EffectAura[1],sql:spell_template.effectApplyAuraName2,
set,90108,EffectRadiusIndex[1],sql:spell_template.effectRadiusIndex2,
set,90108,EffectChainTargets[1],sql:spell_template.effectChainTarget2,
set,90108,EffectMiscValue[1],sql:spell_template.effectMiscValue2,
set,90108,EffectTriggerSpell[1],sql:spell_template.effectTriggerSpell2,
set,90108,EffectPointsPerCombo[1],sql:spell_template.effectPointsPerComboPoint2,
set,90108,Effect[2],sql:spell_template.effect3,
set,90108,EffectDieSides[2],sql:spell_template.effectDieSides3,
set,90108,EffectBaseDice[2],sql:spell_template.effectBaseDice3,
set,90108,EffectDicePerLevel[2],sql:spell_template.effectDicePerLevel3,
set,90108,EffectRealPointsPerLevel[2],sql:spell_template.effectRealPointsPerLevel3,
set,90108,EffectBasePoints[2],sql:spell_template.effectBasePoints3,
set,90108,EffectAura[2],sql:spell_template.effectApplyAuraName3,
set,90108,EffectRadiusIndex[2],sql:spell_template.effectRadiusIndex3,
set,90108,EffectChainTargets[2],sql:spell_template.effectChainTarget3,
set,90108,EffectMiscValue[2],sql:spell_template.effectMiscValue3,
set,90108,EffectTriggerSpell[2],sql:spell_template.effectTriggerSpell3,
set,90108,EffectPointsPerCombo[2],sql:spell_template.effectPointsPerComboPoint3,
set,90108,EffectAuraPeriod[0],sql:spell_template.effectAmplitude1,
set,90108,EffectAmplitude[0],sql:spell_template.effectMultipleValue1,
set,90108,ImplicitTargetA[0],sql:spell_template.effectImplicitTargetA1,
set,90108,ImplicitTargetB[0],sql:spell_template.effectImplicitTargetB1,
set,90108,EffectItemType[0],sql:spell_template.effectItemType1,
set,90108,EffectAuraPeriod[1],sql:spell_template.effectAmplitude2,
set,90108,EffectAmplitude[1],sql:spell_template.effectMultipleValue2,
set,90108,ImplicitTargetA[1],sql:spell_template.effectImplicitTargetA2,
set,90108,ImplicitTargetB[1],sql:spell_template.effectImplicitTargetB2,
set,90108,EffectItemType[1],sql:spell_template.effectItemType2,
set,90108,EffectAuraPeriod[2],sql:spell_template.effectAmplitude3,
set,90108,EffectAmplitude[2],sql:spell_template.effectMultipleValue3,
set,90108,ImplicitTargetA[2],sql:spell_template.effectImplicitTargetA3,
set,90108,ImplicitTargetB[2],sql:spell_template.effectImplicitTargetB3,
set,90108,EffectItemType[2],sql:spell_template.effectItemType3,
set,90108,School,sql:spell_template.school,
set,90108,Attributes,sql:spell_template.attributes,
set,90108,AttributesEx,sql:spell_template.attributesEx,
set,90108,AttributesExB,sql:spell_template.attributesEx2,
set,90108,AttributesExC,sql:spell_template.attributesEx3,
set,90108,AttributesExD,sql:spell_template.attributesEx4,
set,90108,Category,sql:spell_template.category,
set,90108,CastUI,sql:spell_template.castUI,
set,90108,DispelType,sql:spell_template.dispel,
set,90108,Mechanic,sql:spell_template.mechanic,
set,90108,ShapeshiftMask,sql:spell_template.stances,
set,90108,ShapeshiftExclude,sql:spell_template.stancesNot,
set,90108,Targets,sql:spell_template.targets,
set,90108,TargetCreatureType,sql:spell_template.targetCreatureType,
set,90108,RequiresSpellFocus,sql:spell_template.requiresSpellFocus,
set,90108,CasterAuraState,sql:spell_template.casterAuraState,
set,90108,TargetAuraState,sql:spell_template.targetAuraState,
set,90108,InterruptFlags,sql:spell_template.interruptFlags,
set,90108,AuraInterruptFlags,sql:spell_template.auraInterruptFlags,
set,90108,ChannelInterruptFlags,sql:spell_template.channelInterruptFlags,
set,90108,ProcFlags,sql:spell_template.procFlags,
set,90108,MaxLevel,sql:spell_template.maxLevel,
set,90108,BaseLevel,sql:spell_template.baseLevel,
set,90108,SpellLevel,sql:spell_template.spellLevel,
set,90108,ManaCostPerLevel,sql:spell_template.manCostPerLevel,
set,90108,ManaPerSecond,sql:spell_template.manaPerSecond,
set,90108,ManaPerSecondPerLevel,sql:spell_template.manaPerSecondPerLevel,
set,90108,ModalNextSpell,sql:spell_template.modelNextSpell,
set,90108,Totem[0],sql:spell_template.totem1,
set,90108,Totem[1],sql:spell_template.totem2,
set,90108,Reagent[0],sql:spell_template.reagent1,
set,90108,Reagent[1],sql:spell_template.reagent2,
set,90108,Reagent[2],sql:spell_template.reagent3,
set,90108,Reagent[3],sql:spell_template.reagent4,
set,90108,Reagent[4],sql:spell_template.reagent5,
set,90108,Reagent[5],sql:spell_template.reagent6,
set,90108,Reagent[6],sql:spell_template.reagent7,
set,90108,Reagent[7],sql:spell_template.reagent8,
set,90108,ReagentCount[0],sql:spell_template.reagentCount1,
set,90108,ReagentCount[1],sql:spell_template.reagentCount2,
set,90108,ReagentCount[2],sql:spell_template.reagentCount3,
set,90108,ReagentCount[3],sql:spell_template.reagentCount4,
set,90108,ReagentCount[4],sql:spell_template.reagentCount5,
set,90108,ReagentCount[5],sql:spell_template.reagentCount6,
set,90108,ReagentCount[6],sql:spell_template.reagentCount7,
set,90108,ReagentCount[7],sql:spell_template.reagentCount8,
set,90108,EquippedItemClass,sql:spell_template.equippedItemClass,
set,90108,EquippedItemSubclass,sql:spell_template.equippedItemSubClassMask,
set,90108,EquippedItemInvTypes,sql:spell_template.equippedItemInventoryTypeMask,
set,90108,EffectMechanic[0],sql:spell_template.effectMechanic1,
set,90108,EffectMechanic[1],sql:spell_template.effectMechanic2,
set,90108,EffectMechanic[2],sql:spell_template.effectMechanic3,
set,90108,SpellVisualID[0],sql:spell_template.spellVisual1,
set,90108,SpellVisualID[1],sql:spell_template.spellVisual2,
set,90108,ActiveIconID,sql:spell_template.activeIconId,
set,90108,SpellPriority,sql:spell_template.spellPriority,
set,90108,Name_lang_enUS,sql:spell_template.name,
set,90108,NameSubtext_lang_enUS,sql:spell_template.nameSubtext,
set,90108,Description_lang_enUS,sql:spell_template.description,
set,90108,AuraDescription_lang_enUS,sql:spell_template.auraDescription,
set,90108,MaxTargetLevel,sql:spell_template.maxTargetLevel,
set,90108,SpellClassSet,sql:spell_template.spellFamilyName,
set,90108,MaxTargets,sql:spell_template.maxAffectedTargets,
set,90108,DefenseType,sql:spell_template.dmgClass,
set,90108,PreventionType,sql:spell_template.preventionType,
set,90108,StanceBarOrder,sql:spell_template.stanceBarOrder,
set,90108,EffectChainAmplitude[0],sql:spell_template.dmgMultiplier1,
set,90108,EffectChainAmplitude[1],sql:spell_template.dmgMultiplier2,
set,90108,EffectChainAmplitude[2],sql:spell_template.dmgMultiplier3,
set,90108,MinFactionID,sql:spell_template.minFactionId,
set,90108,MinReputation,sql:spell_template.minReputation,
set,90108,RequiredAuraVision,sql:spell_template.requiredAuraVision,
set,90108,SpellClassMask[0],0,spellFamilyFlags low
set,90108,SpellClassMask[1],0,spellFamilyFlags high
insert,90109,,copy:12297,Earthen Guard rank 5 (#357)
set,90109,CastingTimeIndex,sql:spell_template.castingTimeIndex,
set,90109,RecoveryTime,sql:spell_template.recoveryTime,
set,90109,CategoryRecoveryTime,sql:spell_template.categoryRecoveryTime,
set,90109,ProcChance,sql:spell_template.procChance,
set,90109,ProcCharges,sql:spell_template.procCharges,
set,90109,DurationIndex,sql:spell_template.durationIndex,
set,90109,PowerType,sql:spell_template.powerType,
set,90109,ManaCost,sql:spell_template.manaCost,
set,90109,RangeIndex,sql:spell_template.rangeIndex,
set,90109,Speed,sql:spell_template.speed,
set,90109,CumulativeAura,sql:spell_template.stackAmount,
set,90109,SpellIconID,sql:spell_template.spellIconId,
set,90109,ManaCostPct,sql:spell_template.manaCostPercentage,
set,90109,StartRecoveryCategory,sql:spell_template.startRecoveryCategory,
set,90109,StartRecoveryTime,sql:spell_template.startRecoveryTime,
set,90109,Effect[0],sql:spell_template.effect1,
set,90109,EffectDieSides[0],sql:spell_template.effectDieSides1,
set,90109,EffectBaseDice[0],sql:spell_template.effectBaseDice1,
set,90109,EffectDicePerLevel[0],sql:spell_template.effectDicePerLevel1,
set,90109,EffectRealPointsPerLevel[0],sql:spell_template.effectRealPointsPerLevel1,
set,90109,EffectBasePoints[0],sql:spell_template.effectBasePoints1,
set,90109,EffectAura[0],sql:spell_template.effectApplyAuraName1,
set,90109,EffectRadiusIndex[0],sql:spell_template.effectRadiusIndex1,
set,90109,EffectChainTargets[0],sql:spell_template.effectChainTarget1,
set,90109,EffectMiscValue[0],sql:spell_template.effectMiscValue1,
set,90109,EffectTriggerSpell[0],sql:spell_template.effectTriggerSpell1,
set,90109,EffectPointsPerCombo[0],sql:spell_template.effectPointsPerComboPoint1,
set,90109,Effect[1],sql:spell_template.effect2,
set,90109,EffectDieSides[1],sql:spell_template.effectDieSides2,
set,90109,EffectBaseDice[1],sql:spell_template.effectBaseDice2,
set,90109,EffectDicePerLevel[1],sql:spell_template.effectDicePerLevel2,
set,90109,EffectRealPointsPerLevel[1],sql:spell_template.effectRealPointsPerLevel2,
set,90109,EffectBasePoints[1],sql:spell_template.effectBasePoints2,
set,90109,EffectAura[1],sql:spell_template.effectApplyAuraName2,
set,90109,EffectRadiusIndex[1],sql:spell_template.effectRadiusIndex2,
set,90109,EffectChainTargets[1],sql:spell_template.effectChainTarget2,
set,90109,EffectMiscValue[1],sql:spell_template.effectMiscValue2,
set,90109,EffectTriggerSpell[1],sql:spell_template.effectTriggerSpell2,
set,90109,EffectPointsPerCombo[1],sql:spell_template.effectPointsPerComboPoint2,
set,90109,Effect[2],sql:spell_template.effect3,
set,90109,EffectDieSides[2],sql:spell_template.effectDieSides3,
set,90109,EffectBaseDice[2],sql:spell_template.effectBaseDice3,
set,90109,EffectDicePerLevel[2],sql:spell_template.effectDicePerLevel3,
set,90109,EffectRealPointsPerLevel[2],sql:spell_template.effectRealPointsPerLevel3,
set,90109,EffectBasePoints[2],sql:spell_template.effectBasePoints3,
set,90109,EffectAura[2],sql:spell_template.effectApplyAuraName3,
set,90109,EffectRadiusIndex[2],sql:spell_template.effectRadiusIndex3,
set,90109,EffectChainTargets[2],sql:spell_template.effectChainTarget3,
set,90109,EffectMiscValue[2],sql:spell_template.effectMiscValue3,
set,90109,EffectTriggerSpell[2],sql:spell_template.effectTriggerSpell3,
set,90109,EffectPointsPerCombo[2],sql:spell_template.effectPointsPerComboPoint3,
set,90109,EffectAuraPeriod[0],sql:spell_template.effectAmplitude1,
set,90109,EffectAmplitude[0],sql:spell_template.effectMultipleValue1,
set,90109,ImplicitTargetA[0],sql:spell_template.effectImplicitTargetA1,
set,90109,ImplicitTargetB[0],sql:spell_template.effectImplicitTargetB1,
set,90109,EffectItemType[0],sql:spell_template.effectItemType1,
set,90109,EffectAuraPeriod[1],sql:spell_template.effectAmplitude2,
set,90109,EffectAmplitude[1],sql:spell_template.effectMultipleValue2,
set,90109,ImplicitTargetA[1],sql:spell_template.effectImplicitTargetA2,
set,90109,ImplicitTargetB[1],sql:spell_template.effectImplicitTargetB2,
set,90109,EffectItemType[1],sql:spell_template.effectItemType2,
set,90109,EffectAuraPeriod[2],sql:spell_template.effectAmplitude3,
set,90109,EffectAmplitude[2],sql:spell_template.effectMultipleValue3,
set,90109,ImplicitTargetA[2],sql:spell_template.effectImplicitTargetA3,
set,90109,ImplicitTargetB[2],sql:spell_template.effectImplicitTargetB3,
set,90109,EffectItemType[2],sql:spell_template.effectItemType3,
set,90109,School,sql:spell_template.school,
set,90109,Attributes,sql:spell_template.attributes,
set,90109,AttributesEx,sql:spell_template.attributesEx,
set,90109,AttributesExB,sql:spell_template.attributesEx2,
set,90109,AttributesExC,sql:spell_template.attributesEx3,
set,90109,AttributesExD,sql:spell_template.attributesEx4,
set,90109,Category,sql:spell_template.category,
set,90109,CastUI,sql:spell_template.castUI,
set,90109,DispelType,sql:spell_template.dispel,
set,90109,Mechanic,sql:spell_template.mechanic,
set,90109,ShapeshiftMask,sql:spell_template.stances,
set,90109,ShapeshiftExclude,sql:spell_template.stancesNot,
set,90109,Targets,sql:spell_template.targets,
set,90109,TargetCreatureType,sql:spell_template.targetCreatureType,
set,90109,RequiresSpellFocus,sql:spell_template.requiresSpellFocus,
set,90109,CasterAuraState,sql:spell_template.casterAuraState,
set,90109,TargetAuraState,sql:spell_template.targetAuraState,
set,90109,InterruptFlags,sql:spell_template.interruptFlags,
set,90109,AuraInterruptFlags,sql:spell_template.auraInterruptFlags,
set,90109,ChannelInterruptFlags,sql:spell_template.channelInterruptFlags,
set,90109,ProcFlags,sql:spell_template.procFlags,
set,90109,MaxLevel,sql:spell_template.maxLevel,
set,90109,BaseLevel,sql:spell_template.baseLevel,
set,90109,SpellLevel,sql:spell_template.spellLevel,
set,90109,ManaCostPerLevel,sql:spell_template.manCostPerLevel,
set,90109,ManaPerSecond,sql:spell_template.manaPerSecond,
set,90109,ManaPerSecondPerLevel,sql:spell_template.manaPerSecondPerLevel,
set,90109,ModalNextSpell,sql:spell_template.modelNextSpell,
set,90109,Totem[0],sql:spell_template.totem1,
set,90109,Totem[1],sql:spell_template.totem2,
set,90109,Reagent[0],sql:spell_template.reagent1,
set,90109,Reagent[1],sql:spell_template.reagent2,
set,90109,Reagent[2],sql:spell_template.reagent3,
set,90109,Reagent[3],sql:spell_template.reagent4,
set,90109,Reagent[4],sql:spell_template.reagent5,
set,90109,Reagent[5],sql:spell_template.reagent6,
set,90109,Reagent[6],sql:spell_template.reagent7,
set,90109,Reagent[7],sql:spell_template.reagent8,
set,90109,ReagentCount[0],sql:spell_template.reagentCount1,
set,90109,ReagentCount[1],sql:spell_template.reagentCount2,
set,90109,ReagentCount[2],sql:spell_template.reagentCount3,
set,90109,ReagentCount[3],sql:spell_template.reagentCount4,
set,90109,ReagentCount[4],sql:spell_template.reagentCount5,
set,90109,ReagentCount[5],sql:spell_template.reagentCount6,
set,90109,ReagentCount[6],sql:spell_template.reagentCount7,
set,90109,ReagentCount[7],sql:spell_template.reagentCount8,
set,90109,EquippedItemClass,sql:spell_template.equippedItemClass,
set,90109,EquippedItemSubclass,sql:spell_template.equippedItemSubClassMask,
set,90109,EquippedItemInvTypes,sql:spell_template.equippedItemInventoryTypeMask,
set,90109,EffectMechanic[0],sql:spell_template.effectMechanic1,
set,90109,EffectMechanic[1],sql:spell_template.effectMechanic2,
set,90109,EffectMechanic[2],sql:spell_template.effectMechanic3,
set,90109,SpellVisualID[0],sql:spell_template.spellVisual1,
set,90109,SpellVisualID[1],sql:spell_template.spellVisual2,
set,90109,ActiveIconID,sql:spell_template.activeIconId,
set,90109,SpellPriority,sql:spell_template.spellPriority,
set,90109,Name_lang_enUS,sql:spell_template.name,
set,90109,NameSubtext_lang_enUS,sql:spell_template.nameSubtext,
set,90109,Description_lang_enUS,sql:spell_template.description,
set,90109,AuraDescription_lang_enUS,sql:spell_template.auraDescription,
set,90109,MaxTargetLevel,sql:spell_template.maxTargetLevel,
set,90109,SpellClassSet,sql:spell_template.spellFamilyName,
set,90109,MaxTargets,sql:spell_template.maxAffectedTargets,
set,90109,DefenseType,sql:spell_template.dmgClass,
set,90109,PreventionType,sql:spell_template.preventionType,
set,90109,StanceBarOrder,sql:spell_template.stanceBarOrder,
set,90109,EffectChainAmplitude[0],sql:spell_template.dmgMultiplier1,
set,90109,EffectChainAmplitude[1],sql:spell_template.dmgMultiplier2,
set,90109,EffectChainAmplitude[2],sql:spell_template.dmgMultiplier3,
set,90109,MinFactionID,sql:spell_template.minFactionId,
set,90109,MinReputation,sql:spell_template.minReputation,
set,90109,RequiredAuraVision,sql:spell_template.requiredAuraVision,
set,90109,SpellClassMask[0],0,spellFamilyFlags low
set,90109,SpellClassMask[1],0,spellFamilyFlags high
insert,90111,,copy:16287,Imbue Mastery rank 1 (#357)
set,90111,CastingTimeIndex,sql:spell_template.castingTimeIndex,
set,90111,RecoveryTime,sql:spell_template.recoveryTime,
set,90111,CategoryRecoveryTime,sql:spell_template.categoryRecoveryTime,
set,90111,ProcChance,sql:spell_template.procChance,
set,90111,ProcCharges,sql:spell_template.procCharges,
set,90111,DurationIndex,sql:spell_template.durationIndex,
set,90111,PowerType,sql:spell_template.powerType,
set,90111,ManaCost,sql:spell_template.manaCost,
set,90111,RangeIndex,sql:spell_template.rangeIndex,
set,90111,Speed,sql:spell_template.speed,
set,90111,CumulativeAura,sql:spell_template.stackAmount,
set,90111,SpellIconID,sql:spell_template.spellIconId,
set,90111,ManaCostPct,sql:spell_template.manaCostPercentage,
set,90111,StartRecoveryCategory,sql:spell_template.startRecoveryCategory,
set,90111,StartRecoveryTime,sql:spell_template.startRecoveryTime,
set,90111,Effect[0],sql:spell_template.effect1,
set,90111,EffectDieSides[0],sql:spell_template.effectDieSides1,
set,90111,EffectBaseDice[0],sql:spell_template.effectBaseDice1,
set,90111,EffectDicePerLevel[0],sql:spell_template.effectDicePerLevel1,
set,90111,EffectRealPointsPerLevel[0],sql:spell_template.effectRealPointsPerLevel1,
set,90111,EffectBasePoints[0],sql:spell_template.effectBasePoints1,
set,90111,EffectAura[0],sql:spell_template.effectApplyAuraName1,
set,90111,EffectRadiusIndex[0],sql:spell_template.effectRadiusIndex1,
set,90111,EffectChainTargets[0],sql:spell_template.effectChainTarget1,
set,90111,EffectMiscValue[0],sql:spell_template.effectMiscValue1,
set,90111,EffectTriggerSpell[0],sql:spell_template.effectTriggerSpell1,
set,90111,EffectPointsPerCombo[0],sql:spell_template.effectPointsPerComboPoint1,
set,90111,Effect[1],sql:spell_template.effect2,
set,90111,EffectDieSides[1],sql:spell_template.effectDieSides2,
set,90111,EffectBaseDice[1],sql:spell_template.effectBaseDice2,
set,90111,EffectDicePerLevel[1],sql:spell_template.effectDicePerLevel2,
set,90111,EffectRealPointsPerLevel[1],sql:spell_template.effectRealPointsPerLevel2,
set,90111,EffectBasePoints[1],sql:spell_template.effectBasePoints2,
set,90111,EffectAura[1],sql:spell_template.effectApplyAuraName2,
set,90111,EffectRadiusIndex[1],sql:spell_template.effectRadiusIndex2,
set,90111,EffectChainTargets[1],sql:spell_template.effectChainTarget2,
set,90111,EffectMiscValue[1],sql:spell_template.effectMiscValue2,
set,90111,EffectTriggerSpell[1],sql:spell_template.effectTriggerSpell2,
set,90111,EffectPointsPerCombo[1],sql:spell_template.effectPointsPerComboPoint2,
set,90111,Effect[2],sql:spell_template.effect3,
set,90111,EffectDieSides[2],sql:spell_template.effectDieSides3,
set,90111,EffectBaseDice[2],sql:spell_template.effectBaseDice3,
set,90111,EffectDicePerLevel[2],sql:spell_template.effectDicePerLevel3,
set,90111,EffectRealPointsPerLevel[2],sql:spell_template.effectRealPointsPerLevel3,
set,90111,EffectBasePoints[2],sql:spell_template.effectBasePoints3,
set,90111,EffectAura[2],sql:spell_template.effectApplyAuraName3,
set,90111,EffectRadiusIndex[2],sql:spell_template.effectRadiusIndex3,
set,90111,EffectChainTargets[2],sql:spell_template.effectChainTarget3,
set,90111,EffectMiscValue[2],sql:spell_template.effectMiscValue3,
set,90111,EffectTriggerSpell[2],sql:spell_template.effectTriggerSpell3,
set,90111,EffectPointsPerCombo[2],sql:spell_template.effectPointsPerComboPoint3,
set,90111,EffectAuraPeriod[0],sql:spell_template.effectAmplitude1,
set,90111,EffectAmplitude[0],sql:spell_template.effectMultipleValue1,
set,90111,ImplicitTargetA[0],sql:spell_template.effectImplicitTargetA1,
set,90111,ImplicitTargetB[0],sql:spell_template.effectImplicitTargetB1,
set,90111,EffectItemType[0],sql:spell_template.effectItemType1,
set,90111,EffectAuraPeriod[1],sql:spell_template.effectAmplitude2,
set,90111,EffectAmplitude[1],sql:spell_template.effectMultipleValue2,
set,90111,ImplicitTargetA[1],sql:spell_template.effectImplicitTargetA2,
set,90111,ImplicitTargetB[1],sql:spell_template.effectImplicitTargetB2,
set,90111,EffectItemType[1],sql:spell_template.effectItemType2,
set,90111,EffectAuraPeriod[2],sql:spell_template.effectAmplitude3,
set,90111,EffectAmplitude[2],sql:spell_template.effectMultipleValue3,
set,90111,ImplicitTargetA[2],sql:spell_template.effectImplicitTargetA3,
set,90111,ImplicitTargetB[2],sql:spell_template.effectImplicitTargetB3,
set,90111,EffectItemType[2],sql:spell_template.effectItemType3,
set,90111,School,sql:spell_template.school,
set,90111,Attributes,sql:spell_template.attributes,
set,90111,AttributesEx,sql:spell_template.attributesEx,
set,90111,AttributesExB,sql:spell_template.attributesEx2,
set,90111,AttributesExC,sql:spell_template.attributesEx3,
set,90111,AttributesExD,sql:spell_template.attributesEx4,
set,90111,Category,sql:spell_template.category,
set,90111,CastUI,sql:spell_template.castUI,
set,90111,DispelType,sql:spell_template.dispel,
set,90111,Mechanic,sql:spell_template.mechanic,
set,90111,ShapeshiftMask,sql:spell_template.stances,
set,90111,ShapeshiftExclude,sql:spell_template.stancesNot,
set,90111,Targets,sql:spell_template.targets,
set,90111,TargetCreatureType,sql:spell_template.targetCreatureType,
set,90111,RequiresSpellFocus,sql:spell_template.requiresSpellFocus,
set,90111,CasterAuraState,sql:spell_template.casterAuraState,
set,90111,TargetAuraState,sql:spell_template.targetAuraState,
set,90111,InterruptFlags,sql:spell_template.interruptFlags,
set,90111,AuraInterruptFlags,sql:spell_template.auraInterruptFlags,
set,90111,ChannelInterruptFlags,sql:spell_template.channelInterruptFlags,
set,90111,ProcFlags,sql:spell_template.procFlags,
set,90111,MaxLevel,sql:spell_template.maxLevel,
set,90111,BaseLevel,sql:spell_template.baseLevel,
set,90111,SpellLevel,sql:spell_template.spellLevel,
set,90111,ManaCostPerLevel,sql:spell_template.manCostPerLevel,
set,90111,ManaPerSecond,sql:spell_template.manaPerSecond,
set,90111,ManaPerSecondPerLevel,sql:spell_template.manaPerSecondPerLevel,
set,90111,ModalNextSpell,sql:spell_template.modelNextSpell,
set,90111,Totem[0],sql:spell_template.totem1,
set,90111,Totem[1],sql:spell_template.totem2,
set,90111,Reagent[0],sql:spell_template.reagent1,
set,90111,Reagent[1],sql:spell_template.reagent2,
set,90111,Reagent[2],sql:spell_template.reagent3,
set,90111,Reagent[3],sql:spell_template.reagent4,
set,90111,Reagent[4],sql:spell_template.reagent5,
set,90111,Reagent[5],sql:spell_template.reagent6,
set,90111,Reagent[6],sql:spell_template.reagent7,
set,90111,Reagent[7],sql:spell_template.reagent8,
set,90111,ReagentCount[0],sql:spell_template.reagentCount1,
set,90111,ReagentCount[1],sql:spell_template.reagentCount2,
set,90111,ReagentCount[2],sql:spell_template.reagentCount3,
set,90111,ReagentCount[3],sql:spell_template.reagentCount4,
set,90111,ReagentCount[4],sql:spell_template.reagentCount5,
set,90111,ReagentCount[5],sql:spell_template.reagentCount6,
set,90111,ReagentCount[6],sql:spell_template.reagentCount7,
set,90111,ReagentCount[7],sql:spell_template.reagentCount8,
set,90111,EquippedItemClass,sql:spell_template.equippedItemClass,
set,90111,EquippedItemSubclass,sql:spell_template.equippedItemSubClassMask,
set,90111,EquippedItemInvTypes,sql:spell_template.equippedItemInventoryTypeMask,
set,90111,EffectMechanic[0],sql:spell_template.effectMechanic1,
set,90111,EffectMechanic[1],sql:spell_template.effectMechanic2,
set,90111,EffectMechanic[2],sql:spell_template.effectMechanic3,
set,90111,SpellVisualID[0],sql:spell_template.spellVisual1,
set,90111,SpellVisualID[1],sql:spell_template.spellVisual2,
set,90111,ActiveIconID,sql:spell_template.activeIconId,
set,90111,SpellPriority,sql:spell_template.spellPriority,
set,90111,Name_lang_enUS,sql:spell_template.name,
set,90111,NameSubtext_lang_enUS,sql:spell_template.nameSubtext,
set,90111,Description_lang_enUS,sql:spell_template.description,
set,90111,AuraDescription_lang_enUS,sql:spell_template.auraDescription,
set,90111,MaxTargetLevel,sql:spell_template.maxTargetLevel,
set,90111,SpellClassSet,sql:spell_template.spellFamilyName,
set,90111,MaxTargets,sql:spell_template.maxAffectedTargets,
set,90111,DefenseType,sql:spell_template.dmgClass,
set,90111,PreventionType,sql:spell_template.preventionType,
set,90111,StanceBarOrder,sql:spell_template.stanceBarOrder,
set,90111,EffectChainAmplitude[0],sql:spell_template.dmgMultiplier1,
set,90111,EffectChainAmplitude[1],sql:spell_template.dmgMultiplier2,
set,90111,EffectChainAmplitude[2],sql:spell_template.dmgMultiplier3,
set,90111,MinFactionID,sql:spell_template.minFactionId,
set,90111,MinReputation,sql:spell_template.minReputation,
set,90111,RequiredAuraVision,sql:spell_template.requiredAuraVision,
set,90111,SpellClassMask[0],0,spellFamilyFlags low
set,90111,SpellClassMask[1],0,spellFamilyFlags high
insert,90112,,copy:16287,Imbue Mastery rank 2 (#357)
set,90112,CastingTimeIndex,sql:spell_template.castingTimeIndex,
set,90112,RecoveryTime,sql:spell_template.recoveryTime,
set,90112,CategoryRecoveryTime,sql:spell_template.categoryRecoveryTime,
set,90112,ProcChance,sql:spell_template.procChance,
set,90112,ProcCharges,sql:spell_template.procCharges,
set,90112,DurationIndex,sql:spell_template.durationIndex,
set,90112,PowerType,sql:spell_template.powerType,
set,90112,ManaCost,sql:spell_template.manaCost,
set,90112,RangeIndex,sql:spell_template.rangeIndex,
set,90112,Speed,sql:spell_template.speed,
set,90112,CumulativeAura,sql:spell_template.stackAmount,
set,90112,SpellIconID,sql:spell_template.spellIconId,
set,90112,ManaCostPct,sql:spell_template.manaCostPercentage,
set,90112,StartRecoveryCategory,sql:spell_template.startRecoveryCategory,
set,90112,StartRecoveryTime,sql:spell_template.startRecoveryTime,
set,90112,Effect[0],sql:spell_template.effect1,
set,90112,EffectDieSides[0],sql:spell_template.effectDieSides1,
set,90112,EffectBaseDice[0],sql:spell_template.effectBaseDice1,
set,90112,EffectDicePerLevel[0],sql:spell_template.effectDicePerLevel1,
set,90112,EffectRealPointsPerLevel[0],sql:spell_template.effectRealPointsPerLevel1,
set,90112,EffectBasePoints[0],sql:spell_template.effectBasePoints1,
set,90112,EffectAura[0],sql:spell_template.effectApplyAuraName1,
set,90112,EffectRadiusIndex[0],sql:spell_template.effectRadiusIndex1,
set,90112,EffectChainTargets[0],sql:spell_template.effectChainTarget1,
set,90112,EffectMiscValue[0],sql:spell_template.effectMiscValue1,
set,90112,EffectTriggerSpell[0],sql:spell_template.effectTriggerSpell1,
set,90112,EffectPointsPerCombo[0],sql:spell_template.effectPointsPerComboPoint1,
set,90112,Effect[1],sql:spell_template.effect2,
set,90112,EffectDieSides[1],sql:spell_template.effectDieSides2,
set,90112,EffectBaseDice[1],sql:spell_template.effectBaseDice2,
set,90112,EffectDicePerLevel[1],sql:spell_template.effectDicePerLevel2,
set,90112,EffectRealPointsPerLevel[1],sql:spell_template.effectRealPointsPerLevel2,
set,90112,EffectBasePoints[1],sql:spell_template.effectBasePoints2,
set,90112,EffectAura[1],sql:spell_template.effectApplyAuraName2,
set,90112,EffectRadiusIndex[1],sql:spell_template.effectRadiusIndex2,
set,90112,EffectChainTargets[1],sql:spell_template.effectChainTarget2,
set,90112,EffectMiscValue[1],sql:spell_template.effectMiscValue2,
set,90112,EffectTriggerSpell[1],sql:spell_template.effectTriggerSpell2,
set,90112,EffectPointsPerCombo[1],sql:spell_template.effectPointsPerComboPoint2,
set,90112,Effect[2],sql:spell_template.effect3,
set,90112,EffectDieSides[2],sql:spell_template.effectDieSides3,
set,90112,EffectBaseDice[2],sql:spell_template.effectBaseDice3,
set,90112,EffectDicePerLevel[2],sql:spell_template.effectDicePerLevel3,
set,90112,EffectRealPointsPerLevel[2],sql:spell_template.effectRealPointsPerLevel3,
set,90112,EffectBasePoints[2],sql:spell_template.effectBasePoints3,
set,90112,EffectAura[2],sql:spell_template.effectApplyAuraName3,
set,90112,EffectRadiusIndex[2],sql:spell_template.effectRadiusIndex3,
set,90112,EffectChainTargets[2],sql:spell_template.effectChainTarget3,
set,90112,EffectMiscValue[2],sql:spell_template.effectMiscValue3,
set,90112,EffectTriggerSpell[2],sql:spell_template.effectTriggerSpell3,
set,90112,EffectPointsPerCombo[2],sql:spell_template.effectPointsPerComboPoint3,
set,90112,EffectAuraPeriod[0],sql:spell_template.effectAmplitude1,
set,90112,EffectAmplitude[0],sql:spell_template.effectMultipleValue1,
set,90112,ImplicitTargetA[0],sql:spell_template.effectImplicitTargetA1,
set,90112,ImplicitTargetB[0],sql:spell_template.effectImplicitTargetB1,
set,90112,EffectItemType[0],sql:spell_template.effectItemType1,
set,90112,EffectAuraPeriod[1],sql:spell_template.effectAmplitude2,
set,90112,EffectAmplitude[1],sql:spell_template.effectMultipleValue2,
set,90112,ImplicitTargetA[1],sql:spell_template.effectImplicitTargetA2,
set,90112,ImplicitTargetB[1],sql:spell_template.effectImplicitTargetB2,
set,90112,EffectItemType[1],sql:spell_template.effectItemType2,
set,90112,EffectAuraPeriod[2],sql:spell_template.effectAmplitude3,
set,90112,EffectAmplitude[2],sql:spell_template.effectMultipleValue3,
set,90112,ImplicitTargetA[2],sql:spell_template.effectImplicitTargetA3,
set,90112,ImplicitTargetB[2],sql:spell_template.effectImplicitTargetB3,
set,90112,EffectItemType[2],sql:spell_template.effectItemType3,
set,90112,School,sql:spell_template.school,
set,90112,Attributes,sql:spell_template.attributes,
set,90112,AttributesEx,sql:spell_template.attributesEx,
set,90112,AttributesExB,sql:spell_template.attributesEx2,
set,90112,AttributesExC,sql:spell_template.attributesEx3,
set,90112,AttributesExD,sql:spell_template.attributesEx4,
set,90112,Category,sql:spell_template.category,
set,90112,CastUI,sql:spell_template.castUI,
set,90112,DispelType,sql:spell_template.dispel,
set,90112,Mechanic,sql:spell_template.mechanic,
set,90112,ShapeshiftMask,sql:spell_template.stances,
set,90112,ShapeshiftExclude,sql:spell_template.stancesNot,
set,90112,Targets,sql:spell_template.targets,
set,90112,TargetCreatureType,sql:spell_template.targetCreatureType,
set,90112,RequiresSpellFocus,sql:spell_template.requiresSpellFocus,
set,90112,CasterAuraState,sql:spell_template.casterAuraState,
set,90112,TargetAuraState,sql:spell_template.targetAuraState,
set,90112,InterruptFlags,sql:spell_template.interruptFlags,
set,90112,AuraInterruptFlags,sql:spell_template.auraInterruptFlags,
set,90112,ChannelInterruptFlags,sql:spell_template.channelInterruptFlags,
set,90112,ProcFlags,sql:spell_template.procFlags,
set,90112,MaxLevel,sql:spell_template.maxLevel,
set,90112,BaseLevel,sql:spell_template.baseLevel,
set,90112,SpellLevel,sql:spell_template.spellLevel,
set,90112,ManaCostPerLevel,sql:spell_template.manCostPerLevel,
set,90112,ManaPerSecond,sql:spell_template.manaPerSecond,
set,90112,ManaPerSecondPerLevel,sql:spell_template.manaPerSecondPerLevel,
set,90112,ModalNextSpell,sql:spell_template.modelNextSpell,
set,90112,Totem[0],sql:spell_template.totem1,
set,90112,Totem[1],sql:spell_template.totem2,
set,90112,Reagent[0],sql:spell_template.reagent1,
set,90112,Reagent[1],sql:spell_template.reagent2,
set,90112,Reagent[2],sql:spell_template.reagent3,
set,90112,Reagent[3],sql:spell_template.reagent4,
set,90112,Reagent[4],sql:spell_template.reagent5,
set,90112,Reagent[5],sql:spell_template.reagent6,
set,90112,Reagent[6],sql:spell_template.reagent7,
set,90112,Reagent[7],sql:spell_template.reagent8,
set,90112,ReagentCount[0],sql:spell_template.reagentCount1,
set,90112,ReagentCount[1],sql:spell_template.reagentCount2,
set,90112,ReagentCount[2],sql:spell_template.reagentCount3,
set,90112,ReagentCount[3],sql:spell_template.reagentCount4,
set,90112,ReagentCount[4],sql:spell_template.reagentCount5,
set,90112,ReagentCount[5],sql:spell_template.reagentCount6,
set,90112,ReagentCount[6],sql:spell_template.reagentCount7,
set,90112,ReagentCount[7],sql:spell_template.reagentCount8,
set,90112,EquippedItemClass,sql:spell_template.equippedItemClass,
set,90112,EquippedItemSubclass,sql:spell_template.equippedItemSubClassMask,
set,90112,EquippedItemInvTypes,sql:spell_template.equippedItemInventoryTypeMask,
set,90112,EffectMechanic[0],sql:spell_template.effectMechanic1,
set,90112,EffectMechanic[1],sql:spell_template.effectMechanic2,
set,90112,EffectMechanic[2],sql:spell_template.effectMechanic3,
set,90112,SpellVisualID[0],sql:spell_template.spellVisual1,
set,90112,SpellVisualID[1],sql:spell_template.spellVisual2,
set,90112,ActiveIconID,sql:spell_template.activeIconId,
set,90112,SpellPriority,sql:spell_template.spellPriority,
set,90112,Name_lang_enUS,sql:spell_template.name,
set,90112,NameSubtext_lang_enUS,sql:spell_template.nameSubtext,
set,90112,Description_lang_enUS,sql:spell_template.description,
set,90112,AuraDescription_lang_enUS,sql:spell_template.auraDescription,
set,90112,MaxTargetLevel,sql:spell_template.maxTargetLevel,
set,90112,SpellClassSet,sql:spell_template.spellFamilyName,
set,90112,MaxTargets,sql:spell_template.maxAffectedTargets,
set,90112,DefenseType,sql:spell_template.dmgClass,
set,90112,PreventionType,sql:spell_template.preventionType,
set,90112,StanceBarOrder,sql:spell_template.stanceBarOrder,
set,90112,EffectChainAmplitude[0],sql:spell_template.dmgMultiplier1,
set,90112,EffectChainAmplitude[1],sql:spell_template.dmgMultiplier2,
set,90112,EffectChainAmplitude[2],sql:spell_template.dmgMultiplier3,
set,90112,MinFactionID,sql:spell_template.minFactionId,
set,90112,MinReputation,sql:spell_template.minReputation,
set,90112,RequiredAuraVision,sql:spell_template.requiredAuraVision,
set,90112,SpellClassMask[0],0,spellFamilyFlags low
set,90112,SpellClassMask[1],0,spellFamilyFlags high
insert,90113,,copy:16287,Imbue Mastery rank 3 (#357)
set,90113,CastingTimeIndex,sql:spell_template.castingTimeIndex,
set,90113,RecoveryTime,sql:spell_template.recoveryTime,
set,90113,CategoryRecoveryTime,sql:spell_template.categoryRecoveryTime,
set,90113,ProcChance,sql:spell_template.procChance,
set,90113,ProcCharges,sql:spell_template.procCharges,
set,90113,DurationIndex,sql:spell_template.durationIndex,
set,90113,PowerType,sql:spell_template.powerType,
set,90113,ManaCost,sql:spell_template.manaCost,
set,90113,RangeIndex,sql:spell_template.rangeIndex,
set,90113,Speed,sql:spell_template.speed,
set,90113,CumulativeAura,sql:spell_template.stackAmount,
set,90113,SpellIconID,sql:spell_template.spellIconId,
set,90113,ManaCostPct,sql:spell_template.manaCostPercentage,
set,90113,StartRecoveryCategory,sql:spell_template.startRecoveryCategory,
set,90113,StartRecoveryTime,sql:spell_template.startRecoveryTime,
set,90113,Effect[0],sql:spell_template.effect1,
set,90113,EffectDieSides[0],sql:spell_template.effectDieSides1,
set,90113,EffectBaseDice[0],sql:spell_template.effectBaseDice1,
set,90113,EffectDicePerLevel[0],sql:spell_template.effectDicePerLevel1,
set,90113,EffectRealPointsPerLevel[0],sql:spell_template.effectRealPointsPerLevel1,
set,90113,EffectBasePoints[0],sql:spell_template.effectBasePoints1,
set,90113,EffectAura[0],sql:spell_template.effectApplyAuraName1,
set,90113,EffectRadiusIndex[0],sql:spell_template.effectRadiusIndex1,
set,90113,EffectChainTargets[0],sql:spell_template.effectChainTarget1,
set,90113,EffectMiscValue[0],sql:spell_template.effectMiscValue1,
set,90113,EffectTriggerSpell[0],sql:spell_template.effectTriggerSpell1,
set,90113,EffectPointsPerCombo[0],sql:spell_template.effectPointsPerComboPoint1,
set,90113,Effect[1],sql:spell_template.effect2,
set,90113,EffectDieSides[1],sql:spell_template.effectDieSides2,
set,90113,EffectBaseDice[1],sql:spell_template.effectBaseDice2,
set,90113,EffectDicePerLevel[1],sql:spell_template.effectDicePerLevel2,
set,90113,EffectRealPointsPerLevel[1],sql:spell_template.effectRealPointsPerLevel2,
set,90113,EffectBasePoints[1],sql:spell_template.effectBasePoints2,
set,90113,EffectAura[1],sql:spell_template.effectApplyAuraName2,
set,90113,EffectRadiusIndex[1],sql:spell_template.effectRadiusIndex2,
set,90113,EffectChainTargets[1],sql:spell_template.effectChainTarget2,
set,90113,EffectMiscValue[1],sql:spell_template.effectMiscValue2,
set,90113,EffectTriggerSpell[1],sql:spell_template.effectTriggerSpell2,
set,90113,EffectPointsPerCombo[1],sql:spell_template.effectPointsPerComboPoint2,
set,90113,Effect[2],sql:spell_template.effect3,
set,90113,EffectDieSides[2],sql:spell_template.effectDieSides3,
set,90113,EffectBaseDice[2],sql:spell_template.effectBaseDice3,
set,90113,EffectDicePerLevel[2],sql:spell_template.effectDicePerLevel3,
set,90113,EffectRealPointsPerLevel[2],sql:spell_template.effectRealPointsPerLevel3,
set,90113,EffectBasePoints[2],sql:spell_template.effectBasePoints3,
set,90113,EffectAura[2],sql:spell_template.effectApplyAuraName3,
set,90113,EffectRadiusIndex[2],sql:spell_template.effectRadiusIndex3,
set,90113,EffectChainTargets[2],sql:spell_template.effectChainTarget3,
set,90113,EffectMiscValue[2],sql:spell_template.effectMiscValue3,
set,90113,EffectTriggerSpell[2],sql:spell_template.effectTriggerSpell3,
set,90113,EffectPointsPerCombo[2],sql:spell_template.effectPointsPerComboPoint3,
set,90113,EffectAuraPeriod[0],sql:spell_template.effectAmplitude1,
set,90113,EffectAmplitude[0],sql:spell_template.effectMultipleValue1,
set,90113,ImplicitTargetA[0],sql:spell_template.effectImplicitTargetA1,
set,90113,ImplicitTargetB[0],sql:spell_template.effectImplicitTargetB1,
set,90113,EffectItemType[0],sql:spell_template.effectItemType1,
set,90113,EffectAuraPeriod[1],sql:spell_template.effectAmplitude2,
set,90113,EffectAmplitude[1],sql:spell_template.effectMultipleValue2,
set,90113,ImplicitTargetA[1],sql:spell_template.effectImplicitTargetA2,
set,90113,ImplicitTargetB[1],sql:spell_template.effectImplicitTargetB2,
set,90113,EffectItemType[1],sql:spell_template.effectItemType2,
set,90113,EffectAuraPeriod[2],sql:spell_template.effectAmplitude3,
set,90113,EffectAmplitude[2],sql:spell_template.effectMultipleValue3,
set,90113,ImplicitTargetA[2],sql:spell_template.effectImplicitTargetA3,
set,90113,ImplicitTargetB[2],sql:spell_template.effectImplicitTargetB3,
set,90113,EffectItemType[2],sql:spell_template.effectItemType3,
set,90113,School,sql:spell_template.school,
set,90113,Attributes,sql:spell_template.attributes,
set,90113,AttributesEx,sql:spell_template.attributesEx,
set,90113,AttributesExB,sql:spell_template.attributesEx2,
set,90113,AttributesExC,sql:spell_template.attributesEx3,
set,90113,AttributesExD,sql:spell_template.attributesEx4,
set,90113,Category,sql:spell_template.category,
set,90113,CastUI,sql:spell_template.castUI,
set,90113,DispelType,sql:spell_template.dispel,
set,90113,Mechanic,sql:spell_template.mechanic,
set,90113,ShapeshiftMask,sql:spell_template.stances,
set,90113,ShapeshiftExclude,sql:spell_template.stancesNot,
set,90113,Targets,sql:spell_template.targets,
set,90113,TargetCreatureType,sql:spell_template.targetCreatureType,
set,90113,RequiresSpellFocus,sql:spell_template.requiresSpellFocus,
set,90113,CasterAuraState,sql:spell_template.casterAuraState,
set,90113,TargetAuraState,sql:spell_template.targetAuraState,
set,90113,InterruptFlags,sql:spell_template.interruptFlags,
set,90113,AuraInterruptFlags,sql:spell_template.auraInterruptFlags,
set,90113,ChannelInterruptFlags,sql:spell_template.channelInterruptFlags,
set,90113,ProcFlags,sql:spell_template.procFlags,
set,90113,MaxLevel,sql:spell_template.maxLevel,
set,90113,BaseLevel,sql:spell_template.baseLevel,
set,90113,SpellLevel,sql:spell_template.spellLevel,
set,90113,ManaCostPerLevel,sql:spell_template.manCostPerLevel,
set,90113,ManaPerSecond,sql:spell_template.manaPerSecond,
set,90113,ManaPerSecondPerLevel,sql:spell_template.manaPerSecondPerLevel,
set,90113,ModalNextSpell,sql:spell_template.modelNextSpell,
set,90113,Totem[0],sql:spell_template.totem1,
set,90113,Totem[1],sql:spell_template.totem2,
set,90113,Reagent[0],sql:spell_template.reagent1,
set,90113,Reagent[1],sql:spell_template.reagent2,
set,90113,Reagent[2],sql:spell_template.reagent3,
set,90113,Reagent[3],sql:spell_template.reagent4,
set,90113,Reagent[4],sql:spell_template.reagent5,
set,90113,Reagent[5],sql:spell_template.reagent6,
set,90113,Reagent[6],sql:spell_template.reagent7,
set,90113,Reagent[7],sql:spell_template.reagent8,
set,90113,ReagentCount[0],sql:spell_template.reagentCount1,
set,90113,ReagentCount[1],sql:spell_template.reagentCount2,
set,90113,ReagentCount[2],sql:spell_template.reagentCount3,
set,90113,ReagentCount[3],sql:spell_template.reagentCount4,
set,90113,ReagentCount[4],sql:spell_template.reagentCount5,
set,90113,ReagentCount[5],sql:spell_template.reagentCount6,
set,90113,ReagentCount[6],sql:spell_template.reagentCount7,
set,90113,ReagentCount[7],sql:spell_template.reagentCount8,
set,90113,EquippedItemClass,sql:spell_template.equippedItemClass,
set,90113,EquippedItemSubclass,sql:spell_template.equippedItemSubClassMask,
set,90113,EquippedItemInvTypes,sql:spell_template.equippedItemInventoryTypeMask,
set,90113,EffectMechanic[0],sql:spell_template.effectMechanic1,
set,90113,EffectMechanic[1],sql:spell_template.effectMechanic2,
set,90113,EffectMechanic[2],sql:spell_template.effectMechanic3,
set,90113,SpellVisualID[0],sql:spell_template.spellVisual1,
set,90113,SpellVisualID[1],sql:spell_template.spellVisual2,
set,90113,ActiveIconID,sql:spell_template.activeIconId,
set,90113,SpellPriority,sql:spell_template.spellPriority,
set,90113,Name_lang_enUS,sql:spell_template.name,
set,90113,NameSubtext_lang_enUS,sql:spell_template.nameSubtext,
set,90113,Description_lang_enUS,sql:spell_template.description,
set,90113,AuraDescription_lang_enUS,sql:spell_template.auraDescription,
set,90113,MaxTargetLevel,sql:spell_template.maxTargetLevel,
set,90113,SpellClassSet,sql:spell_template.spellFamilyName,
set,90113,MaxTargets,sql:spell_template.maxAffectedTargets,
set,90113,DefenseType,sql:spell_template.dmgClass,
set,90113,PreventionType,sql:spell_template.preventionType,
set,90113,StanceBarOrder,sql:spell_template.stanceBarOrder,
set,90113,EffectChainAmplitude[0],sql:spell_template.dmgMultiplier1,
set,90113,EffectChainAmplitude[1],sql:spell_template.dmgMultiplier2,
set,90113,EffectChainAmplitude[2],sql:spell_template.dmgMultiplier3,
set,90113,MinFactionID,sql:spell_template.minFactionId,
set,90113,MinReputation,sql:spell_template.minReputation,
set,90113,RequiredAuraVision,sql:spell_template.requiredAuraVision,
set,90113,SpellClassMask[0],0,spellFamilyFlags low
set,90113,SpellClassMask[1],0,spellFamilyFlags high
insert,90114,,copy:12298,Retaliation rank 1 (CV-5) (#357)
set,90114,CastingTimeIndex,sql:spell_template.castingTimeIndex,
set,90114,RecoveryTime,sql:spell_template.recoveryTime,
set,90114,CategoryRecoveryTime,sql:spell_template.categoryRecoveryTime,
set,90114,ProcChance,sql:spell_template.procChance,
set,90114,ProcCharges,sql:spell_template.procCharges,
set,90114,DurationIndex,sql:spell_template.durationIndex,
set,90114,PowerType,sql:spell_template.powerType,
set,90114,ManaCost,sql:spell_template.manaCost,
set,90114,RangeIndex,sql:spell_template.rangeIndex,
set,90114,Speed,sql:spell_template.speed,
set,90114,CumulativeAura,sql:spell_template.stackAmount,
set,90114,SpellIconID,sql:spell_template.spellIconId,
set,90114,ManaCostPct,sql:spell_template.manaCostPercentage,
set,90114,StartRecoveryCategory,sql:spell_template.startRecoveryCategory,
set,90114,StartRecoveryTime,sql:spell_template.startRecoveryTime,
set,90114,Effect[0],sql:spell_template.effect1,
set,90114,EffectDieSides[0],sql:spell_template.effectDieSides1,
set,90114,EffectBaseDice[0],sql:spell_template.effectBaseDice1,
set,90114,EffectDicePerLevel[0],sql:spell_template.effectDicePerLevel1,
set,90114,EffectRealPointsPerLevel[0],sql:spell_template.effectRealPointsPerLevel1,
set,90114,EffectBasePoints[0],sql:spell_template.effectBasePoints1,
set,90114,EffectAura[0],sql:spell_template.effectApplyAuraName1,
set,90114,EffectRadiusIndex[0],sql:spell_template.effectRadiusIndex1,
set,90114,EffectChainTargets[0],sql:spell_template.effectChainTarget1,
set,90114,EffectMiscValue[0],sql:spell_template.effectMiscValue1,
set,90114,EffectTriggerSpell[0],sql:spell_template.effectTriggerSpell1,
set,90114,EffectPointsPerCombo[0],sql:spell_template.effectPointsPerComboPoint1,
set,90114,Effect[1],sql:spell_template.effect2,
set,90114,EffectDieSides[1],sql:spell_template.effectDieSides2,
set,90114,EffectBaseDice[1],sql:spell_template.effectBaseDice2,
set,90114,EffectDicePerLevel[1],sql:spell_template.effectDicePerLevel2,
set,90114,EffectRealPointsPerLevel[1],sql:spell_template.effectRealPointsPerLevel2,
set,90114,EffectBasePoints[1],sql:spell_template.effectBasePoints2,
set,90114,EffectAura[1],sql:spell_template.effectApplyAuraName2,
set,90114,EffectRadiusIndex[1],sql:spell_template.effectRadiusIndex2,
set,90114,EffectChainTargets[1],sql:spell_template.effectChainTarget2,
set,90114,EffectMiscValue[1],sql:spell_template.effectMiscValue2,
set,90114,EffectTriggerSpell[1],sql:spell_template.effectTriggerSpell2,
set,90114,EffectPointsPerCombo[1],sql:spell_template.effectPointsPerComboPoint2,
set,90114,Effect[2],sql:spell_template.effect3,
set,90114,EffectDieSides[2],sql:spell_template.effectDieSides3,
set,90114,EffectBaseDice[2],sql:spell_template.effectBaseDice3,
set,90114,EffectDicePerLevel[2],sql:spell_template.effectDicePerLevel3,
set,90114,EffectRealPointsPerLevel[2],sql:spell_template.effectRealPointsPerLevel3,
set,90114,EffectBasePoints[2],sql:spell_template.effectBasePoints3,
set,90114,EffectAura[2],sql:spell_template.effectApplyAuraName3,
set,90114,EffectRadiusIndex[2],sql:spell_template.effectRadiusIndex3,
set,90114,EffectChainTargets[2],sql:spell_template.effectChainTarget3,
set,90114,EffectMiscValue[2],sql:spell_template.effectMiscValue3,
set,90114,EffectTriggerSpell[2],sql:spell_template.effectTriggerSpell3,
set,90114,EffectPointsPerCombo[2],sql:spell_template.effectPointsPerComboPoint3,
set,90114,EffectAuraPeriod[0],sql:spell_template.effectAmplitude1,
set,90114,EffectAmplitude[0],sql:spell_template.effectMultipleValue1,
set,90114,ImplicitTargetA[0],sql:spell_template.effectImplicitTargetA1,
set,90114,ImplicitTargetB[0],sql:spell_template.effectImplicitTargetB1,
set,90114,EffectItemType[0],sql:spell_template.effectItemType1,
set,90114,EffectAuraPeriod[1],sql:spell_template.effectAmplitude2,
set,90114,EffectAmplitude[1],sql:spell_template.effectMultipleValue2,
set,90114,ImplicitTargetA[1],sql:spell_template.effectImplicitTargetA2,
set,90114,ImplicitTargetB[1],sql:spell_template.effectImplicitTargetB2,
set,90114,EffectItemType[1],sql:spell_template.effectItemType2,
set,90114,EffectAuraPeriod[2],sql:spell_template.effectAmplitude3,
set,90114,EffectAmplitude[2],sql:spell_template.effectMultipleValue3,
set,90114,ImplicitTargetA[2],sql:spell_template.effectImplicitTargetA3,
set,90114,ImplicitTargetB[2],sql:spell_template.effectImplicitTargetB3,
set,90114,EffectItemType[2],sql:spell_template.effectItemType3,
set,90114,School,sql:spell_template.school,
set,90114,Attributes,sql:spell_template.attributes,
set,90114,AttributesEx,sql:spell_template.attributesEx,
set,90114,AttributesExB,sql:spell_template.attributesEx2,
set,90114,AttributesExC,sql:spell_template.attributesEx3,
set,90114,AttributesExD,sql:spell_template.attributesEx4,
set,90114,Category,sql:spell_template.category,
set,90114,CastUI,sql:spell_template.castUI,
set,90114,DispelType,sql:spell_template.dispel,
set,90114,Mechanic,sql:spell_template.mechanic,
set,90114,ShapeshiftMask,sql:spell_template.stances,
set,90114,ShapeshiftExclude,sql:spell_template.stancesNot,
set,90114,Targets,sql:spell_template.targets,
set,90114,TargetCreatureType,sql:spell_template.targetCreatureType,
set,90114,RequiresSpellFocus,sql:spell_template.requiresSpellFocus,
set,90114,CasterAuraState,sql:spell_template.casterAuraState,
set,90114,TargetAuraState,sql:spell_template.targetAuraState,
set,90114,InterruptFlags,sql:spell_template.interruptFlags,
set,90114,AuraInterruptFlags,sql:spell_template.auraInterruptFlags,
set,90114,ChannelInterruptFlags,sql:spell_template.channelInterruptFlags,
set,90114,ProcFlags,sql:spell_template.procFlags,
set,90114,MaxLevel,sql:spell_template.maxLevel,
set,90114,BaseLevel,sql:spell_template.baseLevel,
set,90114,SpellLevel,sql:spell_template.spellLevel,
set,90114,ManaCostPerLevel,sql:spell_template.manCostPerLevel,
set,90114,ManaPerSecond,sql:spell_template.manaPerSecond,
set,90114,ManaPerSecondPerLevel,sql:spell_template.manaPerSecondPerLevel,
set,90114,ModalNextSpell,sql:spell_template.modelNextSpell,
set,90114,Totem[0],sql:spell_template.totem1,
set,90114,Totem[1],sql:spell_template.totem2,
set,90114,Reagent[0],sql:spell_template.reagent1,
set,90114,Reagent[1],sql:spell_template.reagent2,
set,90114,Reagent[2],sql:spell_template.reagent3,
set,90114,Reagent[3],sql:spell_template.reagent4,
set,90114,Reagent[4],sql:spell_template.reagent5,
set,90114,Reagent[5],sql:spell_template.reagent6,
set,90114,Reagent[6],sql:spell_template.reagent7,
set,90114,Reagent[7],sql:spell_template.reagent8,
set,90114,ReagentCount[0],sql:spell_template.reagentCount1,
set,90114,ReagentCount[1],sql:spell_template.reagentCount2,
set,90114,ReagentCount[2],sql:spell_template.reagentCount3,
set,90114,ReagentCount[3],sql:spell_template.reagentCount4,
set,90114,ReagentCount[4],sql:spell_template.reagentCount5,
set,90114,ReagentCount[5],sql:spell_template.reagentCount6,
set,90114,ReagentCount[6],sql:spell_template.reagentCount7,
set,90114,ReagentCount[7],sql:spell_template.reagentCount8,
set,90114,EquippedItemClass,sql:spell_template.equippedItemClass,
set,90114,EquippedItemSubclass,sql:spell_template.equippedItemSubClassMask,
set,90114,EquippedItemInvTypes,sql:spell_template.equippedItemInventoryTypeMask,
set,90114,EffectMechanic[0],sql:spell_template.effectMechanic1,
set,90114,EffectMechanic[1],sql:spell_template.effectMechanic2,
set,90114,EffectMechanic[2],sql:spell_template.effectMechanic3,
set,90114,SpellVisualID[0],sql:spell_template.spellVisual1,
set,90114,SpellVisualID[1],sql:spell_template.spellVisual2,
set,90114,ActiveIconID,sql:spell_template.activeIconId,
set,90114,SpellPriority,sql:spell_template.spellPriority,
set,90114,Name_lang_enUS,sql:spell_template.name,
set,90114,NameSubtext_lang_enUS,sql:spell_template.nameSubtext,
set,90114,Description_lang_enUS,sql:spell_template.description,
set,90114,AuraDescription_lang_enUS,sql:spell_template.auraDescription,
set,90114,MaxTargetLevel,sql:spell_template.maxTargetLevel,
set,90114,SpellClassSet,sql:spell_template.spellFamilyName,
set,90114,MaxTargets,sql:spell_template.maxAffectedTargets,
set,90114,DefenseType,sql:spell_template.dmgClass,
set,90114,PreventionType,sql:spell_template.preventionType,
set,90114,StanceBarOrder,sql:spell_template.stanceBarOrder,
set,90114,EffectChainAmplitude[0],sql:spell_template.dmgMultiplier1,
set,90114,EffectChainAmplitude[1],sql:spell_template.dmgMultiplier2,
set,90114,EffectChainAmplitude[2],sql:spell_template.dmgMultiplier3,
set,90114,MinFactionID,sql:spell_template.minFactionId,
set,90114,MinReputation,sql:spell_template.minReputation,
set,90114,RequiredAuraVision,sql:spell_template.requiredAuraVision,
set,90114,SpellClassMask[0],0,spellFamilyFlags low
set,90114,SpellClassMask[1],0,spellFamilyFlags high
insert,90115,,copy:12298,Retaliation rank 2 (CV-5) (#357)
set,90115,CastingTimeIndex,sql:spell_template.castingTimeIndex,
set,90115,RecoveryTime,sql:spell_template.recoveryTime,
set,90115,CategoryRecoveryTime,sql:spell_template.categoryRecoveryTime,
set,90115,ProcChance,sql:spell_template.procChance,
set,90115,ProcCharges,sql:spell_template.procCharges,
set,90115,DurationIndex,sql:spell_template.durationIndex,
set,90115,PowerType,sql:spell_template.powerType,
set,90115,ManaCost,sql:spell_template.manaCost,
set,90115,RangeIndex,sql:spell_template.rangeIndex,
set,90115,Speed,sql:spell_template.speed,
set,90115,CumulativeAura,sql:spell_template.stackAmount,
set,90115,SpellIconID,sql:spell_template.spellIconId,
set,90115,ManaCostPct,sql:spell_template.manaCostPercentage,
set,90115,StartRecoveryCategory,sql:spell_template.startRecoveryCategory,
set,90115,StartRecoveryTime,sql:spell_template.startRecoveryTime,
set,90115,Effect[0],sql:spell_template.effect1,
set,90115,EffectDieSides[0],sql:spell_template.effectDieSides1,
set,90115,EffectBaseDice[0],sql:spell_template.effectBaseDice1,
set,90115,EffectDicePerLevel[0],sql:spell_template.effectDicePerLevel1,
set,90115,EffectRealPointsPerLevel[0],sql:spell_template.effectRealPointsPerLevel1,
set,90115,EffectBasePoints[0],sql:spell_template.effectBasePoints1,
set,90115,EffectAura[0],sql:spell_template.effectApplyAuraName1,
set,90115,EffectRadiusIndex[0],sql:spell_template.effectRadiusIndex1,
set,90115,EffectChainTargets[0],sql:spell_template.effectChainTarget1,
set,90115,EffectMiscValue[0],sql:spell_template.effectMiscValue1,
set,90115,EffectTriggerSpell[0],sql:spell_template.effectTriggerSpell1,
set,90115,EffectPointsPerCombo[0],sql:spell_template.effectPointsPerComboPoint1,
set,90115,Effect[1],sql:spell_template.effect2,
set,90115,EffectDieSides[1],sql:spell_template.effectDieSides2,
set,90115,EffectBaseDice[1],sql:spell_template.effectBaseDice2,
set,90115,EffectDicePerLevel[1],sql:spell_template.effectDicePerLevel2,
set,90115,EffectRealPointsPerLevel[1],sql:spell_template.effectRealPointsPerLevel2,
set,90115,EffectBasePoints[1],sql:spell_template.effectBasePoints2,
set,90115,EffectAura[1],sql:spell_template.effectApplyAuraName2,
set,90115,EffectRadiusIndex[1],sql:spell_template.effectRadiusIndex2,
set,90115,EffectChainTargets[1],sql:spell_template.effectChainTarget2,
set,90115,EffectMiscValue[1],sql:spell_template.effectMiscValue2,
set,90115,EffectTriggerSpell[1],sql:spell_template.effectTriggerSpell2,
set,90115,EffectPointsPerCombo[1],sql:spell_template.effectPointsPerComboPoint2,
set,90115,Effect[2],sql:spell_template.effect3,
set,90115,EffectDieSides[2],sql:spell_template.effectDieSides3,
set,90115,EffectBaseDice[2],sql:spell_template.effectBaseDice3,
set,90115,EffectDicePerLevel[2],sql:spell_template.effectDicePerLevel3,
set,90115,EffectRealPointsPerLevel[2],sql:spell_template.effectRealPointsPerLevel3,
set,90115,EffectBasePoints[2],sql:spell_template.effectBasePoints3,
set,90115,EffectAura[2],sql:spell_template.effectApplyAuraName3,
set,90115,EffectRadiusIndex[2],sql:spell_template.effectRadiusIndex3,
set,90115,EffectChainTargets[2],sql:spell_template.effectChainTarget3,
set,90115,EffectMiscValue[2],sql:spell_template.effectMiscValue3,
set,90115,EffectTriggerSpell[2],sql:spell_template.effectTriggerSpell3,
set,90115,EffectPointsPerCombo[2],sql:spell_template.effectPointsPerComboPoint3,
set,90115,EffectAuraPeriod[0],sql:spell_template.effectAmplitude1,
set,90115,EffectAmplitude[0],sql:spell_template.effectMultipleValue1,
set,90115,ImplicitTargetA[0],sql:spell_template.effectImplicitTargetA1,
set,90115,ImplicitTargetB[0],sql:spell_template.effectImplicitTargetB1,
set,90115,EffectItemType[0],sql:spell_template.effectItemType1,
set,90115,EffectAuraPeriod[1],sql:spell_template.effectAmplitude2,
set,90115,EffectAmplitude[1],sql:spell_template.effectMultipleValue2,
set,90115,ImplicitTargetA[1],sql:spell_template.effectImplicitTargetA2,
set,90115,ImplicitTargetB[1],sql:spell_template.effectImplicitTargetB2,
set,90115,EffectItemType[1],sql:spell_template.effectItemType2,
set,90115,EffectAuraPeriod[2],sql:spell_template.effectAmplitude3,
set,90115,EffectAmplitude[2],sql:spell_template.effectMultipleValue3,
set,90115,ImplicitTargetA[2],sql:spell_template.effectImplicitTargetA3,
set,90115,ImplicitTargetB[2],sql:spell_template.effectImplicitTargetB3,
set,90115,EffectItemType[2],sql:spell_template.effectItemType3,
set,90115,School,sql:spell_template.school,
set,90115,Attributes,sql:spell_template.attributes,
set,90115,AttributesEx,sql:spell_template.attributesEx,
set,90115,AttributesExB,sql:spell_template.attributesEx2,
set,90115,AttributesExC,sql:spell_template.attributesEx3,
set,90115,AttributesExD,sql:spell_template.attributesEx4,
set,90115,Category,sql:spell_template.category,
set,90115,CastUI,sql:spell_template.castUI,
set,90115,DispelType,sql:spell_template.dispel,
set,90115,Mechanic,sql:spell_template.mechanic,
set,90115,ShapeshiftMask,sql:spell_template.stances,
set,90115,ShapeshiftExclude,sql:spell_template.stancesNot,
set,90115,Targets,sql:spell_template.targets,
set,90115,TargetCreatureType,sql:spell_template.targetCreatureType,
set,90115,RequiresSpellFocus,sql:spell_template.requiresSpellFocus,
set,90115,CasterAuraState,sql:spell_template.casterAuraState,
set,90115,TargetAuraState,sql:spell_template.targetAuraState,
set,90115,InterruptFlags,sql:spell_template.interruptFlags,
set,90115,AuraInterruptFlags,sql:spell_template.auraInterruptFlags,
set,90115,ChannelInterruptFlags,sql:spell_template.channelInterruptFlags,
set,90115,ProcFlags,sql:spell_template.procFlags,
set,90115,MaxLevel,sql:spell_template.maxLevel,
set,90115,BaseLevel,sql:spell_template.baseLevel,
set,90115,SpellLevel,sql:spell_template.spellLevel,
set,90115,ManaCostPerLevel,sql:spell_template.manCostPerLevel,
set,90115,ManaPerSecond,sql:spell_template.manaPerSecond,
set,90115,ManaPerSecondPerLevel,sql:spell_template.manaPerSecondPerLevel,
set,90115,ModalNextSpell,sql:spell_template.modelNextSpell,
set,90115,Totem[0],sql:spell_template.totem1,
set,90115,Totem[1],sql:spell_template.totem2,
set,90115,Reagent[0],sql:spell_template.reagent1,
set,90115,Reagent[1],sql:spell_template.reagent2,
set,90115,Reagent[2],sql:spell_template.reagent3,
set,90115,Reagent[3],sql:spell_template.reagent4,
set,90115,Reagent[4],sql:spell_template.reagent5,
set,90115,Reagent[5],sql:spell_template.reagent6,
set,90115,Reagent[6],sql:spell_template.reagent7,
set,90115,Reagent[7],sql:spell_template.reagent8,
set,90115,ReagentCount[0],sql:spell_template.reagentCount1,
set,90115,ReagentCount[1],sql:spell_template.reagentCount2,
set,90115,ReagentCount[2],sql:spell_template.reagentCount3,
set,90115,ReagentCount[3],sql:spell_template.reagentCount4,
set,90115,ReagentCount[4],sql:spell_template.reagentCount5,
set,90115,ReagentCount[5],sql:spell_template.reagentCount6,
set,90115,ReagentCount[6],sql:spell_template.reagentCount7,
set,90115,ReagentCount[7],sql:spell_template.reagentCount8,
set,90115,EquippedItemClass,sql:spell_template.equippedItemClass,
set,90115,EquippedItemSubclass,sql:spell_template.equippedItemSubClassMask,
set,90115,EquippedItemInvTypes,sql:spell_template.equippedItemInventoryTypeMask,
set,90115,EffectMechanic[0],sql:spell_template.effectMechanic1,
set,90115,EffectMechanic[1],sql:spell_template.effectMechanic2,
set,90115,EffectMechanic[2],sql:spell_template.effectMechanic3,
set,90115,SpellVisualID[0],sql:spell_template.spellVisual1,
set,90115,SpellVisualID[1],sql:spell_template.spellVisual2,
set,90115,ActiveIconID,sql:spell_template.activeIconId,
set,90115,SpellPriority,sql:spell_template.spellPriority,
set,90115,Name_lang_enUS,sql:spell_template.name,
set,90115,NameSubtext_lang_enUS,sql:spell_template.nameSubtext,
set,90115,Description_lang_enUS,sql:spell_template.description,
set,90115,AuraDescription_lang_enUS,sql:spell_template.auraDescription,
set,90115,MaxTargetLevel,sql:spell_template.maxTargetLevel,
set,90115,SpellClassSet,sql:spell_template.spellFamilyName,
set,90115,MaxTargets,sql:spell_template.maxAffectedTargets,
set,90115,DefenseType,sql:spell_template.dmgClass,
set,90115,PreventionType,sql:spell_template.preventionType,
set,90115,StanceBarOrder,sql:spell_template.stanceBarOrder,
set,90115,EffectChainAmplitude[0],sql:spell_template.dmgMultiplier1,
set,90115,EffectChainAmplitude[1],sql:spell_template.dmgMultiplier2,
set,90115,EffectChainAmplitude[2],sql:spell_template.dmgMultiplier3,
set,90115,MinFactionID,sql:spell_template.minFactionId,
set,90115,MinReputation,sql:spell_template.minReputation,
set,90115,RequiredAuraVision,sql:spell_template.requiredAuraVision,
set,90115,SpellClassMask[0],0,spellFamilyFlags low
set,90115,SpellClassMask[1],0,spellFamilyFlags high
insert,90116,,copy:12298,Retaliation rank 3 (CV-5) (#357)
set,90116,CastingTimeIndex,sql:spell_template.castingTimeIndex,
set,90116,RecoveryTime,sql:spell_template.recoveryTime,
set,90116,CategoryRecoveryTime,sql:spell_template.categoryRecoveryTime,
set,90116,ProcChance,sql:spell_template.procChance,
set,90116,ProcCharges,sql:spell_template.procCharges,
set,90116,DurationIndex,sql:spell_template.durationIndex,
set,90116,PowerType,sql:spell_template.powerType,
set,90116,ManaCost,sql:spell_template.manaCost,
set,90116,RangeIndex,sql:spell_template.rangeIndex,
set,90116,Speed,sql:spell_template.speed,
set,90116,CumulativeAura,sql:spell_template.stackAmount,
set,90116,SpellIconID,sql:spell_template.spellIconId,
set,90116,ManaCostPct,sql:spell_template.manaCostPercentage,
set,90116,StartRecoveryCategory,sql:spell_template.startRecoveryCategory,
set,90116,StartRecoveryTime,sql:spell_template.startRecoveryTime,
set,90116,Effect[0],sql:spell_template.effect1,
set,90116,EffectDieSides[0],sql:spell_template.effectDieSides1,
set,90116,EffectBaseDice[0],sql:spell_template.effectBaseDice1,
set,90116,EffectDicePerLevel[0],sql:spell_template.effectDicePerLevel1,
set,90116,EffectRealPointsPerLevel[0],sql:spell_template.effectRealPointsPerLevel1,
set,90116,EffectBasePoints[0],sql:spell_template.effectBasePoints1,
set,90116,EffectAura[0],sql:spell_template.effectApplyAuraName1,
set,90116,EffectRadiusIndex[0],sql:spell_template.effectRadiusIndex1,
set,90116,EffectChainTargets[0],sql:spell_template.effectChainTarget1,
set,90116,EffectMiscValue[0],sql:spell_template.effectMiscValue1,
set,90116,EffectTriggerSpell[0],sql:spell_template.effectTriggerSpell1,
set,90116,EffectPointsPerCombo[0],sql:spell_template.effectPointsPerComboPoint1,
set,90116,Effect[1],sql:spell_template.effect2,
set,90116,EffectDieSides[1],sql:spell_template.effectDieSides2,
set,90116,EffectBaseDice[1],sql:spell_template.effectBaseDice2,
set,90116,EffectDicePerLevel[1],sql:spell_template.effectDicePerLevel2,
set,90116,EffectRealPointsPerLevel[1],sql:spell_template.effectRealPointsPerLevel2,
set,90116,EffectBasePoints[1],sql:spell_template.effectBasePoints2,
set,90116,EffectAura[1],sql:spell_template.effectApplyAuraName2,
set,90116,EffectRadiusIndex[1],sql:spell_template.effectRadiusIndex2,
set,90116,EffectChainTargets[1],sql:spell_template.effectChainTarget2,
set,90116,EffectMiscValue[1],sql:spell_template.effectMiscValue2,
set,90116,EffectTriggerSpell[1],sql:spell_template.effectTriggerSpell2,
set,90116,EffectPointsPerCombo[1],sql:spell_template.effectPointsPerComboPoint2,
set,90116,Effect[2],sql:spell_template.effect3,
set,90116,EffectDieSides[2],sql:spell_template.effectDieSides3,
set,90116,EffectBaseDice[2],sql:spell_template.effectBaseDice3,
set,90116,EffectDicePerLevel[2],sql:spell_template.effectDicePerLevel3,
set,90116,EffectRealPointsPerLevel[2],sql:spell_template.effectRealPointsPerLevel3,
set,90116,EffectBasePoints[2],sql:spell_template.effectBasePoints3,
set,90116,EffectAura[2],sql:spell_template.effectApplyAuraName3,
set,90116,EffectRadiusIndex[2],sql:spell_template.effectRadiusIndex3,
set,90116,EffectChainTargets[2],sql:spell_template.effectChainTarget3,
set,90116,EffectMiscValue[2],sql:spell_template.effectMiscValue3,
set,90116,EffectTriggerSpell[2],sql:spell_template.effectTriggerSpell3,
set,90116,EffectPointsPerCombo[2],sql:spell_template.effectPointsPerComboPoint3,
set,90116,EffectAuraPeriod[0],sql:spell_template.effectAmplitude1,
set,90116,EffectAmplitude[0],sql:spell_template.effectMultipleValue1,
set,90116,ImplicitTargetA[0],sql:spell_template.effectImplicitTargetA1,
set,90116,ImplicitTargetB[0],sql:spell_template.effectImplicitTargetB1,
set,90116,EffectItemType[0],sql:spell_template.effectItemType1,
set,90116,EffectAuraPeriod[1],sql:spell_template.effectAmplitude2,
set,90116,EffectAmplitude[1],sql:spell_template.effectMultipleValue2,
set,90116,ImplicitTargetA[1],sql:spell_template.effectImplicitTargetA2,
set,90116,ImplicitTargetB[1],sql:spell_template.effectImplicitTargetB2,
set,90116,EffectItemType[1],sql:spell_template.effectItemType2,
set,90116,EffectAuraPeriod[2],sql:spell_template.effectAmplitude3,
set,90116,EffectAmplitude[2],sql:spell_template.effectMultipleValue3,
set,90116,ImplicitTargetA[2],sql:spell_template.effectImplicitTargetA3,
set,90116,ImplicitTargetB[2],sql:spell_template.effectImplicitTargetB3,
set,90116,EffectItemType[2],sql:spell_template.effectItemType3,
set,90116,School,sql:spell_template.school,
set,90116,Attributes,sql:spell_template.attributes,
set,90116,AttributesEx,sql:spell_template.attributesEx,
set,90116,AttributesExB,sql:spell_template.attributesEx2,
set,90116,AttributesExC,sql:spell_template.attributesEx3,
set,90116,AttributesExD,sql:spell_template.attributesEx4,
set,90116,Category,sql:spell_template.category,
set,90116,CastUI,sql:spell_template.castUI,
set,90116,DispelType,sql:spell_template.dispel,
set,90116,Mechanic,sql:spell_template.mechanic,
set,90116,ShapeshiftMask,sql:spell_template.stances,
set,90116,ShapeshiftExclude,sql:spell_template.stancesNot,
set,90116,Targets,sql:spell_template.targets,
set,90116,TargetCreatureType,sql:spell_template.targetCreatureType,
set,90116,RequiresSpellFocus,sql:spell_template.requiresSpellFocus,
set,90116,CasterAuraState,sql:spell_template.casterAuraState,
set,90116,TargetAuraState,sql:spell_template.targetAuraState,
set,90116,InterruptFlags,sql:spell_template.interruptFlags,
set,90116,AuraInterruptFlags,sql:spell_template.auraInterruptFlags,
set,90116,ChannelInterruptFlags,sql:spell_template.channelInterruptFlags,
set,90116,ProcFlags,sql:spell_template.procFlags,
set,90116,MaxLevel,sql:spell_template.maxLevel,
set,90116,BaseLevel,sql:spell_template.baseLevel,
set,90116,SpellLevel,sql:spell_template.spellLevel,
set,90116,ManaCostPerLevel,sql:spell_template.manCostPerLevel,
set,90116,ManaPerSecond,sql:spell_template.manaPerSecond,
set,90116,ManaPerSecondPerLevel,sql:spell_template.manaPerSecondPerLevel,
set,90116,ModalNextSpell,sql:spell_template.modelNextSpell,
set,90116,Totem[0],sql:spell_template.totem1,
set,90116,Totem[1],sql:spell_template.totem2,
set,90116,Reagent[0],sql:spell_template.reagent1,
set,90116,Reagent[1],sql:spell_template.reagent2,
set,90116,Reagent[2],sql:spell_template.reagent3,
set,90116,Reagent[3],sql:spell_template.reagent4,
set,90116,Reagent[4],sql:spell_template.reagent5,
set,90116,Reagent[5],sql:spell_template.reagent6,
set,90116,Reagent[6],sql:spell_template.reagent7,
set,90116,Reagent[7],sql:spell_template.reagent8,
set,90116,ReagentCount[0],sql:spell_template.reagentCount1,
set,90116,ReagentCount[1],sql:spell_template.reagentCount2,
set,90116,ReagentCount[2],sql:spell_template.reagentCount3,
set,90116,ReagentCount[3],sql:spell_template.reagentCount4,
set,90116,ReagentCount[4],sql:spell_template.reagentCount5,
set,90116,ReagentCount[5],sql:spell_template.reagentCount6,
set,90116,ReagentCount[6],sql:spell_template.reagentCount7,
set,90116,ReagentCount[7],sql:spell_template.reagentCount8,
set,90116,EquippedItemClass,sql:spell_template.equippedItemClass,
set,90116,EquippedItemSubclass,sql:spell_template.equippedItemSubClassMask,
set,90116,EquippedItemInvTypes,sql:spell_template.equippedItemInventoryTypeMask,
set,90116,EffectMechanic[0],sql:spell_template.effectMechanic1,
set,90116,EffectMechanic[1],sql:spell_template.effectMechanic2,
set,90116,EffectMechanic[2],sql:spell_template.effectMechanic3,
set,90116,SpellVisualID[0],sql:spell_template.spellVisual1,
set,90116,SpellVisualID[1],sql:spell_template.spellVisual2,
set,90116,ActiveIconID,sql:spell_template.activeIconId,
set,90116,SpellPriority,sql:spell_template.spellPriority,
set,90116,Name_lang_enUS,sql:spell_template.name,
set,90116,NameSubtext_lang_enUS,sql:spell_template.nameSubtext,
set,90116,Description_lang_enUS,sql:spell_template.description,
set,90116,AuraDescription_lang_enUS,sql:spell_template.auraDescription,
set,90116,MaxTargetLevel,sql:spell_template.maxTargetLevel,
set,90116,SpellClassSet,sql:spell_template.spellFamilyName,
set,90116,MaxTargets,sql:spell_template.maxAffectedTargets,
set,90116,DefenseType,sql:spell_template.dmgClass,
set,90116,PreventionType,sql:spell_template.preventionType,
set,90116,StanceBarOrder,sql:spell_template.stanceBarOrder,
set,90116,EffectChainAmplitude[0],sql:spell_template.dmgMultiplier1,
set,90116,EffectChainAmplitude[1],sql:spell_template.dmgMultiplier2,
set,90116,EffectChainAmplitude[2],sql:spell_template.dmgMultiplier3,
set,90116,MinFactionID,sql:spell_template.minFactionId,
set,90116,MinReputation,sql:spell_template.minReputation,
set,90116,RequiredAuraVision,sql:spell_template.requiredAuraVision,
set,90116,SpellClassMask[0],0,spellFamilyFlags low
set,90116,SpellClassMask[1],0,spellFamilyFlags high
insert,90117,,copy:12297,Charged Stormstrike (CV-2) (#357)
set,90117,CastingTimeIndex,sql:spell_template.castingTimeIndex,
set,90117,RecoveryTime,sql:spell_template.recoveryTime,
set,90117,CategoryRecoveryTime,sql:spell_template.categoryRecoveryTime,
set,90117,ProcChance,sql:spell_template.procChance,
set,90117,ProcCharges,sql:spell_template.procCharges,
set,90117,DurationIndex,sql:spell_template.durationIndex,
set,90117,PowerType,sql:spell_template.powerType,
set,90117,ManaCost,sql:spell_template.manaCost,
set,90117,RangeIndex,sql:spell_template.rangeIndex,
set,90117,Speed,sql:spell_template.speed,
set,90117,CumulativeAura,sql:spell_template.stackAmount,
set,90117,SpellIconID,sql:spell_template.spellIconId,
set,90117,ManaCostPct,sql:spell_template.manaCostPercentage,
set,90117,StartRecoveryCategory,sql:spell_template.startRecoveryCategory,
set,90117,StartRecoveryTime,sql:spell_template.startRecoveryTime,
set,90117,Effect[0],sql:spell_template.effect1,
set,90117,EffectDieSides[0],sql:spell_template.effectDieSides1,
set,90117,EffectBaseDice[0],sql:spell_template.effectBaseDice1,
set,90117,EffectDicePerLevel[0],sql:spell_template.effectDicePerLevel1,
set,90117,EffectRealPointsPerLevel[0],sql:spell_template.effectRealPointsPerLevel1,
set,90117,EffectBasePoints[0],sql:spell_template.effectBasePoints1,
set,90117,EffectAura[0],sql:spell_template.effectApplyAuraName1,
set,90117,EffectRadiusIndex[0],sql:spell_template.effectRadiusIndex1,
set,90117,EffectChainTargets[0],sql:spell_template.effectChainTarget1,
set,90117,EffectMiscValue[0],sql:spell_template.effectMiscValue1,
set,90117,EffectTriggerSpell[0],sql:spell_template.effectTriggerSpell1,
set,90117,EffectPointsPerCombo[0],sql:spell_template.effectPointsPerComboPoint1,
set,90117,Effect[1],sql:spell_template.effect2,
set,90117,EffectDieSides[1],sql:spell_template.effectDieSides2,
set,90117,EffectBaseDice[1],sql:spell_template.effectBaseDice2,
set,90117,EffectDicePerLevel[1],sql:spell_template.effectDicePerLevel2,
set,90117,EffectRealPointsPerLevel[1],sql:spell_template.effectRealPointsPerLevel2,
set,90117,EffectBasePoints[1],sql:spell_template.effectBasePoints2,
set,90117,EffectAura[1],sql:spell_template.effectApplyAuraName2,
set,90117,EffectRadiusIndex[1],sql:spell_template.effectRadiusIndex2,
set,90117,EffectChainTargets[1],sql:spell_template.effectChainTarget2,
set,90117,EffectMiscValue[1],sql:spell_template.effectMiscValue2,
set,90117,EffectTriggerSpell[1],sql:spell_template.effectTriggerSpell2,
set,90117,EffectPointsPerCombo[1],sql:spell_template.effectPointsPerComboPoint2,
set,90117,Effect[2],sql:spell_template.effect3,
set,90117,EffectDieSides[2],sql:spell_template.effectDieSides3,
set,90117,EffectBaseDice[2],sql:spell_template.effectBaseDice3,
set,90117,EffectDicePerLevel[2],sql:spell_template.effectDicePerLevel3,
set,90117,EffectRealPointsPerLevel[2],sql:spell_template.effectRealPointsPerLevel3,
set,90117,EffectBasePoints[2],sql:spell_template.effectBasePoints3,
set,90117,EffectAura[2],sql:spell_template.effectApplyAuraName3,
set,90117,EffectRadiusIndex[2],sql:spell_template.effectRadiusIndex3,
set,90117,EffectChainTargets[2],sql:spell_template.effectChainTarget3,
set,90117,EffectMiscValue[2],sql:spell_template.effectMiscValue3,
set,90117,EffectTriggerSpell[2],sql:spell_template.effectTriggerSpell3,
set,90117,EffectPointsPerCombo[2],sql:spell_template.effectPointsPerComboPoint3,
set,90117,EffectAuraPeriod[0],sql:spell_template.effectAmplitude1,
set,90117,EffectAmplitude[0],sql:spell_template.effectMultipleValue1,
set,90117,ImplicitTargetA[0],sql:spell_template.effectImplicitTargetA1,
set,90117,ImplicitTargetB[0],sql:spell_template.effectImplicitTargetB1,
set,90117,EffectItemType[0],sql:spell_template.effectItemType1,
set,90117,EffectAuraPeriod[1],sql:spell_template.effectAmplitude2,
set,90117,EffectAmplitude[1],sql:spell_template.effectMultipleValue2,
set,90117,ImplicitTargetA[1],sql:spell_template.effectImplicitTargetA2,
set,90117,ImplicitTargetB[1],sql:spell_template.effectImplicitTargetB2,
set,90117,EffectItemType[1],sql:spell_template.effectItemType2,
set,90117,EffectAuraPeriod[2],sql:spell_template.effectAmplitude3,
set,90117,EffectAmplitude[2],sql:spell_template.effectMultipleValue3,
set,90117,ImplicitTargetA[2],sql:spell_template.effectImplicitTargetA3,
set,90117,ImplicitTargetB[2],sql:spell_template.effectImplicitTargetB3,
set,90117,EffectItemType[2],sql:spell_template.effectItemType3,
set,90117,School,sql:spell_template.school,
set,90117,Attributes,sql:spell_template.attributes,
set,90117,AttributesEx,sql:spell_template.attributesEx,
set,90117,AttributesExB,sql:spell_template.attributesEx2,
set,90117,AttributesExC,sql:spell_template.attributesEx3,
set,90117,AttributesExD,sql:spell_template.attributesEx4,
set,90117,Category,sql:spell_template.category,
set,90117,CastUI,sql:spell_template.castUI,
set,90117,DispelType,sql:spell_template.dispel,
set,90117,Mechanic,sql:spell_template.mechanic,
set,90117,ShapeshiftMask,sql:spell_template.stances,
set,90117,ShapeshiftExclude,sql:spell_template.stancesNot,
set,90117,Targets,sql:spell_template.targets,
set,90117,TargetCreatureType,sql:spell_template.targetCreatureType,
set,90117,RequiresSpellFocus,sql:spell_template.requiresSpellFocus,
set,90117,CasterAuraState,sql:spell_template.casterAuraState,
set,90117,TargetAuraState,sql:spell_template.targetAuraState,
set,90117,InterruptFlags,sql:spell_template.interruptFlags,
set,90117,AuraInterruptFlags,sql:spell_template.auraInterruptFlags,
set,90117,ChannelInterruptFlags,sql:spell_template.channelInterruptFlags,
set,90117,ProcFlags,sql:spell_template.procFlags,
set,90117,MaxLevel,sql:spell_template.maxLevel,
set,90117,BaseLevel,sql:spell_template.baseLevel,
set,90117,SpellLevel,sql:spell_template.spellLevel,
set,90117,ManaCostPerLevel,sql:spell_template.manCostPerLevel,
set,90117,ManaPerSecond,sql:spell_template.manaPerSecond,
set,90117,ManaPerSecondPerLevel,sql:spell_template.manaPerSecondPerLevel,
set,90117,ModalNextSpell,sql:spell_template.modelNextSpell,
set,90117,Totem[0],sql:spell_template.totem1,
set,90117,Totem[1],sql:spell_template.totem2,
set,90117,Reagent[0],sql:spell_template.reagent1,
set,90117,Reagent[1],sql:spell_template.reagent2,
set,90117,Reagent[2],sql:spell_template.reagent3,
set,90117,Reagent[3],sql:spell_template.reagent4,
set,90117,Reagent[4],sql:spell_template.reagent5,
set,90117,Reagent[5],sql:spell_template.reagent6,
set,90117,Reagent[6],sql:spell_template.reagent7,
set,90117,Reagent[7],sql:spell_template.reagent8,
set,90117,ReagentCount[0],sql:spell_template.reagentCount1,
set,90117,ReagentCount[1],sql:spell_template.reagentCount2,
set,90117,ReagentCount[2],sql:spell_template.reagentCount3,
set,90117,ReagentCount[3],sql:spell_template.reagentCount4,
set,90117,ReagentCount[4],sql:spell_template.reagentCount5,
set,90117,ReagentCount[5],sql:spell_template.reagentCount6,
set,90117,ReagentCount[6],sql:spell_template.reagentCount7,
set,90117,ReagentCount[7],sql:spell_template.reagentCount8,
set,90117,EquippedItemClass,sql:spell_template.equippedItemClass,
set,90117,EquippedItemSubclass,sql:spell_template.equippedItemSubClassMask,
set,90117,EquippedItemInvTypes,sql:spell_template.equippedItemInventoryTypeMask,
set,90117,EffectMechanic[0],sql:spell_template.effectMechanic1,
set,90117,EffectMechanic[1],sql:spell_template.effectMechanic2,
set,90117,EffectMechanic[2],sql:spell_template.effectMechanic3,
set,90117,SpellVisualID[0],sql:spell_template.spellVisual1,
set,90117,SpellVisualID[1],sql:spell_template.spellVisual2,
set,90117,ActiveIconID,sql:spell_template.activeIconId,
set,90117,SpellPriority,sql:spell_template.spellPriority,
set,90117,Name_lang_enUS,sql:spell_template.name,
set,90117,NameSubtext_lang_enUS,sql:spell_template.nameSubtext,
set,90117,Description_lang_enUS,sql:spell_template.description,
set,90117,AuraDescription_lang_enUS,sql:spell_template.auraDescription,
set,90117,MaxTargetLevel,sql:spell_template.maxTargetLevel,
set,90117,SpellClassSet,sql:spell_template.spellFamilyName,
set,90117,MaxTargets,sql:spell_template.maxAffectedTargets,
set,90117,DefenseType,sql:spell_template.dmgClass,
set,90117,PreventionType,sql:spell_template.preventionType,
set,90117,StanceBarOrder,sql:spell_template.stanceBarOrder,
set,90117,EffectChainAmplitude[0],sql:spell_template.dmgMultiplier1,
set,90117,EffectChainAmplitude[1],sql:spell_template.dmgMultiplier2,
set,90117,EffectChainAmplitude[2],sql:spell_template.dmgMultiplier3,
set,90117,MinFactionID,sql:spell_template.minFactionId,
set,90117,MinReputation,sql:spell_template.minReputation,
set,90117,RequiredAuraVision,sql:spell_template.requiredAuraVision,
set,90117,SpellClassMask[0],0,spellFamilyFlags low
set,90117,SpellClassMask[1],0,spellFamilyFlags high
insert,90118,,copy:12298,Storm Wisdom rank 1 (CV-4) (#357)
set,90118,CastingTimeIndex,sql:spell_template.castingTimeIndex,
set,90118,RecoveryTime,sql:spell_template.recoveryTime,
set,90118,CategoryRecoveryTime,sql:spell_template.categoryRecoveryTime,
set,90118,ProcChance,sql:spell_template.procChance,
set,90118,ProcCharges,sql:spell_template.procCharges,
set,90118,DurationIndex,sql:spell_template.durationIndex,
set,90118,PowerType,sql:spell_template.powerType,
set,90118,ManaCost,sql:spell_template.manaCost,
set,90118,RangeIndex,sql:spell_template.rangeIndex,
set,90118,Speed,sql:spell_template.speed,
set,90118,CumulativeAura,sql:spell_template.stackAmount,
set,90118,SpellIconID,sql:spell_template.spellIconId,
set,90118,ManaCostPct,sql:spell_template.manaCostPercentage,
set,90118,StartRecoveryCategory,sql:spell_template.startRecoveryCategory,
set,90118,StartRecoveryTime,sql:spell_template.startRecoveryTime,
set,90118,Effect[0],sql:spell_template.effect1,
set,90118,EffectDieSides[0],sql:spell_template.effectDieSides1,
set,90118,EffectBaseDice[0],sql:spell_template.effectBaseDice1,
set,90118,EffectDicePerLevel[0],sql:spell_template.effectDicePerLevel1,
set,90118,EffectRealPointsPerLevel[0],sql:spell_template.effectRealPointsPerLevel1,
set,90118,EffectBasePoints[0],sql:spell_template.effectBasePoints1,
set,90118,EffectAura[0],sql:spell_template.effectApplyAuraName1,
set,90118,EffectRadiusIndex[0],sql:spell_template.effectRadiusIndex1,
set,90118,EffectChainTargets[0],sql:spell_template.effectChainTarget1,
set,90118,EffectMiscValue[0],sql:spell_template.effectMiscValue1,
set,90118,EffectTriggerSpell[0],sql:spell_template.effectTriggerSpell1,
set,90118,EffectPointsPerCombo[0],sql:spell_template.effectPointsPerComboPoint1,
set,90118,Effect[1],sql:spell_template.effect2,
set,90118,EffectDieSides[1],sql:spell_template.effectDieSides2,
set,90118,EffectBaseDice[1],sql:spell_template.effectBaseDice2,
set,90118,EffectDicePerLevel[1],sql:spell_template.effectDicePerLevel2,
set,90118,EffectRealPointsPerLevel[1],sql:spell_template.effectRealPointsPerLevel2,
set,90118,EffectBasePoints[1],sql:spell_template.effectBasePoints2,
set,90118,EffectAura[1],sql:spell_template.effectApplyAuraName2,
set,90118,EffectRadiusIndex[1],sql:spell_template.effectRadiusIndex2,
set,90118,EffectChainTargets[1],sql:spell_template.effectChainTarget2,
set,90118,EffectMiscValue[1],sql:spell_template.effectMiscValue2,
set,90118,EffectTriggerSpell[1],sql:spell_template.effectTriggerSpell2,
set,90118,EffectPointsPerCombo[1],sql:spell_template.effectPointsPerComboPoint2,
set,90118,Effect[2],sql:spell_template.effect3,
set,90118,EffectDieSides[2],sql:spell_template.effectDieSides3,
set,90118,EffectBaseDice[2],sql:spell_template.effectBaseDice3,
set,90118,EffectDicePerLevel[2],sql:spell_template.effectDicePerLevel3,
set,90118,EffectRealPointsPerLevel[2],sql:spell_template.effectRealPointsPerLevel3,
set,90118,EffectBasePoints[2],sql:spell_template.effectBasePoints3,
set,90118,EffectAura[2],sql:spell_template.effectApplyAuraName3,
set,90118,EffectRadiusIndex[2],sql:spell_template.effectRadiusIndex3,
set,90118,EffectChainTargets[2],sql:spell_template.effectChainTarget3,
set,90118,EffectMiscValue[2],sql:spell_template.effectMiscValue3,
set,90118,EffectTriggerSpell[2],sql:spell_template.effectTriggerSpell3,
set,90118,EffectPointsPerCombo[2],sql:spell_template.effectPointsPerComboPoint3,
set,90118,EffectAuraPeriod[0],sql:spell_template.effectAmplitude1,
set,90118,EffectAmplitude[0],sql:spell_template.effectMultipleValue1,
set,90118,ImplicitTargetA[0],sql:spell_template.effectImplicitTargetA1,
set,90118,ImplicitTargetB[0],sql:spell_template.effectImplicitTargetB1,
set,90118,EffectItemType[0],sql:spell_template.effectItemType1,
set,90118,EffectAuraPeriod[1],sql:spell_template.effectAmplitude2,
set,90118,EffectAmplitude[1],sql:spell_template.effectMultipleValue2,
set,90118,ImplicitTargetA[1],sql:spell_template.effectImplicitTargetA2,
set,90118,ImplicitTargetB[1],sql:spell_template.effectImplicitTargetB2,
set,90118,EffectItemType[1],sql:spell_template.effectItemType2,
set,90118,EffectAuraPeriod[2],sql:spell_template.effectAmplitude3,
set,90118,EffectAmplitude[2],sql:spell_template.effectMultipleValue3,
set,90118,ImplicitTargetA[2],sql:spell_template.effectImplicitTargetA3,
set,90118,ImplicitTargetB[2],sql:spell_template.effectImplicitTargetB3,
set,90118,EffectItemType[2],sql:spell_template.effectItemType3,
set,90118,School,sql:spell_template.school,
set,90118,Attributes,sql:spell_template.attributes,
set,90118,AttributesEx,sql:spell_template.attributesEx,
set,90118,AttributesExB,sql:spell_template.attributesEx2,
set,90118,AttributesExC,sql:spell_template.attributesEx3,
set,90118,AttributesExD,sql:spell_template.attributesEx4,
set,90118,Category,sql:spell_template.category,
set,90118,CastUI,sql:spell_template.castUI,
set,90118,DispelType,sql:spell_template.dispel,
set,90118,Mechanic,sql:spell_template.mechanic,
set,90118,ShapeshiftMask,sql:spell_template.stances,
set,90118,ShapeshiftExclude,sql:spell_template.stancesNot,
set,90118,Targets,sql:spell_template.targets,
set,90118,TargetCreatureType,sql:spell_template.targetCreatureType,
set,90118,RequiresSpellFocus,sql:spell_template.requiresSpellFocus,
set,90118,CasterAuraState,sql:spell_template.casterAuraState,
set,90118,TargetAuraState,sql:spell_template.targetAuraState,
set,90118,InterruptFlags,sql:spell_template.interruptFlags,
set,90118,AuraInterruptFlags,sql:spell_template.auraInterruptFlags,
set,90118,ChannelInterruptFlags,sql:spell_template.channelInterruptFlags,
set,90118,ProcFlags,sql:spell_template.procFlags,
set,90118,MaxLevel,sql:spell_template.maxLevel,
set,90118,BaseLevel,sql:spell_template.baseLevel,
set,90118,SpellLevel,sql:spell_template.spellLevel,
set,90118,ManaCostPerLevel,sql:spell_template.manCostPerLevel,
set,90118,ManaPerSecond,sql:spell_template.manaPerSecond,
set,90118,ManaPerSecondPerLevel,sql:spell_template.manaPerSecondPerLevel,
set,90118,ModalNextSpell,sql:spell_template.modelNextSpell,
set,90118,Totem[0],sql:spell_template.totem1,
set,90118,Totem[1],sql:spell_template.totem2,
set,90118,Reagent[0],sql:spell_template.reagent1,
set,90118,Reagent[1],sql:spell_template.reagent2,
set,90118,Reagent[2],sql:spell_template.reagent3,
set,90118,Reagent[3],sql:spell_template.reagent4,
set,90118,Reagent[4],sql:spell_template.reagent5,
set,90118,Reagent[5],sql:spell_template.reagent6,
set,90118,Reagent[6],sql:spell_template.reagent7,
set,90118,Reagent[7],sql:spell_template.reagent8,
set,90118,ReagentCount[0],sql:spell_template.reagentCount1,
set,90118,ReagentCount[1],sql:spell_template.reagentCount2,
set,90118,ReagentCount[2],sql:spell_template.reagentCount3,
set,90118,ReagentCount[3],sql:spell_template.reagentCount4,
set,90118,ReagentCount[4],sql:spell_template.reagentCount5,
set,90118,ReagentCount[5],sql:spell_template.reagentCount6,
set,90118,ReagentCount[6],sql:spell_template.reagentCount7,
set,90118,ReagentCount[7],sql:spell_template.reagentCount8,
set,90118,EquippedItemClass,sql:spell_template.equippedItemClass,
set,90118,EquippedItemSubclass,sql:spell_template.equippedItemSubClassMask,
set,90118,EquippedItemInvTypes,sql:spell_template.equippedItemInventoryTypeMask,
set,90118,EffectMechanic[0],sql:spell_template.effectMechanic1,
set,90118,EffectMechanic[1],sql:spell_template.effectMechanic2,
set,90118,EffectMechanic[2],sql:spell_template.effectMechanic3,
set,90118,SpellVisualID[0],sql:spell_template.spellVisual1,
set,90118,SpellVisualID[1],sql:spell_template.spellVisual2,
set,90118,ActiveIconID,sql:spell_template.activeIconId,
set,90118,SpellPriority,sql:spell_template.spellPriority,
set,90118,Name_lang_enUS,sql:spell_template.name,
set,90118,NameSubtext_lang_enUS,sql:spell_template.nameSubtext,
set,90118,Description_lang_enUS,sql:spell_template.description,
set,90118,AuraDescription_lang_enUS,sql:spell_template.auraDescription,
set,90118,MaxTargetLevel,sql:spell_template.maxTargetLevel,
set,90118,SpellClassSet,sql:spell_template.spellFamilyName,
set,90118,MaxTargets,sql:spell_template.maxAffectedTargets,
set,90118,DefenseType,sql:spell_template.dmgClass,
set,90118,PreventionType,sql:spell_template.preventionType,
set,90118,StanceBarOrder,sql:spell_template.stanceBarOrder,
set,90118,EffectChainAmplitude[0],sql:spell_template.dmgMultiplier1,
set,90118,EffectChainAmplitude[1],sql:spell_template.dmgMultiplier2,
set,90118,EffectChainAmplitude[2],sql:spell_template.dmgMultiplier3,
set,90118,MinFactionID,sql:spell_template.minFactionId,
set,90118,MinReputation,sql:spell_template.minReputation,
set,90118,RequiredAuraVision,sql:spell_template.requiredAuraVision,
set,90118,SpellClassMask[0],0,spellFamilyFlags low
set,90118,SpellClassMask[1],0,spellFamilyFlags high
insert,90119,,copy:12298,Storm Wisdom rank 2 (CV-4) (#357)
set,90119,CastingTimeIndex,sql:spell_template.castingTimeIndex,
set,90119,RecoveryTime,sql:spell_template.recoveryTime,
set,90119,CategoryRecoveryTime,sql:spell_template.categoryRecoveryTime,
set,90119,ProcChance,sql:spell_template.procChance,
set,90119,ProcCharges,sql:spell_template.procCharges,
set,90119,DurationIndex,sql:spell_template.durationIndex,
set,90119,PowerType,sql:spell_template.powerType,
set,90119,ManaCost,sql:spell_template.manaCost,
set,90119,RangeIndex,sql:spell_template.rangeIndex,
set,90119,Speed,sql:spell_template.speed,
set,90119,CumulativeAura,sql:spell_template.stackAmount,
set,90119,SpellIconID,sql:spell_template.spellIconId,
set,90119,ManaCostPct,sql:spell_template.manaCostPercentage,
set,90119,StartRecoveryCategory,sql:spell_template.startRecoveryCategory,
set,90119,StartRecoveryTime,sql:spell_template.startRecoveryTime,
set,90119,Effect[0],sql:spell_template.effect1,
set,90119,EffectDieSides[0],sql:spell_template.effectDieSides1,
set,90119,EffectBaseDice[0],sql:spell_template.effectBaseDice1,
set,90119,EffectDicePerLevel[0],sql:spell_template.effectDicePerLevel1,
set,90119,EffectRealPointsPerLevel[0],sql:spell_template.effectRealPointsPerLevel1,
set,90119,EffectBasePoints[0],sql:spell_template.effectBasePoints1,
set,90119,EffectAura[0],sql:spell_template.effectApplyAuraName1,
set,90119,EffectRadiusIndex[0],sql:spell_template.effectRadiusIndex1,
set,90119,EffectChainTargets[0],sql:spell_template.effectChainTarget1,
set,90119,EffectMiscValue[0],sql:spell_template.effectMiscValue1,
set,90119,EffectTriggerSpell[0],sql:spell_template.effectTriggerSpell1,
set,90119,EffectPointsPerCombo[0],sql:spell_template.effectPointsPerComboPoint1,
set,90119,Effect[1],sql:spell_template.effect2,
set,90119,EffectDieSides[1],sql:spell_template.effectDieSides2,
set,90119,EffectBaseDice[1],sql:spell_template.effectBaseDice2,
set,90119,EffectDicePerLevel[1],sql:spell_template.effectDicePerLevel2,
set,90119,EffectRealPointsPerLevel[1],sql:spell_template.effectRealPointsPerLevel2,
set,90119,EffectBasePoints[1],sql:spell_template.effectBasePoints2,
set,90119,EffectAura[1],sql:spell_template.effectApplyAuraName2,
set,90119,EffectRadiusIndex[1],sql:spell_template.effectRadiusIndex2,
set,90119,EffectChainTargets[1],sql:spell_template.effectChainTarget2,
set,90119,EffectMiscValue[1],sql:spell_template.effectMiscValue2,
set,90119,EffectTriggerSpell[1],sql:spell_template.effectTriggerSpell2,
set,90119,EffectPointsPerCombo[1],sql:spell_template.effectPointsPerComboPoint2,
set,90119,Effect[2],sql:spell_template.effect3,
set,90119,EffectDieSides[2],sql:spell_template.effectDieSides3,
set,90119,EffectBaseDice[2],sql:spell_template.effectBaseDice3,
set,90119,EffectDicePerLevel[2],sql:spell_template.effectDicePerLevel3,
set,90119,EffectRealPointsPerLevel[2],sql:spell_template.effectRealPointsPerLevel3,
set,90119,EffectBasePoints[2],sql:spell_template.effectBasePoints3,
set,90119,EffectAura[2],sql:spell_template.effectApplyAuraName3,
set,90119,EffectRadiusIndex[2],sql:spell_template.effectRadiusIndex3,
set,90119,EffectChainTargets[2],sql:spell_template.effectChainTarget3,
set,90119,EffectMiscValue[2],sql:spell_template.effectMiscValue3,
set,90119,EffectTriggerSpell[2],sql:spell_template.effectTriggerSpell3,
set,90119,EffectPointsPerCombo[2],sql:spell_template.effectPointsPerComboPoint3,
set,90119,EffectAuraPeriod[0],sql:spell_template.effectAmplitude1,
set,90119,EffectAmplitude[0],sql:spell_template.effectMultipleValue1,
set,90119,ImplicitTargetA[0],sql:spell_template.effectImplicitTargetA1,
set,90119,ImplicitTargetB[0],sql:spell_template.effectImplicitTargetB1,
set,90119,EffectItemType[0],sql:spell_template.effectItemType1,
set,90119,EffectAuraPeriod[1],sql:spell_template.effectAmplitude2,
set,90119,EffectAmplitude[1],sql:spell_template.effectMultipleValue2,
set,90119,ImplicitTargetA[1],sql:spell_template.effectImplicitTargetA2,
set,90119,ImplicitTargetB[1],sql:spell_template.effectImplicitTargetB2,
set,90119,EffectItemType[1],sql:spell_template.effectItemType2,
set,90119,EffectAuraPeriod[2],sql:spell_template.effectAmplitude3,
set,90119,EffectAmplitude[2],sql:spell_template.effectMultipleValue3,
set,90119,ImplicitTargetA[2],sql:spell_template.effectImplicitTargetA3,
set,90119,ImplicitTargetB[2],sql:spell_template.effectImplicitTargetB3,
set,90119,EffectItemType[2],sql:spell_template.effectItemType3,
set,90119,School,sql:spell_template.school,
set,90119,Attributes,sql:spell_template.attributes,
set,90119,AttributesEx,sql:spell_template.attributesEx,
set,90119,AttributesExB,sql:spell_template.attributesEx2,
set,90119,AttributesExC,sql:spell_template.attributesEx3,
set,90119,AttributesExD,sql:spell_template.attributesEx4,
set,90119,Category,sql:spell_template.category,
set,90119,CastUI,sql:spell_template.castUI,
set,90119,DispelType,sql:spell_template.dispel,
set,90119,Mechanic,sql:spell_template.mechanic,
set,90119,ShapeshiftMask,sql:spell_template.stances,
set,90119,ShapeshiftExclude,sql:spell_template.stancesNot,
set,90119,Targets,sql:spell_template.targets,
set,90119,TargetCreatureType,sql:spell_template.targetCreatureType,
set,90119,RequiresSpellFocus,sql:spell_template.requiresSpellFocus,
set,90119,CasterAuraState,sql:spell_template.casterAuraState,
set,90119,TargetAuraState,sql:spell_template.targetAuraState,
set,90119,InterruptFlags,sql:spell_template.interruptFlags,
set,90119,AuraInterruptFlags,sql:spell_template.auraInterruptFlags,
set,90119,ChannelInterruptFlags,sql:spell_template.channelInterruptFlags,
set,90119,ProcFlags,sql:spell_template.procFlags,
set,90119,MaxLevel,sql:spell_template.maxLevel,
set,90119,BaseLevel,sql:spell_template.baseLevel,
set,90119,SpellLevel,sql:spell_template.spellLevel,
set,90119,ManaCostPerLevel,sql:spell_template.manCostPerLevel,
set,90119,ManaPerSecond,sql:spell_template.manaPerSecond,
set,90119,ManaPerSecondPerLevel,sql:spell_template.manaPerSecondPerLevel,
set,90119,ModalNextSpell,sql:spell_template.modelNextSpell,
set,90119,Totem[0],sql:spell_template.totem1,
set,90119,Totem[1],sql:spell_template.totem2,
set,90119,Reagent[0],sql:spell_template.reagent1,
set,90119,Reagent[1],sql:spell_template.reagent2,
set,90119,Reagent[2],sql:spell_template.reagent3,
set,90119,Reagent[3],sql:spell_template.reagent4,
set,90119,Reagent[4],sql:spell_template.reagent5,
set,90119,Reagent[5],sql:spell_template.reagent6,
set,90119,Reagent[6],sql:spell_template.reagent7,
set,90119,Reagent[7],sql:spell_template.reagent8,
set,90119,ReagentCount[0],sql:spell_template.reagentCount1,
set,90119,ReagentCount[1],sql:spell_template.reagentCount2,
set,90119,ReagentCount[2],sql:spell_template.reagentCount3,
set,90119,ReagentCount[3],sql:spell_template.reagentCount4,
set,90119,ReagentCount[4],sql:spell_template.reagentCount5,
set,90119,ReagentCount[5],sql:spell_template.reagentCount6,
set,90119,ReagentCount[6],sql:spell_template.reagentCount7,
set,90119,ReagentCount[7],sql:spell_template.reagentCount8,
set,90119,EquippedItemClass,sql:spell_template.equippedItemClass,
set,90119,EquippedItemSubclass,sql:spell_template.equippedItemSubClassMask,
set,90119,EquippedItemInvTypes,sql:spell_template.equippedItemInventoryTypeMask,
set,90119,EffectMechanic[0],sql:spell_template.effectMechanic1,
set,90119,EffectMechanic[1],sql:spell_template.effectMechanic2,
set,90119,EffectMechanic[2],sql:spell_template.effectMechanic3,
set,90119,SpellVisualID[0],sql:spell_template.spellVisual1,
set,90119,SpellVisualID[1],sql:spell_template.spellVisual2,
set,90119,ActiveIconID,sql:spell_template.activeIconId,
set,90119,SpellPriority,sql:spell_template.spellPriority,
set,90119,Name_lang_enUS,sql:spell_template.name,
set,90119,NameSubtext_lang_enUS,sql:spell_template.nameSubtext,
set,90119,Description_lang_enUS,sql:spell_template.description,
set,90119,AuraDescription_lang_enUS,sql:spell_template.auraDescription,
set,90119,MaxTargetLevel,sql:spell_template.maxTargetLevel,
set,90119,SpellClassSet,sql:spell_template.spellFamilyName,
set,90119,MaxTargets,sql:spell_template.maxAffectedTargets,
set,90119,DefenseType,sql:spell_template.dmgClass,
set,90119,PreventionType,sql:spell_template.preventionType,
set,90119,StanceBarOrder,sql:spell_template.stanceBarOrder,
set,90119,EffectChainAmplitude[0],sql:spell_template.dmgMultiplier1,
set,90119,EffectChainAmplitude[1],sql:spell_template.dmgMultiplier2,
set,90119,EffectChainAmplitude[2],sql:spell_template.dmgMultiplier3,
set,90119,MinFactionID,sql:spell_template.minFactionId,
set,90119,MinReputation,sql:spell_template.minReputation,
set,90119,RequiredAuraVision,sql:spell_template.requiredAuraVision,
set,90119,SpellClassMask[0],0,spellFamilyFlags low
set,90119,SpellClassMask[1],0,spellFamilyFlags high
insert,90120,,copy:12298,Storm Wisdom rank 3 (CV-4) (#357)
set,90120,CastingTimeIndex,sql:spell_template.castingTimeIndex,
set,90120,RecoveryTime,sql:spell_template.recoveryTime,
set,90120,CategoryRecoveryTime,sql:spell_template.categoryRecoveryTime,
set,90120,ProcChance,sql:spell_template.procChance,
set,90120,ProcCharges,sql:spell_template.procCharges,
set,90120,DurationIndex,sql:spell_template.durationIndex,
set,90120,PowerType,sql:spell_template.powerType,
set,90120,ManaCost,sql:spell_template.manaCost,
set,90120,RangeIndex,sql:spell_template.rangeIndex,
set,90120,Speed,sql:spell_template.speed,
set,90120,CumulativeAura,sql:spell_template.stackAmount,
set,90120,SpellIconID,sql:spell_template.spellIconId,
set,90120,ManaCostPct,sql:spell_template.manaCostPercentage,
set,90120,StartRecoveryCategory,sql:spell_template.startRecoveryCategory,
set,90120,StartRecoveryTime,sql:spell_template.startRecoveryTime,
set,90120,Effect[0],sql:spell_template.effect1,
set,90120,EffectDieSides[0],sql:spell_template.effectDieSides1,
set,90120,EffectBaseDice[0],sql:spell_template.effectBaseDice1,
set,90120,EffectDicePerLevel[0],sql:spell_template.effectDicePerLevel1,
set,90120,EffectRealPointsPerLevel[0],sql:spell_template.effectRealPointsPerLevel1,
set,90120,EffectBasePoints[0],sql:spell_template.effectBasePoints1,
set,90120,EffectAura[0],sql:spell_template.effectApplyAuraName1,
set,90120,EffectRadiusIndex[0],sql:spell_template.effectRadiusIndex1,
set,90120,EffectChainTargets[0],sql:spell_template.effectChainTarget1,
set,90120,EffectMiscValue[0],sql:spell_template.effectMiscValue1,
set,90120,EffectTriggerSpell[0],sql:spell_template.effectTriggerSpell1,
set,90120,EffectPointsPerCombo[0],sql:spell_template.effectPointsPerComboPoint1,
set,90120,Effect[1],sql:spell_template.effect2,
set,90120,EffectDieSides[1],sql:spell_template.effectDieSides2,
set,90120,EffectBaseDice[1],sql:spell_template.effectBaseDice2,
set,90120,EffectDicePerLevel[1],sql:spell_template.effectDicePerLevel2,
set,90120,EffectRealPointsPerLevel[1],sql:spell_template.effectRealPointsPerLevel2,
set,90120,EffectBasePoints[1],sql:spell_template.effectBasePoints2,
set,90120,EffectAura[1],sql:spell_template.effectApplyAuraName2,
set,90120,EffectRadiusIndex[1],sql:spell_template.effectRadiusIndex2,
set,90120,EffectChainTargets[1],sql:spell_template.effectChainTarget2,
set,90120,EffectMiscValue[1],sql:spell_template.effectMiscValue2,
set,90120,EffectTriggerSpell[1],sql:spell_template.effectTriggerSpell2,
set,90120,EffectPointsPerCombo[1],sql:spell_template.effectPointsPerComboPoint2,
set,90120,Effect[2],sql:spell_template.effect3,
set,90120,EffectDieSides[2],sql:spell_template.effectDieSides3,
set,90120,EffectBaseDice[2],sql:spell_template.effectBaseDice3,
set,90120,EffectDicePerLevel[2],sql:spell_template.effectDicePerLevel3,
set,90120,EffectRealPointsPerLevel[2],sql:spell_template.effectRealPointsPerLevel3,
set,90120,EffectBasePoints[2],sql:spell_template.effectBasePoints3,
set,90120,EffectAura[2],sql:spell_template.effectApplyAuraName3,
set,90120,EffectRadiusIndex[2],sql:spell_template.effectRadiusIndex3,
set,90120,EffectChainTargets[2],sql:spell_template.effectChainTarget3,
set,90120,EffectMiscValue[2],sql:spell_template.effectMiscValue3,
set,90120,EffectTriggerSpell[2],sql:spell_template.effectTriggerSpell3,
set,90120,EffectPointsPerCombo[2],sql:spell_template.effectPointsPerComboPoint3,
set,90120,EffectAuraPeriod[0],sql:spell_template.effectAmplitude1,
set,90120,EffectAmplitude[0],sql:spell_template.effectMultipleValue1,
set,90120,ImplicitTargetA[0],sql:spell_template.effectImplicitTargetA1,
set,90120,ImplicitTargetB[0],sql:spell_template.effectImplicitTargetB1,
set,90120,EffectItemType[0],sql:spell_template.effectItemType1,
set,90120,EffectAuraPeriod[1],sql:spell_template.effectAmplitude2,
set,90120,EffectAmplitude[1],sql:spell_template.effectMultipleValue2,
set,90120,ImplicitTargetA[1],sql:spell_template.effectImplicitTargetA2,
set,90120,ImplicitTargetB[1],sql:spell_template.effectImplicitTargetB2,
set,90120,EffectItemType[1],sql:spell_template.effectItemType2,
set,90120,EffectAuraPeriod[2],sql:spell_template.effectAmplitude3,
set,90120,EffectAmplitude[2],sql:spell_template.effectMultipleValue3,
set,90120,ImplicitTargetA[2],sql:spell_template.effectImplicitTargetA3,
set,90120,ImplicitTargetB[2],sql:spell_template.effectImplicitTargetB3,
set,90120,EffectItemType[2],sql:spell_template.effectItemType3,
set,90120,School,sql:spell_template.school,
set,90120,Attributes,sql:spell_template.attributes,
set,90120,AttributesEx,sql:spell_template.attributesEx,
set,90120,AttributesExB,sql:spell_template.attributesEx2,
set,90120,AttributesExC,sql:spell_template.attributesEx3,
set,90120,AttributesExD,sql:spell_template.attributesEx4,
set,90120,Category,sql:spell_template.category,
set,90120,CastUI,sql:spell_template.castUI,
set,90120,DispelType,sql:spell_template.dispel,
set,90120,Mechanic,sql:spell_template.mechanic,
set,90120,ShapeshiftMask,sql:spell_template.stances,
set,90120,ShapeshiftExclude,sql:spell_template.stancesNot,
set,90120,Targets,sql:spell_template.targets,
set,90120,TargetCreatureType,sql:spell_template.targetCreatureType,
set,90120,RequiresSpellFocus,sql:spell_template.requiresSpellFocus,
set,90120,CasterAuraState,sql:spell_template.casterAuraState,
set,90120,TargetAuraState,sql:spell_template.targetAuraState,
set,90120,InterruptFlags,sql:spell_template.interruptFlags,
set,90120,AuraInterruptFlags,sql:spell_template.auraInterruptFlags,
set,90120,ChannelInterruptFlags,sql:spell_template.channelInterruptFlags,
set,90120,ProcFlags,sql:spell_template.procFlags,
set,90120,MaxLevel,sql:spell_template.maxLevel,
set,90120,BaseLevel,sql:spell_template.baseLevel,
set,90120,SpellLevel,sql:spell_template.spellLevel,
set,90120,ManaCostPerLevel,sql:spell_template.manCostPerLevel,
set,90120,ManaPerSecond,sql:spell_template.manaPerSecond,
set,90120,ManaPerSecondPerLevel,sql:spell_template.manaPerSecondPerLevel,
set,90120,ModalNextSpell,sql:spell_template.modelNextSpell,
set,90120,Totem[0],sql:spell_template.totem1,
set,90120,Totem[1],sql:spell_template.totem2,
set,90120,Reagent[0],sql:spell_template.reagent1,
set,90120,Reagent[1],sql:spell_template.reagent2,
set,90120,Reagent[2],sql:spell_template.reagent3,
set,90120,Reagent[3],sql:spell_template.reagent4,
set,90120,Reagent[4],sql:spell_template.reagent5,
set,90120,Reagent[5],sql:spell_template.reagent6,
set,90120,Reagent[6],sql:spell_template.reagent7,
set,90120,Reagent[7],sql:spell_template.reagent8,
set,90120,ReagentCount[0],sql:spell_template.reagentCount1,
set,90120,ReagentCount[1],sql:spell_template.reagentCount2,
set,90120,ReagentCount[2],sql:spell_template.reagentCount3,
set,90120,ReagentCount[3],sql:spell_template.reagentCount4,
set,90120,ReagentCount[4],sql:spell_template.reagentCount5,
set,90120,ReagentCount[5],sql:spell_template.reagentCount6,
set,90120,ReagentCount[6],sql:spell_template.reagentCount7,
set,90120,ReagentCount[7],sql:spell_template.reagentCount8,
set,90120,EquippedItemClass,sql:spell_template.equippedItemClass,
set,90120,EquippedItemSubclass,sql:spell_template.equippedItemSubClassMask,
set,90120,EquippedItemInvTypes,sql:spell_template.equippedItemInventoryTypeMask,
set,90120,EffectMechanic[0],sql:spell_template.effectMechanic1,
set,90120,EffectMechanic[1],sql:spell_template.effectMechanic2,
set,90120,EffectMechanic[2],sql:spell_template.effectMechanic3,
set,90120,SpellVisualID[0],sql:spell_template.spellVisual1,
set,90120,SpellVisualID[1],sql:spell_template.spellVisual2,
set,90120,ActiveIconID,sql:spell_template.activeIconId,
set,90120,SpellPriority,sql:spell_template.spellPriority,
set,90120,Name_lang_enUS,sql:spell_template.name,
set,90120,NameSubtext_lang_enUS,sql:spell_template.nameSubtext,
set,90120,Description_lang_enUS,sql:spell_template.description,
set,90120,AuraDescription_lang_enUS,sql:spell_template.auraDescription,
set,90120,MaxTargetLevel,sql:spell_template.maxTargetLevel,
set,90120,SpellClassSet,sql:spell_template.spellFamilyName,
set,90120,MaxTargets,sql:spell_template.maxAffectedTargets,
set,90120,DefenseType,sql:spell_template.dmgClass,
set,90120,PreventionType,sql:spell_template.preventionType,
set,90120,StanceBarOrder,sql:spell_template.stanceBarOrder,
set,90120,EffectChainAmplitude[0],sql:spell_template.dmgMultiplier1,
set,90120,EffectChainAmplitude[1],sql:spell_template.dmgMultiplier2,
set,90120,EffectChainAmplitude[2],sql:spell_template.dmgMultiplier3,
set,90120,MinFactionID,sql:spell_template.minFactionId,
set,90120,MinReputation,sql:spell_template.minReputation,
set,90120,RequiredAuraVision,sql:spell_template.requiredAuraVision,
set,90120,SpellClassMask[0],0,spellFamilyFlags low
set,90120,SpellClassMask[1],0,spellFamilyFlags high
insert,90121,,copy:12298,Storm Wisdom rank 4 (CV-4) (#357)
set,90121,CastingTimeIndex,sql:spell_template.castingTimeIndex,
set,90121,RecoveryTime,sql:spell_template.recoveryTime,
set,90121,CategoryRecoveryTime,sql:spell_template.categoryRecoveryTime,
set,90121,ProcChance,sql:spell_template.procChance,
set,90121,ProcCharges,sql:spell_template.procCharges,
set,90121,DurationIndex,sql:spell_template.durationIndex,
set,90121,PowerType,sql:spell_template.powerType,
set,90121,ManaCost,sql:spell_template.manaCost,
set,90121,RangeIndex,sql:spell_template.rangeIndex,
set,90121,Speed,sql:spell_template.speed,
set,90121,CumulativeAura,sql:spell_template.stackAmount,
set,90121,SpellIconID,sql:spell_template.spellIconId,
set,90121,ManaCostPct,sql:spell_template.manaCostPercentage,
set,90121,StartRecoveryCategory,sql:spell_template.startRecoveryCategory,
set,90121,StartRecoveryTime,sql:spell_template.startRecoveryTime,
set,90121,Effect[0],sql:spell_template.effect1,
set,90121,EffectDieSides[0],sql:spell_template.effectDieSides1,
set,90121,EffectBaseDice[0],sql:spell_template.effectBaseDice1,
set,90121,EffectDicePerLevel[0],sql:spell_template.effectDicePerLevel1,
set,90121,EffectRealPointsPerLevel[0],sql:spell_template.effectRealPointsPerLevel1,
set,90121,EffectBasePoints[0],sql:spell_template.effectBasePoints1,
set,90121,EffectAura[0],sql:spell_template.effectApplyAuraName1,
set,90121,EffectRadiusIndex[0],sql:spell_template.effectRadiusIndex1,
set,90121,EffectChainTargets[0],sql:spell_template.effectChainTarget1,
set,90121,EffectMiscValue[0],sql:spell_template.effectMiscValue1,
set,90121,EffectTriggerSpell[0],sql:spell_template.effectTriggerSpell1,
set,90121,EffectPointsPerCombo[0],sql:spell_template.effectPointsPerComboPoint1,
set,90121,Effect[1],sql:spell_template.effect2,
set,90121,EffectDieSides[1],sql:spell_template.effectDieSides2,
set,90121,EffectBaseDice[1],sql:spell_template.effectBaseDice2,
set,90121,EffectDicePerLevel[1],sql:spell_template.effectDicePerLevel2,
set,90121,EffectRealPointsPerLevel[1],sql:spell_template.effectRealPointsPerLevel2,
set,90121,EffectBasePoints[1],sql:spell_template.effectBasePoints2,
set,90121,EffectAura[1],sql:spell_template.effectApplyAuraName2,
set,90121,EffectRadiusIndex[1],sql:spell_template.effectRadiusIndex2,
set,90121,EffectChainTargets[1],sql:spell_template.effectChainTarget2,
set,90121,EffectMiscValue[1],sql:spell_template.effectMiscValue2,
set,90121,EffectTriggerSpell[1],sql:spell_template.effectTriggerSpell2,
set,90121,EffectPointsPerCombo[1],sql:spell_template.effectPointsPerComboPoint2,
set,90121,Effect[2],sql:spell_template.effect3,
set,90121,EffectDieSides[2],sql:spell_template.effectDieSides3,
set,90121,EffectBaseDice[2],sql:spell_template.effectBaseDice3,
set,90121,EffectDicePerLevel[2],sql:spell_template.effectDicePerLevel3,
set,90121,EffectRealPointsPerLevel[2],sql:spell_template.effectRealPointsPerLevel3,
set,90121,EffectBasePoints[2],sql:spell_template.effectBasePoints3,
set,90121,EffectAura[2],sql:spell_template.effectApplyAuraName3,
set,90121,EffectRadiusIndex[2],sql:spell_template.effectRadiusIndex3,
set,90121,EffectChainTargets[2],sql:spell_template.effectChainTarget3,
set,90121,EffectMiscValue[2],sql:spell_template.effectMiscValue3,
set,90121,EffectTriggerSpell[2],sql:spell_template.effectTriggerSpell3,
set,90121,EffectPointsPerCombo[2],sql:spell_template.effectPointsPerComboPoint3,
set,90121,EffectAuraPeriod[0],sql:spell_template.effectAmplitude1,
set,90121,EffectAmplitude[0],sql:spell_template.effectMultipleValue1,
set,90121,ImplicitTargetA[0],sql:spell_template.effectImplicitTargetA1,
set,90121,ImplicitTargetB[0],sql:spell_template.effectImplicitTargetB1,
set,90121,EffectItemType[0],sql:spell_template.effectItemType1,
set,90121,EffectAuraPeriod[1],sql:spell_template.effectAmplitude2,
set,90121,EffectAmplitude[1],sql:spell_template.effectMultipleValue2,
set,90121,ImplicitTargetA[1],sql:spell_template.effectImplicitTargetA2,
set,90121,ImplicitTargetB[1],sql:spell_template.effectImplicitTargetB2,
set,90121,EffectItemType[1],sql:spell_template.effectItemType2,
set,90121,EffectAuraPeriod[2],sql:spell_template.effectAmplitude3,
set,90121,EffectAmplitude[2],sql:spell_template.effectMultipleValue3,
set,90121,ImplicitTargetA[2],sql:spell_template.effectImplicitTargetA3,
set,90121,ImplicitTargetB[2],sql:spell_template.effectImplicitTargetB3,
set,90121,EffectItemType[2],sql:spell_template.effectItemType3,
set,90121,School,sql:spell_template.school,
set,90121,Attributes,sql:spell_template.attributes,
set,90121,AttributesEx,sql:spell_template.attributesEx,
set,90121,AttributesExB,sql:spell_template.attributesEx2,
set,90121,AttributesExC,sql:spell_template.attributesEx3,
set,90121,AttributesExD,sql:spell_template.attributesEx4,
set,90121,Category,sql:spell_template.category,
set,90121,CastUI,sql:spell_template.castUI,
set,90121,DispelType,sql:spell_template.dispel,
set,90121,Mechanic,sql:spell_template.mechanic,
set,90121,ShapeshiftMask,sql:spell_template.stances,
set,90121,ShapeshiftExclude,sql:spell_template.stancesNot,
set,90121,Targets,sql:spell_template.targets,
set,90121,TargetCreatureType,sql:spell_template.targetCreatureType,
set,90121,RequiresSpellFocus,sql:spell_template.requiresSpellFocus,
set,90121,CasterAuraState,sql:spell_template.casterAuraState,
set,90121,TargetAuraState,sql:spell_template.targetAuraState,
set,90121,InterruptFlags,sql:spell_template.interruptFlags,
set,90121,AuraInterruptFlags,sql:spell_template.auraInterruptFlags,
set,90121,ChannelInterruptFlags,sql:spell_template.channelInterruptFlags,
set,90121,ProcFlags,sql:spell_template.procFlags,
set,90121,MaxLevel,sql:spell_template.maxLevel,
set,90121,BaseLevel,sql:spell_template.baseLevel,
set,90121,SpellLevel,sql:spell_template.spellLevel,
set,90121,ManaCostPerLevel,sql:spell_template.manCostPerLevel,
set,90121,ManaPerSecond,sql:spell_template.manaPerSecond,
set,90121,ManaPerSecondPerLevel,sql:spell_template.manaPerSecondPerLevel,
set,90121,ModalNextSpell,sql:spell_template.modelNextSpell,
set,90121,Totem[0],sql:spell_template.totem1,
set,90121,Totem[1],sql:spell_template.totem2,
set,90121,Reagent[0],sql:spell_template.reagent1,
set,90121,Reagent[1],sql:spell_template.reagent2,
set,90121,Reagent[2],sql:spell_template.reagent3,
set,90121,Reagent[3],sql:spell_template.reagent4,
set,90121,Reagent[4],sql:spell_template.reagent5,
set,90121,Reagent[5],sql:spell_template.reagent6,
set,90121,Reagent[6],sql:spell_template.reagent7,
set,90121,Reagent[7],sql:spell_template.reagent8,
set,90121,ReagentCount[0],sql:spell_template.reagentCount1,
set,90121,ReagentCount[1],sql:spell_template.reagentCount2,
set,90121,ReagentCount[2],sql:spell_template.reagentCount3,
set,90121,ReagentCount[3],sql:spell_template.reagentCount4,
set,90121,ReagentCount[4],sql:spell_template.reagentCount5,
set,90121,ReagentCount[5],sql:spell_template.reagentCount6,
set,90121,ReagentCount[6],sql:spell_template.reagentCount7,
set,90121,ReagentCount[7],sql:spell_template.reagentCount8,
set,90121,EquippedItemClass,sql:spell_template.equippedItemClass,
set,90121,EquippedItemSubclass,sql:spell_template.equippedItemSubClassMask,
set,90121,EquippedItemInvTypes,sql:spell_template.equippedItemInventoryTypeMask,
set,90121,EffectMechanic[0],sql:spell_template.effectMechanic1,
set,90121,EffectMechanic[1],sql:spell_template.effectMechanic2,
set,90121,EffectMechanic[2],sql:spell_template.effectMechanic3,
set,90121,SpellVisualID[0],sql:spell_template.spellVisual1,
set,90121,SpellVisualID[1],sql:spell_template.spellVisual2,
set,90121,ActiveIconID,sql:spell_template.activeIconId,
set,90121,SpellPriority,sql:spell_template.spellPriority,
set,90121,Name_lang_enUS,sql:spell_template.name,
set,90121,NameSubtext_lang_enUS,sql:spell_template.nameSubtext,
set,90121,Description_lang_enUS,sql:spell_template.description,
set,90121,AuraDescription_lang_enUS,sql:spell_template.auraDescription,
set,90121,MaxTargetLevel,sql:spell_template.maxTargetLevel,
set,90121,SpellClassSet,sql:spell_template.spellFamilyName,
set,90121,MaxTargets,sql:spell_template.maxAffectedTargets,
set,90121,DefenseType,sql:spell_template.dmgClass,
set,90121,PreventionType,sql:spell_template.preventionType,
set,90121,StanceBarOrder,sql:spell_template.stanceBarOrder,
set,90121,EffectChainAmplitude[0],sql:spell_template.dmgMultiplier1,
set,90121,EffectChainAmplitude[1],sql:spell_template.dmgMultiplier2,
set,90121,EffectChainAmplitude[2],sql:spell_template.dmgMultiplier3,
set,90121,MinFactionID,sql:spell_template.minFactionId,
set,90121,MinReputation,sql:spell_template.minReputation,
set,90121,RequiredAuraVision,sql:spell_template.requiredAuraVision,
set,90121,SpellClassMask[0],0,spellFamilyFlags low
set,90121,SpellClassMask[1],0,spellFamilyFlags high
insert,90122,,copy:12298,Storm Wisdom rank 5 (CV-4) (#357)
set,90122,CastingTimeIndex,sql:spell_template.castingTimeIndex,
set,90122,RecoveryTime,sql:spell_template.recoveryTime,
set,90122,CategoryRecoveryTime,sql:spell_template.categoryRecoveryTime,
set,90122,ProcChance,sql:spell_template.procChance,
set,90122,ProcCharges,sql:spell_template.procCharges,
set,90122,DurationIndex,sql:spell_template.durationIndex,
set,90122,PowerType,sql:spell_template.powerType,
set,90122,ManaCost,sql:spell_template.manaCost,
set,90122,RangeIndex,sql:spell_template.rangeIndex,
set,90122,Speed,sql:spell_template.speed,
set,90122,CumulativeAura,sql:spell_template.stackAmount,
set,90122,SpellIconID,sql:spell_template.spellIconId,
set,90122,ManaCostPct,sql:spell_template.manaCostPercentage,
set,90122,StartRecoveryCategory,sql:spell_template.startRecoveryCategory,
set,90122,StartRecoveryTime,sql:spell_template.startRecoveryTime,
set,90122,Effect[0],sql:spell_template.effect1,
set,90122,EffectDieSides[0],sql:spell_template.effectDieSides1,
set,90122,EffectBaseDice[0],sql:spell_template.effectBaseDice1,
set,90122,EffectDicePerLevel[0],sql:spell_template.effectDicePerLevel1,
set,90122,EffectRealPointsPerLevel[0],sql:spell_template.effectRealPointsPerLevel1,
set,90122,EffectBasePoints[0],sql:spell_template.effectBasePoints1,
set,90122,EffectAura[0],sql:spell_template.effectApplyAuraName1,
set,90122,EffectRadiusIndex[0],sql:spell_template.effectRadiusIndex1,
set,90122,EffectChainTargets[0],sql:spell_template.effectChainTarget1,
set,90122,EffectMiscValue[0],sql:spell_template.effectMiscValue1,
set,90122,EffectTriggerSpell[0],sql:spell_template.effectTriggerSpell1,
set,90122,EffectPointsPerCombo[0],sql:spell_template.effectPointsPerComboPoint1,
set,90122,Effect[1],sql:spell_template.effect2,
set,90122,EffectDieSides[1],sql:spell_template.effectDieSides2,
set,90122,EffectBaseDice[1],sql:spell_template.effectBaseDice2,
set,90122,EffectDicePerLevel[1],sql:spell_template.effectDicePerLevel2,
set,90122,EffectRealPointsPerLevel[1],sql:spell_template.effectRealPointsPerLevel2,
set,90122,EffectBasePoints[1],sql:spell_template.effectBasePoints2,
set,90122,EffectAura[1],sql:spell_template.effectApplyAuraName2,
set,90122,EffectRadiusIndex[1],sql:spell_template.effectRadiusIndex2,
set,90122,EffectChainTargets[1],sql:spell_template.effectChainTarget2,
set,90122,EffectMiscValue[1],sql:spell_template.effectMiscValue2,
set,90122,EffectTriggerSpell[1],sql:spell_template.effectTriggerSpell2,
set,90122,EffectPointsPerCombo[1],sql:spell_template.effectPointsPerComboPoint2,
set,90122,Effect[2],sql:spell_template.effect3,
set,90122,EffectDieSides[2],sql:spell_template.effectDieSides3,
set,90122,EffectBaseDice[2],sql:spell_template.effectBaseDice3,
set,90122,EffectDicePerLevel[2],sql:spell_template.effectDicePerLevel3,
set,90122,EffectRealPointsPerLevel[2],sql:spell_template.effectRealPointsPerLevel3,
set,90122,EffectBasePoints[2],sql:spell_template.effectBasePoints3,
set,90122,EffectAura[2],sql:spell_template.effectApplyAuraName3,
set,90122,EffectRadiusIndex[2],sql:spell_template.effectRadiusIndex3,
set,90122,EffectChainTargets[2],sql:spell_template.effectChainTarget3,
set,90122,EffectMiscValue[2],sql:spell_template.effectMiscValue3,
set,90122,EffectTriggerSpell[2],sql:spell_template.effectTriggerSpell3,
set,90122,EffectPointsPerCombo[2],sql:spell_template.effectPointsPerComboPoint3,
set,90122,EffectAuraPeriod[0],sql:spell_template.effectAmplitude1,
set,90122,EffectAmplitude[0],sql:spell_template.effectMultipleValue1,
set,90122,ImplicitTargetA[0],sql:spell_template.effectImplicitTargetA1,
set,90122,ImplicitTargetB[0],sql:spell_template.effectImplicitTargetB1,
set,90122,EffectItemType[0],sql:spell_template.effectItemType1,
set,90122,EffectAuraPeriod[1],sql:spell_template.effectAmplitude2,
set,90122,EffectAmplitude[1],sql:spell_template.effectMultipleValue2,
set,90122,ImplicitTargetA[1],sql:spell_template.effectImplicitTargetA2,
set,90122,ImplicitTargetB[1],sql:spell_template.effectImplicitTargetB2,
set,90122,EffectItemType[1],sql:spell_template.effectItemType2,
set,90122,EffectAuraPeriod[2],sql:spell_template.effectAmplitude3,
set,90122,EffectAmplitude[2],sql:spell_template.effectMultipleValue3,
set,90122,ImplicitTargetA[2],sql:spell_template.effectImplicitTargetA3,
set,90122,ImplicitTargetB[2],sql:spell_template.effectImplicitTargetB3,
set,90122,EffectItemType[2],sql:spell_template.effectItemType3,
set,90122,School,sql:spell_template.school,
set,90122,Attributes,sql:spell_template.attributes,
set,90122,AttributesEx,sql:spell_template.attributesEx,
set,90122,AttributesExB,sql:spell_template.attributesEx2,
set,90122,AttributesExC,sql:spell_template.attributesEx3,
set,90122,AttributesExD,sql:spell_template.attributesEx4,
set,90122,Category,sql:spell_template.category,
set,90122,CastUI,sql:spell_template.castUI,
set,90122,DispelType,sql:spell_template.dispel,
set,90122,Mechanic,sql:spell_template.mechanic,
set,90122,ShapeshiftMask,sql:spell_template.stances,
set,90122,ShapeshiftExclude,sql:spell_template.stancesNot,
set,90122,Targets,sql:spell_template.targets,
set,90122,TargetCreatureType,sql:spell_template.targetCreatureType,
set,90122,RequiresSpellFocus,sql:spell_template.requiresSpellFocus,
set,90122,CasterAuraState,sql:spell_template.casterAuraState,
set,90122,TargetAuraState,sql:spell_template.targetAuraState,
set,90122,InterruptFlags,sql:spell_template.interruptFlags,
set,90122,AuraInterruptFlags,sql:spell_template.auraInterruptFlags,
set,90122,ChannelInterruptFlags,sql:spell_template.channelInterruptFlags,
set,90122,ProcFlags,sql:spell_template.procFlags,
set,90122,MaxLevel,sql:spell_template.maxLevel,
set,90122,BaseLevel,sql:spell_template.baseLevel,
set,90122,SpellLevel,sql:spell_template.spellLevel,
set,90122,ManaCostPerLevel,sql:spell_template.manCostPerLevel,
set,90122,ManaPerSecond,sql:spell_template.manaPerSecond,
set,90122,ManaPerSecondPerLevel,sql:spell_template.manaPerSecondPerLevel,
set,90122,ModalNextSpell,sql:spell_template.modelNextSpell,
set,90122,Totem[0],sql:spell_template.totem1,
set,90122,Totem[1],sql:spell_template.totem2,
set,90122,Reagent[0],sql:spell_template.reagent1,
set,90122,Reagent[1],sql:spell_template.reagent2,
set,90122,Reagent[2],sql:spell_template.reagent3,
set,90122,Reagent[3],sql:spell_template.reagent4,
set,90122,Reagent[4],sql:spell_template.reagent5,
set,90122,Reagent[5],sql:spell_template.reagent6,
set,90122,Reagent[6],sql:spell_template.reagent7,
set,90122,Reagent[7],sql:spell_template.reagent8,
set,90122,ReagentCount[0],sql:spell_template.reagentCount1,
set,90122,ReagentCount[1],sql:spell_template.reagentCount2,
set,90122,ReagentCount[2],sql:spell_template.reagentCount3,
set,90122,ReagentCount[3],sql:spell_template.reagentCount4,
set,90122,ReagentCount[4],sql:spell_template.reagentCount5,
set,90122,ReagentCount[5],sql:spell_template.reagentCount6,
set,90122,ReagentCount[6],sql:spell_template.reagentCount7,
set,90122,ReagentCount[7],sql:spell_template.reagentCount8,
set,90122,EquippedItemClass,sql:spell_template.equippedItemClass,
set,90122,EquippedItemSubclass,sql:spell_template.equippedItemSubClassMask,
set,90122,EquippedItemInvTypes,sql:spell_template.equippedItemInventoryTypeMask,
set,90122,EffectMechanic[0],sql:spell_template.effectMechanic1,
set,90122,EffectMechanic[1],sql:spell_template.effectMechanic2,
set,90122,EffectMechanic[2],sql:spell_template.effectMechanic3,
set,90122,SpellVisualID[0],sql:spell_template.spellVisual1,
set,90122,SpellVisualID[1],sql:spell_template.spellVisual2,
set,90122,ActiveIconID,sql:spell_template.activeIconId,
set,90122,SpellPriority,sql:spell_template.spellPriority,
set,90122,Name_lang_enUS,sql:spell_template.name,
set,90122,NameSubtext_lang_enUS,sql:spell_template.nameSubtext,
set,90122,Description_lang_enUS,sql:spell_template.description,
set,90122,AuraDescription_lang_enUS,sql:spell_template.auraDescription,
set,90122,MaxTargetLevel,sql:spell_template.maxTargetLevel,
set,90122,SpellClassSet,sql:spell_template.spellFamilyName,
set,90122,MaxTargets,sql:spell_template.maxAffectedTargets,
set,90122,DefenseType,sql:spell_template.dmgClass,
set,90122,PreventionType,sql:spell_template.preventionType,
set,90122,StanceBarOrder,sql:spell_template.stanceBarOrder,
set,90122,EffectChainAmplitude[0],sql:spell_template.dmgMultiplier1,
set,90122,EffectChainAmplitude[1],sql:spell_template.dmgMultiplier2,
set,90122,EffectChainAmplitude[2],sql:spell_template.dmgMultiplier3,
set,90122,MinFactionID,sql:spell_template.minFactionId,
set,90122,MinReputation,sql:spell_template.minReputation,
set,90122,RequiredAuraVision,sql:spell_template.requiredAuraVision,
set,90122,SpellClassMask[0],0,spellFamilyFlags low
set,90122,SpellClassMask[1],0,spellFamilyFlags high
insert,90123,,copy:16246,Storm Wisdom helper (#357)
set,90123,CastingTimeIndex,sql:spell_template.castingTimeIndex,
set,90123,RecoveryTime,sql:spell_template.recoveryTime,
set,90123,CategoryRecoveryTime,sql:spell_template.categoryRecoveryTime,
set,90123,ProcChance,sql:spell_template.procChance,
set,90123,ProcCharges,sql:spell_template.procCharges,
set,90123,DurationIndex,sql:spell_template.durationIndex,
set,90123,PowerType,sql:spell_template.powerType,
set,90123,ManaCost,sql:spell_template.manaCost,
set,90123,RangeIndex,sql:spell_template.rangeIndex,
set,90123,Speed,sql:spell_template.speed,
set,90123,CumulativeAura,sql:spell_template.stackAmount,
set,90123,SpellIconID,sql:spell_template.spellIconId,
set,90123,ManaCostPct,sql:spell_template.manaCostPercentage,
set,90123,StartRecoveryCategory,sql:spell_template.startRecoveryCategory,
set,90123,StartRecoveryTime,sql:spell_template.startRecoveryTime,
set,90123,Effect[0],sql:spell_template.effect1,
set,90123,EffectDieSides[0],sql:spell_template.effectDieSides1,
set,90123,EffectBaseDice[0],sql:spell_template.effectBaseDice1,
set,90123,EffectDicePerLevel[0],sql:spell_template.effectDicePerLevel1,
set,90123,EffectRealPointsPerLevel[0],sql:spell_template.effectRealPointsPerLevel1,
set,90123,EffectBasePoints[0],sql:spell_template.effectBasePoints1,
set,90123,EffectAura[0],sql:spell_template.effectApplyAuraName1,
set,90123,EffectRadiusIndex[0],sql:spell_template.effectRadiusIndex1,
set,90123,EffectChainTargets[0],sql:spell_template.effectChainTarget1,
set,90123,EffectMiscValue[0],sql:spell_template.effectMiscValue1,
set,90123,EffectTriggerSpell[0],sql:spell_template.effectTriggerSpell1,
set,90123,EffectPointsPerCombo[0],sql:spell_template.effectPointsPerComboPoint1,
set,90123,Effect[1],sql:spell_template.effect2,
set,90123,EffectDieSides[1],sql:spell_template.effectDieSides2,
set,90123,EffectBaseDice[1],sql:spell_template.effectBaseDice2,
set,90123,EffectDicePerLevel[1],sql:spell_template.effectDicePerLevel2,
set,90123,EffectRealPointsPerLevel[1],sql:spell_template.effectRealPointsPerLevel2,
set,90123,EffectBasePoints[1],sql:spell_template.effectBasePoints2,
set,90123,EffectAura[1],sql:spell_template.effectApplyAuraName2,
set,90123,EffectRadiusIndex[1],sql:spell_template.effectRadiusIndex2,
set,90123,EffectChainTargets[1],sql:spell_template.effectChainTarget2,
set,90123,EffectMiscValue[1],sql:spell_template.effectMiscValue2,
set,90123,EffectTriggerSpell[1],sql:spell_template.effectTriggerSpell2,
set,90123,EffectPointsPerCombo[1],sql:spell_template.effectPointsPerComboPoint2,
set,90123,Effect[2],sql:spell_template.effect3,
set,90123,EffectDieSides[2],sql:spell_template.effectDieSides3,
set,90123,EffectBaseDice[2],sql:spell_template.effectBaseDice3,
set,90123,EffectDicePerLevel[2],sql:spell_template.effectDicePerLevel3,
set,90123,EffectRealPointsPerLevel[2],sql:spell_template.effectRealPointsPerLevel3,
set,90123,EffectBasePoints[2],sql:spell_template.effectBasePoints3,
set,90123,EffectAura[2],sql:spell_template.effectApplyAuraName3,
set,90123,EffectRadiusIndex[2],sql:spell_template.effectRadiusIndex3,
set,90123,EffectChainTargets[2],sql:spell_template.effectChainTarget3,
set,90123,EffectMiscValue[2],sql:spell_template.effectMiscValue3,
set,90123,EffectTriggerSpell[2],sql:spell_template.effectTriggerSpell3,
set,90123,EffectPointsPerCombo[2],sql:spell_template.effectPointsPerComboPoint3,
set,90123,EffectAuraPeriod[0],sql:spell_template.effectAmplitude1,
set,90123,EffectAmplitude[0],sql:spell_template.effectMultipleValue1,
set,90123,ImplicitTargetA[0],sql:spell_template.effectImplicitTargetA1,
set,90123,ImplicitTargetB[0],sql:spell_template.effectImplicitTargetB1,
set,90123,EffectItemType[0],sql:spell_template.effectItemType1,
set,90123,EffectAuraPeriod[1],sql:spell_template.effectAmplitude2,
set,90123,EffectAmplitude[1],sql:spell_template.effectMultipleValue2,
set,90123,ImplicitTargetA[1],sql:spell_template.effectImplicitTargetA2,
set,90123,ImplicitTargetB[1],sql:spell_template.effectImplicitTargetB2,
set,90123,EffectItemType[1],sql:spell_template.effectItemType2,
set,90123,EffectAuraPeriod[2],sql:spell_template.effectAmplitude3,
set,90123,EffectAmplitude[2],sql:spell_template.effectMultipleValue3,
set,90123,ImplicitTargetA[2],sql:spell_template.effectImplicitTargetA3,
set,90123,ImplicitTargetB[2],sql:spell_template.effectImplicitTargetB3,
set,90123,EffectItemType[2],sql:spell_template.effectItemType3,
set,90123,School,sql:spell_template.school,
set,90123,Attributes,sql:spell_template.attributes,
set,90123,AttributesEx,sql:spell_template.attributesEx,
set,90123,AttributesExB,sql:spell_template.attributesEx2,
set,90123,AttributesExC,sql:spell_template.attributesEx3,
set,90123,AttributesExD,sql:spell_template.attributesEx4,
set,90123,Category,sql:spell_template.category,
set,90123,CastUI,sql:spell_template.castUI,
set,90123,DispelType,sql:spell_template.dispel,
set,90123,Mechanic,sql:spell_template.mechanic,
set,90123,ShapeshiftMask,sql:spell_template.stances,
set,90123,ShapeshiftExclude,sql:spell_template.stancesNot,
set,90123,Targets,sql:spell_template.targets,
set,90123,TargetCreatureType,sql:spell_template.targetCreatureType,
set,90123,RequiresSpellFocus,sql:spell_template.requiresSpellFocus,
set,90123,CasterAuraState,sql:spell_template.casterAuraState,
set,90123,TargetAuraState,sql:spell_template.targetAuraState,
set,90123,InterruptFlags,sql:spell_template.interruptFlags,
set,90123,AuraInterruptFlags,sql:spell_template.auraInterruptFlags,
set,90123,ChannelInterruptFlags,sql:spell_template.channelInterruptFlags,
set,90123,ProcFlags,sql:spell_template.procFlags,
set,90123,MaxLevel,sql:spell_template.maxLevel,
set,90123,BaseLevel,sql:spell_template.baseLevel,
set,90123,SpellLevel,sql:spell_template.spellLevel,
set,90123,ManaCostPerLevel,sql:spell_template.manCostPerLevel,
set,90123,ManaPerSecond,sql:spell_template.manaPerSecond,
set,90123,ManaPerSecondPerLevel,sql:spell_template.manaPerSecondPerLevel,
set,90123,ModalNextSpell,sql:spell_template.modelNextSpell,
set,90123,Totem[0],sql:spell_template.totem1,
set,90123,Totem[1],sql:spell_template.totem2,
set,90123,Reagent[0],sql:spell_template.reagent1,
set,90123,Reagent[1],sql:spell_template.reagent2,
set,90123,Reagent[2],sql:spell_template.reagent3,
set,90123,Reagent[3],sql:spell_template.reagent4,
set,90123,Reagent[4],sql:spell_template.reagent5,
set,90123,Reagent[5],sql:spell_template.reagent6,
set,90123,Reagent[6],sql:spell_template.reagent7,
set,90123,Reagent[7],sql:spell_template.reagent8,
set,90123,ReagentCount[0],sql:spell_template.reagentCount1,
set,90123,ReagentCount[1],sql:spell_template.reagentCount2,
set,90123,ReagentCount[2],sql:spell_template.reagentCount3,
set,90123,ReagentCount[3],sql:spell_template.reagentCount4,
set,90123,ReagentCount[4],sql:spell_template.reagentCount5,
set,90123,ReagentCount[5],sql:spell_template.reagentCount6,
set,90123,ReagentCount[6],sql:spell_template.reagentCount7,
set,90123,ReagentCount[7],sql:spell_template.reagentCount8,
set,90123,EquippedItemClass,sql:spell_template.equippedItemClass,
set,90123,EquippedItemSubclass,sql:spell_template.equippedItemSubClassMask,
set,90123,EquippedItemInvTypes,sql:spell_template.equippedItemInventoryTypeMask,
set,90123,EffectMechanic[0],sql:spell_template.effectMechanic1,
set,90123,EffectMechanic[1],sql:spell_template.effectMechanic2,
set,90123,EffectMechanic[2],sql:spell_template.effectMechanic3,
set,90123,SpellVisualID[0],sql:spell_template.spellVisual1,
set,90123,SpellVisualID[1],sql:spell_template.spellVisual2,
set,90123,ActiveIconID,sql:spell_template.activeIconId,
set,90123,SpellPriority,sql:spell_template.spellPriority,
set,90123,Name_lang_enUS,sql:spell_template.name,
set,90123,NameSubtext_lang_enUS,sql:spell_template.nameSubtext,
set,90123,Description_lang_enUS,sql:spell_template.description,
set,90123,AuraDescription_lang_enUS,sql:spell_template.auraDescription,
set,90123,MaxTargetLevel,sql:spell_template.maxTargetLevel,
set,90123,SpellClassSet,sql:spell_template.spellFamilyName,
set,90123,MaxTargets,sql:spell_template.maxAffectedTargets,
set,90123,DefenseType,sql:spell_template.dmgClass,
set,90123,PreventionType,sql:spell_template.preventionType,
set,90123,StanceBarOrder,sql:spell_template.stanceBarOrder,
set,90123,EffectChainAmplitude[0],sql:spell_template.dmgMultiplier1,
set,90123,EffectChainAmplitude[1],sql:spell_template.dmgMultiplier2,
set,90123,EffectChainAmplitude[2],sql:spell_template.dmgMultiplier3,
set,90123,MinFactionID,sql:spell_template.minFactionId,
set,90123,MinReputation,sql:spell_template.minReputation,
set,90123,RequiredAuraVision,sql:spell_template.requiredAuraVision,
set,90123,SpellClassMask[0],0,spellFamilyFlags low
set,90123,SpellClassMask[1],0,spellFamilyFlags high
insert,90124,,copy:12297,Chain Storm (#357)
set,90124,CastingTimeIndex,sql:spell_template.castingTimeIndex,
set,90124,RecoveryTime,sql:spell_template.recoveryTime,
set,90124,CategoryRecoveryTime,sql:spell_template.categoryRecoveryTime,
set,90124,ProcChance,sql:spell_template.procChance,
set,90124,ProcCharges,sql:spell_template.procCharges,
set,90124,DurationIndex,sql:spell_template.durationIndex,
set,90124,PowerType,sql:spell_template.powerType,
set,90124,ManaCost,sql:spell_template.manaCost,
set,90124,RangeIndex,sql:spell_template.rangeIndex,
set,90124,Speed,sql:spell_template.speed,
set,90124,CumulativeAura,sql:spell_template.stackAmount,
set,90124,SpellIconID,sql:spell_template.spellIconId,
set,90124,ManaCostPct,sql:spell_template.manaCostPercentage,
set,90124,StartRecoveryCategory,sql:spell_template.startRecoveryCategory,
set,90124,StartRecoveryTime,sql:spell_template.startRecoveryTime,
set,90124,Effect[0],sql:spell_template.effect1,
set,90124,EffectDieSides[0],sql:spell_template.effectDieSides1,
set,90124,EffectBaseDice[0],sql:spell_template.effectBaseDice1,
set,90124,EffectDicePerLevel[0],sql:spell_template.effectDicePerLevel1,
set,90124,EffectRealPointsPerLevel[0],sql:spell_template.effectRealPointsPerLevel1,
set,90124,EffectBasePoints[0],sql:spell_template.effectBasePoints1,
set,90124,EffectAura[0],sql:spell_template.effectApplyAuraName1,
set,90124,EffectRadiusIndex[0],sql:spell_template.effectRadiusIndex1,
set,90124,EffectChainTargets[0],sql:spell_template.effectChainTarget1,
set,90124,EffectMiscValue[0],sql:spell_template.effectMiscValue1,
set,90124,EffectTriggerSpell[0],sql:spell_template.effectTriggerSpell1,
set,90124,EffectPointsPerCombo[0],sql:spell_template.effectPointsPerComboPoint1,
set,90124,Effect[1],sql:spell_template.effect2,
set,90124,EffectDieSides[1],sql:spell_template.effectDieSides2,
set,90124,EffectBaseDice[1],sql:spell_template.effectBaseDice2,
set,90124,EffectDicePerLevel[1],sql:spell_template.effectDicePerLevel2,
set,90124,EffectRealPointsPerLevel[1],sql:spell_template.effectRealPointsPerLevel2,
set,90124,EffectBasePoints[1],sql:spell_template.effectBasePoints2,
set,90124,EffectAura[1],sql:spell_template.effectApplyAuraName2,
set,90124,EffectRadiusIndex[1],sql:spell_template.effectRadiusIndex2,
set,90124,EffectChainTargets[1],sql:spell_template.effectChainTarget2,
set,90124,EffectMiscValue[1],sql:spell_template.effectMiscValue2,
set,90124,EffectTriggerSpell[1],sql:spell_template.effectTriggerSpell2,
set,90124,EffectPointsPerCombo[1],sql:spell_template.effectPointsPerComboPoint2,
set,90124,Effect[2],sql:spell_template.effect3,
set,90124,EffectDieSides[2],sql:spell_template.effectDieSides3,
set,90124,EffectBaseDice[2],sql:spell_template.effectBaseDice3,
set,90124,EffectDicePerLevel[2],sql:spell_template.effectDicePerLevel3,
set,90124,EffectRealPointsPerLevel[2],sql:spell_template.effectRealPointsPerLevel3,
set,90124,EffectBasePoints[2],sql:spell_template.effectBasePoints3,
set,90124,EffectAura[2],sql:spell_template.effectApplyAuraName3,
set,90124,EffectRadiusIndex[2],sql:spell_template.effectRadiusIndex3,
set,90124,EffectChainTargets[2],sql:spell_template.effectChainTarget3,
set,90124,EffectMiscValue[2],sql:spell_template.effectMiscValue3,
set,90124,EffectTriggerSpell[2],sql:spell_template.effectTriggerSpell3,
set,90124,EffectPointsPerCombo[2],sql:spell_template.effectPointsPerComboPoint3,
set,90124,EffectAuraPeriod[0],sql:spell_template.effectAmplitude1,
set,90124,EffectAmplitude[0],sql:spell_template.effectMultipleValue1,
set,90124,ImplicitTargetA[0],sql:spell_template.effectImplicitTargetA1,
set,90124,ImplicitTargetB[0],sql:spell_template.effectImplicitTargetB1,
set,90124,EffectItemType[0],sql:spell_template.effectItemType1,
set,90124,EffectAuraPeriod[1],sql:spell_template.effectAmplitude2,
set,90124,EffectAmplitude[1],sql:spell_template.effectMultipleValue2,
set,90124,ImplicitTargetA[1],sql:spell_template.effectImplicitTargetA2,
set,90124,ImplicitTargetB[1],sql:spell_template.effectImplicitTargetB2,
set,90124,EffectItemType[1],sql:spell_template.effectItemType2,
set,90124,EffectAuraPeriod[2],sql:spell_template.effectAmplitude3,
set,90124,EffectAmplitude[2],sql:spell_template.effectMultipleValue3,
set,90124,ImplicitTargetA[2],sql:spell_template.effectImplicitTargetA3,
set,90124,ImplicitTargetB[2],sql:spell_template.effectImplicitTargetB3,
set,90124,EffectItemType[2],sql:spell_template.effectItemType3,
set,90124,School,sql:spell_template.school,
set,90124,Attributes,sql:spell_template.attributes,
set,90124,AttributesEx,sql:spell_template.attributesEx,
set,90124,AttributesExB,sql:spell_template.attributesEx2,
set,90124,AttributesExC,sql:spell_template.attributesEx3,
set,90124,AttributesExD,sql:spell_template.attributesEx4,
set,90124,Category,sql:spell_template.category,
set,90124,CastUI,sql:spell_template.castUI,
set,90124,DispelType,sql:spell_template.dispel,
set,90124,Mechanic,sql:spell_template.mechanic,
set,90124,ShapeshiftMask,sql:spell_template.stances,
set,90124,ShapeshiftExclude,sql:spell_template.stancesNot,
set,90124,Targets,sql:spell_template.targets,
set,90124,TargetCreatureType,sql:spell_template.targetCreatureType,
set,90124,RequiresSpellFocus,sql:spell_template.requiresSpellFocus,
set,90124,CasterAuraState,sql:spell_template.casterAuraState,
set,90124,TargetAuraState,sql:spell_template.targetAuraState,
set,90124,InterruptFlags,sql:spell_template.interruptFlags,
set,90124,AuraInterruptFlags,sql:spell_template.auraInterruptFlags,
set,90124,ChannelInterruptFlags,sql:spell_template.channelInterruptFlags,
set,90124,ProcFlags,sql:spell_template.procFlags,
set,90124,MaxLevel,sql:spell_template.maxLevel,
set,90124,BaseLevel,sql:spell_template.baseLevel,
set,90124,SpellLevel,sql:spell_template.spellLevel,
set,90124,ManaCostPerLevel,sql:spell_template.manCostPerLevel,
set,90124,ManaPerSecond,sql:spell_template.manaPerSecond,
set,90124,ManaPerSecondPerLevel,sql:spell_template.manaPerSecondPerLevel,
set,90124,ModalNextSpell,sql:spell_template.modelNextSpell,
set,90124,Totem[0],sql:spell_template.totem1,
set,90124,Totem[1],sql:spell_template.totem2,
set,90124,Reagent[0],sql:spell_template.reagent1,
set,90124,Reagent[1],sql:spell_template.reagent2,
set,90124,Reagent[2],sql:spell_template.reagent3,
set,90124,Reagent[3],sql:spell_template.reagent4,
set,90124,Reagent[4],sql:spell_template.reagent5,
set,90124,Reagent[5],sql:spell_template.reagent6,
set,90124,Reagent[6],sql:spell_template.reagent7,
set,90124,Reagent[7],sql:spell_template.reagent8,
set,90124,ReagentCount[0],sql:spell_template.reagentCount1,
set,90124,ReagentCount[1],sql:spell_template.reagentCount2,
set,90124,ReagentCount[2],sql:spell_template.reagentCount3,
set,90124,ReagentCount[3],sql:spell_template.reagentCount4,
set,90124,ReagentCount[4],sql:spell_template.reagentCount5,
set,90124,ReagentCount[5],sql:spell_template.reagentCount6,
set,90124,ReagentCount[6],sql:spell_template.reagentCount7,
set,90124,ReagentCount[7],sql:spell_template.reagentCount8,
set,90124,EquippedItemClass,sql:spell_template.equippedItemClass,
set,90124,EquippedItemSubclass,sql:spell_template.equippedItemSubClassMask,
set,90124,EquippedItemInvTypes,sql:spell_template.equippedItemInventoryTypeMask,
set,90124,EffectMechanic[0],sql:spell_template.effectMechanic1,
set,90124,EffectMechanic[1],sql:spell_template.effectMechanic2,
set,90124,EffectMechanic[2],sql:spell_template.effectMechanic3,
set,90124,SpellVisualID[0],sql:spell_template.spellVisual1,
set,90124,SpellVisualID[1],sql:spell_template.spellVisual2,
set,90124,ActiveIconID,sql:spell_template.activeIconId,
set,90124,SpellPriority,sql:spell_template.spellPriority,
set,90124,Name_lang_enUS,sql:spell_template.name,
set,90124,NameSubtext_lang_enUS,sql:spell_template.nameSubtext,
set,90124,Description_lang_enUS,sql:spell_template.description,
set,90124,AuraDescription_lang_enUS,sql:spell_template.auraDescription,
set,90124,MaxTargetLevel,sql:spell_template.maxTargetLevel,
set,90124,SpellClassSet,sql:spell_template.spellFamilyName,
set,90124,MaxTargets,sql:spell_template.maxAffectedTargets,
set,90124,DefenseType,sql:spell_template.dmgClass,
set,90124,PreventionType,sql:spell_template.preventionType,
set,90124,StanceBarOrder,sql:spell_template.stanceBarOrder,
set,90124,EffectChainAmplitude[0],sql:spell_template.dmgMultiplier1,
set,90124,EffectChainAmplitude[1],sql:spell_template.dmgMultiplier2,
set,90124,EffectChainAmplitude[2],sql:spell_template.dmgMultiplier3,
set,90124,MinFactionID,sql:spell_template.minFactionId,
set,90124,MinReputation,sql:spell_template.minReputation,
set,90124,RequiredAuraVision,sql:spell_template.requiredAuraVision,
set,90124,SpellClassMask[0],0,spellFamilyFlags low
set,90124,SpellClassMask[1],0,spellFamilyFlags high
insert,90125,,copy:16246,Chain Storm helper (#357)
set,90125,CastingTimeIndex,sql:spell_template.castingTimeIndex,
set,90125,RecoveryTime,sql:spell_template.recoveryTime,
set,90125,CategoryRecoveryTime,sql:spell_template.categoryRecoveryTime,
set,90125,ProcChance,sql:spell_template.procChance,
set,90125,ProcCharges,sql:spell_template.procCharges,
set,90125,DurationIndex,sql:spell_template.durationIndex,
set,90125,PowerType,sql:spell_template.powerType,
set,90125,ManaCost,sql:spell_template.manaCost,
set,90125,RangeIndex,sql:spell_template.rangeIndex,
set,90125,Speed,sql:spell_template.speed,
set,90125,CumulativeAura,sql:spell_template.stackAmount,
set,90125,SpellIconID,sql:spell_template.spellIconId,
set,90125,ManaCostPct,sql:spell_template.manaCostPercentage,
set,90125,StartRecoveryCategory,sql:spell_template.startRecoveryCategory,
set,90125,StartRecoveryTime,sql:spell_template.startRecoveryTime,
set,90125,Effect[0],sql:spell_template.effect1,
set,90125,EffectDieSides[0],sql:spell_template.effectDieSides1,
set,90125,EffectBaseDice[0],sql:spell_template.effectBaseDice1,
set,90125,EffectDicePerLevel[0],sql:spell_template.effectDicePerLevel1,
set,90125,EffectRealPointsPerLevel[0],sql:spell_template.effectRealPointsPerLevel1,
set,90125,EffectBasePoints[0],sql:spell_template.effectBasePoints1,
set,90125,EffectAura[0],sql:spell_template.effectApplyAuraName1,
set,90125,EffectRadiusIndex[0],sql:spell_template.effectRadiusIndex1,
set,90125,EffectChainTargets[0],sql:spell_template.effectChainTarget1,
set,90125,EffectMiscValue[0],sql:spell_template.effectMiscValue1,
set,90125,EffectTriggerSpell[0],sql:spell_template.effectTriggerSpell1,
set,90125,EffectPointsPerCombo[0],sql:spell_template.effectPointsPerComboPoint1,
set,90125,Effect[1],sql:spell_template.effect2,
set,90125,EffectDieSides[1],sql:spell_template.effectDieSides2,
set,90125,EffectBaseDice[1],sql:spell_template.effectBaseDice2,
set,90125,EffectDicePerLevel[1],sql:spell_template.effectDicePerLevel2,
set,90125,EffectRealPointsPerLevel[1],sql:spell_template.effectRealPointsPerLevel2,
set,90125,EffectBasePoints[1],sql:spell_template.effectBasePoints2,
set,90125,EffectAura[1],sql:spell_template.effectApplyAuraName2,
set,90125,EffectRadiusIndex[1],sql:spell_template.effectRadiusIndex2,
set,90125,EffectChainTargets[1],sql:spell_template.effectChainTarget2,
set,90125,EffectMiscValue[1],sql:spell_template.effectMiscValue2,
set,90125,EffectTriggerSpell[1],sql:spell_template.effectTriggerSpell2,
set,90125,EffectPointsPerCombo[1],sql:spell_template.effectPointsPerComboPoint2,
set,90125,Effect[2],sql:spell_template.effect3,
set,90125,EffectDieSides[2],sql:spell_template.effectDieSides3,
set,90125,EffectBaseDice[2],sql:spell_template.effectBaseDice3,
set,90125,EffectDicePerLevel[2],sql:spell_template.effectDicePerLevel3,
set,90125,EffectRealPointsPerLevel[2],sql:spell_template.effectRealPointsPerLevel3,
set,90125,EffectBasePoints[2],sql:spell_template.effectBasePoints3,
set,90125,EffectAura[2],sql:spell_template.effectApplyAuraName3,
set,90125,EffectRadiusIndex[2],sql:spell_template.effectRadiusIndex3,
set,90125,EffectChainTargets[2],sql:spell_template.effectChainTarget3,
set,90125,EffectMiscValue[2],sql:spell_template.effectMiscValue3,
set,90125,EffectTriggerSpell[2],sql:spell_template.effectTriggerSpell3,
set,90125,EffectPointsPerCombo[2],sql:spell_template.effectPointsPerComboPoint3,
set,90125,EffectAuraPeriod[0],sql:spell_template.effectAmplitude1,
set,90125,EffectAmplitude[0],sql:spell_template.effectMultipleValue1,
set,90125,ImplicitTargetA[0],sql:spell_template.effectImplicitTargetA1,
set,90125,ImplicitTargetB[0],sql:spell_template.effectImplicitTargetB1,
set,90125,EffectItemType[0],sql:spell_template.effectItemType1,
set,90125,EffectAuraPeriod[1],sql:spell_template.effectAmplitude2,
set,90125,EffectAmplitude[1],sql:spell_template.effectMultipleValue2,
set,90125,ImplicitTargetA[1],sql:spell_template.effectImplicitTargetA2,
set,90125,ImplicitTargetB[1],sql:spell_template.effectImplicitTargetB2,
set,90125,EffectItemType[1],sql:spell_template.effectItemType2,
set,90125,EffectAuraPeriod[2],sql:spell_template.effectAmplitude3,
set,90125,EffectAmplitude[2],sql:spell_template.effectMultipleValue3,
set,90125,ImplicitTargetA[2],sql:spell_template.effectImplicitTargetA3,
set,90125,ImplicitTargetB[2],sql:spell_template.effectImplicitTargetB3,
set,90125,EffectItemType[2],sql:spell_template.effectItemType3,
set,90125,School,sql:spell_template.school,
set,90125,Attributes,sql:spell_template.attributes,
set,90125,AttributesEx,sql:spell_template.attributesEx,
set,90125,AttributesExB,sql:spell_template.attributesEx2,
set,90125,AttributesExC,sql:spell_template.attributesEx3,
set,90125,AttributesExD,sql:spell_template.attributesEx4,
set,90125,Category,sql:spell_template.category,
set,90125,CastUI,sql:spell_template.castUI,
set,90125,DispelType,sql:spell_template.dispel,
set,90125,Mechanic,sql:spell_template.mechanic,
set,90125,ShapeshiftMask,sql:spell_template.stances,
set,90125,ShapeshiftExclude,sql:spell_template.stancesNot,
set,90125,Targets,sql:spell_template.targets,
set,90125,TargetCreatureType,sql:spell_template.targetCreatureType,
set,90125,RequiresSpellFocus,sql:spell_template.requiresSpellFocus,
set,90125,CasterAuraState,sql:spell_template.casterAuraState,
set,90125,TargetAuraState,sql:spell_template.targetAuraState,
set,90125,InterruptFlags,sql:spell_template.interruptFlags,
set,90125,AuraInterruptFlags,sql:spell_template.auraInterruptFlags,
set,90125,ChannelInterruptFlags,sql:spell_template.channelInterruptFlags,
set,90125,ProcFlags,sql:spell_template.procFlags,
set,90125,MaxLevel,sql:spell_template.maxLevel,
set,90125,BaseLevel,sql:spell_template.baseLevel,
set,90125,SpellLevel,sql:spell_template.spellLevel,
set,90125,ManaCostPerLevel,sql:spell_template.manCostPerLevel,
set,90125,ManaPerSecond,sql:spell_template.manaPerSecond,
set,90125,ManaPerSecondPerLevel,sql:spell_template.manaPerSecondPerLevel,
set,90125,ModalNextSpell,sql:spell_template.modelNextSpell,
set,90125,Totem[0],sql:spell_template.totem1,
set,90125,Totem[1],sql:spell_template.totem2,
set,90125,Reagent[0],sql:spell_template.reagent1,
set,90125,Reagent[1],sql:spell_template.reagent2,
set,90125,Reagent[2],sql:spell_template.reagent3,
set,90125,Reagent[3],sql:spell_template.reagent4,
set,90125,Reagent[4],sql:spell_template.reagent5,
set,90125,Reagent[5],sql:spell_template.reagent6,
set,90125,Reagent[6],sql:spell_template.reagent7,
set,90125,Reagent[7],sql:spell_template.reagent8,
set,90125,ReagentCount[0],sql:spell_template.reagentCount1,
set,90125,ReagentCount[1],sql:spell_template.reagentCount2,
set,90125,ReagentCount[2],sql:spell_template.reagentCount3,
set,90125,ReagentCount[3],sql:spell_template.reagentCount4,
set,90125,ReagentCount[4],sql:spell_template.reagentCount5,
set,90125,ReagentCount[5],sql:spell_template.reagentCount6,
set,90125,ReagentCount[6],sql:spell_template.reagentCount7,
set,90125,ReagentCount[7],sql:spell_template.reagentCount8,
set,90125,EquippedItemClass,sql:spell_template.equippedItemClass,
set,90125,EquippedItemSubclass,sql:spell_template.equippedItemSubClassMask,
set,90125,EquippedItemInvTypes,sql:spell_template.equippedItemInventoryTypeMask,
set,90125,EffectMechanic[0],sql:spell_template.effectMechanic1,
set,90125,EffectMechanic[1],sql:spell_template.effectMechanic2,
set,90125,EffectMechanic[2],sql:spell_template.effectMechanic3,
set,90125,SpellVisualID[0],sql:spell_template.spellVisual1,
set,90125,SpellVisualID[1],sql:spell_template.spellVisual2,
set,90125,ActiveIconID,sql:spell_template.activeIconId,
set,90125,SpellPriority,sql:spell_template.spellPriority,
set,90125,Name_lang_enUS,sql:spell_template.name,
set,90125,NameSubtext_lang_enUS,sql:spell_template.nameSubtext,
set,90125,Description_lang_enUS,sql:spell_template.description,
set,90125,AuraDescription_lang_enUS,sql:spell_template.auraDescription,
set,90125,MaxTargetLevel,sql:spell_template.maxTargetLevel,
set,90125,SpellClassSet,sql:spell_template.spellFamilyName,
set,90125,MaxTargets,sql:spell_template.maxAffectedTargets,
set,90125,DefenseType,sql:spell_template.dmgClass,
set,90125,PreventionType,sql:spell_template.preventionType,
set,90125,StanceBarOrder,sql:spell_template.stanceBarOrder,
set,90125,EffectChainAmplitude[0],sql:spell_template.dmgMultiplier1,
set,90125,EffectChainAmplitude[1],sql:spell_template.dmgMultiplier2,
set,90125,EffectChainAmplitude[2],sql:spell_template.dmgMultiplier3,
set,90125,MinFactionID,sql:spell_template.minFactionId,
set,90125,MinReputation,sql:spell_template.minReputation,
set,90125,RequiredAuraVision,sql:spell_template.requiredAuraVision,
set,90125,SpellClassMask[0],0,spellFamilyFlags low
set,90125,SpellClassMask[1],0,spellFamilyFlags high
insert,90126,,copy:12297,Shield Constitution rank 1 (CV-3) (#357)
set,90126,CastingTimeIndex,sql:spell_template.castingTimeIndex,
set,90126,RecoveryTime,sql:spell_template.recoveryTime,
set,90126,CategoryRecoveryTime,sql:spell_template.categoryRecoveryTime,
set,90126,ProcChance,sql:spell_template.procChance,
set,90126,ProcCharges,sql:spell_template.procCharges,
set,90126,DurationIndex,sql:spell_template.durationIndex,
set,90126,PowerType,sql:spell_template.powerType,
set,90126,ManaCost,sql:spell_template.manaCost,
set,90126,RangeIndex,sql:spell_template.rangeIndex,
set,90126,Speed,sql:spell_template.speed,
set,90126,CumulativeAura,sql:spell_template.stackAmount,
set,90126,SpellIconID,sql:spell_template.spellIconId,
set,90126,ManaCostPct,sql:spell_template.manaCostPercentage,
set,90126,StartRecoveryCategory,sql:spell_template.startRecoveryCategory,
set,90126,StartRecoveryTime,sql:spell_template.startRecoveryTime,
set,90126,Effect[0],sql:spell_template.effect1,
set,90126,EffectDieSides[0],sql:spell_template.effectDieSides1,
set,90126,EffectBaseDice[0],sql:spell_template.effectBaseDice1,
set,90126,EffectDicePerLevel[0],sql:spell_template.effectDicePerLevel1,
set,90126,EffectRealPointsPerLevel[0],sql:spell_template.effectRealPointsPerLevel1,
set,90126,EffectBasePoints[0],sql:spell_template.effectBasePoints1,
set,90126,EffectAura[0],sql:spell_template.effectApplyAuraName1,
set,90126,EffectRadiusIndex[0],sql:spell_template.effectRadiusIndex1,
set,90126,EffectChainTargets[0],sql:spell_template.effectChainTarget1,
set,90126,EffectMiscValue[0],sql:spell_template.effectMiscValue1,
set,90126,EffectTriggerSpell[0],sql:spell_template.effectTriggerSpell1,
set,90126,EffectPointsPerCombo[0],sql:spell_template.effectPointsPerComboPoint1,
set,90126,Effect[1],sql:spell_template.effect2,
set,90126,EffectDieSides[1],sql:spell_template.effectDieSides2,
set,90126,EffectBaseDice[1],sql:spell_template.effectBaseDice2,
set,90126,EffectDicePerLevel[1],sql:spell_template.effectDicePerLevel2,
set,90126,EffectRealPointsPerLevel[1],sql:spell_template.effectRealPointsPerLevel2,
set,90126,EffectBasePoints[1],sql:spell_template.effectBasePoints2,
set,90126,EffectAura[1],sql:spell_template.effectApplyAuraName2,
set,90126,EffectRadiusIndex[1],sql:spell_template.effectRadiusIndex2,
set,90126,EffectChainTargets[1],sql:spell_template.effectChainTarget2,
set,90126,EffectMiscValue[1],sql:spell_template.effectMiscValue2,
set,90126,EffectTriggerSpell[1],sql:spell_template.effectTriggerSpell2,
set,90126,EffectPointsPerCombo[1],sql:spell_template.effectPointsPerComboPoint2,
set,90126,Effect[2],sql:spell_template.effect3,
set,90126,EffectDieSides[2],sql:spell_template.effectDieSides3,
set,90126,EffectBaseDice[2],sql:spell_template.effectBaseDice3,
set,90126,EffectDicePerLevel[2],sql:spell_template.effectDicePerLevel3,
set,90126,EffectRealPointsPerLevel[2],sql:spell_template.effectRealPointsPerLevel3,
set,90126,EffectBasePoints[2],sql:spell_template.effectBasePoints3,
set,90126,EffectAura[2],sql:spell_template.effectApplyAuraName3,
set,90126,EffectRadiusIndex[2],sql:spell_template.effectRadiusIndex3,
set,90126,EffectChainTargets[2],sql:spell_template.effectChainTarget3,
set,90126,EffectMiscValue[2],sql:spell_template.effectMiscValue3,
set,90126,EffectTriggerSpell[2],sql:spell_template.effectTriggerSpell3,
set,90126,EffectPointsPerCombo[2],sql:spell_template.effectPointsPerComboPoint3,
set,90126,EffectAuraPeriod[0],sql:spell_template.effectAmplitude1,
set,90126,EffectAmplitude[0],sql:spell_template.effectMultipleValue1,
set,90126,ImplicitTargetA[0],sql:spell_template.effectImplicitTargetA1,
set,90126,ImplicitTargetB[0],sql:spell_template.effectImplicitTargetB1,
set,90126,EffectItemType[0],sql:spell_template.effectItemType1,
set,90126,EffectAuraPeriod[1],sql:spell_template.effectAmplitude2,
set,90126,EffectAmplitude[1],sql:spell_template.effectMultipleValue2,
set,90126,ImplicitTargetA[1],sql:spell_template.effectImplicitTargetA2,
set,90126,ImplicitTargetB[1],sql:spell_template.effectImplicitTargetB2,
set,90126,EffectItemType[1],sql:spell_template.effectItemType2,
set,90126,EffectAuraPeriod[2],sql:spell_template.effectAmplitude3,
set,90126,EffectAmplitude[2],sql:spell_template.effectMultipleValue3,
set,90126,ImplicitTargetA[2],sql:spell_template.effectImplicitTargetA3,
set,90126,ImplicitTargetB[2],sql:spell_template.effectImplicitTargetB3,
set,90126,EffectItemType[2],sql:spell_template.effectItemType3,
set,90126,School,sql:spell_template.school,
set,90126,Attributes,sql:spell_template.attributes,
set,90126,AttributesEx,sql:spell_template.attributesEx,
set,90126,AttributesExB,sql:spell_template.attributesEx2,
set,90126,AttributesExC,sql:spell_template.attributesEx3,
set,90126,AttributesExD,sql:spell_template.attributesEx4,
set,90126,Category,sql:spell_template.category,
set,90126,CastUI,sql:spell_template.castUI,
set,90126,DispelType,sql:spell_template.dispel,
set,90126,Mechanic,sql:spell_template.mechanic,
set,90126,ShapeshiftMask,sql:spell_template.stances,
set,90126,ShapeshiftExclude,sql:spell_template.stancesNot,
set,90126,Targets,sql:spell_template.targets,
set,90126,TargetCreatureType,sql:spell_template.targetCreatureType,
set,90126,RequiresSpellFocus,sql:spell_template.requiresSpellFocus,
set,90126,CasterAuraState,sql:spell_template.casterAuraState,
set,90126,TargetAuraState,sql:spell_template.targetAuraState,
set,90126,InterruptFlags,sql:spell_template.interruptFlags,
set,90126,AuraInterruptFlags,sql:spell_template.auraInterruptFlags,
set,90126,ChannelInterruptFlags,sql:spell_template.channelInterruptFlags,
set,90126,ProcFlags,sql:spell_template.procFlags,
set,90126,MaxLevel,sql:spell_template.maxLevel,
set,90126,BaseLevel,sql:spell_template.baseLevel,
set,90126,SpellLevel,sql:spell_template.spellLevel,
set,90126,ManaCostPerLevel,sql:spell_template.manCostPerLevel,
set,90126,ManaPerSecond,sql:spell_template.manaPerSecond,
set,90126,ManaPerSecondPerLevel,sql:spell_template.manaPerSecondPerLevel,
set,90126,ModalNextSpell,sql:spell_template.modelNextSpell,
set,90126,Totem[0],sql:spell_template.totem1,
set,90126,Totem[1],sql:spell_template.totem2,
set,90126,Reagent[0],sql:spell_template.reagent1,
set,90126,Reagent[1],sql:spell_template.reagent2,
set,90126,Reagent[2],sql:spell_template.reagent3,
set,90126,Reagent[3],sql:spell_template.reagent4,
set,90126,Reagent[4],sql:spell_template.reagent5,
set,90126,Reagent[5],sql:spell_template.reagent6,
set,90126,Reagent[6],sql:spell_template.reagent7,
set,90126,Reagent[7],sql:spell_template.reagent8,
set,90126,ReagentCount[0],sql:spell_template.reagentCount1,
set,90126,ReagentCount[1],sql:spell_template.reagentCount2,
set,90126,ReagentCount[2],sql:spell_template.reagentCount3,
set,90126,ReagentCount[3],sql:spell_template.reagentCount4,
set,90126,ReagentCount[4],sql:spell_template.reagentCount5,
set,90126,ReagentCount[5],sql:spell_template.reagentCount6,
set,90126,ReagentCount[6],sql:spell_template.reagentCount7,
set,90126,ReagentCount[7],sql:spell_template.reagentCount8,
set,90126,EquippedItemClass,sql:spell_template.equippedItemClass,
set,90126,EquippedItemSubclass,sql:spell_template.equippedItemSubClassMask,
set,90126,EquippedItemInvTypes,sql:spell_template.equippedItemInventoryTypeMask,
set,90126,EffectMechanic[0],sql:spell_template.effectMechanic1,
set,90126,EffectMechanic[1],sql:spell_template.effectMechanic2,
set,90126,EffectMechanic[2],sql:spell_template.effectMechanic3,
set,90126,SpellVisualID[0],sql:spell_template.spellVisual1,
set,90126,SpellVisualID[1],sql:spell_template.spellVisual2,
set,90126,ActiveIconID,sql:spell_template.activeIconId,
set,90126,SpellPriority,sql:spell_template.spellPriority,
set,90126,Name_lang_enUS,sql:spell_template.name,
set,90126,NameSubtext_lang_enUS,sql:spell_template.nameSubtext,
set,90126,Description_lang_enUS,sql:spell_template.description,
set,90126,AuraDescription_lang_enUS,sql:spell_template.auraDescription,
set,90126,MaxTargetLevel,sql:spell_template.maxTargetLevel,
set,90126,SpellClassSet,sql:spell_template.spellFamilyName,
set,90126,MaxTargets,sql:spell_template.maxAffectedTargets,
set,90126,DefenseType,sql:spell_template.dmgClass,
set,90126,PreventionType,sql:spell_template.preventionType,
set,90126,StanceBarOrder,sql:spell_template.stanceBarOrder,
set,90126,EffectChainAmplitude[0],sql:spell_template.dmgMultiplier1,
set,90126,EffectChainAmplitude[1],sql:spell_template.dmgMultiplier2,
set,90126,EffectChainAmplitude[2],sql:spell_template.dmgMultiplier3,
set,90126,MinFactionID,sql:spell_template.minFactionId,
set,90126,MinReputation,sql:spell_template.minReputation,
set,90126,RequiredAuraVision,sql:spell_template.requiredAuraVision,
set,90126,SpellClassMask[0],0,spellFamilyFlags low
set,90126,SpellClassMask[1],0,spellFamilyFlags high
insert,90127,,copy:12297,Shield Constitution rank 2 (CV-3) (#357)
set,90127,CastingTimeIndex,sql:spell_template.castingTimeIndex,
set,90127,RecoveryTime,sql:spell_template.recoveryTime,
set,90127,CategoryRecoveryTime,sql:spell_template.categoryRecoveryTime,
set,90127,ProcChance,sql:spell_template.procChance,
set,90127,ProcCharges,sql:spell_template.procCharges,
set,90127,DurationIndex,sql:spell_template.durationIndex,
set,90127,PowerType,sql:spell_template.powerType,
set,90127,ManaCost,sql:spell_template.manaCost,
set,90127,RangeIndex,sql:spell_template.rangeIndex,
set,90127,Speed,sql:spell_template.speed,
set,90127,CumulativeAura,sql:spell_template.stackAmount,
set,90127,SpellIconID,sql:spell_template.spellIconId,
set,90127,ManaCostPct,sql:spell_template.manaCostPercentage,
set,90127,StartRecoveryCategory,sql:spell_template.startRecoveryCategory,
set,90127,StartRecoveryTime,sql:spell_template.startRecoveryTime,
set,90127,Effect[0],sql:spell_template.effect1,
set,90127,EffectDieSides[0],sql:spell_template.effectDieSides1,
set,90127,EffectBaseDice[0],sql:spell_template.effectBaseDice1,
set,90127,EffectDicePerLevel[0],sql:spell_template.effectDicePerLevel1,
set,90127,EffectRealPointsPerLevel[0],sql:spell_template.effectRealPointsPerLevel1,
set,90127,EffectBasePoints[0],sql:spell_template.effectBasePoints1,
set,90127,EffectAura[0],sql:spell_template.effectApplyAuraName1,
set,90127,EffectRadiusIndex[0],sql:spell_template.effectRadiusIndex1,
set,90127,EffectChainTargets[0],sql:spell_template.effectChainTarget1,
set,90127,EffectMiscValue[0],sql:spell_template.effectMiscValue1,
set,90127,EffectTriggerSpell[0],sql:spell_template.effectTriggerSpell1,
set,90127,EffectPointsPerCombo[0],sql:spell_template.effectPointsPerComboPoint1,
set,90127,Effect[1],sql:spell_template.effect2,
set,90127,EffectDieSides[1],sql:spell_template.effectDieSides2,
set,90127,EffectBaseDice[1],sql:spell_template.effectBaseDice2,
set,90127,EffectDicePerLevel[1],sql:spell_template.effectDicePerLevel2,
set,90127,EffectRealPointsPerLevel[1],sql:spell_template.effectRealPointsPerLevel2,
set,90127,EffectBasePoints[1],sql:spell_template.effectBasePoints2,
set,90127,EffectAura[1],sql:spell_template.effectApplyAuraName2,
set,90127,EffectRadiusIndex[1],sql:spell_template.effectRadiusIndex2,
set,90127,EffectChainTargets[1],sql:spell_template.effectChainTarget2,
set,90127,EffectMiscValue[1],sql:spell_template.effectMiscValue2,
set,90127,EffectTriggerSpell[1],sql:spell_template.effectTriggerSpell2,
set,90127,EffectPointsPerCombo[1],sql:spell_template.effectPointsPerComboPoint2,
set,90127,Effect[2],sql:spell_template.effect3,
set,90127,EffectDieSides[2],sql:spell_template.effectDieSides3,
set,90127,EffectBaseDice[2],sql:spell_template.effectBaseDice3,
set,90127,EffectDicePerLevel[2],sql:spell_template.effectDicePerLevel3,
set,90127,EffectRealPointsPerLevel[2],sql:spell_template.effectRealPointsPerLevel3,
set,90127,EffectBasePoints[2],sql:spell_template.effectBasePoints3,
set,90127,EffectAura[2],sql:spell_template.effectApplyAuraName3,
set,90127,EffectRadiusIndex[2],sql:spell_template.effectRadiusIndex3,
set,90127,EffectChainTargets[2],sql:spell_template.effectChainTarget3,
set,90127,EffectMiscValue[2],sql:spell_template.effectMiscValue3,
set,90127,EffectTriggerSpell[2],sql:spell_template.effectTriggerSpell3,
set,90127,EffectPointsPerCombo[2],sql:spell_template.effectPointsPerComboPoint3,
set,90127,EffectAuraPeriod[0],sql:spell_template.effectAmplitude1,
set,90127,EffectAmplitude[0],sql:spell_template.effectMultipleValue1,
set,90127,ImplicitTargetA[0],sql:spell_template.effectImplicitTargetA1,
set,90127,ImplicitTargetB[0],sql:spell_template.effectImplicitTargetB1,
set,90127,EffectItemType[0],sql:spell_template.effectItemType1,
set,90127,EffectAuraPeriod[1],sql:spell_template.effectAmplitude2,
set,90127,EffectAmplitude[1],sql:spell_template.effectMultipleValue2,
set,90127,ImplicitTargetA[1],sql:spell_template.effectImplicitTargetA2,
set,90127,ImplicitTargetB[1],sql:spell_template.effectImplicitTargetB2,
set,90127,EffectItemType[1],sql:spell_template.effectItemType2,
set,90127,EffectAuraPeriod[2],sql:spell_template.effectAmplitude3,
set,90127,EffectAmplitude[2],sql:spell_template.effectMultipleValue3,
set,90127,ImplicitTargetA[2],sql:spell_template.effectImplicitTargetA3,
set,90127,ImplicitTargetB[2],sql:spell_template.effectImplicitTargetB3,
set,90127,EffectItemType[2],sql:spell_template.effectItemType3,
set,90127,School,sql:spell_template.school,
set,90127,Attributes,sql:spell_template.attributes,
set,90127,AttributesEx,sql:spell_template.attributesEx,
set,90127,AttributesExB,sql:spell_template.attributesEx2,
set,90127,AttributesExC,sql:spell_template.attributesEx3,
set,90127,AttributesExD,sql:spell_template.attributesEx4,
set,90127,Category,sql:spell_template.category,
set,90127,CastUI,sql:spell_template.castUI,
set,90127,DispelType,sql:spell_template.dispel,
set,90127,Mechanic,sql:spell_template.mechanic,
set,90127,ShapeshiftMask,sql:spell_template.stances,
set,90127,ShapeshiftExclude,sql:spell_template.stancesNot,
set,90127,Targets,sql:spell_template.targets,
set,90127,TargetCreatureType,sql:spell_template.targetCreatureType,
set,90127,RequiresSpellFocus,sql:spell_template.requiresSpellFocus,
set,90127,CasterAuraState,sql:spell_template.casterAuraState,
set,90127,TargetAuraState,sql:spell_template.targetAuraState,
set,90127,InterruptFlags,sql:spell_template.interruptFlags,
set,90127,AuraInterruptFlags,sql:spell_template.auraInterruptFlags,
set,90127,ChannelInterruptFlags,sql:spell_template.channelInterruptFlags,
set,90127,ProcFlags,sql:spell_template.procFlags,
set,90127,MaxLevel,sql:spell_template.maxLevel,
set,90127,BaseLevel,sql:spell_template.baseLevel,
set,90127,SpellLevel,sql:spell_template.spellLevel,
set,90127,ManaCostPerLevel,sql:spell_template.manCostPerLevel,
set,90127,ManaPerSecond,sql:spell_template.manaPerSecond,
set,90127,ManaPerSecondPerLevel,sql:spell_template.manaPerSecondPerLevel,
set,90127,ModalNextSpell,sql:spell_template.modelNextSpell,
set,90127,Totem[0],sql:spell_template.totem1,
set,90127,Totem[1],sql:spell_template.totem2,
set,90127,Reagent[0],sql:spell_template.reagent1,
set,90127,Reagent[1],sql:spell_template.reagent2,
set,90127,Reagent[2],sql:spell_template.reagent3,
set,90127,Reagent[3],sql:spell_template.reagent4,
set,90127,Reagent[4],sql:spell_template.reagent5,
set,90127,Reagent[5],sql:spell_template.reagent6,
set,90127,Reagent[6],sql:spell_template.reagent7,
set,90127,Reagent[7],sql:spell_template.reagent8,
set,90127,ReagentCount[0],sql:spell_template.reagentCount1,
set,90127,ReagentCount[1],sql:spell_template.reagentCount2,
set,90127,ReagentCount[2],sql:spell_template.reagentCount3,
set,90127,ReagentCount[3],sql:spell_template.reagentCount4,
set,90127,ReagentCount[4],sql:spell_template.reagentCount5,
set,90127,ReagentCount[5],sql:spell_template.reagentCount6,
set,90127,ReagentCount[6],sql:spell_template.reagentCount7,
set,90127,ReagentCount[7],sql:spell_template.reagentCount8,
set,90127,EquippedItemClass,sql:spell_template.equippedItemClass,
set,90127,EquippedItemSubclass,sql:spell_template.equippedItemSubClassMask,
set,90127,EquippedItemInvTypes,sql:spell_template.equippedItemInventoryTypeMask,
set,90127,EffectMechanic[0],sql:spell_template.effectMechanic1,
set,90127,EffectMechanic[1],sql:spell_template.effectMechanic2,
set,90127,EffectMechanic[2],sql:spell_template.effectMechanic3,
set,90127,SpellVisualID[0],sql:spell_template.spellVisual1,
set,90127,SpellVisualID[1],sql:spell_template.spellVisual2,
set,90127,ActiveIconID,sql:spell_template.activeIconId,
set,90127,SpellPriority,sql:spell_template.spellPriority,
set,90127,Name_lang_enUS,sql:spell_template.name,
set,90127,NameSubtext_lang_enUS,sql:spell_template.nameSubtext,
set,90127,Description_lang_enUS,sql:spell_template.description,
set,90127,AuraDescription_lang_enUS,sql:spell_template.auraDescription,
set,90127,MaxTargetLevel,sql:spell_template.maxTargetLevel,
set,90127,SpellClassSet,sql:spell_template.spellFamilyName,
set,90127,MaxTargets,sql:spell_template.maxAffectedTargets,
set,90127,DefenseType,sql:spell_template.dmgClass,
set,90127,PreventionType,sql:spell_template.preventionType,
set,90127,StanceBarOrder,sql:spell_template.stanceBarOrder,
set,90127,EffectChainAmplitude[0],sql:spell_template.dmgMultiplier1,
set,90127,EffectChainAmplitude[1],sql:spell_template.dmgMultiplier2,
set,90127,EffectChainAmplitude[2],sql:spell_template.dmgMultiplier3,
set,90127,MinFactionID,sql:spell_template.minFactionId,
set,90127,MinReputation,sql:spell_template.minReputation,
set,90127,RequiredAuraVision,sql:spell_template.requiredAuraVision,
set,90127,SpellClassMask[0],0,spellFamilyFlags low
set,90127,SpellClassMask[1],0,spellFamilyFlags high
insert,90128,,copy:12297,Shield Constitution rank 3 (CV-3) (#357)
set,90128,CastingTimeIndex,sql:spell_template.castingTimeIndex,
set,90128,RecoveryTime,sql:spell_template.recoveryTime,
set,90128,CategoryRecoveryTime,sql:spell_template.categoryRecoveryTime,
set,90128,ProcChance,sql:spell_template.procChance,
set,90128,ProcCharges,sql:spell_template.procCharges,
set,90128,DurationIndex,sql:spell_template.durationIndex,
set,90128,PowerType,sql:spell_template.powerType,
set,90128,ManaCost,sql:spell_template.manaCost,
set,90128,RangeIndex,sql:spell_template.rangeIndex,
set,90128,Speed,sql:spell_template.speed,
set,90128,CumulativeAura,sql:spell_template.stackAmount,
set,90128,SpellIconID,sql:spell_template.spellIconId,
set,90128,ManaCostPct,sql:spell_template.manaCostPercentage,
set,90128,StartRecoveryCategory,sql:spell_template.startRecoveryCategory,
set,90128,StartRecoveryTime,sql:spell_template.startRecoveryTime,
set,90128,Effect[0],sql:spell_template.effect1,
set,90128,EffectDieSides[0],sql:spell_template.effectDieSides1,
set,90128,EffectBaseDice[0],sql:spell_template.effectBaseDice1,
set,90128,EffectDicePerLevel[0],sql:spell_template.effectDicePerLevel1,
set,90128,EffectRealPointsPerLevel[0],sql:spell_template.effectRealPointsPerLevel1,
set,90128,EffectBasePoints[0],sql:spell_template.effectBasePoints1,
set,90128,EffectAura[0],sql:spell_template.effectApplyAuraName1,
set,90128,EffectRadiusIndex[0],sql:spell_template.effectRadiusIndex1,
set,90128,EffectChainTargets[0],sql:spell_template.effectChainTarget1,
set,90128,EffectMiscValue[0],sql:spell_template.effectMiscValue1,
set,90128,EffectTriggerSpell[0],sql:spell_template.effectTriggerSpell1,
set,90128,EffectPointsPerCombo[0],sql:spell_template.effectPointsPerComboPoint1,
set,90128,Effect[1],sql:spell_template.effect2,
set,90128,EffectDieSides[1],sql:spell_template.effectDieSides2,
set,90128,EffectBaseDice[1],sql:spell_template.effectBaseDice2,
set,90128,EffectDicePerLevel[1],sql:spell_template.effectDicePerLevel2,
set,90128,EffectRealPointsPerLevel[1],sql:spell_template.effectRealPointsPerLevel2,
set,90128,EffectBasePoints[1],sql:spell_template.effectBasePoints2,
set,90128,EffectAura[1],sql:spell_template.effectApplyAuraName2,
set,90128,EffectRadiusIndex[1],sql:spell_template.effectRadiusIndex2,
set,90128,EffectChainTargets[1],sql:spell_template.effectChainTarget2,
set,90128,EffectMiscValue[1],sql:spell_template.effectMiscValue2,
set,90128,EffectTriggerSpell[1],sql:spell_template.effectTriggerSpell2,
set,90128,EffectPointsPerCombo[1],sql:spell_template.effectPointsPerComboPoint2,
set,90128,Effect[2],sql:spell_template.effect3,
set,90128,EffectDieSides[2],sql:spell_template.effectDieSides3,
set,90128,EffectBaseDice[2],sql:spell_template.effectBaseDice3,
set,90128,EffectDicePerLevel[2],sql:spell_template.effectDicePerLevel3,
set,90128,EffectRealPointsPerLevel[2],sql:spell_template.effectRealPointsPerLevel3,
set,90128,EffectBasePoints[2],sql:spell_template.effectBasePoints3,
set,90128,EffectAura[2],sql:spell_template.effectApplyAuraName3,
set,90128,EffectRadiusIndex[2],sql:spell_template.effectRadiusIndex3,
set,90128,EffectChainTargets[2],sql:spell_template.effectChainTarget3,
set,90128,EffectMiscValue[2],sql:spell_template.effectMiscValue3,
set,90128,EffectTriggerSpell[2],sql:spell_template.effectTriggerSpell3,
set,90128,EffectPointsPerCombo[2],sql:spell_template.effectPointsPerComboPoint3,
set,90128,EffectAuraPeriod[0],sql:spell_template.effectAmplitude1,
set,90128,EffectAmplitude[0],sql:spell_template.effectMultipleValue1,
set,90128,ImplicitTargetA[0],sql:spell_template.effectImplicitTargetA1,
set,90128,ImplicitTargetB[0],sql:spell_template.effectImplicitTargetB1,
set,90128,EffectItemType[0],sql:spell_template.effectItemType1,
set,90128,EffectAuraPeriod[1],sql:spell_template.effectAmplitude2,
set,90128,EffectAmplitude[1],sql:spell_template.effectMultipleValue2,
set,90128,ImplicitTargetA[1],sql:spell_template.effectImplicitTargetA2,
set,90128,ImplicitTargetB[1],sql:spell_template.effectImplicitTargetB2,
set,90128,EffectItemType[1],sql:spell_template.effectItemType2,
set,90128,EffectAuraPeriod[2],sql:spell_template.effectAmplitude3,
set,90128,EffectAmplitude[2],sql:spell_template.effectMultipleValue3,
set,90128,ImplicitTargetA[2],sql:spell_template.effectImplicitTargetA3,
set,90128,ImplicitTargetB[2],sql:spell_template.effectImplicitTargetB3,
set,90128,EffectItemType[2],sql:spell_template.effectItemType3,
set,90128,School,sql:spell_template.school,
set,90128,Attributes,sql:spell_template.attributes,
set,90128,AttributesEx,sql:spell_template.attributesEx,
set,90128,AttributesExB,sql:spell_template.attributesEx2,
set,90128,AttributesExC,sql:spell_template.attributesEx3,
set,90128,AttributesExD,sql:spell_template.attributesEx4,
set,90128,Category,sql:spell_template.category,
set,90128,CastUI,sql:spell_template.castUI,
set,90128,DispelType,sql:spell_template.dispel,
set,90128,Mechanic,sql:spell_template.mechanic,
set,90128,ShapeshiftMask,sql:spell_template.stances,
set,90128,ShapeshiftExclude,sql:spell_template.stancesNot,
set,90128,Targets,sql:spell_template.targets,
set,90128,TargetCreatureType,sql:spell_template.targetCreatureType,
set,90128,RequiresSpellFocus,sql:spell_template.requiresSpellFocus,
set,90128,CasterAuraState,sql:spell_template.casterAuraState,
set,90128,TargetAuraState,sql:spell_template.targetAuraState,
set,90128,InterruptFlags,sql:spell_template.interruptFlags,
set,90128,AuraInterruptFlags,sql:spell_template.auraInterruptFlags,
set,90128,ChannelInterruptFlags,sql:spell_template.channelInterruptFlags,
set,90128,ProcFlags,sql:spell_template.procFlags,
set,90128,MaxLevel,sql:spell_template.maxLevel,
set,90128,BaseLevel,sql:spell_template.baseLevel,
set,90128,SpellLevel,sql:spell_template.spellLevel,
set,90128,ManaCostPerLevel,sql:spell_template.manCostPerLevel,
set,90128,ManaPerSecond,sql:spell_template.manaPerSecond,
set,90128,ManaPerSecondPerLevel,sql:spell_template.manaPerSecondPerLevel,
set,90128,ModalNextSpell,sql:spell_template.modelNextSpell,
set,90128,Totem[0],sql:spell_template.totem1,
set,90128,Totem[1],sql:spell_template.totem2,
set,90128,Reagent[0],sql:spell_template.reagent1,
set,90128,Reagent[1],sql:spell_template.reagent2,
set,90128,Reagent[2],sql:spell_template.reagent3,
set,90128,Reagent[3],sql:spell_template.reagent4,
set,90128,Reagent[4],sql:spell_template.reagent5,
set,90128,Reagent[5],sql:spell_template.reagent6,
set,90128,Reagent[6],sql:spell_template.reagent7,
set,90128,Reagent[7],sql:spell_template.reagent8,
set,90128,ReagentCount[0],sql:spell_template.reagentCount1,
set,90128,ReagentCount[1],sql:spell_template.reagentCount2,
set,90128,ReagentCount[2],sql:spell_template.reagentCount3,
set,90128,ReagentCount[3],sql:spell_template.reagentCount4,
set,90128,ReagentCount[4],sql:spell_template.reagentCount5,
set,90128,ReagentCount[5],sql:spell_template.reagentCount6,
set,90128,ReagentCount[6],sql:spell_template.reagentCount7,
set,90128,ReagentCount[7],sql:spell_template.reagentCount8,
set,90128,EquippedItemClass,sql:spell_template.equippedItemClass,
set,90128,EquippedItemSubclass,sql:spell_template.equippedItemSubClassMask,
set,90128,EquippedItemInvTypes,sql:spell_template.equippedItemInventoryTypeMask,
set,90128,EffectMechanic[0],sql:spell_template.effectMechanic1,
set,90128,EffectMechanic[1],sql:spell_template.effectMechanic2,
set,90128,EffectMechanic[2],sql:spell_template.effectMechanic3,
set,90128,SpellVisualID[0],sql:spell_template.spellVisual1,
set,90128,SpellVisualID[1],sql:spell_template.spellVisual2,
set,90128,ActiveIconID,sql:spell_template.activeIconId,
set,90128,SpellPriority,sql:spell_template.spellPriority,
set,90128,Name_lang_enUS,sql:spell_template.name,
set,90128,NameSubtext_lang_enUS,sql:spell_template.nameSubtext,
set,90128,Description_lang_enUS,sql:spell_template.description,
set,90128,AuraDescription_lang_enUS,sql:spell_template.auraDescription,
set,90128,MaxTargetLevel,sql:spell_template.maxTargetLevel,
set,90128,SpellClassSet,sql:spell_template.spellFamilyName,
set,90128,MaxTargets,sql:spell_template.maxAffectedTargets,
set,90128,DefenseType,sql:spell_template.dmgClass,
set,90128,PreventionType,sql:spell_template.preventionType,
set,90128,StanceBarOrder,sql:spell_template.stanceBarOrder,
set,90128,EffectChainAmplitude[0],sql:spell_template.dmgMultiplier1,
set,90128,EffectChainAmplitude[1],sql:spell_template.dmgMultiplier2,
set,90128,EffectChainAmplitude[2],sql:spell_template.dmgMultiplier3,
set,90128,MinFactionID,sql:spell_template.minFactionId,
set,90128,MinReputation,sql:spell_template.minReputation,
set,90128,RequiredAuraVision,sql:spell_template.requiredAuraVision,
set,90128,SpellClassMask[0],0,spellFamilyFlags low
set,90128,SpellClassMask[1],0,spellFamilyFlags high
insert,90129,,copy:12297,Shield Ward (CV-3) (#357)
set,90129,CastingTimeIndex,sql:spell_template.castingTimeIndex,
set,90129,RecoveryTime,sql:spell_template.recoveryTime,
set,90129,CategoryRecoveryTime,sql:spell_template.categoryRecoveryTime,
set,90129,ProcChance,sql:spell_template.procChance,
set,90129,ProcCharges,sql:spell_template.procCharges,
set,90129,DurationIndex,sql:spell_template.durationIndex,
set,90129,PowerType,sql:spell_template.powerType,
set,90129,ManaCost,sql:spell_template.manaCost,
set,90129,RangeIndex,sql:spell_template.rangeIndex,
set,90129,Speed,sql:spell_template.speed,
set,90129,CumulativeAura,sql:spell_template.stackAmount,
set,90129,SpellIconID,sql:spell_template.spellIconId,
set,90129,ManaCostPct,sql:spell_template.manaCostPercentage,
set,90129,StartRecoveryCategory,sql:spell_template.startRecoveryCategory,
set,90129,StartRecoveryTime,sql:spell_template.startRecoveryTime,
set,90129,Effect[0],sql:spell_template.effect1,
set,90129,EffectDieSides[0],sql:spell_template.effectDieSides1,
set,90129,EffectBaseDice[0],sql:spell_template.effectBaseDice1,
set,90129,EffectDicePerLevel[0],sql:spell_template.effectDicePerLevel1,
set,90129,EffectRealPointsPerLevel[0],sql:spell_template.effectRealPointsPerLevel1,
set,90129,EffectBasePoints[0],sql:spell_template.effectBasePoints1,
set,90129,EffectAura[0],sql:spell_template.effectApplyAuraName1,
set,90129,EffectRadiusIndex[0],sql:spell_template.effectRadiusIndex1,
set,90129,EffectChainTargets[0],sql:spell_template.effectChainTarget1,
set,90129,EffectMiscValue[0],sql:spell_template.effectMiscValue1,
set,90129,EffectTriggerSpell[0],sql:spell_template.effectTriggerSpell1,
set,90129,EffectPointsPerCombo[0],sql:spell_template.effectPointsPerComboPoint1,
set,90129,Effect[1],sql:spell_template.effect2,
set,90129,EffectDieSides[1],sql:spell_template.effectDieSides2,
set,90129,EffectBaseDice[1],sql:spell_template.effectBaseDice2,
set,90129,EffectDicePerLevel[1],sql:spell_template.effectDicePerLevel2,
set,90129,EffectRealPointsPerLevel[1],sql:spell_template.effectRealPointsPerLevel2,
set,90129,EffectBasePoints[1],sql:spell_template.effectBasePoints2,
set,90129,EffectAura[1],sql:spell_template.effectApplyAuraName2,
set,90129,EffectRadiusIndex[1],sql:spell_template.effectRadiusIndex2,
set,90129,EffectChainTargets[1],sql:spell_template.effectChainTarget2,
set,90129,EffectMiscValue[1],sql:spell_template.effectMiscValue2,
set,90129,EffectTriggerSpell[1],sql:spell_template.effectTriggerSpell2,
set,90129,EffectPointsPerCombo[1],sql:spell_template.effectPointsPerComboPoint2,
set,90129,Effect[2],sql:spell_template.effect3,
set,90129,EffectDieSides[2],sql:spell_template.effectDieSides3,
set,90129,EffectBaseDice[2],sql:spell_template.effectBaseDice3,
set,90129,EffectDicePerLevel[2],sql:spell_template.effectDicePerLevel3,
set,90129,EffectRealPointsPerLevel[2],sql:spell_template.effectRealPointsPerLevel3,
set,90129,EffectBasePoints[2],sql:spell_template.effectBasePoints3,
set,90129,EffectAura[2],sql:spell_template.effectApplyAuraName3,
set,90129,EffectRadiusIndex[2],sql:spell_template.effectRadiusIndex3,
set,90129,EffectChainTargets[2],sql:spell_template.effectChainTarget3,
set,90129,EffectMiscValue[2],sql:spell_template.effectMiscValue3,
set,90129,EffectTriggerSpell[2],sql:spell_template.effectTriggerSpell3,
set,90129,EffectPointsPerCombo[2],sql:spell_template.effectPointsPerComboPoint3,
set,90129,EffectAuraPeriod[0],sql:spell_template.effectAmplitude1,
set,90129,EffectAmplitude[0],sql:spell_template.effectMultipleValue1,
set,90129,ImplicitTargetA[0],sql:spell_template.effectImplicitTargetA1,
set,90129,ImplicitTargetB[0],sql:spell_template.effectImplicitTargetB1,
set,90129,EffectItemType[0],sql:spell_template.effectItemType1,
set,90129,EffectAuraPeriod[1],sql:spell_template.effectAmplitude2,
set,90129,EffectAmplitude[1],sql:spell_template.effectMultipleValue2,
set,90129,ImplicitTargetA[1],sql:spell_template.effectImplicitTargetA2,
set,90129,ImplicitTargetB[1],sql:spell_template.effectImplicitTargetB2,
set,90129,EffectItemType[1],sql:spell_template.effectItemType2,
set,90129,EffectAuraPeriod[2],sql:spell_template.effectAmplitude3,
set,90129,EffectAmplitude[2],sql:spell_template.effectMultipleValue3,
set,90129,ImplicitTargetA[2],sql:spell_template.effectImplicitTargetA3,
set,90129,ImplicitTargetB[2],sql:spell_template.effectImplicitTargetB3,
set,90129,EffectItemType[2],sql:spell_template.effectItemType3,
set,90129,School,sql:spell_template.school,
set,90129,Attributes,sql:spell_template.attributes,
set,90129,AttributesEx,sql:spell_template.attributesEx,
set,90129,AttributesExB,sql:spell_template.attributesEx2,
set,90129,AttributesExC,sql:spell_template.attributesEx3,
set,90129,AttributesExD,sql:spell_template.attributesEx4,
set,90129,Category,sql:spell_template.category,
set,90129,CastUI,sql:spell_template.castUI,
set,90129,DispelType,sql:spell_template.dispel,
set,90129,Mechanic,sql:spell_template.mechanic,
set,90129,ShapeshiftMask,sql:spell_template.stances,
set,90129,ShapeshiftExclude,sql:spell_template.stancesNot,
set,90129,Targets,sql:spell_template.targets,
set,90129,TargetCreatureType,sql:spell_template.targetCreatureType,
set,90129,RequiresSpellFocus,sql:spell_template.requiresSpellFocus,
set,90129,CasterAuraState,sql:spell_template.casterAuraState,
set,90129,TargetAuraState,sql:spell_template.targetAuraState,
set,90129,InterruptFlags,sql:spell_template.interruptFlags,
set,90129,AuraInterruptFlags,sql:spell_template.auraInterruptFlags,
set,90129,ChannelInterruptFlags,sql:spell_template.channelInterruptFlags,
set,90129,ProcFlags,sql:spell_template.procFlags,
set,90129,MaxLevel,sql:spell_template.maxLevel,
set,90129,BaseLevel,sql:spell_template.baseLevel,
set,90129,SpellLevel,sql:spell_template.spellLevel,
set,90129,ManaCostPerLevel,sql:spell_template.manCostPerLevel,
set,90129,ManaPerSecond,sql:spell_template.manaPerSecond,
set,90129,ManaPerSecondPerLevel,sql:spell_template.manaPerSecondPerLevel,
set,90129,ModalNextSpell,sql:spell_template.modelNextSpell,
set,90129,Totem[0],sql:spell_template.totem1,
set,90129,Totem[1],sql:spell_template.totem2,
set,90129,Reagent[0],sql:spell_template.reagent1,
set,90129,Reagent[1],sql:spell_template.reagent2,
set,90129,Reagent[2],sql:spell_template.reagent3,
set,90129,Reagent[3],sql:spell_template.reagent4,
set,90129,Reagent[4],sql:spell_template.reagent5,
set,90129,Reagent[5],sql:spell_template.reagent6,
set,90129,Reagent[6],sql:spell_template.reagent7,
set,90129,Reagent[7],sql:spell_template.reagent8,
set,90129,ReagentCount[0],sql:spell_template.reagentCount1,
set,90129,ReagentCount[1],sql:spell_template.reagentCount2,
set,90129,ReagentCount[2],sql:spell_template.reagentCount3,
set,90129,ReagentCount[3],sql:spell_template.reagentCount4,
set,90129,ReagentCount[4],sql:spell_template.reagentCount5,
set,90129,ReagentCount[5],sql:spell_template.reagentCount6,
set,90129,ReagentCount[6],sql:spell_template.reagentCount7,
set,90129,ReagentCount[7],sql:spell_template.reagentCount8,
set,90129,EquippedItemClass,sql:spell_template.equippedItemClass,
set,90129,EquippedItemSubclass,sql:spell_template.equippedItemSubClassMask,
set,90129,EquippedItemInvTypes,sql:spell_template.equippedItemInventoryTypeMask,
set,90129,EffectMechanic[0],sql:spell_template.effectMechanic1,
set,90129,EffectMechanic[1],sql:spell_template.effectMechanic2,
set,90129,EffectMechanic[2],sql:spell_template.effectMechanic3,
set,90129,SpellVisualID[0],sql:spell_template.spellVisual1,
set,90129,SpellVisualID[1],sql:spell_template.spellVisual2,
set,90129,ActiveIconID,sql:spell_template.activeIconId,
set,90129,SpellPriority,sql:spell_template.spellPriority,
set,90129,Name_lang_enUS,sql:spell_template.name,
set,90129,NameSubtext_lang_enUS,sql:spell_template.nameSubtext,
set,90129,Description_lang_enUS,sql:spell_template.description,
set,90129,AuraDescription_lang_enUS,sql:spell_template.auraDescription,
set,90129,MaxTargetLevel,sql:spell_template.maxTargetLevel,
set,90129,SpellClassSet,sql:spell_template.spellFamilyName,
set,90129,MaxTargets,sql:spell_template.maxAffectedTargets,
set,90129,DefenseType,sql:spell_template.dmgClass,
set,90129,PreventionType,sql:spell_template.preventionType,
set,90129,StanceBarOrder,sql:spell_template.stanceBarOrder,
set,90129,EffectChainAmplitude[0],sql:spell_template.dmgMultiplier1,
set,90129,EffectChainAmplitude[1],sql:spell_template.dmgMultiplier2,
set,90129,EffectChainAmplitude[2],sql:spell_template.dmgMultiplier3,
set,90129,MinFactionID,sql:spell_template.minFactionId,
set,90129,MinReputation,sql:spell_template.minReputation,
set,90129,RequiredAuraVision,sql:spell_template.requiredAuraVision,
set,90129,SpellClassMask[0],0,spellFamilyFlags low
set,90129,SpellClassMask[1],0,spellFamilyFlags high
insert,90130,,copy:16269,Ancestral Arms
set,90130,CastingTimeIndex,sql:spell_template.castingTimeIndex,
set,90130,RecoveryTime,sql:spell_template.recoveryTime,
set,90130,CategoryRecoveryTime,sql:spell_template.categoryRecoveryTime,
set,90130,ProcChance,sql:spell_template.procChance,
set,90130,ProcCharges,sql:spell_template.procCharges,
set,90130,DurationIndex,sql:spell_template.durationIndex,
set,90130,PowerType,sql:spell_template.powerType,
set,90130,ManaCost,sql:spell_template.manaCost,
set,90130,RangeIndex,sql:spell_template.rangeIndex,
set,90130,Speed,sql:spell_template.speed,
set,90130,CumulativeAura,sql:spell_template.stackAmount,
set,90130,SpellIconID,sql:spell_template.spellIconId,
set,90130,ManaCostPct,sql:spell_template.manaCostPercentage,
set,90130,StartRecoveryCategory,sql:spell_template.startRecoveryCategory,
set,90130,StartRecoveryTime,sql:spell_template.startRecoveryTime,
set,90130,Effect[0],sql:spell_template.effect1,
set,90130,EffectDieSides[0],sql:spell_template.effectDieSides1,
set,90130,EffectBaseDice[0],sql:spell_template.effectBaseDice1,
set,90130,EffectDicePerLevel[0],sql:spell_template.effectDicePerLevel1,
set,90130,EffectRealPointsPerLevel[0],sql:spell_template.effectRealPointsPerLevel1,
set,90130,EffectBasePoints[0],sql:spell_template.effectBasePoints1,
set,90130,EffectAura[0],sql:spell_template.effectApplyAuraName1,
set,90130,EffectRadiusIndex[0],sql:spell_template.effectRadiusIndex1,
set,90130,EffectChainTargets[0],sql:spell_template.effectChainTarget1,
set,90130,EffectMiscValue[0],sql:spell_template.effectMiscValue1,
set,90130,EffectTriggerSpell[0],sql:spell_template.effectTriggerSpell1,
set,90130,EffectPointsPerCombo[0],sql:spell_template.effectPointsPerComboPoint1,
set,90130,Effect[1],sql:spell_template.effect2,
set,90130,EffectDieSides[1],sql:spell_template.effectDieSides2,
set,90130,EffectBaseDice[1],sql:spell_template.effectBaseDice2,
set,90130,EffectDicePerLevel[1],sql:spell_template.effectDicePerLevel2,
set,90130,EffectRealPointsPerLevel[1],sql:spell_template.effectRealPointsPerLevel2,
set,90130,EffectBasePoints[1],sql:spell_template.effectBasePoints2,
set,90130,EffectAura[1],sql:spell_template.effectApplyAuraName2,
set,90130,EffectRadiusIndex[1],sql:spell_template.effectRadiusIndex2,
set,90130,EffectChainTargets[1],sql:spell_template.effectChainTarget2,
set,90130,EffectMiscValue[1],sql:spell_template.effectMiscValue2,
set,90130,EffectTriggerSpell[1],sql:spell_template.effectTriggerSpell2,
set,90130,EffectPointsPerCombo[1],sql:spell_template.effectPointsPerComboPoint2,
set,90130,Effect[2],sql:spell_template.effect3,
set,90130,EffectDieSides[2],sql:spell_template.effectDieSides3,
set,90130,EffectBaseDice[2],sql:spell_template.effectBaseDice3,
set,90130,EffectDicePerLevel[2],sql:spell_template.effectDicePerLevel3,
set,90130,EffectRealPointsPerLevel[2],sql:spell_template.effectRealPointsPerLevel3,
set,90130,EffectBasePoints[2],sql:spell_template.effectBasePoints3,
set,90130,EffectAura[2],sql:spell_template.effectApplyAuraName3,
set,90130,EffectRadiusIndex[2],sql:spell_template.effectRadiusIndex3,
set,90130,EffectChainTargets[2],sql:spell_template.effectChainTarget3,
set,90130,EffectMiscValue[2],sql:spell_template.effectMiscValue3,
set,90130,EffectTriggerSpell[2],sql:spell_template.effectTriggerSpell3,
set,90130,EffectPointsPerCombo[2],sql:spell_template.effectPointsPerComboPoint3,
set,90130,EffectAuraPeriod[0],sql:spell_template.effectAmplitude1,
set,90130,EffectAmplitude[0],sql:spell_template.effectMultipleValue1,
set,90130,ImplicitTargetA[0],sql:spell_template.effectImplicitTargetA1,
set,90130,ImplicitTargetB[0],sql:spell_template.effectImplicitTargetB1,
set,90130,EffectItemType[0],sql:spell_template.effectItemType1,
set,90130,EffectAuraPeriod[1],sql:spell_template.effectAmplitude2,
set,90130,EffectAmplitude[1],sql:spell_template.effectMultipleValue2,
set,90130,ImplicitTargetA[1],sql:spell_template.effectImplicitTargetA2,
set,90130,ImplicitTargetB[1],sql:spell_template.effectImplicitTargetB2,
set,90130,EffectItemType[1],sql:spell_template.effectItemType2,
set,90130,EffectAuraPeriod[2],sql:spell_template.effectAmplitude3,
set,90130,EffectAmplitude[2],sql:spell_template.effectMultipleValue3,
set,90130,ImplicitTargetA[2],sql:spell_template.effectImplicitTargetA3,
set,90130,ImplicitTargetB[2],sql:spell_template.effectImplicitTargetB3,
set,90130,EffectItemType[2],sql:spell_template.effectItemType3,
set,90130,School,sql:spell_template.school,
set,90130,Attributes,sql:spell_template.attributes,
set,90130,AttributesEx,sql:spell_template.attributesEx,
set,90130,AttributesExB,sql:spell_template.attributesEx2,
set,90130,AttributesExC,sql:spell_template.attributesEx3,
set,90130,AttributesExD,sql:spell_template.attributesEx4,
set,90130,Category,sql:spell_template.category,
set,90130,CastUI,sql:spell_template.castUI,
set,90130,DispelType,sql:spell_template.dispel,
set,90130,Mechanic,sql:spell_template.mechanic,
set,90130,ShapeshiftMask,sql:spell_template.stances,
set,90130,ShapeshiftExclude,sql:spell_template.stancesNot,
set,90130,Targets,sql:spell_template.targets,
set,90130,TargetCreatureType,sql:spell_template.targetCreatureType,
set,90130,RequiresSpellFocus,sql:spell_template.requiresSpellFocus,
set,90130,CasterAuraState,sql:spell_template.casterAuraState,
set,90130,TargetAuraState,sql:spell_template.targetAuraState,
set,90130,InterruptFlags,sql:spell_template.interruptFlags,
set,90130,AuraInterruptFlags,sql:spell_template.auraInterruptFlags,
set,90130,ChannelInterruptFlags,sql:spell_template.channelInterruptFlags,
set,90130,ProcFlags,sql:spell_template.procFlags,
set,90130,MaxLevel,sql:spell_template.maxLevel,
set,90130,BaseLevel,sql:spell_template.baseLevel,
set,90130,SpellLevel,sql:spell_template.spellLevel,
set,90130,ManaCostPerLevel,sql:spell_template.manCostPerLevel,
set,90130,ManaPerSecond,sql:spell_template.manaPerSecond,
set,90130,ManaPerSecondPerLevel,sql:spell_template.manaPerSecondPerLevel,
set,90130,ModalNextSpell,sql:spell_template.modelNextSpell,
set,90130,Totem[0],sql:spell_template.totem1,
set,90130,Totem[1],sql:spell_template.totem2,
set,90130,Reagent[0],sql:spell_template.reagent1,
set,90130,Reagent[1],sql:spell_template.reagent2,
set,90130,Reagent[2],sql:spell_template.reagent3,
set,90130,Reagent[3],sql:spell_template.reagent4,
set,90130,Reagent[4],sql:spell_template.reagent5,
set,90130,Reagent[5],sql:spell_template.reagent6,
set,90130,Reagent[6],sql:spell_template.reagent7,
set,90130,Reagent[7],sql:spell_template.reagent8,
set,90130,ReagentCount[0],sql:spell_template.reagentCount1,
set,90130,ReagentCount[1],sql:spell_template.reagentCount2,
set,90130,ReagentCount[2],sql:spell_template.reagentCount3,
set,90130,ReagentCount[3],sql:spell_template.reagentCount4,
set,90130,ReagentCount[4],sql:spell_template.reagentCount5,
set,90130,ReagentCount[5],sql:spell_template.reagentCount6,
set,90130,ReagentCount[6],sql:spell_template.reagentCount7,
set,90130,ReagentCount[7],sql:spell_template.reagentCount8,
set,90130,EquippedItemClass,sql:spell_template.equippedItemClass,
set,90130,EquippedItemSubclass,sql:spell_template.equippedItemSubClassMask,
set,90130,EquippedItemInvTypes,sql:spell_template.equippedItemInventoryTypeMask,
set,90130,EffectMechanic[0],sql:spell_template.effectMechanic1,
set,90130,EffectMechanic[1],sql:spell_template.effectMechanic2,
set,90130,EffectMechanic[2],sql:spell_template.effectMechanic3,
set,90130,SpellVisualID[0],sql:spell_template.spellVisual1,
set,90130,SpellVisualID[1],sql:spell_template.spellVisual2,
set,90130,ActiveIconID,sql:spell_template.activeIconId,
set,90130,SpellPriority,sql:spell_template.spellPriority,
set,90130,Name_lang_enUS,sql:spell_template.name,
set,90130,NameSubtext_lang_enUS,sql:spell_template.nameSubtext,
set,90130,Description_lang_enUS,sql:spell_template.description,
set,90130,AuraDescription_lang_enUS,sql:spell_template.auraDescription,
set,90130,MaxTargetLevel,sql:spell_template.maxTargetLevel,
set,90130,SpellClassSet,sql:spell_template.spellFamilyName,
set,90130,MaxTargets,sql:spell_template.maxAffectedTargets,
set,90130,DefenseType,sql:spell_template.dmgClass,
set,90130,PreventionType,sql:spell_template.preventionType,
set,90130,StanceBarOrder,sql:spell_template.stanceBarOrder,
set,90130,EffectChainAmplitude[0],sql:spell_template.dmgMultiplier1,
set,90130,EffectChainAmplitude[1],sql:spell_template.dmgMultiplier2,
set,90130,EffectChainAmplitude[2],sql:spell_template.dmgMultiplier3,
set,90130,MinFactionID,sql:spell_template.minFactionId,
set,90130,MinReputation,sql:spell_template.minReputation,
set,90130,RequiredAuraVision,sql:spell_template.requiredAuraVision,
set,90130,SpellClassMask[0],0,spellFamilyFlags low
set,90130,SpellClassMask[1],0,spellFamilyFlags high
insert,90131,,copy:51663,W hub (#357)
set,90131,CastingTimeIndex,sql:spell_template.castingTimeIndex,
set,90131,RecoveryTime,sql:spell_template.recoveryTime,
set,90131,CategoryRecoveryTime,sql:spell_template.categoryRecoveryTime,
set,90131,ProcChance,sql:spell_template.procChance,
set,90131,ProcCharges,sql:spell_template.procCharges,
set,90131,DurationIndex,sql:spell_template.durationIndex,
set,90131,PowerType,sql:spell_template.powerType,
set,90131,ManaCost,sql:spell_template.manaCost,
set,90131,RangeIndex,sql:spell_template.rangeIndex,
set,90131,Speed,sql:spell_template.speed,
set,90131,CumulativeAura,sql:spell_template.stackAmount,
set,90131,SpellIconID,sql:spell_template.spellIconId,
set,90131,ManaCostPct,sql:spell_template.manaCostPercentage,
set,90131,StartRecoveryCategory,sql:spell_template.startRecoveryCategory,
set,90131,StartRecoveryTime,sql:spell_template.startRecoveryTime,
set,90131,Effect[0],sql:spell_template.effect1,
set,90131,EffectDieSides[0],sql:spell_template.effectDieSides1,
set,90131,EffectBaseDice[0],sql:spell_template.effectBaseDice1,
set,90131,EffectDicePerLevel[0],sql:spell_template.effectDicePerLevel1,
set,90131,EffectRealPointsPerLevel[0],sql:spell_template.effectRealPointsPerLevel1,
set,90131,EffectBasePoints[0],sql:spell_template.effectBasePoints1,
set,90131,EffectAura[0],sql:spell_template.effectApplyAuraName1,
set,90131,EffectRadiusIndex[0],sql:spell_template.effectRadiusIndex1,
set,90131,EffectChainTargets[0],sql:spell_template.effectChainTarget1,
set,90131,EffectMiscValue[0],sql:spell_template.effectMiscValue1,
set,90131,EffectTriggerSpell[0],sql:spell_template.effectTriggerSpell1,
set,90131,EffectPointsPerCombo[0],sql:spell_template.effectPointsPerComboPoint1,
set,90131,Effect[1],sql:spell_template.effect2,
set,90131,EffectDieSides[1],sql:spell_template.effectDieSides2,
set,90131,EffectBaseDice[1],sql:spell_template.effectBaseDice2,
set,90131,EffectDicePerLevel[1],sql:spell_template.effectDicePerLevel2,
set,90131,EffectRealPointsPerLevel[1],sql:spell_template.effectRealPointsPerLevel2,
set,90131,EffectBasePoints[1],sql:spell_template.effectBasePoints2,
set,90131,EffectAura[1],sql:spell_template.effectApplyAuraName2,
set,90131,EffectRadiusIndex[1],sql:spell_template.effectRadiusIndex2,
set,90131,EffectChainTargets[1],sql:spell_template.effectChainTarget2,
set,90131,EffectMiscValue[1],sql:spell_template.effectMiscValue2,
set,90131,EffectTriggerSpell[1],sql:spell_template.effectTriggerSpell2,
set,90131,EffectPointsPerCombo[1],sql:spell_template.effectPointsPerComboPoint2,
set,90131,Effect[2],sql:spell_template.effect3,
set,90131,EffectDieSides[2],sql:spell_template.effectDieSides3,
set,90131,EffectBaseDice[2],sql:spell_template.effectBaseDice3,
set,90131,EffectDicePerLevel[2],sql:spell_template.effectDicePerLevel3,
set,90131,EffectRealPointsPerLevel[2],sql:spell_template.effectRealPointsPerLevel3,
set,90131,EffectBasePoints[2],sql:spell_template.effectBasePoints3,
set,90131,EffectAura[2],sql:spell_template.effectApplyAuraName3,
set,90131,EffectRadiusIndex[2],sql:spell_template.effectRadiusIndex3,
set,90131,EffectChainTargets[2],sql:spell_template.effectChainTarget3,
set,90131,EffectMiscValue[2],sql:spell_template.effectMiscValue3,
set,90131,EffectTriggerSpell[2],sql:spell_template.effectTriggerSpell3,
set,90131,EffectPointsPerCombo[2],sql:spell_template.effectPointsPerComboPoint3,
set,90131,EffectAuraPeriod[0],sql:spell_template.effectAmplitude1,
set,90131,EffectAmplitude[0],sql:spell_template.effectMultipleValue1,
set,90131,ImplicitTargetA[0],sql:spell_template.effectImplicitTargetA1,
set,90131,ImplicitTargetB[0],sql:spell_template.effectImplicitTargetB1,
set,90131,EffectItemType[0],sql:spell_template.effectItemType1,
set,90131,EffectAuraPeriod[1],sql:spell_template.effectAmplitude2,
set,90131,EffectAmplitude[1],sql:spell_template.effectMultipleValue2,
set,90131,ImplicitTargetA[1],sql:spell_template.effectImplicitTargetA2,
set,90131,ImplicitTargetB[1],sql:spell_template.effectImplicitTargetB2,
set,90131,EffectItemType[1],sql:spell_template.effectItemType2,
set,90131,EffectAuraPeriod[2],sql:spell_template.effectAmplitude3,
set,90131,EffectAmplitude[2],sql:spell_template.effectMultipleValue3,
set,90131,ImplicitTargetA[2],sql:spell_template.effectImplicitTargetA3,
set,90131,ImplicitTargetB[2],sql:spell_template.effectImplicitTargetB3,
set,90131,EffectItemType[2],sql:spell_template.effectItemType3,
set,90131,School,sql:spell_template.school,
set,90131,Attributes,sql:spell_template.attributes,
set,90131,AttributesEx,sql:spell_template.attributesEx,
set,90131,AttributesExB,sql:spell_template.attributesEx2,
set,90131,AttributesExC,sql:spell_template.attributesEx3,
set,90131,AttributesExD,sql:spell_template.attributesEx4,
set,90131,Category,sql:spell_template.category,
set,90131,CastUI,sql:spell_template.castUI,
set,90131,DispelType,sql:spell_template.dispel,
set,90131,Mechanic,sql:spell_template.mechanic,
set,90131,ShapeshiftMask,sql:spell_template.stances,
set,90131,ShapeshiftExclude,sql:spell_template.stancesNot,
set,90131,Targets,sql:spell_template.targets,
set,90131,TargetCreatureType,sql:spell_template.targetCreatureType,
set,90131,RequiresSpellFocus,sql:spell_template.requiresSpellFocus,
set,90131,CasterAuraState,sql:spell_template.casterAuraState,
set,90131,TargetAuraState,sql:spell_template.targetAuraState,
set,90131,InterruptFlags,sql:spell_template.interruptFlags,
set,90131,AuraInterruptFlags,sql:spell_template.auraInterruptFlags,
set,90131,ChannelInterruptFlags,sql:spell_template.channelInterruptFlags,
set,90131,ProcFlags,sql:spell_template.procFlags,
set,90131,MaxLevel,sql:spell_template.maxLevel,
set,90131,BaseLevel,sql:spell_template.baseLevel,
set,90131,SpellLevel,sql:spell_template.spellLevel,
set,90131,ManaCostPerLevel,sql:spell_template.manCostPerLevel,
set,90131,ManaPerSecond,sql:spell_template.manaPerSecond,
set,90131,ManaPerSecondPerLevel,sql:spell_template.manaPerSecondPerLevel,
set,90131,ModalNextSpell,sql:spell_template.modelNextSpell,
set,90131,Totem[0],sql:spell_template.totem1,
set,90131,Totem[1],sql:spell_template.totem2,
set,90131,Reagent[0],sql:spell_template.reagent1,
set,90131,Reagent[1],sql:spell_template.reagent2,
set,90131,Reagent[2],sql:spell_template.reagent3,
set,90131,Reagent[3],sql:spell_template.reagent4,
set,90131,Reagent[4],sql:spell_template.reagent5,
set,90131,Reagent[5],sql:spell_template.reagent6,
set,90131,Reagent[6],sql:spell_template.reagent7,
set,90131,Reagent[7],sql:spell_template.reagent8,
set,90131,ReagentCount[0],sql:spell_template.reagentCount1,
set,90131,ReagentCount[1],sql:spell_template.reagentCount2,
set,90131,ReagentCount[2],sql:spell_template.reagentCount3,
set,90131,ReagentCount[3],sql:spell_template.reagentCount4,
set,90131,ReagentCount[4],sql:spell_template.reagentCount5,
set,90131,ReagentCount[5],sql:spell_template.reagentCount6,
set,90131,ReagentCount[6],sql:spell_template.reagentCount7,
set,90131,ReagentCount[7],sql:spell_template.reagentCount8,
set,90131,EquippedItemClass,sql:spell_template.equippedItemClass,
set,90131,EquippedItemSubclass,sql:spell_template.equippedItemSubClassMask,
set,90131,EquippedItemInvTypes,sql:spell_template.equippedItemInventoryTypeMask,
set,90131,EffectMechanic[0],sql:spell_template.effectMechanic1,
set,90131,EffectMechanic[1],sql:spell_template.effectMechanic2,
set,90131,EffectMechanic[2],sql:spell_template.effectMechanic3,
set,90131,SpellVisualID[0],sql:spell_template.spellVisual1,
set,90131,SpellVisualID[1],sql:spell_template.spellVisual2,
set,90131,ActiveIconID,sql:spell_template.activeIconId,
set,90131,SpellPriority,sql:spell_template.spellPriority,
set,90131,Name_lang_enUS,sql:spell_template.name,
set,90131,NameSubtext_lang_enUS,sql:spell_template.nameSubtext,
set,90131,Description_lang_enUS,sql:spell_template.description,
set,90131,AuraDescription_lang_enUS,sql:spell_template.auraDescription,
set,90131,MaxTargetLevel,sql:spell_template.maxTargetLevel,
set,90131,SpellClassSet,sql:spell_template.spellFamilyName,
set,90131,MaxTargets,sql:spell_template.maxAffectedTargets,
set,90131,DefenseType,sql:spell_template.dmgClass,
set,90131,PreventionType,sql:spell_template.preventionType,
set,90131,StanceBarOrder,sql:spell_template.stanceBarOrder,
set,90131,EffectChainAmplitude[0],sql:spell_template.dmgMultiplier1,
set,90131,EffectChainAmplitude[1],sql:spell_template.dmgMultiplier2,
set,90131,EffectChainAmplitude[2],sql:spell_template.dmgMultiplier3,
set,90131,MinFactionID,sql:spell_template.minFactionId,
set,90131,MinReputation,sql:spell_template.minReputation,
set,90131,RequiredAuraVision,sql:spell_template.requiredAuraVision,
set,90131,SpellClassMask[0],0,spellFamilyFlags low
set,90131,SpellClassMask[1],0,spellFamilyFlags high
insert,90132,,copy:51663,W weapon skill (#357)
set,90132,CastingTimeIndex,sql:spell_template.castingTimeIndex,
set,90132,RecoveryTime,sql:spell_template.recoveryTime,
set,90132,CategoryRecoveryTime,sql:spell_template.categoryRecoveryTime,
set,90132,ProcChance,sql:spell_template.procChance,
set,90132,ProcCharges,sql:spell_template.procCharges,
set,90132,DurationIndex,sql:spell_template.durationIndex,
set,90132,PowerType,sql:spell_template.powerType,
set,90132,ManaCost,sql:spell_template.manaCost,
set,90132,RangeIndex,sql:spell_template.rangeIndex,
set,90132,Speed,sql:spell_template.speed,
set,90132,CumulativeAura,sql:spell_template.stackAmount,
set,90132,SpellIconID,sql:spell_template.spellIconId,
set,90132,ManaCostPct,sql:spell_template.manaCostPercentage,
set,90132,StartRecoveryCategory,sql:spell_template.startRecoveryCategory,
set,90132,StartRecoveryTime,sql:spell_template.startRecoveryTime,
set,90132,Effect[0],sql:spell_template.effect1,
set,90132,EffectDieSides[0],sql:spell_template.effectDieSides1,
set,90132,EffectBaseDice[0],sql:spell_template.effectBaseDice1,
set,90132,EffectDicePerLevel[0],sql:spell_template.effectDicePerLevel1,
set,90132,EffectRealPointsPerLevel[0],sql:spell_template.effectRealPointsPerLevel1,
set,90132,EffectBasePoints[0],sql:spell_template.effectBasePoints1,
set,90132,EffectAura[0],sql:spell_template.effectApplyAuraName1,
set,90132,EffectRadiusIndex[0],sql:spell_template.effectRadiusIndex1,
set,90132,EffectChainTargets[0],sql:spell_template.effectChainTarget1,
set,90132,EffectMiscValue[0],sql:spell_template.effectMiscValue1,
set,90132,EffectTriggerSpell[0],sql:spell_template.effectTriggerSpell1,
set,90132,EffectPointsPerCombo[0],sql:spell_template.effectPointsPerComboPoint1,
set,90132,Effect[1],sql:spell_template.effect2,
set,90132,EffectDieSides[1],sql:spell_template.effectDieSides2,
set,90132,EffectBaseDice[1],sql:spell_template.effectBaseDice2,
set,90132,EffectDicePerLevel[1],sql:spell_template.effectDicePerLevel2,
set,90132,EffectRealPointsPerLevel[1],sql:spell_template.effectRealPointsPerLevel2,
set,90132,EffectBasePoints[1],sql:spell_template.effectBasePoints2,
set,90132,EffectAura[1],sql:spell_template.effectApplyAuraName2,
set,90132,EffectRadiusIndex[1],sql:spell_template.effectRadiusIndex2,
set,90132,EffectChainTargets[1],sql:spell_template.effectChainTarget2,
set,90132,EffectMiscValue[1],sql:spell_template.effectMiscValue2,
set,90132,EffectTriggerSpell[1],sql:spell_template.effectTriggerSpell2,
set,90132,EffectPointsPerCombo[1],sql:spell_template.effectPointsPerComboPoint2,
set,90132,Effect[2],sql:spell_template.effect3,
set,90132,EffectDieSides[2],sql:spell_template.effectDieSides3,
set,90132,EffectBaseDice[2],sql:spell_template.effectBaseDice3,
set,90132,EffectDicePerLevel[2],sql:spell_template.effectDicePerLevel3,
set,90132,EffectRealPointsPerLevel[2],sql:spell_template.effectRealPointsPerLevel3,
set,90132,EffectBasePoints[2],sql:spell_template.effectBasePoints3,
set,90132,EffectAura[2],sql:spell_template.effectApplyAuraName3,
set,90132,EffectRadiusIndex[2],sql:spell_template.effectRadiusIndex3,
set,90132,EffectChainTargets[2],sql:spell_template.effectChainTarget3,
set,90132,EffectMiscValue[2],sql:spell_template.effectMiscValue3,
set,90132,EffectTriggerSpell[2],sql:spell_template.effectTriggerSpell3,
set,90132,EffectPointsPerCombo[2],sql:spell_template.effectPointsPerComboPoint3,
set,90132,EffectAuraPeriod[0],sql:spell_template.effectAmplitude1,
set,90132,EffectAmplitude[0],sql:spell_template.effectMultipleValue1,
set,90132,ImplicitTargetA[0],sql:spell_template.effectImplicitTargetA1,
set,90132,ImplicitTargetB[0],sql:spell_template.effectImplicitTargetB1,
set,90132,EffectItemType[0],sql:spell_template.effectItemType1,
set,90132,EffectAuraPeriod[1],sql:spell_template.effectAmplitude2,
set,90132,EffectAmplitude[1],sql:spell_template.effectMultipleValue2,
set,90132,ImplicitTargetA[1],sql:spell_template.effectImplicitTargetA2,
set,90132,ImplicitTargetB[1],sql:spell_template.effectImplicitTargetB2,
set,90132,EffectItemType[1],sql:spell_template.effectItemType2,
set,90132,EffectAuraPeriod[2],sql:spell_template.effectAmplitude3,
set,90132,EffectAmplitude[2],sql:spell_template.effectMultipleValue3,
set,90132,ImplicitTargetA[2],sql:spell_template.effectImplicitTargetA3,
set,90132,ImplicitTargetB[2],sql:spell_template.effectImplicitTargetB3,
set,90132,EffectItemType[2],sql:spell_template.effectItemType3,
set,90132,School,sql:spell_template.school,
set,90132,Attributes,sql:spell_template.attributes,
set,90132,AttributesEx,sql:spell_template.attributesEx,
set,90132,AttributesExB,sql:spell_template.attributesEx2,
set,90132,AttributesExC,sql:spell_template.attributesEx3,
set,90132,AttributesExD,sql:spell_template.attributesEx4,
set,90132,Category,sql:spell_template.category,
set,90132,CastUI,sql:spell_template.castUI,
set,90132,DispelType,sql:spell_template.dispel,
set,90132,Mechanic,sql:spell_template.mechanic,
set,90132,ShapeshiftMask,sql:spell_template.stances,
set,90132,ShapeshiftExclude,sql:spell_template.stancesNot,
set,90132,Targets,sql:spell_template.targets,
set,90132,TargetCreatureType,sql:spell_template.targetCreatureType,
set,90132,RequiresSpellFocus,sql:spell_template.requiresSpellFocus,
set,90132,CasterAuraState,sql:spell_template.casterAuraState,
set,90132,TargetAuraState,sql:spell_template.targetAuraState,
set,90132,InterruptFlags,sql:spell_template.interruptFlags,
set,90132,AuraInterruptFlags,sql:spell_template.auraInterruptFlags,
set,90132,ChannelInterruptFlags,sql:spell_template.channelInterruptFlags,
set,90132,ProcFlags,sql:spell_template.procFlags,
set,90132,MaxLevel,sql:spell_template.maxLevel,
set,90132,BaseLevel,sql:spell_template.baseLevel,
set,90132,SpellLevel,sql:spell_template.spellLevel,
set,90132,ManaCostPerLevel,sql:spell_template.manCostPerLevel,
set,90132,ManaPerSecond,sql:spell_template.manaPerSecond,
set,90132,ManaPerSecondPerLevel,sql:spell_template.manaPerSecondPerLevel,
set,90132,ModalNextSpell,sql:spell_template.modelNextSpell,
set,90132,Totem[0],sql:spell_template.totem1,
set,90132,Totem[1],sql:spell_template.totem2,
set,90132,Reagent[0],sql:spell_template.reagent1,
set,90132,Reagent[1],sql:spell_template.reagent2,
set,90132,Reagent[2],sql:spell_template.reagent3,
set,90132,Reagent[3],sql:spell_template.reagent4,
set,90132,Reagent[4],sql:spell_template.reagent5,
set,90132,Reagent[5],sql:spell_template.reagent6,
set,90132,Reagent[6],sql:spell_template.reagent7,
set,90132,Reagent[7],sql:spell_template.reagent8,
set,90132,ReagentCount[0],sql:spell_template.reagentCount1,
set,90132,ReagentCount[1],sql:spell_template.reagentCount2,
set,90132,ReagentCount[2],sql:spell_template.reagentCount3,
set,90132,ReagentCount[3],sql:spell_template.reagentCount4,
set,90132,ReagentCount[4],sql:spell_template.reagentCount5,
set,90132,ReagentCount[5],sql:spell_template.reagentCount6,
set,90132,ReagentCount[6],sql:spell_template.reagentCount7,
set,90132,ReagentCount[7],sql:spell_template.reagentCount8,
set,90132,EquippedItemClass,sql:spell_template.equippedItemClass,
set,90132,EquippedItemSubclass,sql:spell_template.equippedItemSubClassMask,
set,90132,EquippedItemInvTypes,sql:spell_template.equippedItemInventoryTypeMask,
set,90132,EffectMechanic[0],sql:spell_template.effectMechanic1,
set,90132,EffectMechanic[1],sql:spell_template.effectMechanic2,
set,90132,EffectMechanic[2],sql:spell_template.effectMechanic3,
set,90132,SpellVisualID[0],sql:spell_template.spellVisual1,
set,90132,SpellVisualID[1],sql:spell_template.spellVisual2,
set,90132,ActiveIconID,sql:spell_template.activeIconId,
set,90132,SpellPriority,sql:spell_template.spellPriority,
set,90132,Name_lang_enUS,sql:spell_template.name,
set,90132,NameSubtext_lang_enUS,sql:spell_template.nameSubtext,
set,90132,Description_lang_enUS,sql:spell_template.description,
set,90132,AuraDescription_lang_enUS,sql:spell_template.auraDescription,
set,90132,MaxTargetLevel,sql:spell_template.maxTargetLevel,
set,90132,SpellClassSet,sql:spell_template.spellFamilyName,
set,90132,MaxTargets,sql:spell_template.maxAffectedTargets,
set,90132,DefenseType,sql:spell_template.dmgClass,
set,90132,PreventionType,sql:spell_template.preventionType,
set,90132,StanceBarOrder,sql:spell_template.stanceBarOrder,
set,90132,EffectChainAmplitude[0],sql:spell_template.dmgMultiplier1,
set,90132,EffectChainAmplitude[1],sql:spell_template.dmgMultiplier2,
set,90132,EffectChainAmplitude[2],sql:spell_template.dmgMultiplier3,
set,90132,MinFactionID,sql:spell_template.minFactionId,
set,90132,MinReputation,sql:spell_template.minReputation,
set,90132,RequiredAuraVision,sql:spell_template.requiredAuraVision,
set,90132,SpellClassMask[0],0,spellFamilyFlags low
set,90132,SpellClassMask[1],0,spellFamilyFlags high
insert,90133,,copy:51663,W hub (#357)
set,90133,CastingTimeIndex,sql:spell_template.castingTimeIndex,
set,90133,RecoveryTime,sql:spell_template.recoveryTime,
set,90133,CategoryRecoveryTime,sql:spell_template.categoryRecoveryTime,
set,90133,ProcChance,sql:spell_template.procChance,
set,90133,ProcCharges,sql:spell_template.procCharges,
set,90133,DurationIndex,sql:spell_template.durationIndex,
set,90133,PowerType,sql:spell_template.powerType,
set,90133,ManaCost,sql:spell_template.manaCost,
set,90133,RangeIndex,sql:spell_template.rangeIndex,
set,90133,Speed,sql:spell_template.speed,
set,90133,CumulativeAura,sql:spell_template.stackAmount,
set,90133,SpellIconID,sql:spell_template.spellIconId,
set,90133,ManaCostPct,sql:spell_template.manaCostPercentage,
set,90133,StartRecoveryCategory,sql:spell_template.startRecoveryCategory,
set,90133,StartRecoveryTime,sql:spell_template.startRecoveryTime,
set,90133,Effect[0],sql:spell_template.effect1,
set,90133,EffectDieSides[0],sql:spell_template.effectDieSides1,
set,90133,EffectBaseDice[0],sql:spell_template.effectBaseDice1,
set,90133,EffectDicePerLevel[0],sql:spell_template.effectDicePerLevel1,
set,90133,EffectRealPointsPerLevel[0],sql:spell_template.effectRealPointsPerLevel1,
set,90133,EffectBasePoints[0],sql:spell_template.effectBasePoints1,
set,90133,EffectAura[0],sql:spell_template.effectApplyAuraName1,
set,90133,EffectRadiusIndex[0],sql:spell_template.effectRadiusIndex1,
set,90133,EffectChainTargets[0],sql:spell_template.effectChainTarget1,
set,90133,EffectMiscValue[0],sql:spell_template.effectMiscValue1,
set,90133,EffectTriggerSpell[0],sql:spell_template.effectTriggerSpell1,
set,90133,EffectPointsPerCombo[0],sql:spell_template.effectPointsPerComboPoint1,
set,90133,Effect[1],sql:spell_template.effect2,
set,90133,EffectDieSides[1],sql:spell_template.effectDieSides2,
set,90133,EffectBaseDice[1],sql:spell_template.effectBaseDice2,
set,90133,EffectDicePerLevel[1],sql:spell_template.effectDicePerLevel2,
set,90133,EffectRealPointsPerLevel[1],sql:spell_template.effectRealPointsPerLevel2,
set,90133,EffectBasePoints[1],sql:spell_template.effectBasePoints2,
set,90133,EffectAura[1],sql:spell_template.effectApplyAuraName2,
set,90133,EffectRadiusIndex[1],sql:spell_template.effectRadiusIndex2,
set,90133,EffectChainTargets[1],sql:spell_template.effectChainTarget2,
set,90133,EffectMiscValue[1],sql:spell_template.effectMiscValue2,
set,90133,EffectTriggerSpell[1],sql:spell_template.effectTriggerSpell2,
set,90133,EffectPointsPerCombo[1],sql:spell_template.effectPointsPerComboPoint2,
set,90133,Effect[2],sql:spell_template.effect3,
set,90133,EffectDieSides[2],sql:spell_template.effectDieSides3,
set,90133,EffectBaseDice[2],sql:spell_template.effectBaseDice3,
set,90133,EffectDicePerLevel[2],sql:spell_template.effectDicePerLevel3,
set,90133,EffectRealPointsPerLevel[2],sql:spell_template.effectRealPointsPerLevel3,
set,90133,EffectBasePoints[2],sql:spell_template.effectBasePoints3,
set,90133,EffectAura[2],sql:spell_template.effectApplyAuraName3,
set,90133,EffectRadiusIndex[2],sql:spell_template.effectRadiusIndex3,
set,90133,EffectChainTargets[2],sql:spell_template.effectChainTarget3,
set,90133,EffectMiscValue[2],sql:spell_template.effectMiscValue3,
set,90133,EffectTriggerSpell[2],sql:spell_template.effectTriggerSpell3,
set,90133,EffectPointsPerCombo[2],sql:spell_template.effectPointsPerComboPoint3,
set,90133,EffectAuraPeriod[0],sql:spell_template.effectAmplitude1,
set,90133,EffectAmplitude[0],sql:spell_template.effectMultipleValue1,
set,90133,ImplicitTargetA[0],sql:spell_template.effectImplicitTargetA1,
set,90133,ImplicitTargetB[0],sql:spell_template.effectImplicitTargetB1,
set,90133,EffectItemType[0],sql:spell_template.effectItemType1,
set,90133,EffectAuraPeriod[1],sql:spell_template.effectAmplitude2,
set,90133,EffectAmplitude[1],sql:spell_template.effectMultipleValue2,
set,90133,ImplicitTargetA[1],sql:spell_template.effectImplicitTargetA2,
set,90133,ImplicitTargetB[1],sql:spell_template.effectImplicitTargetB2,
set,90133,EffectItemType[1],sql:spell_template.effectItemType2,
set,90133,EffectAuraPeriod[2],sql:spell_template.effectAmplitude3,
set,90133,EffectAmplitude[2],sql:spell_template.effectMultipleValue3,
set,90133,ImplicitTargetA[2],sql:spell_template.effectImplicitTargetA3,
set,90133,ImplicitTargetB[2],sql:spell_template.effectImplicitTargetB3,
set,90133,EffectItemType[2],sql:spell_template.effectItemType3,
set,90133,School,sql:spell_template.school,
set,90133,Attributes,sql:spell_template.attributes,
set,90133,AttributesEx,sql:spell_template.attributesEx,
set,90133,AttributesExB,sql:spell_template.attributesEx2,
set,90133,AttributesExC,sql:spell_template.attributesEx3,
set,90133,AttributesExD,sql:spell_template.attributesEx4,
set,90133,Category,sql:spell_template.category,
set,90133,CastUI,sql:spell_template.castUI,
set,90133,DispelType,sql:spell_template.dispel,
set,90133,Mechanic,sql:spell_template.mechanic,
set,90133,ShapeshiftMask,sql:spell_template.stances,
set,90133,ShapeshiftExclude,sql:spell_template.stancesNot,
set,90133,Targets,sql:spell_template.targets,
set,90133,TargetCreatureType,sql:spell_template.targetCreatureType,
set,90133,RequiresSpellFocus,sql:spell_template.requiresSpellFocus,
set,90133,CasterAuraState,sql:spell_template.casterAuraState,
set,90133,TargetAuraState,sql:spell_template.targetAuraState,
set,90133,InterruptFlags,sql:spell_template.interruptFlags,
set,90133,AuraInterruptFlags,sql:spell_template.auraInterruptFlags,
set,90133,ChannelInterruptFlags,sql:spell_template.channelInterruptFlags,
set,90133,ProcFlags,sql:spell_template.procFlags,
set,90133,MaxLevel,sql:spell_template.maxLevel,
set,90133,BaseLevel,sql:spell_template.baseLevel,
set,90133,SpellLevel,sql:spell_template.spellLevel,
set,90133,ManaCostPerLevel,sql:spell_template.manCostPerLevel,
set,90133,ManaPerSecond,sql:spell_template.manaPerSecond,
set,90133,ManaPerSecondPerLevel,sql:spell_template.manaPerSecondPerLevel,
set,90133,ModalNextSpell,sql:spell_template.modelNextSpell,
set,90133,Totem[0],sql:spell_template.totem1,
set,90133,Totem[1],sql:spell_template.totem2,
set,90133,Reagent[0],sql:spell_template.reagent1,
set,90133,Reagent[1],sql:spell_template.reagent2,
set,90133,Reagent[2],sql:spell_template.reagent3,
set,90133,Reagent[3],sql:spell_template.reagent4,
set,90133,Reagent[4],sql:spell_template.reagent5,
set,90133,Reagent[5],sql:spell_template.reagent6,
set,90133,Reagent[6],sql:spell_template.reagent7,
set,90133,Reagent[7],sql:spell_template.reagent8,
set,90133,ReagentCount[0],sql:spell_template.reagentCount1,
set,90133,ReagentCount[1],sql:spell_template.reagentCount2,
set,90133,ReagentCount[2],sql:spell_template.reagentCount3,
set,90133,ReagentCount[3],sql:spell_template.reagentCount4,
set,90133,ReagentCount[4],sql:spell_template.reagentCount5,
set,90133,ReagentCount[5],sql:spell_template.reagentCount6,
set,90133,ReagentCount[6],sql:spell_template.reagentCount7,
set,90133,ReagentCount[7],sql:spell_template.reagentCount8,
set,90133,EquippedItemClass,sql:spell_template.equippedItemClass,
set,90133,EquippedItemSubclass,sql:spell_template.equippedItemSubClassMask,
set,90133,EquippedItemInvTypes,sql:spell_template.equippedItemInventoryTypeMask,
set,90133,EffectMechanic[0],sql:spell_template.effectMechanic1,
set,90133,EffectMechanic[1],sql:spell_template.effectMechanic2,
set,90133,EffectMechanic[2],sql:spell_template.effectMechanic3,
set,90133,SpellVisualID[0],sql:spell_template.spellVisual1,
set,90133,SpellVisualID[1],sql:spell_template.spellVisual2,
set,90133,ActiveIconID,sql:spell_template.activeIconId,
set,90133,SpellPriority,sql:spell_template.spellPriority,
set,90133,Name_lang_enUS,sql:spell_template.name,
set,90133,NameSubtext_lang_enUS,sql:spell_template.nameSubtext,
set,90133,Description_lang_enUS,sql:spell_template.description,
set,90133,AuraDescription_lang_enUS,sql:spell_template.auraDescription,
set,90133,MaxTargetLevel,sql:spell_template.maxTargetLevel,
set,90133,SpellClassSet,sql:spell_template.spellFamilyName,
set,90133,MaxTargets,sql:spell_template.maxAffectedTargets,
set,90133,DefenseType,sql:spell_template.dmgClass,
set,90133,PreventionType,sql:spell_template.preventionType,
set,90133,StanceBarOrder,sql:spell_template.stanceBarOrder,
set,90133,EffectChainAmplitude[0],sql:spell_template.dmgMultiplier1,
set,90133,EffectChainAmplitude[1],sql:spell_template.dmgMultiplier2,
set,90133,EffectChainAmplitude[2],sql:spell_template.dmgMultiplier3,
set,90133,MinFactionID,sql:spell_template.minFactionId,
set,90133,MinReputation,sql:spell_template.minReputation,
set,90133,RequiredAuraVision,sql:spell_template.requiredAuraVision,
set,90133,SpellClassMask[0],0,spellFamilyFlags low
set,90133,SpellClassMask[1],0,spellFamilyFlags high
insert,90134,,copy:51663,W hub (#357)
set,90134,CastingTimeIndex,sql:spell_template.castingTimeIndex,
set,90134,RecoveryTime,sql:spell_template.recoveryTime,
set,90134,CategoryRecoveryTime,sql:spell_template.categoryRecoveryTime,
set,90134,ProcChance,sql:spell_template.procChance,
set,90134,ProcCharges,sql:spell_template.procCharges,
set,90134,DurationIndex,sql:spell_template.durationIndex,
set,90134,PowerType,sql:spell_template.powerType,
set,90134,ManaCost,sql:spell_template.manaCost,
set,90134,RangeIndex,sql:spell_template.rangeIndex,
set,90134,Speed,sql:spell_template.speed,
set,90134,CumulativeAura,sql:spell_template.stackAmount,
set,90134,SpellIconID,sql:spell_template.spellIconId,
set,90134,ManaCostPct,sql:spell_template.manaCostPercentage,
set,90134,StartRecoveryCategory,sql:spell_template.startRecoveryCategory,
set,90134,StartRecoveryTime,sql:spell_template.startRecoveryTime,
set,90134,Effect[0],sql:spell_template.effect1,
set,90134,EffectDieSides[0],sql:spell_template.effectDieSides1,
set,90134,EffectBaseDice[0],sql:spell_template.effectBaseDice1,
set,90134,EffectDicePerLevel[0],sql:spell_template.effectDicePerLevel1,
set,90134,EffectRealPointsPerLevel[0],sql:spell_template.effectRealPointsPerLevel1,
set,90134,EffectBasePoints[0],sql:spell_template.effectBasePoints1,
set,90134,EffectAura[0],sql:spell_template.effectApplyAuraName1,
set,90134,EffectRadiusIndex[0],sql:spell_template.effectRadiusIndex1,
set,90134,EffectChainTargets[0],sql:spell_template.effectChainTarget1,
set,90134,EffectMiscValue[0],sql:spell_template.effectMiscValue1,
set,90134,EffectTriggerSpell[0],sql:spell_template.effectTriggerSpell1,
set,90134,EffectPointsPerCombo[0],sql:spell_template.effectPointsPerComboPoint1,
set,90134,Effect[1],sql:spell_template.effect2,
set,90134,EffectDieSides[1],sql:spell_template.effectDieSides2,
set,90134,EffectBaseDice[1],sql:spell_template.effectBaseDice2,
set,90134,EffectDicePerLevel[1],sql:spell_template.effectDicePerLevel2,
set,90134,EffectRealPointsPerLevel[1],sql:spell_template.effectRealPointsPerLevel2,
set,90134,EffectBasePoints[1],sql:spell_template.effectBasePoints2,
set,90134,EffectAura[1],sql:spell_template.effectApplyAuraName2,
set,90134,EffectRadiusIndex[1],sql:spell_template.effectRadiusIndex2,
set,90134,EffectChainTargets[1],sql:spell_template.effectChainTarget2,
set,90134,EffectMiscValue[1],sql:spell_template.effectMiscValue2,
set,90134,EffectTriggerSpell[1],sql:spell_template.effectTriggerSpell2,
set,90134,EffectPointsPerCombo[1],sql:spell_template.effectPointsPerComboPoint2,
set,90134,Effect[2],sql:spell_template.effect3,
set,90134,EffectDieSides[2],sql:spell_template.effectDieSides3,
set,90134,EffectBaseDice[2],sql:spell_template.effectBaseDice3,
set,90134,EffectDicePerLevel[2],sql:spell_template.effectDicePerLevel3,
set,90134,EffectRealPointsPerLevel[2],sql:spell_template.effectRealPointsPerLevel3,
set,90134,EffectBasePoints[2],sql:spell_template.effectBasePoints3,
set,90134,EffectAura[2],sql:spell_template.effectApplyAuraName3,
set,90134,EffectRadiusIndex[2],sql:spell_template.effectRadiusIndex3,
set,90134,EffectChainTargets[2],sql:spell_template.effectChainTarget3,
set,90134,EffectMiscValue[2],sql:spell_template.effectMiscValue3,
set,90134,EffectTriggerSpell[2],sql:spell_template.effectTriggerSpell3,
set,90134,EffectPointsPerCombo[2],sql:spell_template.effectPointsPerComboPoint3,
set,90134,EffectAuraPeriod[0],sql:spell_template.effectAmplitude1,
set,90134,EffectAmplitude[0],sql:spell_template.effectMultipleValue1,
set,90134,ImplicitTargetA[0],sql:spell_template.effectImplicitTargetA1,
set,90134,ImplicitTargetB[0],sql:spell_template.effectImplicitTargetB1,
set,90134,EffectItemType[0],sql:spell_template.effectItemType1,
set,90134,EffectAuraPeriod[1],sql:spell_template.effectAmplitude2,
set,90134,EffectAmplitude[1],sql:spell_template.effectMultipleValue2,
set,90134,ImplicitTargetA[1],sql:spell_template.effectImplicitTargetA2,
set,90134,ImplicitTargetB[1],sql:spell_template.effectImplicitTargetB2,
set,90134,EffectItemType[1],sql:spell_template.effectItemType2,
set,90134,EffectAuraPeriod[2],sql:spell_template.effectAmplitude3,
set,90134,EffectAmplitude[2],sql:spell_template.effectMultipleValue3,
set,90134,ImplicitTargetA[2],sql:spell_template.effectImplicitTargetA3,
set,90134,ImplicitTargetB[2],sql:spell_template.effectImplicitTargetB3,
set,90134,EffectItemType[2],sql:spell_template.effectItemType3,
set,90134,School,sql:spell_template.school,
set,90134,Attributes,sql:spell_template.attributes,
set,90134,AttributesEx,sql:spell_template.attributesEx,
set,90134,AttributesExB,sql:spell_template.attributesEx2,
set,90134,AttributesExC,sql:spell_template.attributesEx3,
set,90134,AttributesExD,sql:spell_template.attributesEx4,
set,90134,Category,sql:spell_template.category,
set,90134,CastUI,sql:spell_template.castUI,
set,90134,DispelType,sql:spell_template.dispel,
set,90134,Mechanic,sql:spell_template.mechanic,
set,90134,ShapeshiftMask,sql:spell_template.stances,
set,90134,ShapeshiftExclude,sql:spell_template.stancesNot,
set,90134,Targets,sql:spell_template.targets,
set,90134,TargetCreatureType,sql:spell_template.targetCreatureType,
set,90134,RequiresSpellFocus,sql:spell_template.requiresSpellFocus,
set,90134,CasterAuraState,sql:spell_template.casterAuraState,
set,90134,TargetAuraState,sql:spell_template.targetAuraState,
set,90134,InterruptFlags,sql:spell_template.interruptFlags,
set,90134,AuraInterruptFlags,sql:spell_template.auraInterruptFlags,
set,90134,ChannelInterruptFlags,sql:spell_template.channelInterruptFlags,
set,90134,ProcFlags,sql:spell_template.procFlags,
set,90134,MaxLevel,sql:spell_template.maxLevel,
set,90134,BaseLevel,sql:spell_template.baseLevel,
set,90134,SpellLevel,sql:spell_template.spellLevel,
set,90134,ManaCostPerLevel,sql:spell_template.manCostPerLevel,
set,90134,ManaPerSecond,sql:spell_template.manaPerSecond,
set,90134,ManaPerSecondPerLevel,sql:spell_template.manaPerSecondPerLevel,
set,90134,ModalNextSpell,sql:spell_template.modelNextSpell,
set,90134,Totem[0],sql:spell_template.totem1,
set,90134,Totem[1],sql:spell_template.totem2,
set,90134,Reagent[0],sql:spell_template.reagent1,
set,90134,Reagent[1],sql:spell_template.reagent2,
set,90134,Reagent[2],sql:spell_template.reagent3,
set,90134,Reagent[3],sql:spell_template.reagent4,
set,90134,Reagent[4],sql:spell_template.reagent5,
set,90134,Reagent[5],sql:spell_template.reagent6,
set,90134,Reagent[6],sql:spell_template.reagent7,
set,90134,Reagent[7],sql:spell_template.reagent8,
set,90134,ReagentCount[0],sql:spell_template.reagentCount1,
set,90134,ReagentCount[1],sql:spell_template.reagentCount2,
set,90134,ReagentCount[2],sql:spell_template.reagentCount3,
set,90134,ReagentCount[3],sql:spell_template.reagentCount4,
set,90134,ReagentCount[4],sql:spell_template.reagentCount5,
set,90134,ReagentCount[5],sql:spell_template.reagentCount6,
set,90134,ReagentCount[6],sql:spell_template.reagentCount7,
set,90134,ReagentCount[7],sql:spell_template.reagentCount8,
set,90134,EquippedItemClass,sql:spell_template.equippedItemClass,
set,90134,EquippedItemSubclass,sql:spell_template.equippedItemSubClassMask,
set,90134,EquippedItemInvTypes,sql:spell_template.equippedItemInventoryTypeMask,
set,90134,EffectMechanic[0],sql:spell_template.effectMechanic1,
set,90134,EffectMechanic[1],sql:spell_template.effectMechanic2,
set,90134,EffectMechanic[2],sql:spell_template.effectMechanic3,
set,90134,SpellVisualID[0],sql:spell_template.spellVisual1,
set,90134,SpellVisualID[1],sql:spell_template.spellVisual2,
set,90134,ActiveIconID,sql:spell_template.activeIconId,
set,90134,SpellPriority,sql:spell_template.spellPriority,
set,90134,Name_lang_enUS,sql:spell_template.name,
set,90134,NameSubtext_lang_enUS,sql:spell_template.nameSubtext,
set,90134,Description_lang_enUS,sql:spell_template.description,
set,90134,AuraDescription_lang_enUS,sql:spell_template.auraDescription,
set,90134,MaxTargetLevel,sql:spell_template.maxTargetLevel,
set,90134,SpellClassSet,sql:spell_template.spellFamilyName,
set,90134,MaxTargets,sql:spell_template.maxAffectedTargets,
set,90134,DefenseType,sql:spell_template.dmgClass,
set,90134,PreventionType,sql:spell_template.preventionType,
set,90134,StanceBarOrder,sql:spell_template.stanceBarOrder,
set,90134,EffectChainAmplitude[0],sql:spell_template.dmgMultiplier1,
set,90134,EffectChainAmplitude[1],sql:spell_template.dmgMultiplier2,
set,90134,EffectChainAmplitude[2],sql:spell_template.dmgMultiplier3,
set,90134,MinFactionID,sql:spell_template.minFactionId,
set,90134,MinReputation,sql:spell_template.minReputation,
set,90134,RequiredAuraVision,sql:spell_template.requiredAuraVision,
set,90134,SpellClassMask[0],0,spellFamilyFlags low
set,90134,SpellClassMask[1],0,spellFamilyFlags high
insert,90135,,copy:51668,W one-handed sword extra attack (#357)
set,90135,CastingTimeIndex,sql:spell_template.castingTimeIndex,
set,90135,RecoveryTime,sql:spell_template.recoveryTime,
set,90135,CategoryRecoveryTime,sql:spell_template.categoryRecoveryTime,
set,90135,ProcChance,sql:spell_template.procChance,
set,90135,ProcCharges,sql:spell_template.procCharges,
set,90135,DurationIndex,sql:spell_template.durationIndex,
set,90135,PowerType,sql:spell_template.powerType,
set,90135,ManaCost,sql:spell_template.manaCost,
set,90135,RangeIndex,sql:spell_template.rangeIndex,
set,90135,Speed,sql:spell_template.speed,
set,90135,CumulativeAura,sql:spell_template.stackAmount,
set,90135,SpellIconID,sql:spell_template.spellIconId,
set,90135,ManaCostPct,sql:spell_template.manaCostPercentage,
set,90135,StartRecoveryCategory,sql:spell_template.startRecoveryCategory,
set,90135,StartRecoveryTime,sql:spell_template.startRecoveryTime,
set,90135,Effect[0],sql:spell_template.effect1,
set,90135,EffectDieSides[0],sql:spell_template.effectDieSides1,
set,90135,EffectBaseDice[0],sql:spell_template.effectBaseDice1,
set,90135,EffectDicePerLevel[0],sql:spell_template.effectDicePerLevel1,
set,90135,EffectRealPointsPerLevel[0],sql:spell_template.effectRealPointsPerLevel1,
set,90135,EffectBasePoints[0],sql:spell_template.effectBasePoints1,
set,90135,EffectAura[0],sql:spell_template.effectApplyAuraName1,
set,90135,EffectRadiusIndex[0],sql:spell_template.effectRadiusIndex1,
set,90135,EffectChainTargets[0],sql:spell_template.effectChainTarget1,
set,90135,EffectMiscValue[0],sql:spell_template.effectMiscValue1,
set,90135,EffectTriggerSpell[0],sql:spell_template.effectTriggerSpell1,
set,90135,EffectPointsPerCombo[0],sql:spell_template.effectPointsPerComboPoint1,
set,90135,Effect[1],sql:spell_template.effect2,
set,90135,EffectDieSides[1],sql:spell_template.effectDieSides2,
set,90135,EffectBaseDice[1],sql:spell_template.effectBaseDice2,
set,90135,EffectDicePerLevel[1],sql:spell_template.effectDicePerLevel2,
set,90135,EffectRealPointsPerLevel[1],sql:spell_template.effectRealPointsPerLevel2,
set,90135,EffectBasePoints[1],sql:spell_template.effectBasePoints2,
set,90135,EffectAura[1],sql:spell_template.effectApplyAuraName2,
set,90135,EffectRadiusIndex[1],sql:spell_template.effectRadiusIndex2,
set,90135,EffectChainTargets[1],sql:spell_template.effectChainTarget2,
set,90135,EffectMiscValue[1],sql:spell_template.effectMiscValue2,
set,90135,EffectTriggerSpell[1],sql:spell_template.effectTriggerSpell2,
set,90135,EffectPointsPerCombo[1],sql:spell_template.effectPointsPerComboPoint2,
set,90135,Effect[2],sql:spell_template.effect3,
set,90135,EffectDieSides[2],sql:spell_template.effectDieSides3,
set,90135,EffectBaseDice[2],sql:spell_template.effectBaseDice3,
set,90135,EffectDicePerLevel[2],sql:spell_template.effectDicePerLevel3,
set,90135,EffectRealPointsPerLevel[2],sql:spell_template.effectRealPointsPerLevel3,
set,90135,EffectBasePoints[2],sql:spell_template.effectBasePoints3,
set,90135,EffectAura[2],sql:spell_template.effectApplyAuraName3,
set,90135,EffectRadiusIndex[2],sql:spell_template.effectRadiusIndex3,
set,90135,EffectChainTargets[2],sql:spell_template.effectChainTarget3,
set,90135,EffectMiscValue[2],sql:spell_template.effectMiscValue3,
set,90135,EffectTriggerSpell[2],sql:spell_template.effectTriggerSpell3,
set,90135,EffectPointsPerCombo[2],sql:spell_template.effectPointsPerComboPoint3,
set,90135,EffectAuraPeriod[0],sql:spell_template.effectAmplitude1,
set,90135,EffectAmplitude[0],sql:spell_template.effectMultipleValue1,
set,90135,ImplicitTargetA[0],sql:spell_template.effectImplicitTargetA1,
set,90135,ImplicitTargetB[0],sql:spell_template.effectImplicitTargetB1,
set,90135,EffectItemType[0],sql:spell_template.effectItemType1,
set,90135,EffectAuraPeriod[1],sql:spell_template.effectAmplitude2,
set,90135,EffectAmplitude[1],sql:spell_template.effectMultipleValue2,
set,90135,ImplicitTargetA[1],sql:spell_template.effectImplicitTargetA2,
set,90135,ImplicitTargetB[1],sql:spell_template.effectImplicitTargetB2,
set,90135,EffectItemType[1],sql:spell_template.effectItemType2,
set,90135,EffectAuraPeriod[2],sql:spell_template.effectAmplitude3,
set,90135,EffectAmplitude[2],sql:spell_template.effectMultipleValue3,
set,90135,ImplicitTargetA[2],sql:spell_template.effectImplicitTargetA3,
set,90135,ImplicitTargetB[2],sql:spell_template.effectImplicitTargetB3,
set,90135,EffectItemType[2],sql:spell_template.effectItemType3,
set,90135,School,sql:spell_template.school,
set,90135,Attributes,sql:spell_template.attributes,
set,90135,AttributesEx,sql:spell_template.attributesEx,
set,90135,AttributesExB,sql:spell_template.attributesEx2,
set,90135,AttributesExC,sql:spell_template.attributesEx3,
set,90135,AttributesExD,sql:spell_template.attributesEx4,
set,90135,Category,sql:spell_template.category,
set,90135,CastUI,sql:spell_template.castUI,
set,90135,DispelType,sql:spell_template.dispel,
set,90135,Mechanic,sql:spell_template.mechanic,
set,90135,ShapeshiftMask,sql:spell_template.stances,
set,90135,ShapeshiftExclude,sql:spell_template.stancesNot,
set,90135,Targets,sql:spell_template.targets,
set,90135,TargetCreatureType,sql:spell_template.targetCreatureType,
set,90135,RequiresSpellFocus,sql:spell_template.requiresSpellFocus,
set,90135,CasterAuraState,sql:spell_template.casterAuraState,
set,90135,TargetAuraState,sql:spell_template.targetAuraState,
set,90135,InterruptFlags,sql:spell_template.interruptFlags,
set,90135,AuraInterruptFlags,sql:spell_template.auraInterruptFlags,
set,90135,ChannelInterruptFlags,sql:spell_template.channelInterruptFlags,
set,90135,ProcFlags,sql:spell_template.procFlags,
set,90135,MaxLevel,sql:spell_template.maxLevel,
set,90135,BaseLevel,sql:spell_template.baseLevel,
set,90135,SpellLevel,sql:spell_template.spellLevel,
set,90135,ManaCostPerLevel,sql:spell_template.manCostPerLevel,
set,90135,ManaPerSecond,sql:spell_template.manaPerSecond,
set,90135,ManaPerSecondPerLevel,sql:spell_template.manaPerSecondPerLevel,
set,90135,ModalNextSpell,sql:spell_template.modelNextSpell,
set,90135,Totem[0],sql:spell_template.totem1,
set,90135,Totem[1],sql:spell_template.totem2,
set,90135,Reagent[0],sql:spell_template.reagent1,
set,90135,Reagent[1],sql:spell_template.reagent2,
set,90135,Reagent[2],sql:spell_template.reagent3,
set,90135,Reagent[3],sql:spell_template.reagent4,
set,90135,Reagent[4],sql:spell_template.reagent5,
set,90135,Reagent[5],sql:spell_template.reagent6,
set,90135,Reagent[6],sql:spell_template.reagent7,
set,90135,Reagent[7],sql:spell_template.reagent8,
set,90135,ReagentCount[0],sql:spell_template.reagentCount1,
set,90135,ReagentCount[1],sql:spell_template.reagentCount2,
set,90135,ReagentCount[2],sql:spell_template.reagentCount3,
set,90135,ReagentCount[3],sql:spell_template.reagentCount4,
set,90135,ReagentCount[4],sql:spell_template.reagentCount5,
set,90135,ReagentCount[5],sql:spell_template.reagentCount6,
set,90135,ReagentCount[6],sql:spell_template.reagentCount7,
set,90135,ReagentCount[7],sql:spell_template.reagentCount8,
set,90135,EquippedItemClass,sql:spell_template.equippedItemClass,
set,90135,EquippedItemSubclass,sql:spell_template.equippedItemSubClassMask,
set,90135,EquippedItemInvTypes,sql:spell_template.equippedItemInventoryTypeMask,
set,90135,EffectMechanic[0],sql:spell_template.effectMechanic1,
set,90135,EffectMechanic[1],sql:spell_template.effectMechanic2,
set,90135,EffectMechanic[2],sql:spell_template.effectMechanic3,
set,90135,SpellVisualID[0],sql:spell_template.spellVisual1,
set,90135,SpellVisualID[1],sql:spell_template.spellVisual2,
set,90135,ActiveIconID,sql:spell_template.activeIconId,
set,90135,SpellPriority,sql:spell_template.spellPriority,
set,90135,Name_lang_enUS,sql:spell_template.name,
set,90135,NameSubtext_lang_enUS,sql:spell_template.nameSubtext,
set,90135,Description_lang_enUS,sql:spell_template.description,
set,90135,AuraDescription_lang_enUS,sql:spell_template.auraDescription,
set,90135,MaxTargetLevel,sql:spell_template.maxTargetLevel,
set,90135,SpellClassSet,sql:spell_template.spellFamilyName,
set,90135,MaxTargets,sql:spell_template.maxAffectedTargets,
set,90135,DefenseType,sql:spell_template.dmgClass,
set,90135,PreventionType,sql:spell_template.preventionType,
set,90135,StanceBarOrder,sql:spell_template.stanceBarOrder,
set,90135,EffectChainAmplitude[0],sql:spell_template.dmgMultiplier1,
set,90135,EffectChainAmplitude[1],sql:spell_template.dmgMultiplier2,
set,90135,EffectChainAmplitude[2],sql:spell_template.dmgMultiplier3,
set,90135,MinFactionID,sql:spell_template.minFactionId,
set,90135,MinReputation,sql:spell_template.minReputation,
set,90135,RequiredAuraVision,sql:spell_template.requiredAuraVision,
set,90135,SpellClassMask[0],0,spellFamilyFlags low
set,90135,SpellClassMask[1],0,spellFamilyFlags high
insert,90136,,copy:51668,W two-handed sword extra attack (#357)
set,90136,CastingTimeIndex,sql:spell_template.castingTimeIndex,
set,90136,RecoveryTime,sql:spell_template.recoveryTime,
set,90136,CategoryRecoveryTime,sql:spell_template.categoryRecoveryTime,
set,90136,ProcChance,sql:spell_template.procChance,
set,90136,ProcCharges,sql:spell_template.procCharges,
set,90136,DurationIndex,sql:spell_template.durationIndex,
set,90136,PowerType,sql:spell_template.powerType,
set,90136,ManaCost,sql:spell_template.manaCost,
set,90136,RangeIndex,sql:spell_template.rangeIndex,
set,90136,Speed,sql:spell_template.speed,
set,90136,CumulativeAura,sql:spell_template.stackAmount,
set,90136,SpellIconID,sql:spell_template.spellIconId,
set,90136,ManaCostPct,sql:spell_template.manaCostPercentage,
set,90136,StartRecoveryCategory,sql:spell_template.startRecoveryCategory,
set,90136,StartRecoveryTime,sql:spell_template.startRecoveryTime,
set,90136,Effect[0],sql:spell_template.effect1,
set,90136,EffectDieSides[0],sql:spell_template.effectDieSides1,
set,90136,EffectBaseDice[0],sql:spell_template.effectBaseDice1,
set,90136,EffectDicePerLevel[0],sql:spell_template.effectDicePerLevel1,
set,90136,EffectRealPointsPerLevel[0],sql:spell_template.effectRealPointsPerLevel1,
set,90136,EffectBasePoints[0],sql:spell_template.effectBasePoints1,
set,90136,EffectAura[0],sql:spell_template.effectApplyAuraName1,
set,90136,EffectRadiusIndex[0],sql:spell_template.effectRadiusIndex1,
set,90136,EffectChainTargets[0],sql:spell_template.effectChainTarget1,
set,90136,EffectMiscValue[0],sql:spell_template.effectMiscValue1,
set,90136,EffectTriggerSpell[0],sql:spell_template.effectTriggerSpell1,
set,90136,EffectPointsPerCombo[0],sql:spell_template.effectPointsPerComboPoint1,
set,90136,Effect[1],sql:spell_template.effect2,
set,90136,EffectDieSides[1],sql:spell_template.effectDieSides2,
set,90136,EffectBaseDice[1],sql:spell_template.effectBaseDice2,
set,90136,EffectDicePerLevel[1],sql:spell_template.effectDicePerLevel2,
set,90136,EffectRealPointsPerLevel[1],sql:spell_template.effectRealPointsPerLevel2,
set,90136,EffectBasePoints[1],sql:spell_template.effectBasePoints2,
set,90136,EffectAura[1],sql:spell_template.effectApplyAuraName2,
set,90136,EffectRadiusIndex[1],sql:spell_template.effectRadiusIndex2,
set,90136,EffectChainTargets[1],sql:spell_template.effectChainTarget2,
set,90136,EffectMiscValue[1],sql:spell_template.effectMiscValue2,
set,90136,EffectTriggerSpell[1],sql:spell_template.effectTriggerSpell2,
set,90136,EffectPointsPerCombo[1],sql:spell_template.effectPointsPerComboPoint2,
set,90136,Effect[2],sql:spell_template.effect3,
set,90136,EffectDieSides[2],sql:spell_template.effectDieSides3,
set,90136,EffectBaseDice[2],sql:spell_template.effectBaseDice3,
set,90136,EffectDicePerLevel[2],sql:spell_template.effectDicePerLevel3,
set,90136,EffectRealPointsPerLevel[2],sql:spell_template.effectRealPointsPerLevel3,
set,90136,EffectBasePoints[2],sql:spell_template.effectBasePoints3,
set,90136,EffectAura[2],sql:spell_template.effectApplyAuraName3,
set,90136,EffectRadiusIndex[2],sql:spell_template.effectRadiusIndex3,
set,90136,EffectChainTargets[2],sql:spell_template.effectChainTarget3,
set,90136,EffectMiscValue[2],sql:spell_template.effectMiscValue3,
set,90136,EffectTriggerSpell[2],sql:spell_template.effectTriggerSpell3,
set,90136,EffectPointsPerCombo[2],sql:spell_template.effectPointsPerComboPoint3,
set,90136,EffectAuraPeriod[0],sql:spell_template.effectAmplitude1,
set,90136,EffectAmplitude[0],sql:spell_template.effectMultipleValue1,
set,90136,ImplicitTargetA[0],sql:spell_template.effectImplicitTargetA1,
set,90136,ImplicitTargetB[0],sql:spell_template.effectImplicitTargetB1,
set,90136,EffectItemType[0],sql:spell_template.effectItemType1,
set,90136,EffectAuraPeriod[1],sql:spell_template.effectAmplitude2,
set,90136,EffectAmplitude[1],sql:spell_template.effectMultipleValue2,
set,90136,ImplicitTargetA[1],sql:spell_template.effectImplicitTargetA2,
set,90136,ImplicitTargetB[1],sql:spell_template.effectImplicitTargetB2,
set,90136,EffectItemType[1],sql:spell_template.effectItemType2,
set,90136,EffectAuraPeriod[2],sql:spell_template.effectAmplitude3,
set,90136,EffectAmplitude[2],sql:spell_template.effectMultipleValue3,
set,90136,ImplicitTargetA[2],sql:spell_template.effectImplicitTargetA3,
set,90136,ImplicitTargetB[2],sql:spell_template.effectImplicitTargetB3,
set,90136,EffectItemType[2],sql:spell_template.effectItemType3,
set,90136,School,sql:spell_template.school,
set,90136,Attributes,sql:spell_template.attributes,
set,90136,AttributesEx,sql:spell_template.attributesEx,
set,90136,AttributesExB,sql:spell_template.attributesEx2,
set,90136,AttributesExC,sql:spell_template.attributesEx3,
set,90136,AttributesExD,sql:spell_template.attributesEx4,
set,90136,Category,sql:spell_template.category,
set,90136,CastUI,sql:spell_template.castUI,
set,90136,DispelType,sql:spell_template.dispel,
set,90136,Mechanic,sql:spell_template.mechanic,
set,90136,ShapeshiftMask,sql:spell_template.stances,
set,90136,ShapeshiftExclude,sql:spell_template.stancesNot,
set,90136,Targets,sql:spell_template.targets,
set,90136,TargetCreatureType,sql:spell_template.targetCreatureType,
set,90136,RequiresSpellFocus,sql:spell_template.requiresSpellFocus,
set,90136,CasterAuraState,sql:spell_template.casterAuraState,
set,90136,TargetAuraState,sql:spell_template.targetAuraState,
set,90136,InterruptFlags,sql:spell_template.interruptFlags,
set,90136,AuraInterruptFlags,sql:spell_template.auraInterruptFlags,
set,90136,ChannelInterruptFlags,sql:spell_template.channelInterruptFlags,
set,90136,ProcFlags,sql:spell_template.procFlags,
set,90136,MaxLevel,sql:spell_template.maxLevel,
set,90136,BaseLevel,sql:spell_template.baseLevel,
set,90136,SpellLevel,sql:spell_template.spellLevel,
set,90136,ManaCostPerLevel,sql:spell_template.manCostPerLevel,
set,90136,ManaPerSecond,sql:spell_template.manaPerSecond,
set,90136,ManaPerSecondPerLevel,sql:spell_template.manaPerSecondPerLevel,
set,90136,ModalNextSpell,sql:spell_template.modelNextSpell,
set,90136,Totem[0],sql:spell_template.totem1,
set,90136,Totem[1],sql:spell_template.totem2,
set,90136,Reagent[0],sql:spell_template.reagent1,
set,90136,Reagent[1],sql:spell_template.reagent2,
set,90136,Reagent[2],sql:spell_template.reagent3,
set,90136,Reagent[3],sql:spell_template.reagent4,
set,90136,Reagent[4],sql:spell_template.reagent5,
set,90136,Reagent[5],sql:spell_template.reagent6,
set,90136,Reagent[6],sql:spell_template.reagent7,
set,90136,Reagent[7],sql:spell_template.reagent8,
set,90136,ReagentCount[0],sql:spell_template.reagentCount1,
set,90136,ReagentCount[1],sql:spell_template.reagentCount2,
set,90136,ReagentCount[2],sql:spell_template.reagentCount3,
set,90136,ReagentCount[3],sql:spell_template.reagentCount4,
set,90136,ReagentCount[4],sql:spell_template.reagentCount5,
set,90136,ReagentCount[5],sql:spell_template.reagentCount6,
set,90136,ReagentCount[6],sql:spell_template.reagentCount7,
set,90136,ReagentCount[7],sql:spell_template.reagentCount8,
set,90136,EquippedItemClass,sql:spell_template.equippedItemClass,
set,90136,EquippedItemSubclass,sql:spell_template.equippedItemSubClassMask,
set,90136,EquippedItemInvTypes,sql:spell_template.equippedItemInventoryTypeMask,
set,90136,EffectMechanic[0],sql:spell_template.effectMechanic1,
set,90136,EffectMechanic[1],sql:spell_template.effectMechanic2,
set,90136,EffectMechanic[2],sql:spell_template.effectMechanic3,
set,90136,SpellVisualID[0],sql:spell_template.spellVisual1,
set,90136,SpellVisualID[1],sql:spell_template.spellVisual2,
set,90136,ActiveIconID,sql:spell_template.activeIconId,
set,90136,SpellPriority,sql:spell_template.spellPriority,
set,90136,Name_lang_enUS,sql:spell_template.name,
set,90136,NameSubtext_lang_enUS,sql:spell_template.nameSubtext,
set,90136,Description_lang_enUS,sql:spell_template.description,
set,90136,AuraDescription_lang_enUS,sql:spell_template.auraDescription,
set,90136,MaxTargetLevel,sql:spell_template.maxTargetLevel,
set,90136,SpellClassSet,sql:spell_template.spellFamilyName,
set,90136,MaxTargets,sql:spell_template.maxAffectedTargets,
set,90136,DefenseType,sql:spell_template.dmgClass,
set,90136,PreventionType,sql:spell_template.preventionType,
set,90136,StanceBarOrder,sql:spell_template.stanceBarOrder,
set,90136,EffectChainAmplitude[0],sql:spell_template.dmgMultiplier1,
set,90136,EffectChainAmplitude[1],sql:spell_template.dmgMultiplier2,
set,90136,EffectChainAmplitude[2],sql:spell_template.dmgMultiplier3,
set,90136,MinFactionID,sql:spell_template.minFactionId,
set,90136,MinReputation,sql:spell_template.minReputation,
set,90136,RequiredAuraVision,sql:spell_template.requiredAuraVision,
set,90136,SpellClassMask[0],0,spellFamilyFlags low
set,90136,SpellClassMask[1],0,spellFamilyFlags high
insert,90137,,copy:51663,W one-handed axe crit (#357)
set,90137,CastingTimeIndex,sql:spell_template.castingTimeIndex,
set,90137,RecoveryTime,sql:spell_template.recoveryTime,
set,90137,CategoryRecoveryTime,sql:spell_template.categoryRecoveryTime,
set,90137,ProcChance,sql:spell_template.procChance,
set,90137,ProcCharges,sql:spell_template.procCharges,
set,90137,DurationIndex,sql:spell_template.durationIndex,
set,90137,PowerType,sql:spell_template.powerType,
set,90137,ManaCost,sql:spell_template.manaCost,
set,90137,RangeIndex,sql:spell_template.rangeIndex,
set,90137,Speed,sql:spell_template.speed,
set,90137,CumulativeAura,sql:spell_template.stackAmount,
set,90137,SpellIconID,sql:spell_template.spellIconId,
set,90137,ManaCostPct,sql:spell_template.manaCostPercentage,
set,90137,StartRecoveryCategory,sql:spell_template.startRecoveryCategory,
set,90137,StartRecoveryTime,sql:spell_template.startRecoveryTime,
set,90137,Effect[0],sql:spell_template.effect1,
set,90137,EffectDieSides[0],sql:spell_template.effectDieSides1,
set,90137,EffectBaseDice[0],sql:spell_template.effectBaseDice1,
set,90137,EffectDicePerLevel[0],sql:spell_template.effectDicePerLevel1,
set,90137,EffectRealPointsPerLevel[0],sql:spell_template.effectRealPointsPerLevel1,
set,90137,EffectBasePoints[0],sql:spell_template.effectBasePoints1,
set,90137,EffectAura[0],sql:spell_template.effectApplyAuraName1,
set,90137,EffectRadiusIndex[0],sql:spell_template.effectRadiusIndex1,
set,90137,EffectChainTargets[0],sql:spell_template.effectChainTarget1,
set,90137,EffectMiscValue[0],sql:spell_template.effectMiscValue1,
set,90137,EffectTriggerSpell[0],sql:spell_template.effectTriggerSpell1,
set,90137,EffectPointsPerCombo[0],sql:spell_template.effectPointsPerComboPoint1,
set,90137,Effect[1],sql:spell_template.effect2,
set,90137,EffectDieSides[1],sql:spell_template.effectDieSides2,
set,90137,EffectBaseDice[1],sql:spell_template.effectBaseDice2,
set,90137,EffectDicePerLevel[1],sql:spell_template.effectDicePerLevel2,
set,90137,EffectRealPointsPerLevel[1],sql:spell_template.effectRealPointsPerLevel2,
set,90137,EffectBasePoints[1],sql:spell_template.effectBasePoints2,
set,90137,EffectAura[1],sql:spell_template.effectApplyAuraName2,
set,90137,EffectRadiusIndex[1],sql:spell_template.effectRadiusIndex2,
set,90137,EffectChainTargets[1],sql:spell_template.effectChainTarget2,
set,90137,EffectMiscValue[1],sql:spell_template.effectMiscValue2,
set,90137,EffectTriggerSpell[1],sql:spell_template.effectTriggerSpell2,
set,90137,EffectPointsPerCombo[1],sql:spell_template.effectPointsPerComboPoint2,
set,90137,Effect[2],sql:spell_template.effect3,
set,90137,EffectDieSides[2],sql:spell_template.effectDieSides3,
set,90137,EffectBaseDice[2],sql:spell_template.effectBaseDice3,
set,90137,EffectDicePerLevel[2],sql:spell_template.effectDicePerLevel3,
set,90137,EffectRealPointsPerLevel[2],sql:spell_template.effectRealPointsPerLevel3,
set,90137,EffectBasePoints[2],sql:spell_template.effectBasePoints3,
set,90137,EffectAura[2],sql:spell_template.effectApplyAuraName3,
set,90137,EffectRadiusIndex[2],sql:spell_template.effectRadiusIndex3,
set,90137,EffectChainTargets[2],sql:spell_template.effectChainTarget3,
set,90137,EffectMiscValue[2],sql:spell_template.effectMiscValue3,
set,90137,EffectTriggerSpell[2],sql:spell_template.effectTriggerSpell3,
set,90137,EffectPointsPerCombo[2],sql:spell_template.effectPointsPerComboPoint3,
set,90137,EffectAuraPeriod[0],sql:spell_template.effectAmplitude1,
set,90137,EffectAmplitude[0],sql:spell_template.effectMultipleValue1,
set,90137,ImplicitTargetA[0],sql:spell_template.effectImplicitTargetA1,
set,90137,ImplicitTargetB[0],sql:spell_template.effectImplicitTargetB1,
set,90137,EffectItemType[0],sql:spell_template.effectItemType1,
set,90137,EffectAuraPeriod[1],sql:spell_template.effectAmplitude2,
set,90137,EffectAmplitude[1],sql:spell_template.effectMultipleValue2,
set,90137,ImplicitTargetA[1],sql:spell_template.effectImplicitTargetA2,
set,90137,ImplicitTargetB[1],sql:spell_template.effectImplicitTargetB2,
set,90137,EffectItemType[1],sql:spell_template.effectItemType2,
set,90137,EffectAuraPeriod[2],sql:spell_template.effectAmplitude3,
set,90137,EffectAmplitude[2],sql:spell_template.effectMultipleValue3,
set,90137,ImplicitTargetA[2],sql:spell_template.effectImplicitTargetA3,
set,90137,ImplicitTargetB[2],sql:spell_template.effectImplicitTargetB3,
set,90137,EffectItemType[2],sql:spell_template.effectItemType3,
set,90137,School,sql:spell_template.school,
set,90137,Attributes,sql:spell_template.attributes,
set,90137,AttributesEx,sql:spell_template.attributesEx,
set,90137,AttributesExB,sql:spell_template.attributesEx2,
set,90137,AttributesExC,sql:spell_template.attributesEx3,
set,90137,AttributesExD,sql:spell_template.attributesEx4,
set,90137,Category,sql:spell_template.category,
set,90137,CastUI,sql:spell_template.castUI,
set,90137,DispelType,sql:spell_template.dispel,
set,90137,Mechanic,sql:spell_template.mechanic,
set,90137,ShapeshiftMask,sql:spell_template.stances,
set,90137,ShapeshiftExclude,sql:spell_template.stancesNot,
set,90137,Targets,sql:spell_template.targets,
set,90137,TargetCreatureType,sql:spell_template.targetCreatureType,
set,90137,RequiresSpellFocus,sql:spell_template.requiresSpellFocus,
set,90137,CasterAuraState,sql:spell_template.casterAuraState,
set,90137,TargetAuraState,sql:spell_template.targetAuraState,
set,90137,InterruptFlags,sql:spell_template.interruptFlags,
set,90137,AuraInterruptFlags,sql:spell_template.auraInterruptFlags,
set,90137,ChannelInterruptFlags,sql:spell_template.channelInterruptFlags,
set,90137,ProcFlags,sql:spell_template.procFlags,
set,90137,MaxLevel,sql:spell_template.maxLevel,
set,90137,BaseLevel,sql:spell_template.baseLevel,
set,90137,SpellLevel,sql:spell_template.spellLevel,
set,90137,ManaCostPerLevel,sql:spell_template.manCostPerLevel,
set,90137,ManaPerSecond,sql:spell_template.manaPerSecond,
set,90137,ManaPerSecondPerLevel,sql:spell_template.manaPerSecondPerLevel,
set,90137,ModalNextSpell,sql:spell_template.modelNextSpell,
set,90137,Totem[0],sql:spell_template.totem1,
set,90137,Totem[1],sql:spell_template.totem2,
set,90137,Reagent[0],sql:spell_template.reagent1,
set,90137,Reagent[1],sql:spell_template.reagent2,
set,90137,Reagent[2],sql:spell_template.reagent3,
set,90137,Reagent[3],sql:spell_template.reagent4,
set,90137,Reagent[4],sql:spell_template.reagent5,
set,90137,Reagent[5],sql:spell_template.reagent6,
set,90137,Reagent[6],sql:spell_template.reagent7,
set,90137,Reagent[7],sql:spell_template.reagent8,
set,90137,ReagentCount[0],sql:spell_template.reagentCount1,
set,90137,ReagentCount[1],sql:spell_template.reagentCount2,
set,90137,ReagentCount[2],sql:spell_template.reagentCount3,
set,90137,ReagentCount[3],sql:spell_template.reagentCount4,
set,90137,ReagentCount[4],sql:spell_template.reagentCount5,
set,90137,ReagentCount[5],sql:spell_template.reagentCount6,
set,90137,ReagentCount[6],sql:spell_template.reagentCount7,
set,90137,ReagentCount[7],sql:spell_template.reagentCount8,
set,90137,EquippedItemClass,sql:spell_template.equippedItemClass,
set,90137,EquippedItemSubclass,sql:spell_template.equippedItemSubClassMask,
set,90137,EquippedItemInvTypes,sql:spell_template.equippedItemInventoryTypeMask,
set,90137,EffectMechanic[0],sql:spell_template.effectMechanic1,
set,90137,EffectMechanic[1],sql:spell_template.effectMechanic2,
set,90137,EffectMechanic[2],sql:spell_template.effectMechanic3,
set,90137,SpellVisualID[0],sql:spell_template.spellVisual1,
set,90137,SpellVisualID[1],sql:spell_template.spellVisual2,
set,90137,ActiveIconID,sql:spell_template.activeIconId,
set,90137,SpellPriority,sql:spell_template.spellPriority,
set,90137,Name_lang_enUS,sql:spell_template.name,
set,90137,NameSubtext_lang_enUS,sql:spell_template.nameSubtext,
set,90137,Description_lang_enUS,sql:spell_template.description,
set,90137,AuraDescription_lang_enUS,sql:spell_template.auraDescription,
set,90137,MaxTargetLevel,sql:spell_template.maxTargetLevel,
set,90137,SpellClassSet,sql:spell_template.spellFamilyName,
set,90137,MaxTargets,sql:spell_template.maxAffectedTargets,
set,90137,DefenseType,sql:spell_template.dmgClass,
set,90137,PreventionType,sql:spell_template.preventionType,
set,90137,StanceBarOrder,sql:spell_template.stanceBarOrder,
set,90137,EffectChainAmplitude[0],sql:spell_template.dmgMultiplier1,
set,90137,EffectChainAmplitude[1],sql:spell_template.dmgMultiplier2,
set,90137,EffectChainAmplitude[2],sql:spell_template.dmgMultiplier3,
set,90137,MinFactionID,sql:spell_template.minFactionId,
set,90137,MinReputation,sql:spell_template.minReputation,
set,90137,RequiredAuraVision,sql:spell_template.requiredAuraVision,
set,90137,SpellClassMask[0],0,spellFamilyFlags low
set,90137,SpellClassMask[1],0,spellFamilyFlags high
insert,90138,,copy:51663,W two-handed axe crit (#357)
set,90138,CastingTimeIndex,sql:spell_template.castingTimeIndex,
set,90138,RecoveryTime,sql:spell_template.recoveryTime,
set,90138,CategoryRecoveryTime,sql:spell_template.categoryRecoveryTime,
set,90138,ProcChance,sql:spell_template.procChance,
set,90138,ProcCharges,sql:spell_template.procCharges,
set,90138,DurationIndex,sql:spell_template.durationIndex,
set,90138,PowerType,sql:spell_template.powerType,
set,90138,ManaCost,sql:spell_template.manaCost,
set,90138,RangeIndex,sql:spell_template.rangeIndex,
set,90138,Speed,sql:spell_template.speed,
set,90138,CumulativeAura,sql:spell_template.stackAmount,
set,90138,SpellIconID,sql:spell_template.spellIconId,
set,90138,ManaCostPct,sql:spell_template.manaCostPercentage,
set,90138,StartRecoveryCategory,sql:spell_template.startRecoveryCategory,
set,90138,StartRecoveryTime,sql:spell_template.startRecoveryTime,
set,90138,Effect[0],sql:spell_template.effect1,
set,90138,EffectDieSides[0],sql:spell_template.effectDieSides1,
set,90138,EffectBaseDice[0],sql:spell_template.effectBaseDice1,
set,90138,EffectDicePerLevel[0],sql:spell_template.effectDicePerLevel1,
set,90138,EffectRealPointsPerLevel[0],sql:spell_template.effectRealPointsPerLevel1,
set,90138,EffectBasePoints[0],sql:spell_template.effectBasePoints1,
set,90138,EffectAura[0],sql:spell_template.effectApplyAuraName1,
set,90138,EffectRadiusIndex[0],sql:spell_template.effectRadiusIndex1,
set,90138,EffectChainTargets[0],sql:spell_template.effectChainTarget1,
set,90138,EffectMiscValue[0],sql:spell_template.effectMiscValue1,
set,90138,EffectTriggerSpell[0],sql:spell_template.effectTriggerSpell1,
set,90138,EffectPointsPerCombo[0],sql:spell_template.effectPointsPerComboPoint1,
set,90138,Effect[1],sql:spell_template.effect2,
set,90138,EffectDieSides[1],sql:spell_template.effectDieSides2,
set,90138,EffectBaseDice[1],sql:spell_template.effectBaseDice2,
set,90138,EffectDicePerLevel[1],sql:spell_template.effectDicePerLevel2,
set,90138,EffectRealPointsPerLevel[1],sql:spell_template.effectRealPointsPerLevel2,
set,90138,EffectBasePoints[1],sql:spell_template.effectBasePoints2,
set,90138,EffectAura[1],sql:spell_template.effectApplyAuraName2,
set,90138,EffectRadiusIndex[1],sql:spell_template.effectRadiusIndex2,
set,90138,EffectChainTargets[1],sql:spell_template.effectChainTarget2,
set,90138,EffectMiscValue[1],sql:spell_template.effectMiscValue2,
set,90138,EffectTriggerSpell[1],sql:spell_template.effectTriggerSpell2,
set,90138,EffectPointsPerCombo[1],sql:spell_template.effectPointsPerComboPoint2,
set,90138,Effect[2],sql:spell_template.effect3,
set,90138,EffectDieSides[2],sql:spell_template.effectDieSides3,
set,90138,EffectBaseDice[2],sql:spell_template.effectBaseDice3,
set,90138,EffectDicePerLevel[2],sql:spell_template.effectDicePerLevel3,
set,90138,EffectRealPointsPerLevel[2],sql:spell_template.effectRealPointsPerLevel3,
set,90138,EffectBasePoints[2],sql:spell_template.effectBasePoints3,
set,90138,EffectAura[2],sql:spell_template.effectApplyAuraName3,
set,90138,EffectRadiusIndex[2],sql:spell_template.effectRadiusIndex3,
set,90138,EffectChainTargets[2],sql:spell_template.effectChainTarget3,
set,90138,EffectMiscValue[2],sql:spell_template.effectMiscValue3,
set,90138,EffectTriggerSpell[2],sql:spell_template.effectTriggerSpell3,
set,90138,EffectPointsPerCombo[2],sql:spell_template.effectPointsPerComboPoint3,
set,90138,EffectAuraPeriod[0],sql:spell_template.effectAmplitude1,
set,90138,EffectAmplitude[0],sql:spell_template.effectMultipleValue1,
set,90138,ImplicitTargetA[0],sql:spell_template.effectImplicitTargetA1,
set,90138,ImplicitTargetB[0],sql:spell_template.effectImplicitTargetB1,
set,90138,EffectItemType[0],sql:spell_template.effectItemType1,
set,90138,EffectAuraPeriod[1],sql:spell_template.effectAmplitude2,
set,90138,EffectAmplitude[1],sql:spell_template.effectMultipleValue2,
set,90138,ImplicitTargetA[1],sql:spell_template.effectImplicitTargetA2,
set,90138,ImplicitTargetB[1],sql:spell_template.effectImplicitTargetB2,
set,90138,EffectItemType[1],sql:spell_template.effectItemType2,
set,90138,EffectAuraPeriod[2],sql:spell_template.effectAmplitude3,
set,90138,EffectAmplitude[2],sql:spell_template.effectMultipleValue3,
set,90138,ImplicitTargetA[2],sql:spell_template.effectImplicitTargetA3,
set,90138,ImplicitTargetB[2],sql:spell_template.effectImplicitTargetB3,
set,90138,EffectItemType[2],sql:spell_template.effectItemType3,
set,90138,School,sql:spell_template.school,
set,90138,Attributes,sql:spell_template.attributes,
set,90138,AttributesEx,sql:spell_template.attributesEx,
set,90138,AttributesExB,sql:spell_template.attributesEx2,
set,90138,AttributesExC,sql:spell_template.attributesEx3,
set,90138,AttributesExD,sql:spell_template.attributesEx4,
set,90138,Category,sql:spell_template.category,
set,90138,CastUI,sql:spell_template.castUI,
set,90138,DispelType,sql:spell_template.dispel,
set,90138,Mechanic,sql:spell_template.mechanic,
set,90138,ShapeshiftMask,sql:spell_template.stances,
set,90138,ShapeshiftExclude,sql:spell_template.stancesNot,
set,90138,Targets,sql:spell_template.targets,
set,90138,TargetCreatureType,sql:spell_template.targetCreatureType,
set,90138,RequiresSpellFocus,sql:spell_template.requiresSpellFocus,
set,90138,CasterAuraState,sql:spell_template.casterAuraState,
set,90138,TargetAuraState,sql:spell_template.targetAuraState,
set,90138,InterruptFlags,sql:spell_template.interruptFlags,
set,90138,AuraInterruptFlags,sql:spell_template.auraInterruptFlags,
set,90138,ChannelInterruptFlags,sql:spell_template.channelInterruptFlags,
set,90138,ProcFlags,sql:spell_template.procFlags,
set,90138,MaxLevel,sql:spell_template.maxLevel,
set,90138,BaseLevel,sql:spell_template.baseLevel,
set,90138,SpellLevel,sql:spell_template.spellLevel,
set,90138,ManaCostPerLevel,sql:spell_template.manCostPerLevel,
set,90138,ManaPerSecond,sql:spell_template.manaPerSecond,
set,90138,ManaPerSecondPerLevel,sql:spell_template.manaPerSecondPerLevel,
set,90138,ModalNextSpell,sql:spell_template.modelNextSpell,
set,90138,Totem[0],sql:spell_template.totem1,
set,90138,Totem[1],sql:spell_template.totem2,
set,90138,Reagent[0],sql:spell_template.reagent1,
set,90138,Reagent[1],sql:spell_template.reagent2,
set,90138,Reagent[2],sql:spell_template.reagent3,
set,90138,Reagent[3],sql:spell_template.reagent4,
set,90138,Reagent[4],sql:spell_template.reagent5,
set,90138,Reagent[5],sql:spell_template.reagent6,
set,90138,Reagent[6],sql:spell_template.reagent7,
set,90138,Reagent[7],sql:spell_template.reagent8,
set,90138,ReagentCount[0],sql:spell_template.reagentCount1,
set,90138,ReagentCount[1],sql:spell_template.reagentCount2,
set,90138,ReagentCount[2],sql:spell_template.reagentCount3,
set,90138,ReagentCount[3],sql:spell_template.reagentCount4,
set,90138,ReagentCount[4],sql:spell_template.reagentCount5,
set,90138,ReagentCount[5],sql:spell_template.reagentCount6,
set,90138,ReagentCount[6],sql:spell_template.reagentCount7,
set,90138,ReagentCount[7],sql:spell_template.reagentCount8,
set,90138,EquippedItemClass,sql:spell_template.equippedItemClass,
set,90138,EquippedItemSubclass,sql:spell_template.equippedItemSubClassMask,
set,90138,EquippedItemInvTypes,sql:spell_template.equippedItemInventoryTypeMask,
set,90138,EffectMechanic[0],sql:spell_template.effectMechanic1,
set,90138,EffectMechanic[1],sql:spell_template.effectMechanic2,
set,90138,EffectMechanic[2],sql:spell_template.effectMechanic3,
set,90138,SpellVisualID[0],sql:spell_template.spellVisual1,
set,90138,SpellVisualID[1],sql:spell_template.spellVisual2,
set,90138,ActiveIconID,sql:spell_template.activeIconId,
set,90138,SpellPriority,sql:spell_template.spellPriority,
set,90138,Name_lang_enUS,sql:spell_template.name,
set,90138,NameSubtext_lang_enUS,sql:spell_template.nameSubtext,
set,90138,Description_lang_enUS,sql:spell_template.description,
set,90138,AuraDescription_lang_enUS,sql:spell_template.auraDescription,
set,90138,MaxTargetLevel,sql:spell_template.maxTargetLevel,
set,90138,SpellClassSet,sql:spell_template.spellFamilyName,
set,90138,MaxTargets,sql:spell_template.maxAffectedTargets,
set,90138,DefenseType,sql:spell_template.dmgClass,
set,90138,PreventionType,sql:spell_template.preventionType,
set,90138,StanceBarOrder,sql:spell_template.stanceBarOrder,
set,90138,EffectChainAmplitude[0],sql:spell_template.dmgMultiplier1,
set,90138,EffectChainAmplitude[1],sql:spell_template.dmgMultiplier2,
set,90138,EffectChainAmplitude[2],sql:spell_template.dmgMultiplier3,
set,90138,MinFactionID,sql:spell_template.minFactionId,
set,90138,MinReputation,sql:spell_template.minReputation,
set,90138,RequiredAuraVision,sql:spell_template.requiredAuraVision,
set,90138,SpellClassMask[0],0,spellFamilyFlags low
set,90138,SpellClassMask[1],0,spellFamilyFlags high
insert,90139,,copy:51663,W dagger crit (#357)
set,90139,CastingTimeIndex,sql:spell_template.castingTimeIndex,
set,90139,RecoveryTime,sql:spell_template.recoveryTime,
set,90139,CategoryRecoveryTime,sql:spell_template.categoryRecoveryTime,
set,90139,ProcChance,sql:spell_template.procChance,
set,90139,ProcCharges,sql:spell_template.procCharges,
set,90139,DurationIndex,sql:spell_template.durationIndex,
set,90139,PowerType,sql:spell_template.powerType,
set,90139,ManaCost,sql:spell_template.manaCost,
set,90139,RangeIndex,sql:spell_template.rangeIndex,
set,90139,Speed,sql:spell_template.speed,
set,90139,CumulativeAura,sql:spell_template.stackAmount,
set,90139,SpellIconID,sql:spell_template.spellIconId,
set,90139,ManaCostPct,sql:spell_template.manaCostPercentage,
set,90139,StartRecoveryCategory,sql:spell_template.startRecoveryCategory,
set,90139,StartRecoveryTime,sql:spell_template.startRecoveryTime,
set,90139,Effect[0],sql:spell_template.effect1,
set,90139,EffectDieSides[0],sql:spell_template.effectDieSides1,
set,90139,EffectBaseDice[0],sql:spell_template.effectBaseDice1,
set,90139,EffectDicePerLevel[0],sql:spell_template.effectDicePerLevel1,
set,90139,EffectRealPointsPerLevel[0],sql:spell_template.effectRealPointsPerLevel1,
set,90139,EffectBasePoints[0],sql:spell_template.effectBasePoints1,
set,90139,EffectAura[0],sql:spell_template.effectApplyAuraName1,
set,90139,EffectRadiusIndex[0],sql:spell_template.effectRadiusIndex1,
set,90139,EffectChainTargets[0],sql:spell_template.effectChainTarget1,
set,90139,EffectMiscValue[0],sql:spell_template.effectMiscValue1,
set,90139,EffectTriggerSpell[0],sql:spell_template.effectTriggerSpell1,
set,90139,EffectPointsPerCombo[0],sql:spell_template.effectPointsPerComboPoint1,
set,90139,Effect[1],sql:spell_template.effect2,
set,90139,EffectDieSides[1],sql:spell_template.effectDieSides2,
set,90139,EffectBaseDice[1],sql:spell_template.effectBaseDice2,
set,90139,EffectDicePerLevel[1],sql:spell_template.effectDicePerLevel2,
set,90139,EffectRealPointsPerLevel[1],sql:spell_template.effectRealPointsPerLevel2,
set,90139,EffectBasePoints[1],sql:spell_template.effectBasePoints2,
set,90139,EffectAura[1],sql:spell_template.effectApplyAuraName2,
set,90139,EffectRadiusIndex[1],sql:spell_template.effectRadiusIndex2,
set,90139,EffectChainTargets[1],sql:spell_template.effectChainTarget2,
set,90139,EffectMiscValue[1],sql:spell_template.effectMiscValue2,
set,90139,EffectTriggerSpell[1],sql:spell_template.effectTriggerSpell2,
set,90139,EffectPointsPerCombo[1],sql:spell_template.effectPointsPerComboPoint2,
set,90139,Effect[2],sql:spell_template.effect3,
set,90139,EffectDieSides[2],sql:spell_template.effectDieSides3,
set,90139,EffectBaseDice[2],sql:spell_template.effectBaseDice3,
set,90139,EffectDicePerLevel[2],sql:spell_template.effectDicePerLevel3,
set,90139,EffectRealPointsPerLevel[2],sql:spell_template.effectRealPointsPerLevel3,
set,90139,EffectBasePoints[2],sql:spell_template.effectBasePoints3,
set,90139,EffectAura[2],sql:spell_template.effectApplyAuraName3,
set,90139,EffectRadiusIndex[2],sql:spell_template.effectRadiusIndex3,
set,90139,EffectChainTargets[2],sql:spell_template.effectChainTarget3,
set,90139,EffectMiscValue[2],sql:spell_template.effectMiscValue3,
set,90139,EffectTriggerSpell[2],sql:spell_template.effectTriggerSpell3,
set,90139,EffectPointsPerCombo[2],sql:spell_template.effectPointsPerComboPoint3,
set,90139,EffectAuraPeriod[0],sql:spell_template.effectAmplitude1,
set,90139,EffectAmplitude[0],sql:spell_template.effectMultipleValue1,
set,90139,ImplicitTargetA[0],sql:spell_template.effectImplicitTargetA1,
set,90139,ImplicitTargetB[0],sql:spell_template.effectImplicitTargetB1,
set,90139,EffectItemType[0],sql:spell_template.effectItemType1,
set,90139,EffectAuraPeriod[1],sql:spell_template.effectAmplitude2,
set,90139,EffectAmplitude[1],sql:spell_template.effectMultipleValue2,
set,90139,ImplicitTargetA[1],sql:spell_template.effectImplicitTargetA2,
set,90139,ImplicitTargetB[1],sql:spell_template.effectImplicitTargetB2,
set,90139,EffectItemType[1],sql:spell_template.effectItemType2,
set,90139,EffectAuraPeriod[2],sql:spell_template.effectAmplitude3,
set,90139,EffectAmplitude[2],sql:spell_template.effectMultipleValue3,
set,90139,ImplicitTargetA[2],sql:spell_template.effectImplicitTargetA3,
set,90139,ImplicitTargetB[2],sql:spell_template.effectImplicitTargetB3,
set,90139,EffectItemType[2],sql:spell_template.effectItemType3,
set,90139,School,sql:spell_template.school,
set,90139,Attributes,sql:spell_template.attributes,
set,90139,AttributesEx,sql:spell_template.attributesEx,
set,90139,AttributesExB,sql:spell_template.attributesEx2,
set,90139,AttributesExC,sql:spell_template.attributesEx3,
set,90139,AttributesExD,sql:spell_template.attributesEx4,
set,90139,Category,sql:spell_template.category,
set,90139,CastUI,sql:spell_template.castUI,
set,90139,DispelType,sql:spell_template.dispel,
set,90139,Mechanic,sql:spell_template.mechanic,
set,90139,ShapeshiftMask,sql:spell_template.stances,
set,90139,ShapeshiftExclude,sql:spell_template.stancesNot,
set,90139,Targets,sql:spell_template.targets,
set,90139,TargetCreatureType,sql:spell_template.targetCreatureType,
set,90139,RequiresSpellFocus,sql:spell_template.requiresSpellFocus,
set,90139,CasterAuraState,sql:spell_template.casterAuraState,
set,90139,TargetAuraState,sql:spell_template.targetAuraState,
set,90139,InterruptFlags,sql:spell_template.interruptFlags,
set,90139,AuraInterruptFlags,sql:spell_template.auraInterruptFlags,
set,90139,ChannelInterruptFlags,sql:spell_template.channelInterruptFlags,
set,90139,ProcFlags,sql:spell_template.procFlags,
set,90139,MaxLevel,sql:spell_template.maxLevel,
set,90139,BaseLevel,sql:spell_template.baseLevel,
set,90139,SpellLevel,sql:spell_template.spellLevel,
set,90139,ManaCostPerLevel,sql:spell_template.manCostPerLevel,
set,90139,ManaPerSecond,sql:spell_template.manaPerSecond,
set,90139,ManaPerSecondPerLevel,sql:spell_template.manaPerSecondPerLevel,
set,90139,ModalNextSpell,sql:spell_template.modelNextSpell,
set,90139,Totem[0],sql:spell_template.totem1,
set,90139,Totem[1],sql:spell_template.totem2,
set,90139,Reagent[0],sql:spell_template.reagent1,
set,90139,Reagent[1],sql:spell_template.reagent2,
set,90139,Reagent[2],sql:spell_template.reagent3,
set,90139,Reagent[3],sql:spell_template.reagent4,
set,90139,Reagent[4],sql:spell_template.reagent5,
set,90139,Reagent[5],sql:spell_template.reagent6,
set,90139,Reagent[6],sql:spell_template.reagent7,
set,90139,Reagent[7],sql:spell_template.reagent8,
set,90139,ReagentCount[0],sql:spell_template.reagentCount1,
set,90139,ReagentCount[1],sql:spell_template.reagentCount2,
set,90139,ReagentCount[2],sql:spell_template.reagentCount3,
set,90139,ReagentCount[3],sql:spell_template.reagentCount4,
set,90139,ReagentCount[4],sql:spell_template.reagentCount5,
set,90139,ReagentCount[5],sql:spell_template.reagentCount6,
set,90139,ReagentCount[6],sql:spell_template.reagentCount7,
set,90139,ReagentCount[7],sql:spell_template.reagentCount8,
set,90139,EquippedItemClass,sql:spell_template.equippedItemClass,
set,90139,EquippedItemSubclass,sql:spell_template.equippedItemSubClassMask,
set,90139,EquippedItemInvTypes,sql:spell_template.equippedItemInventoryTypeMask,
set,90139,EffectMechanic[0],sql:spell_template.effectMechanic1,
set,90139,EffectMechanic[1],sql:spell_template.effectMechanic2,
set,90139,EffectMechanic[2],sql:spell_template.effectMechanic3,
set,90139,SpellVisualID[0],sql:spell_template.spellVisual1,
set,90139,SpellVisualID[1],sql:spell_template.spellVisual2,
set,90139,ActiveIconID,sql:spell_template.activeIconId,
set,90139,SpellPriority,sql:spell_template.spellPriority,
set,90139,Name_lang_enUS,sql:spell_template.name,
set,90139,NameSubtext_lang_enUS,sql:spell_template.nameSubtext,
set,90139,Description_lang_enUS,sql:spell_template.description,
set,90139,AuraDescription_lang_enUS,sql:spell_template.auraDescription,
set,90139,MaxTargetLevel,sql:spell_template.maxTargetLevel,
set,90139,SpellClassSet,sql:spell_template.spellFamilyName,
set,90139,MaxTargets,sql:spell_template.maxAffectedTargets,
set,90139,DefenseType,sql:spell_template.dmgClass,
set,90139,PreventionType,sql:spell_template.preventionType,
set,90139,StanceBarOrder,sql:spell_template.stanceBarOrder,
set,90139,EffectChainAmplitude[0],sql:spell_template.dmgMultiplier1,
set,90139,EffectChainAmplitude[1],sql:spell_template.dmgMultiplier2,
set,90139,EffectChainAmplitude[2],sql:spell_template.dmgMultiplier3,
set,90139,MinFactionID,sql:spell_template.minFactionId,
set,90139,MinReputation,sql:spell_template.minReputation,
set,90139,RequiredAuraVision,sql:spell_template.requiredAuraVision,
set,90139,SpellClassMask[0],0,spellFamilyFlags low
set,90139,SpellClassMask[1],0,spellFamilyFlags high
