op,key,field,value,note
# #367 rogue: client rows for the kit (61141-61147), the talent line (61151-61194),
# the player poison ranks I-IV (61201-61208) and the trainer/recipe spells of P-1/P-2 (61209-61220).
# Every value mirrors spell_template (twow-core migrations 20260927180000, 20260927200000, 20260928170000).
# Generated: python3 tools/gen_spell_mirror.py --spells tools/inputs/367-rogue-spells.csv --out changes/Spell/0367_rogue_spells.csv
insert,61141,,copy:355,"#367 kit (core#188), CV-4"
set,61141,CastingTimeIndex,sql:spell_template.castingTimeIndex,
set,61141,RecoveryTime,sql:spell_template.recoveryTime,
set,61141,CategoryRecoveryTime,sql:spell_template.categoryRecoveryTime,
set,61141,ProcChance,sql:spell_template.procChance,
set,61141,ProcCharges,sql:spell_template.procCharges,
set,61141,DurationIndex,sql:spell_template.durationIndex,
set,61141,PowerType,sql:spell_template.powerType,
set,61141,ManaCost,sql:spell_template.manaCost,
set,61141,RangeIndex,sql:spell_template.rangeIndex,
set,61141,Speed,sql:spell_template.speed,
set,61141,CumulativeAura,sql:spell_template.stackAmount,
set,61141,SpellIconID,sql:spell_template.spellIconId,
set,61141,ManaCostPct,sql:spell_template.manaCostPercentage,
set,61141,StartRecoveryCategory,sql:spell_template.startRecoveryCategory,
set,61141,StartRecoveryTime,sql:spell_template.startRecoveryTime,
set,61141,Effect[0],sql:spell_template.effect1,
set,61141,EffectDieSides[0],sql:spell_template.effectDieSides1,
set,61141,EffectBaseDice[0],sql:spell_template.effectBaseDice1,
set,61141,EffectDicePerLevel[0],sql:spell_template.effectDicePerLevel1,
set,61141,EffectRealPointsPerLevel[0],sql:spell_template.effectRealPointsPerLevel1,
set,61141,EffectBasePoints[0],sql:spell_template.effectBasePoints1,
set,61141,EffectAura[0],sql:spell_template.effectApplyAuraName1,
set,61141,EffectRadiusIndex[0],sql:spell_template.effectRadiusIndex1,
set,61141,EffectChainTargets[0],sql:spell_template.effectChainTarget1,
set,61141,EffectMiscValue[0],sql:spell_template.effectMiscValue1,
set,61141,EffectTriggerSpell[0],sql:spell_template.effectTriggerSpell1,
set,61141,EffectPointsPerCombo[0],sql:spell_template.effectPointsPerComboPoint1,
set,61141,Effect[1],sql:spell_template.effect2,
set,61141,EffectDieSides[1],sql:spell_template.effectDieSides2,
set,61141,EffectBaseDice[1],sql:spell_template.effectBaseDice2,
set,61141,EffectDicePerLevel[1],sql:spell_template.effectDicePerLevel2,
set,61141,EffectRealPointsPerLevel[1],sql:spell_template.effectRealPointsPerLevel2,
set,61141,EffectBasePoints[1],sql:spell_template.effectBasePoints2,
set,61141,EffectAura[1],sql:spell_template.effectApplyAuraName2,
set,61141,EffectRadiusIndex[1],sql:spell_template.effectRadiusIndex2,
set,61141,EffectChainTargets[1],sql:spell_template.effectChainTarget2,
set,61141,EffectMiscValue[1],sql:spell_template.effectMiscValue2,
set,61141,EffectTriggerSpell[1],sql:spell_template.effectTriggerSpell2,
set,61141,EffectPointsPerCombo[1],sql:spell_template.effectPointsPerComboPoint2,
set,61141,Effect[2],sql:spell_template.effect3,
set,61141,EffectDieSides[2],sql:spell_template.effectDieSides3,
set,61141,EffectBaseDice[2],sql:spell_template.effectBaseDice3,
set,61141,EffectDicePerLevel[2],sql:spell_template.effectDicePerLevel3,
set,61141,EffectRealPointsPerLevel[2],sql:spell_template.effectRealPointsPerLevel3,
set,61141,EffectBasePoints[2],sql:spell_template.effectBasePoints3,
set,61141,EffectAura[2],sql:spell_template.effectApplyAuraName3,
set,61141,EffectRadiusIndex[2],sql:spell_template.effectRadiusIndex3,
set,61141,EffectChainTargets[2],sql:spell_template.effectChainTarget3,
set,61141,EffectMiscValue[2],sql:spell_template.effectMiscValue3,
set,61141,EffectTriggerSpell[2],sql:spell_template.effectTriggerSpell3,
set,61141,EffectPointsPerCombo[2],sql:spell_template.effectPointsPerComboPoint3,
set,61141,EffectAuraPeriod[0],sql:spell_template.effectAmplitude1,
set,61141,EffectAmplitude[0],sql:spell_template.effectMultipleValue1,
set,61141,ImplicitTargetA[0],sql:spell_template.effectImplicitTargetA1,
set,61141,ImplicitTargetB[0],sql:spell_template.effectImplicitTargetB1,
set,61141,EffectItemType[0],sql:spell_template.effectItemType1,
set,61141,EffectAuraPeriod[1],sql:spell_template.effectAmplitude2,
set,61141,EffectAmplitude[1],sql:spell_template.effectMultipleValue2,
set,61141,ImplicitTargetA[1],sql:spell_template.effectImplicitTargetA2,
set,61141,ImplicitTargetB[1],sql:spell_template.effectImplicitTargetB2,
set,61141,EffectItemType[1],sql:spell_template.effectItemType2,
set,61141,EffectAuraPeriod[2],sql:spell_template.effectAmplitude3,
set,61141,EffectAmplitude[2],sql:spell_template.effectMultipleValue3,
set,61141,ImplicitTargetA[2],sql:spell_template.effectImplicitTargetA3,
set,61141,ImplicitTargetB[2],sql:spell_template.effectImplicitTargetB3,
set,61141,EffectItemType[2],sql:spell_template.effectItemType3,
set,61141,School,sql:spell_template.school,
set,61141,Attributes,sql:spell_template.attributes,
set,61141,AttributesEx,sql:spell_template.attributesEx,
set,61141,AttributesExB,sql:spell_template.attributesEx2,
set,61141,AttributesExC,sql:spell_template.attributesEx3,
set,61141,AttributesExD,sql:spell_template.attributesEx4,
set,61141,Category,sql:spell_template.category,
set,61141,CastUI,sql:spell_template.castUI,
set,61141,DispelType,sql:spell_template.dispel,
set,61141,Mechanic,sql:spell_template.mechanic,
set,61141,ShapeshiftMask,sql:spell_template.stances,
set,61141,ShapeshiftExclude,sql:spell_template.stancesNot,
set,61141,Targets,sql:spell_template.targets,
set,61141,TargetCreatureType,sql:spell_template.targetCreatureType,
set,61141,RequiresSpellFocus,sql:spell_template.requiresSpellFocus,
set,61141,CasterAuraState,sql:spell_template.casterAuraState,
set,61141,TargetAuraState,sql:spell_template.targetAuraState,
set,61141,InterruptFlags,sql:spell_template.interruptFlags,
set,61141,AuraInterruptFlags,sql:spell_template.auraInterruptFlags,
set,61141,ChannelInterruptFlags,sql:spell_template.channelInterruptFlags,
set,61141,ProcFlags,sql:spell_template.procFlags,
set,61141,MaxLevel,sql:spell_template.maxLevel,
set,61141,BaseLevel,sql:spell_template.baseLevel,
set,61141,SpellLevel,sql:spell_template.spellLevel,
set,61141,ManaCostPerLevel,sql:spell_template.manCostPerLevel,
set,61141,ManaPerSecond,sql:spell_template.manaPerSecond,
set,61141,ManaPerSecondPerLevel,sql:spell_template.manaPerSecondPerLevel,
set,61141,ModalNextSpell,sql:spell_template.modelNextSpell,
set,61141,Totem[0],sql:spell_template.totem1,
set,61141,Totem[1],sql:spell_template.totem2,
set,61141,Reagent[0],sql:spell_template.reagent1,
set,61141,Reagent[1],sql:spell_template.reagent2,
set,61141,Reagent[2],sql:spell_template.reagent3,
set,61141,Reagent[3],sql:spell_template.reagent4,
set,61141,Reagent[4],sql:spell_template.reagent5,
set,61141,Reagent[5],sql:spell_template.reagent6,
set,61141,Reagent[6],sql:spell_template.reagent7,
set,61141,Reagent[7],sql:spell_template.reagent8,
set,61141,ReagentCount[0],sql:spell_template.reagentCount1,
set,61141,ReagentCount[1],sql:spell_template.reagentCount2,
set,61141,ReagentCount[2],sql:spell_template.reagentCount3,
set,61141,ReagentCount[3],sql:spell_template.reagentCount4,
set,61141,ReagentCount[4],sql:spell_template.reagentCount5,
set,61141,ReagentCount[5],sql:spell_template.reagentCount6,
set,61141,ReagentCount[6],sql:spell_template.reagentCount7,
set,61141,ReagentCount[7],sql:spell_template.reagentCount8,
set,61141,EquippedItemClass,sql:spell_template.equippedItemClass,
set,61141,EquippedItemSubclass,sql:spell_template.equippedItemSubClassMask,
set,61141,EquippedItemInvTypes,sql:spell_template.equippedItemInventoryTypeMask,
set,61141,EffectMechanic[0],sql:spell_template.effectMechanic1,
set,61141,EffectMechanic[1],sql:spell_template.effectMechanic2,
set,61141,EffectMechanic[2],sql:spell_template.effectMechanic3,
set,61141,SpellVisualID[0],sql:spell_template.spellVisual1,
set,61141,SpellVisualID[1],sql:spell_template.spellVisual2,
set,61141,ActiveIconID,sql:spell_template.activeIconId,
set,61141,SpellPriority,sql:spell_template.spellPriority,
set,61141,Name_lang_enUS,sql:spell_template.name,
set,61141,NameSubtext_lang_enUS,sql:spell_template.nameSubtext,
set,61141,Description_lang_enUS,sql:spell_template.description,
set,61141,AuraDescription_lang_enUS,sql:spell_template.auraDescription,
set,61141,MaxTargetLevel,sql:spell_template.maxTargetLevel,
set,61141,SpellClassSet,sql:spell_template.spellFamilyName,
set,61141,MaxTargets,sql:spell_template.maxAffectedTargets,
set,61141,DefenseType,sql:spell_template.dmgClass,
set,61141,PreventionType,sql:spell_template.preventionType,
set,61141,StanceBarOrder,sql:spell_template.stanceBarOrder,
set,61141,EffectChainAmplitude[0],sql:spell_template.dmgMultiplier1,
set,61141,EffectChainAmplitude[1],sql:spell_template.dmgMultiplier2,
set,61141,EffectChainAmplitude[2],sql:spell_template.dmgMultiplier3,
set,61141,MinFactionID,sql:spell_template.minFactionId,
set,61141,MinReputation,sql:spell_template.minReputation,
set,61141,RequiredAuraVision,sql:spell_template.requiredAuraVision,
set,61141,SpellClassMask[0],0,spellFamilyFlags low
set,61141,SpellClassMask[1],0,spellFamilyFlags high
insert,61142,,copy:355,"#367 kit (core#188), CV-4"
set,61142,CastingTimeIndex,sql:spell_template.castingTimeIndex,
set,61142,RecoveryTime,sql:spell_template.recoveryTime,
set,61142,CategoryRecoveryTime,sql:spell_template.categoryRecoveryTime,
set,61142,ProcChance,sql:spell_template.procChance,
set,61142,ProcCharges,sql:spell_template.procCharges,
set,61142,DurationIndex,sql:spell_template.durationIndex,
set,61142,PowerType,sql:spell_template.powerType,
set,61142,ManaCost,sql:spell_template.manaCost,
set,61142,RangeIndex,sql:spell_template.rangeIndex,
set,61142,Speed,sql:spell_template.speed,
set,61142,CumulativeAura,sql:spell_template.stackAmount,
set,61142,SpellIconID,sql:spell_template.spellIconId,
set,61142,ManaCostPct,sql:spell_template.manaCostPercentage,
set,61142,StartRecoveryCategory,sql:spell_template.startRecoveryCategory,
set,61142,StartRecoveryTime,sql:spell_template.startRecoveryTime,
set,61142,Effect[0],sql:spell_template.effect1,
set,61142,EffectDieSides[0],sql:spell_template.effectDieSides1,
set,61142,EffectBaseDice[0],sql:spell_template.effectBaseDice1,
set,61142,EffectDicePerLevel[0],sql:spell_template.effectDicePerLevel1,
set,61142,EffectRealPointsPerLevel[0],sql:spell_template.effectRealPointsPerLevel1,
set,61142,EffectBasePoints[0],sql:spell_template.effectBasePoints1,
set,61142,EffectAura[0],sql:spell_template.effectApplyAuraName1,
set,61142,EffectRadiusIndex[0],sql:spell_template.effectRadiusIndex1,
set,61142,EffectChainTargets[0],sql:spell_template.effectChainTarget1,
set,61142,EffectMiscValue[0],sql:spell_template.effectMiscValue1,
set,61142,EffectTriggerSpell[0],sql:spell_template.effectTriggerSpell1,
set,61142,EffectPointsPerCombo[0],sql:spell_template.effectPointsPerComboPoint1,
set,61142,Effect[1],sql:spell_template.effect2,
set,61142,EffectDieSides[1],sql:spell_template.effectDieSides2,
set,61142,EffectBaseDice[1],sql:spell_template.effectBaseDice2,
set,61142,EffectDicePerLevel[1],sql:spell_template.effectDicePerLevel2,
set,61142,EffectRealPointsPerLevel[1],sql:spell_template.effectRealPointsPerLevel2,
set,61142,EffectBasePoints[1],sql:spell_template.effectBasePoints2,
set,61142,EffectAura[1],sql:spell_template.effectApplyAuraName2,
set,61142,EffectRadiusIndex[1],sql:spell_template.effectRadiusIndex2,
set,61142,EffectChainTargets[1],sql:spell_template.effectChainTarget2,
set,61142,EffectMiscValue[1],sql:spell_template.effectMiscValue2,
set,61142,EffectTriggerSpell[1],sql:spell_template.effectTriggerSpell2,
set,61142,EffectPointsPerCombo[1],sql:spell_template.effectPointsPerComboPoint2,
set,61142,Effect[2],sql:spell_template.effect3,
set,61142,EffectDieSides[2],sql:spell_template.effectDieSides3,
set,61142,EffectBaseDice[2],sql:spell_template.effectBaseDice3,
set,61142,EffectDicePerLevel[2],sql:spell_template.effectDicePerLevel3,
set,61142,EffectRealPointsPerLevel[2],sql:spell_template.effectRealPointsPerLevel3,
set,61142,EffectBasePoints[2],sql:spell_template.effectBasePoints3,
set,61142,EffectAura[2],sql:spell_template.effectApplyAuraName3,
set,61142,EffectRadiusIndex[2],sql:spell_template.effectRadiusIndex3,
set,61142,EffectChainTargets[2],sql:spell_template.effectChainTarget3,
set,61142,EffectMiscValue[2],sql:spell_template.effectMiscValue3,
set,61142,EffectTriggerSpell[2],sql:spell_template.effectTriggerSpell3,
set,61142,EffectPointsPerCombo[2],sql:spell_template.effectPointsPerComboPoint3,
set,61142,EffectAuraPeriod[0],sql:spell_template.effectAmplitude1,
set,61142,EffectAmplitude[0],sql:spell_template.effectMultipleValue1,
set,61142,ImplicitTargetA[0],sql:spell_template.effectImplicitTargetA1,
set,61142,ImplicitTargetB[0],sql:spell_template.effectImplicitTargetB1,
set,61142,EffectItemType[0],sql:spell_template.effectItemType1,
set,61142,EffectAuraPeriod[1],sql:spell_template.effectAmplitude2,
set,61142,EffectAmplitude[1],sql:spell_template.effectMultipleValue2,
set,61142,ImplicitTargetA[1],sql:spell_template.effectImplicitTargetA2,
set,61142,ImplicitTargetB[1],sql:spell_template.effectImplicitTargetB2,
set,61142,EffectItemType[1],sql:spell_template.effectItemType2,
set,61142,EffectAuraPeriod[2],sql:spell_template.effectAmplitude3,
set,61142,EffectAmplitude[2],sql:spell_template.effectMultipleValue3,
set,61142,ImplicitTargetA[2],sql:spell_template.effectImplicitTargetA3,
set,61142,ImplicitTargetB[2],sql:spell_template.effectImplicitTargetB3,
set,61142,EffectItemType[2],sql:spell_template.effectItemType3,
set,61142,School,sql:spell_template.school,
set,61142,Attributes,sql:spell_template.attributes,
set,61142,AttributesEx,sql:spell_template.attributesEx,
set,61142,AttributesExB,sql:spell_template.attributesEx2,
set,61142,AttributesExC,sql:spell_template.attributesEx3,
set,61142,AttributesExD,sql:spell_template.attributesEx4,
set,61142,Category,sql:spell_template.category,
set,61142,CastUI,sql:spell_template.castUI,
set,61142,DispelType,sql:spell_template.dispel,
set,61142,Mechanic,sql:spell_template.mechanic,
set,61142,ShapeshiftMask,sql:spell_template.stances,
set,61142,ShapeshiftExclude,sql:spell_template.stancesNot,
set,61142,Targets,sql:spell_template.targets,
set,61142,TargetCreatureType,sql:spell_template.targetCreatureType,
set,61142,RequiresSpellFocus,sql:spell_template.requiresSpellFocus,
set,61142,CasterAuraState,sql:spell_template.casterAuraState,
set,61142,TargetAuraState,sql:spell_template.targetAuraState,
set,61142,InterruptFlags,sql:spell_template.interruptFlags,
set,61142,AuraInterruptFlags,sql:spell_template.auraInterruptFlags,
set,61142,ChannelInterruptFlags,sql:spell_template.channelInterruptFlags,
set,61142,ProcFlags,sql:spell_template.procFlags,
set,61142,MaxLevel,sql:spell_template.maxLevel,
set,61142,BaseLevel,sql:spell_template.baseLevel,
set,61142,SpellLevel,sql:spell_template.spellLevel,
set,61142,ManaCostPerLevel,sql:spell_template.manCostPerLevel,
set,61142,ManaPerSecond,sql:spell_template.manaPerSecond,
set,61142,ManaPerSecondPerLevel,sql:spell_template.manaPerSecondPerLevel,
set,61142,ModalNextSpell,sql:spell_template.modelNextSpell,
set,61142,Totem[0],sql:spell_template.totem1,
set,61142,Totem[1],sql:spell_template.totem2,
set,61142,Reagent[0],sql:spell_template.reagent1,
set,61142,Reagent[1],sql:spell_template.reagent2,
set,61142,Reagent[2],sql:spell_template.reagent3,
set,61142,Reagent[3],sql:spell_template.reagent4,
set,61142,Reagent[4],sql:spell_template.reagent5,
set,61142,Reagent[5],sql:spell_template.reagent6,
set,61142,Reagent[6],sql:spell_template.reagent7,
set,61142,Reagent[7],sql:spell_template.reagent8,
set,61142,ReagentCount[0],sql:spell_template.reagentCount1,
set,61142,ReagentCount[1],sql:spell_template.reagentCount2,
set,61142,ReagentCount[2],sql:spell_template.reagentCount3,
set,61142,ReagentCount[3],sql:spell_template.reagentCount4,
set,61142,ReagentCount[4],sql:spell_template.reagentCount5,
set,61142,ReagentCount[5],sql:spell_template.reagentCount6,
set,61142,ReagentCount[6],sql:spell_template.reagentCount7,
set,61142,ReagentCount[7],sql:spell_template.reagentCount8,
set,61142,EquippedItemClass,sql:spell_template.equippedItemClass,
set,61142,EquippedItemSubclass,sql:spell_template.equippedItemSubClassMask,
set,61142,EquippedItemInvTypes,sql:spell_template.equippedItemInventoryTypeMask,
set,61142,EffectMechanic[0],sql:spell_template.effectMechanic1,
set,61142,EffectMechanic[1],sql:spell_template.effectMechanic2,
set,61142,EffectMechanic[2],sql:spell_template.effectMechanic3,
set,61142,SpellVisualID[0],sql:spell_template.spellVisual1,
set,61142,SpellVisualID[1],sql:spell_template.spellVisual2,
set,61142,ActiveIconID,sql:spell_template.activeIconId,
set,61142,SpellPriority,sql:spell_template.spellPriority,
set,61142,Name_lang_enUS,sql:spell_template.name,
set,61142,NameSubtext_lang_enUS,sql:spell_template.nameSubtext,
set,61142,Description_lang_enUS,sql:spell_template.description,
set,61142,AuraDescription_lang_enUS,sql:spell_template.auraDescription,
set,61142,MaxTargetLevel,sql:spell_template.maxTargetLevel,
set,61142,SpellClassSet,sql:spell_template.spellFamilyName,
set,61142,MaxTargets,sql:spell_template.maxAffectedTargets,
set,61142,DefenseType,sql:spell_template.dmgClass,
set,61142,PreventionType,sql:spell_template.preventionType,
set,61142,StanceBarOrder,sql:spell_template.stanceBarOrder,
set,61142,EffectChainAmplitude[0],sql:spell_template.dmgMultiplier1,
set,61142,EffectChainAmplitude[1],sql:spell_template.dmgMultiplier2,
set,61142,EffectChainAmplitude[2],sql:spell_template.dmgMultiplier3,
set,61142,MinFactionID,sql:spell_template.minFactionId,
set,61142,MinReputation,sql:spell_template.minReputation,
set,61142,RequiredAuraVision,sql:spell_template.requiredAuraVision,
set,61142,SpellClassMask[0],0,spellFamilyFlags low
set,61142,SpellClassMask[1],0,spellFamilyFlags high
insert,61143,,copy:25780,"#367 kit (core#188), CV-5"
set,61143,CastingTimeIndex,sql:spell_template.castingTimeIndex,
set,61143,RecoveryTime,sql:spell_template.recoveryTime,
set,61143,CategoryRecoveryTime,sql:spell_template.categoryRecoveryTime,
set,61143,ProcChance,sql:spell_template.procChance,
set,61143,ProcCharges,sql:spell_template.procCharges,
set,61143,DurationIndex,sql:spell_template.durationIndex,
set,61143,PowerType,sql:spell_template.powerType,
set,61143,ManaCost,sql:spell_template.manaCost,
set,61143,RangeIndex,sql:spell_template.rangeIndex,
set,61143,Speed,sql:spell_template.speed,
set,61143,CumulativeAura,sql:spell_template.stackAmount,
set,61143,SpellIconID,sql:spell_template.spellIconId,
set,61143,ManaCostPct,sql:spell_template.manaCostPercentage,
set,61143,StartRecoveryCategory,sql:spell_template.startRecoveryCategory,
set,61143,StartRecoveryTime,sql:spell_template.startRecoveryTime,
set,61143,Effect[0],sql:spell_template.effect1,
set,61143,EffectDieSides[0],sql:spell_template.effectDieSides1,
set,61143,EffectBaseDice[0],sql:spell_template.effectBaseDice1,
set,61143,EffectDicePerLevel[0],sql:spell_template.effectDicePerLevel1,
set,61143,EffectRealPointsPerLevel[0],sql:spell_template.effectRealPointsPerLevel1,
set,61143,EffectBasePoints[0],sql:spell_template.effectBasePoints1,
set,61143,EffectAura[0],sql:spell_template.effectApplyAuraName1,
set,61143,EffectRadiusIndex[0],sql:spell_template.effectRadiusIndex1,
set,61143,EffectChainTargets[0],sql:spell_template.effectChainTarget1,
set,61143,EffectMiscValue[0],sql:spell_template.effectMiscValue1,
set,61143,EffectTriggerSpell[0],sql:spell_template.effectTriggerSpell1,
set,61143,EffectPointsPerCombo[0],sql:spell_template.effectPointsPerComboPoint1,
set,61143,Effect[1],sql:spell_template.effect2,
set,61143,EffectDieSides[1],sql:spell_template.effectDieSides2,
set,61143,EffectBaseDice[1],sql:spell_template.effectBaseDice2,
set,61143,EffectDicePerLevel[1],sql:spell_template.effectDicePerLevel2,
set,61143,EffectRealPointsPerLevel[1],sql:spell_template.effectRealPointsPerLevel2,
set,61143,EffectBasePoints[1],sql:spell_template.effectBasePoints2,
set,61143,EffectAura[1],sql:spell_template.effectApplyAuraName2,
set,61143,EffectRadiusIndex[1],sql:spell_template.effectRadiusIndex2,
set,61143,EffectChainTargets[1],sql:spell_template.effectChainTarget2,
set,61143,EffectMiscValue[1],sql:spell_template.effectMiscValue2,
set,61143,EffectTriggerSpell[1],sql:spell_template.effectTriggerSpell2,
set,61143,EffectPointsPerCombo[1],sql:spell_template.effectPointsPerComboPoint2,
set,61143,Effect[2],sql:spell_template.effect3,
set,61143,EffectDieSides[2],sql:spell_template.effectDieSides3,
set,61143,EffectBaseDice[2],sql:spell_template.effectBaseDice3,
set,61143,EffectDicePerLevel[2],sql:spell_template.effectDicePerLevel3,
set,61143,EffectRealPointsPerLevel[2],sql:spell_template.effectRealPointsPerLevel3,
set,61143,EffectBasePoints[2],sql:spell_template.effectBasePoints3,
set,61143,EffectAura[2],sql:spell_template.effectApplyAuraName3,
set,61143,EffectRadiusIndex[2],sql:spell_template.effectRadiusIndex3,
set,61143,EffectChainTargets[2],sql:spell_template.effectChainTarget3,
set,61143,EffectMiscValue[2],sql:spell_template.effectMiscValue3,
set,61143,EffectTriggerSpell[2],sql:spell_template.effectTriggerSpell3,
set,61143,EffectPointsPerCombo[2],sql:spell_template.effectPointsPerComboPoint3,
set,61143,EffectAuraPeriod[0],sql:spell_template.effectAmplitude1,
set,61143,EffectAmplitude[0],sql:spell_template.effectMultipleValue1,
set,61143,ImplicitTargetA[0],sql:spell_template.effectImplicitTargetA1,
set,61143,ImplicitTargetB[0],sql:spell_template.effectImplicitTargetB1,
set,61143,EffectItemType[0],sql:spell_template.effectItemType1,
set,61143,EffectAuraPeriod[1],sql:spell_template.effectAmplitude2,
set,61143,EffectAmplitude[1],sql:spell_template.effectMultipleValue2,
set,61143,ImplicitTargetA[1],sql:spell_template.effectImplicitTargetA2,
set,61143,ImplicitTargetB[1],sql:spell_template.effectImplicitTargetB2,
set,61143,EffectItemType[1],sql:spell_template.effectItemType2,
set,61143,EffectAuraPeriod[2],sql:spell_template.effectAmplitude3,
set,61143,EffectAmplitude[2],sql:spell_template.effectMultipleValue3,
set,61143,ImplicitTargetA[2],sql:spell_template.effectImplicitTargetA3,
set,61143,ImplicitTargetB[2],sql:spell_template.effectImplicitTargetB3,
set,61143,EffectItemType[2],sql:spell_template.effectItemType3,
set,61143,School,sql:spell_template.school,
set,61143,Attributes,sql:spell_template.attributes,
set,61143,AttributesEx,sql:spell_template.attributesEx,
set,61143,AttributesExB,sql:spell_template.attributesEx2,
set,61143,AttributesExC,sql:spell_template.attributesEx3,
set,61143,AttributesExD,sql:spell_template.attributesEx4,
set,61143,Category,sql:spell_template.category,
set,61143,CastUI,sql:spell_template.castUI,
set,61143,DispelType,sql:spell_template.dispel,
set,61143,Mechanic,sql:spell_template.mechanic,
set,61143,ShapeshiftMask,sql:spell_template.stances,
set,61143,ShapeshiftExclude,sql:spell_template.stancesNot,
set,61143,Targets,sql:spell_template.targets,
set,61143,TargetCreatureType,sql:spell_template.targetCreatureType,
set,61143,RequiresSpellFocus,sql:spell_template.requiresSpellFocus,
set,61143,CasterAuraState,sql:spell_template.casterAuraState,
set,61143,TargetAuraState,sql:spell_template.targetAuraState,
set,61143,InterruptFlags,sql:spell_template.interruptFlags,
set,61143,AuraInterruptFlags,sql:spell_template.auraInterruptFlags,
set,61143,ChannelInterruptFlags,sql:spell_template.channelInterruptFlags,
set,61143,ProcFlags,sql:spell_template.procFlags,
set,61143,MaxLevel,sql:spell_template.maxLevel,
set,61143,BaseLevel,sql:spell_template.baseLevel,
set,61143,SpellLevel,sql:spell_template.spellLevel,
set,61143,ManaCostPerLevel,sql:spell_template.manCostPerLevel,
set,61143,ManaPerSecond,sql:spell_template.manaPerSecond,
set,61143,ManaPerSecondPerLevel,sql:spell_template.manaPerSecondPerLevel,
set,61143,ModalNextSpell,sql:spell_template.modelNextSpell,
set,61143,Totem[0],sql:spell_template.totem1,
set,61143,Totem[1],sql:spell_template.totem2,
set,61143,Reagent[0],sql:spell_template.reagent1,
set,61143,Reagent[1],sql:spell_template.reagent2,
set,61143,Reagent[2],sql:spell_template.reagent3,
set,61143,Reagent[3],sql:spell_template.reagent4,
set,61143,Reagent[4],sql:spell_template.reagent5,
set,61143,Reagent[5],sql:spell_template.reagent6,
set,61143,Reagent[6],sql:spell_template.reagent7,
set,61143,Reagent[7],sql:spell_template.reagent8,
set,61143,ReagentCount[0],sql:spell_template.reagentCount1,
set,61143,ReagentCount[1],sql:spell_template.reagentCount2,
set,61143,ReagentCount[2],sql:spell_template.reagentCount3,
set,61143,ReagentCount[3],sql:spell_template.reagentCount4,
set,61143,ReagentCount[4],sql:spell_template.reagentCount5,
set,61143,ReagentCount[5],sql:spell_template.reagentCount6,
set,61143,ReagentCount[6],sql:spell_template.reagentCount7,
set,61143,ReagentCount[7],sql:spell_template.reagentCount8,
set,61143,EquippedItemClass,sql:spell_template.equippedItemClass,
set,61143,EquippedItemSubclass,sql:spell_template.equippedItemSubClassMask,
set,61143,EquippedItemInvTypes,sql:spell_template.equippedItemInventoryTypeMask,
set,61143,EffectMechanic[0],sql:spell_template.effectMechanic1,
set,61143,EffectMechanic[1],sql:spell_template.effectMechanic2,
set,61143,EffectMechanic[2],sql:spell_template.effectMechanic3,
set,61143,SpellVisualID[0],sql:spell_template.spellVisual1,
set,61143,SpellVisualID[1],sql:spell_template.spellVisual2,
set,61143,ActiveIconID,sql:spell_template.activeIconId,
set,61143,SpellPriority,sql:spell_template.spellPriority,
set,61143,Name_lang_enUS,sql:spell_template.name,
set,61143,NameSubtext_lang_enUS,sql:spell_template.nameSubtext,
set,61143,Description_lang_enUS,sql:spell_template.description,
set,61143,AuraDescription_lang_enUS,sql:spell_template.auraDescription,
set,61143,MaxTargetLevel,sql:spell_template.maxTargetLevel,
set,61143,SpellClassSet,sql:spell_template.spellFamilyName,
set,61143,MaxTargets,sql:spell_template.maxAffectedTargets,
set,61143,DefenseType,sql:spell_template.dmgClass,
set,61143,PreventionType,sql:spell_template.preventionType,
set,61143,StanceBarOrder,sql:spell_template.stanceBarOrder,
set,61143,EffectChainAmplitude[0],sql:spell_template.dmgMultiplier1,
set,61143,EffectChainAmplitude[1],sql:spell_template.dmgMultiplier2,
set,61143,EffectChainAmplitude[2],sql:spell_template.dmgMultiplier3,
set,61143,MinFactionID,sql:spell_template.minFactionId,
set,61143,MinReputation,sql:spell_template.minReputation,
set,61143,RequiredAuraVision,sql:spell_template.requiredAuraVision,
set,61143,SpellClassMask[0],0,spellFamilyFlags low
set,61143,SpellClassMask[1],0,spellFamilyFlags high
insert,61144,,copy:25780,"#367 kit (core#188), CV-5"
set,61144,CastingTimeIndex,sql:spell_template.castingTimeIndex,
set,61144,RecoveryTime,sql:spell_template.recoveryTime,
set,61144,CategoryRecoveryTime,sql:spell_template.categoryRecoveryTime,
set,61144,ProcChance,sql:spell_template.procChance,
set,61144,ProcCharges,sql:spell_template.procCharges,
set,61144,DurationIndex,sql:spell_template.durationIndex,
set,61144,PowerType,sql:spell_template.powerType,
set,61144,ManaCost,sql:spell_template.manaCost,
set,61144,RangeIndex,sql:spell_template.rangeIndex,
set,61144,Speed,sql:spell_template.speed,
set,61144,CumulativeAura,sql:spell_template.stackAmount,
set,61144,SpellIconID,sql:spell_template.spellIconId,
set,61144,ManaCostPct,sql:spell_template.manaCostPercentage,
set,61144,StartRecoveryCategory,sql:spell_template.startRecoveryCategory,
set,61144,StartRecoveryTime,sql:spell_template.startRecoveryTime,
set,61144,Effect[0],sql:spell_template.effect1,
set,61144,EffectDieSides[0],sql:spell_template.effectDieSides1,
set,61144,EffectBaseDice[0],sql:spell_template.effectBaseDice1,
set,61144,EffectDicePerLevel[0],sql:spell_template.effectDicePerLevel1,
set,61144,EffectRealPointsPerLevel[0],sql:spell_template.effectRealPointsPerLevel1,
set,61144,EffectBasePoints[0],sql:spell_template.effectBasePoints1,
set,61144,EffectAura[0],sql:spell_template.effectApplyAuraName1,
set,61144,EffectRadiusIndex[0],sql:spell_template.effectRadiusIndex1,
set,61144,EffectChainTargets[0],sql:spell_template.effectChainTarget1,
set,61144,EffectMiscValue[0],sql:spell_template.effectMiscValue1,
set,61144,EffectTriggerSpell[0],sql:spell_template.effectTriggerSpell1,
set,61144,EffectPointsPerCombo[0],sql:spell_template.effectPointsPerComboPoint1,
set,61144,Effect[1],sql:spell_template.effect2,
set,61144,EffectDieSides[1],sql:spell_template.effectDieSides2,
set,61144,EffectBaseDice[1],sql:spell_template.effectBaseDice2,
set,61144,EffectDicePerLevel[1],sql:spell_template.effectDicePerLevel2,
set,61144,EffectRealPointsPerLevel[1],sql:spell_template.effectRealPointsPerLevel2,
set,61144,EffectBasePoints[1],sql:spell_template.effectBasePoints2,
set,61144,EffectAura[1],sql:spell_template.effectApplyAuraName2,
set,61144,EffectRadiusIndex[1],sql:spell_template.effectRadiusIndex2,
set,61144,EffectChainTargets[1],sql:spell_template.effectChainTarget2,
set,61144,EffectMiscValue[1],sql:spell_template.effectMiscValue2,
set,61144,EffectTriggerSpell[1],sql:spell_template.effectTriggerSpell2,
set,61144,EffectPointsPerCombo[1],sql:spell_template.effectPointsPerComboPoint2,
set,61144,Effect[2],sql:spell_template.effect3,
set,61144,EffectDieSides[2],sql:spell_template.effectDieSides3,
set,61144,EffectBaseDice[2],sql:spell_template.effectBaseDice3,
set,61144,EffectDicePerLevel[2],sql:spell_template.effectDicePerLevel3,
set,61144,EffectRealPointsPerLevel[2],sql:spell_template.effectRealPointsPerLevel3,
set,61144,EffectBasePoints[2],sql:spell_template.effectBasePoints3,
set,61144,EffectAura[2],sql:spell_template.effectApplyAuraName3,
set,61144,EffectRadiusIndex[2],sql:spell_template.effectRadiusIndex3,
set,61144,EffectChainTargets[2],sql:spell_template.effectChainTarget3,
set,61144,EffectMiscValue[2],sql:spell_template.effectMiscValue3,
set,61144,EffectTriggerSpell[2],sql:spell_template.effectTriggerSpell3,
set,61144,EffectPointsPerCombo[2],sql:spell_template.effectPointsPerComboPoint3,
set,61144,EffectAuraPeriod[0],sql:spell_template.effectAmplitude1,
set,61144,EffectAmplitude[0],sql:spell_template.effectMultipleValue1,
set,61144,ImplicitTargetA[0],sql:spell_template.effectImplicitTargetA1,
set,61144,ImplicitTargetB[0],sql:spell_template.effectImplicitTargetB1,
set,61144,EffectItemType[0],sql:spell_template.effectItemType1,
set,61144,EffectAuraPeriod[1],sql:spell_template.effectAmplitude2,
set,61144,EffectAmplitude[1],sql:spell_template.effectMultipleValue2,
set,61144,ImplicitTargetA[1],sql:spell_template.effectImplicitTargetA2,
set,61144,ImplicitTargetB[1],sql:spell_template.effectImplicitTargetB2,
set,61144,EffectItemType[1],sql:spell_template.effectItemType2,
set,61144,EffectAuraPeriod[2],sql:spell_template.effectAmplitude3,
set,61144,EffectAmplitude[2],sql:spell_template.effectMultipleValue3,
set,61144,ImplicitTargetA[2],sql:spell_template.effectImplicitTargetA3,
set,61144,ImplicitTargetB[2],sql:spell_template.effectImplicitTargetB3,
set,61144,EffectItemType[2],sql:spell_template.effectItemType3,
set,61144,School,sql:spell_template.school,
set,61144,Attributes,sql:spell_template.attributes,
set,61144,AttributesEx,sql:spell_template.attributesEx,
set,61144,AttributesExB,sql:spell_template.attributesEx2,
set,61144,AttributesExC,sql:spell_template.attributesEx3,
set,61144,AttributesExD,sql:spell_template.attributesEx4,
set,61144,Category,sql:spell_template.category,
set,61144,CastUI,sql:spell_template.castUI,
set,61144,DispelType,sql:spell_template.dispel,
set,61144,Mechanic,sql:spell_template.mechanic,
set,61144,ShapeshiftMask,sql:spell_template.stances,
set,61144,ShapeshiftExclude,sql:spell_template.stancesNot,
set,61144,Targets,sql:spell_template.targets,
set,61144,TargetCreatureType,sql:spell_template.targetCreatureType,
set,61144,RequiresSpellFocus,sql:spell_template.requiresSpellFocus,
set,61144,CasterAuraState,sql:spell_template.casterAuraState,
set,61144,TargetAuraState,sql:spell_template.targetAuraState,
set,61144,InterruptFlags,sql:spell_template.interruptFlags,
set,61144,AuraInterruptFlags,sql:spell_template.auraInterruptFlags,
set,61144,ChannelInterruptFlags,sql:spell_template.channelInterruptFlags,
set,61144,ProcFlags,sql:spell_template.procFlags,
set,61144,MaxLevel,sql:spell_template.maxLevel,
set,61144,BaseLevel,sql:spell_template.baseLevel,
set,61144,SpellLevel,sql:spell_template.spellLevel,
set,61144,ManaCostPerLevel,sql:spell_template.manCostPerLevel,
set,61144,ManaPerSecond,sql:spell_template.manaPerSecond,
set,61144,ManaPerSecondPerLevel,sql:spell_template.manaPerSecondPerLevel,
set,61144,ModalNextSpell,sql:spell_template.modelNextSpell,
set,61144,Totem[0],sql:spell_template.totem1,
set,61144,Totem[1],sql:spell_template.totem2,
set,61144,Reagent[0],sql:spell_template.reagent1,
set,61144,Reagent[1],sql:spell_template.reagent2,
set,61144,Reagent[2],sql:spell_template.reagent3,
set,61144,Reagent[3],sql:spell_template.reagent4,
set,61144,Reagent[4],sql:spell_template.reagent5,
set,61144,Reagent[5],sql:spell_template.reagent6,
set,61144,Reagent[6],sql:spell_template.reagent7,
set,61144,Reagent[7],sql:spell_template.reagent8,
set,61144,ReagentCount[0],sql:spell_template.reagentCount1,
set,61144,ReagentCount[1],sql:spell_template.reagentCount2,
set,61144,ReagentCount[2],sql:spell_template.reagentCount3,
set,61144,ReagentCount[3],sql:spell_template.reagentCount4,
set,61144,ReagentCount[4],sql:spell_template.reagentCount5,
set,61144,ReagentCount[5],sql:spell_template.reagentCount6,
set,61144,ReagentCount[6],sql:spell_template.reagentCount7,
set,61144,ReagentCount[7],sql:spell_template.reagentCount8,
set,61144,EquippedItemClass,sql:spell_template.equippedItemClass,
set,61144,EquippedItemSubclass,sql:spell_template.equippedItemSubClassMask,
set,61144,EquippedItemInvTypes,sql:spell_template.equippedItemInventoryTypeMask,
set,61144,EffectMechanic[0],sql:spell_template.effectMechanic1,
set,61144,EffectMechanic[1],sql:spell_template.effectMechanic2,
set,61144,EffectMechanic[2],sql:spell_template.effectMechanic3,
set,61144,SpellVisualID[0],sql:spell_template.spellVisual1,
set,61144,SpellVisualID[1],sql:spell_template.spellVisual2,
set,61144,ActiveIconID,sql:spell_template.activeIconId,
set,61144,SpellPriority,sql:spell_template.spellPriority,
set,61144,Name_lang_enUS,sql:spell_template.name,
set,61144,NameSubtext_lang_enUS,sql:spell_template.nameSubtext,
set,61144,Description_lang_enUS,sql:spell_template.description,
set,61144,AuraDescription_lang_enUS,sql:spell_template.auraDescription,
set,61144,MaxTargetLevel,sql:spell_template.maxTargetLevel,
set,61144,SpellClassSet,sql:spell_template.spellFamilyName,
set,61144,MaxTargets,sql:spell_template.maxAffectedTargets,
set,61144,DefenseType,sql:spell_template.dmgClass,
set,61144,PreventionType,sql:spell_template.preventionType,
set,61144,StanceBarOrder,sql:spell_template.stanceBarOrder,
set,61144,EffectChainAmplitude[0],sql:spell_template.dmgMultiplier1,
set,61144,EffectChainAmplitude[1],sql:spell_template.dmgMultiplier2,
set,61144,EffectChainAmplitude[2],sql:spell_template.dmgMultiplier3,
set,61144,MinFactionID,sql:spell_template.minFactionId,
set,61144,MinReputation,sql:spell_template.minReputation,
set,61144,RequiredAuraVision,sql:spell_template.requiredAuraVision,
set,61144,SpellClassMask[0],0,spellFamilyFlags low
set,61144,SpellClassMask[1],0,spellFamilyFlags high
insert,61145,,copy:25780,"#367 kit (core#188), CV-5"
set,61145,CastingTimeIndex,sql:spell_template.castingTimeIndex,
set,61145,RecoveryTime,sql:spell_template.recoveryTime,
set,61145,CategoryRecoveryTime,sql:spell_template.categoryRecoveryTime,
set,61145,ProcChance,sql:spell_template.procChance,
set,61145,ProcCharges,sql:spell_template.procCharges,
set,61145,DurationIndex,sql:spell_template.durationIndex,
set,61145,PowerType,sql:spell_template.powerType,
set,61145,ManaCost,sql:spell_template.manaCost,
set,61145,RangeIndex,sql:spell_template.rangeIndex,
set,61145,Speed,sql:spell_template.speed,
set,61145,CumulativeAura,sql:spell_template.stackAmount,
set,61145,SpellIconID,sql:spell_template.spellIconId,
set,61145,ManaCostPct,sql:spell_template.manaCostPercentage,
set,61145,StartRecoveryCategory,sql:spell_template.startRecoveryCategory,
set,61145,StartRecoveryTime,sql:spell_template.startRecoveryTime,
set,61145,Effect[0],sql:spell_template.effect1,
set,61145,EffectDieSides[0],sql:spell_template.effectDieSides1,
set,61145,EffectBaseDice[0],sql:spell_template.effectBaseDice1,
set,61145,EffectDicePerLevel[0],sql:spell_template.effectDicePerLevel1,
set,61145,EffectRealPointsPerLevel[0],sql:spell_template.effectRealPointsPerLevel1,
set,61145,EffectBasePoints[0],sql:spell_template.effectBasePoints1,
set,61145,EffectAura[0],sql:spell_template.effectApplyAuraName1,
set,61145,EffectRadiusIndex[0],sql:spell_template.effectRadiusIndex1,
set,61145,EffectChainTargets[0],sql:spell_template.effectChainTarget1,
set,61145,EffectMiscValue[0],sql:spell_template.effectMiscValue1,
set,61145,EffectTriggerSpell[0],sql:spell_template.effectTriggerSpell1,
set,61145,EffectPointsPerCombo[0],sql:spell_template.effectPointsPerComboPoint1,
set,61145,Effect[1],sql:spell_template.effect2,
set,61145,EffectDieSides[1],sql:spell_template.effectDieSides2,
set,61145,EffectBaseDice[1],sql:spell_template.effectBaseDice2,
set,61145,EffectDicePerLevel[1],sql:spell_template.effectDicePerLevel2,
set,61145,EffectRealPointsPerLevel[1],sql:spell_template.effectRealPointsPerLevel2,
set,61145,EffectBasePoints[1],sql:spell_template.effectBasePoints2,
set,61145,EffectAura[1],sql:spell_template.effectApplyAuraName2,
set,61145,EffectRadiusIndex[1],sql:spell_template.effectRadiusIndex2,
set,61145,EffectChainTargets[1],sql:spell_template.effectChainTarget2,
set,61145,EffectMiscValue[1],sql:spell_template.effectMiscValue2,
set,61145,EffectTriggerSpell[1],sql:spell_template.effectTriggerSpell2,
set,61145,EffectPointsPerCombo[1],sql:spell_template.effectPointsPerComboPoint2,
set,61145,Effect[2],sql:spell_template.effect3,
set,61145,EffectDieSides[2],sql:spell_template.effectDieSides3,
set,61145,EffectBaseDice[2],sql:spell_template.effectBaseDice3,
set,61145,EffectDicePerLevel[2],sql:spell_template.effectDicePerLevel3,
set,61145,EffectRealPointsPerLevel[2],sql:spell_template.effectRealPointsPerLevel3,
set,61145,EffectBasePoints[2],sql:spell_template.effectBasePoints3,
set,61145,EffectAura[2],sql:spell_template.effectApplyAuraName3,
set,61145,EffectRadiusIndex[2],sql:spell_template.effectRadiusIndex3,
set,61145,EffectChainTargets[2],sql:spell_template.effectChainTarget3,
set,61145,EffectMiscValue[2],sql:spell_template.effectMiscValue3,
set,61145,EffectTriggerSpell[2],sql:spell_template.effectTriggerSpell3,
set,61145,EffectPointsPerCombo[2],sql:spell_template.effectPointsPerComboPoint3,
set,61145,EffectAuraPeriod[0],sql:spell_template.effectAmplitude1,
set,61145,EffectAmplitude[0],sql:spell_template.effectMultipleValue1,
set,61145,ImplicitTargetA[0],sql:spell_template.effectImplicitTargetA1,
set,61145,ImplicitTargetB[0],sql:spell_template.effectImplicitTargetB1,
set,61145,EffectItemType[0],sql:spell_template.effectItemType1,
set,61145,EffectAuraPeriod[1],sql:spell_template.effectAmplitude2,
set,61145,EffectAmplitude[1],sql:spell_template.effectMultipleValue2,
set,61145,ImplicitTargetA[1],sql:spell_template.effectImplicitTargetA2,
set,61145,ImplicitTargetB[1],sql:spell_template.effectImplicitTargetB2,
set,61145,EffectItemType[1],sql:spell_template.effectItemType2,
set,61145,EffectAuraPeriod[2],sql:spell_template.effectAmplitude3,
set,61145,EffectAmplitude[2],sql:spell_template.effectMultipleValue3,
set,61145,ImplicitTargetA[2],sql:spell_template.effectImplicitTargetA3,
set,61145,ImplicitTargetB[2],sql:spell_template.effectImplicitTargetB3,
set,61145,EffectItemType[2],sql:spell_template.effectItemType3,
set,61145,School,sql:spell_template.school,
set,61145,Attributes,sql:spell_template.attributes,
set,61145,AttributesEx,sql:spell_template.attributesEx,
set,61145,AttributesExB,sql:spell_template.attributesEx2,
set,61145,AttributesExC,sql:spell_template.attributesEx3,
set,61145,AttributesExD,sql:spell_template.attributesEx4,
set,61145,Category,sql:spell_template.category,
set,61145,CastUI,sql:spell_template.castUI,
set,61145,DispelType,sql:spell_template.dispel,
set,61145,Mechanic,sql:spell_template.mechanic,
set,61145,ShapeshiftMask,sql:spell_template.stances,
set,61145,ShapeshiftExclude,sql:spell_template.stancesNot,
set,61145,Targets,sql:spell_template.targets,
set,61145,TargetCreatureType,sql:spell_template.targetCreatureType,
set,61145,RequiresSpellFocus,sql:spell_template.requiresSpellFocus,
set,61145,CasterAuraState,sql:spell_template.casterAuraState,
set,61145,TargetAuraState,sql:spell_template.targetAuraState,
set,61145,InterruptFlags,sql:spell_template.interruptFlags,
set,61145,AuraInterruptFlags,sql:spell_template.auraInterruptFlags,
set,61145,ChannelInterruptFlags,sql:spell_template.channelInterruptFlags,
set,61145,ProcFlags,sql:spell_template.procFlags,
set,61145,MaxLevel,sql:spell_template.maxLevel,
set,61145,BaseLevel,sql:spell_template.baseLevel,
set,61145,SpellLevel,sql:spell_template.spellLevel,
set,61145,ManaCostPerLevel,sql:spell_template.manCostPerLevel,
set,61145,ManaPerSecond,sql:spell_template.manaPerSecond,
set,61145,ManaPerSecondPerLevel,sql:spell_template.manaPerSecondPerLevel,
set,61145,ModalNextSpell,sql:spell_template.modelNextSpell,
set,61145,Totem[0],sql:spell_template.totem1,
set,61145,Totem[1],sql:spell_template.totem2,
set,61145,Reagent[0],sql:spell_template.reagent1,
set,61145,Reagent[1],sql:spell_template.reagent2,
set,61145,Reagent[2],sql:spell_template.reagent3,
set,61145,Reagent[3],sql:spell_template.reagent4,
set,61145,Reagent[4],sql:spell_template.reagent5,
set,61145,Reagent[5],sql:spell_template.reagent6,
set,61145,Reagent[6],sql:spell_template.reagent7,
set,61145,Reagent[7],sql:spell_template.reagent8,
set,61145,ReagentCount[0],sql:spell_template.reagentCount1,
set,61145,ReagentCount[1],sql:spell_template.reagentCount2,
set,61145,ReagentCount[2],sql:spell_template.reagentCount3,
set,61145,ReagentCount[3],sql:spell_template.reagentCount4,
set,61145,ReagentCount[4],sql:spell_template.reagentCount5,
set,61145,ReagentCount[5],sql:spell_template.reagentCount6,
set,61145,ReagentCount[6],sql:spell_template.reagentCount7,
set,61145,ReagentCount[7],sql:spell_template.reagentCount8,
set,61145,EquippedItemClass,sql:spell_template.equippedItemClass,
set,61145,EquippedItemSubclass,sql:spell_template.equippedItemSubClassMask,
set,61145,EquippedItemInvTypes,sql:spell_template.equippedItemInventoryTypeMask,
set,61145,EffectMechanic[0],sql:spell_template.effectMechanic1,
set,61145,EffectMechanic[1],sql:spell_template.effectMechanic2,
set,61145,EffectMechanic[2],sql:spell_template.effectMechanic3,
set,61145,SpellVisualID[0],sql:spell_template.spellVisual1,
set,61145,SpellVisualID[1],sql:spell_template.spellVisual2,
set,61145,ActiveIconID,sql:spell_template.activeIconId,
set,61145,SpellPriority,sql:spell_template.spellPriority,
set,61145,Name_lang_enUS,sql:spell_template.name,
set,61145,NameSubtext_lang_enUS,sql:spell_template.nameSubtext,
set,61145,Description_lang_enUS,sql:spell_template.description,
set,61145,AuraDescription_lang_enUS,sql:spell_template.auraDescription,
set,61145,MaxTargetLevel,sql:spell_template.maxTargetLevel,
set,61145,SpellClassSet,sql:spell_template.spellFamilyName,
set,61145,MaxTargets,sql:spell_template.maxAffectedTargets,
set,61145,DefenseType,sql:spell_template.dmgClass,
set,61145,PreventionType,sql:spell_template.preventionType,
set,61145,StanceBarOrder,sql:spell_template.stanceBarOrder,
set,61145,EffectChainAmplitude[0],sql:spell_template.dmgMultiplier1,
set,61145,EffectChainAmplitude[1],sql:spell_template.dmgMultiplier2,
set,61145,EffectChainAmplitude[2],sql:spell_template.dmgMultiplier3,
set,61145,MinFactionID,sql:spell_template.minFactionId,
set,61145,MinReputation,sql:spell_template.minReputation,
set,61145,RequiredAuraVision,sql:spell_template.requiredAuraVision,
set,61145,SpellClassMask[0],0,spellFamilyFlags low
set,61145,SpellClassMask[1],0,spellFamilyFlags high
insert,61146,,copy:23547,"#367 kit (core#188), CV-5"
set,61146,CastingTimeIndex,sql:spell_template.castingTimeIndex,
set,61146,RecoveryTime,sql:spell_template.recoveryTime,
set,61146,CategoryRecoveryTime,sql:spell_template.categoryRecoveryTime,
set,61146,ProcChance,sql:spell_template.procChance,
set,61146,ProcCharges,sql:spell_template.procCharges,
set,61146,DurationIndex,sql:spell_template.durationIndex,
set,61146,PowerType,sql:spell_template.powerType,
set,61146,ManaCost,sql:spell_template.manaCost,
set,61146,RangeIndex,sql:spell_template.rangeIndex,
set,61146,Speed,sql:spell_template.speed,
set,61146,CumulativeAura,sql:spell_template.stackAmount,
set,61146,SpellIconID,sql:spell_template.spellIconId,
set,61146,ManaCostPct,sql:spell_template.manaCostPercentage,
set,61146,StartRecoveryCategory,sql:spell_template.startRecoveryCategory,
set,61146,StartRecoveryTime,sql:spell_template.startRecoveryTime,
set,61146,Effect[0],sql:spell_template.effect1,
set,61146,EffectDieSides[0],sql:spell_template.effectDieSides1,
set,61146,EffectBaseDice[0],sql:spell_template.effectBaseDice1,
set,61146,EffectDicePerLevel[0],sql:spell_template.effectDicePerLevel1,
set,61146,EffectRealPointsPerLevel[0],sql:spell_template.effectRealPointsPerLevel1,
set,61146,EffectBasePoints[0],sql:spell_template.effectBasePoints1,
set,61146,EffectAura[0],sql:spell_template.effectApplyAuraName1,
set,61146,EffectRadiusIndex[0],sql:spell_template.effectRadiusIndex1,
set,61146,EffectChainTargets[0],sql:spell_template.effectChainTarget1,
set,61146,EffectMiscValue[0],sql:spell_template.effectMiscValue1,
set,61146,EffectTriggerSpell[0],sql:spell_template.effectTriggerSpell1,
set,61146,EffectPointsPerCombo[0],sql:spell_template.effectPointsPerComboPoint1,
set,61146,Effect[1],sql:spell_template.effect2,
set,61146,EffectDieSides[1],sql:spell_template.effectDieSides2,
set,61146,EffectBaseDice[1],sql:spell_template.effectBaseDice2,
set,61146,EffectDicePerLevel[1],sql:spell_template.effectDicePerLevel2,
set,61146,EffectRealPointsPerLevel[1],sql:spell_template.effectRealPointsPerLevel2,
set,61146,EffectBasePoints[1],sql:spell_template.effectBasePoints2,
set,61146,EffectAura[1],sql:spell_template.effectApplyAuraName2,
set,61146,EffectRadiusIndex[1],sql:spell_template.effectRadiusIndex2,
set,61146,EffectChainTargets[1],sql:spell_template.effectChainTarget2,
set,61146,EffectMiscValue[1],sql:spell_template.effectMiscValue2,
set,61146,EffectTriggerSpell[1],sql:spell_template.effectTriggerSpell2,
set,61146,EffectPointsPerCombo[1],sql:spell_template.effectPointsPerComboPoint2,
set,61146,Effect[2],sql:spell_template.effect3,
set,61146,EffectDieSides[2],sql:spell_template.effectDieSides3,
set,61146,EffectBaseDice[2],sql:spell_template.effectBaseDice3,
set,61146,EffectDicePerLevel[2],sql:spell_template.effectDicePerLevel3,
set,61146,EffectRealPointsPerLevel[2],sql:spell_template.effectRealPointsPerLevel3,
set,61146,EffectBasePoints[2],sql:spell_template.effectBasePoints3,
set,61146,EffectAura[2],sql:spell_template.effectApplyAuraName3,
set,61146,EffectRadiusIndex[2],sql:spell_template.effectRadiusIndex3,
set,61146,EffectChainTargets[2],sql:spell_template.effectChainTarget3,
set,61146,EffectMiscValue[2],sql:spell_template.effectMiscValue3,
set,61146,EffectTriggerSpell[2],sql:spell_template.effectTriggerSpell3,
set,61146,EffectPointsPerCombo[2],sql:spell_template.effectPointsPerComboPoint3,
set,61146,EffectAuraPeriod[0],sql:spell_template.effectAmplitude1,
set,61146,EffectAmplitude[0],sql:spell_template.effectMultipleValue1,
set,61146,ImplicitTargetA[0],sql:spell_template.effectImplicitTargetA1,
set,61146,ImplicitTargetB[0],sql:spell_template.effectImplicitTargetB1,
set,61146,EffectItemType[0],sql:spell_template.effectItemType1,
set,61146,EffectAuraPeriod[1],sql:spell_template.effectAmplitude2,
set,61146,EffectAmplitude[1],sql:spell_template.effectMultipleValue2,
set,61146,ImplicitTargetA[1],sql:spell_template.effectImplicitTargetA2,
set,61146,ImplicitTargetB[1],sql:spell_template.effectImplicitTargetB2,
set,61146,EffectItemType[1],sql:spell_template.effectItemType2,
set,61146,EffectAuraPeriod[2],sql:spell_template.effectAmplitude3,
set,61146,EffectAmplitude[2],sql:spell_template.effectMultipleValue3,
set,61146,ImplicitTargetA[2],sql:spell_template.effectImplicitTargetA3,
set,61146,ImplicitTargetB[2],sql:spell_template.effectImplicitTargetB3,
set,61146,EffectItemType[2],sql:spell_template.effectItemType3,
set,61146,School,sql:spell_template.school,
set,61146,Attributes,sql:spell_template.attributes,
set,61146,AttributesEx,sql:spell_template.attributesEx,
set,61146,AttributesExB,sql:spell_template.attributesEx2,
set,61146,AttributesExC,sql:spell_template.attributesEx3,
set,61146,AttributesExD,sql:spell_template.attributesEx4,
set,61146,Category,sql:spell_template.category,
set,61146,CastUI,sql:spell_template.castUI,
set,61146,DispelType,sql:spell_template.dispel,
set,61146,Mechanic,sql:spell_template.mechanic,
set,61146,ShapeshiftMask,sql:spell_template.stances,
set,61146,ShapeshiftExclude,sql:spell_template.stancesNot,
set,61146,Targets,sql:spell_template.targets,
set,61146,TargetCreatureType,sql:spell_template.targetCreatureType,
set,61146,RequiresSpellFocus,sql:spell_template.requiresSpellFocus,
set,61146,CasterAuraState,sql:spell_template.casterAuraState,
set,61146,TargetAuraState,sql:spell_template.targetAuraState,
set,61146,InterruptFlags,sql:spell_template.interruptFlags,
set,61146,AuraInterruptFlags,sql:spell_template.auraInterruptFlags,
set,61146,ChannelInterruptFlags,sql:spell_template.channelInterruptFlags,
set,61146,ProcFlags,sql:spell_template.procFlags,
set,61146,MaxLevel,sql:spell_template.maxLevel,
set,61146,BaseLevel,sql:spell_template.baseLevel,
set,61146,SpellLevel,sql:spell_template.spellLevel,
set,61146,ManaCostPerLevel,sql:spell_template.manCostPerLevel,
set,61146,ManaPerSecond,sql:spell_template.manaPerSecond,
set,61146,ManaPerSecondPerLevel,sql:spell_template.manaPerSecondPerLevel,
set,61146,ModalNextSpell,sql:spell_template.modelNextSpell,
set,61146,Totem[0],sql:spell_template.totem1,
set,61146,Totem[1],sql:spell_template.totem2,
set,61146,Reagent[0],sql:spell_template.reagent1,
set,61146,Reagent[1],sql:spell_template.reagent2,
set,61146,Reagent[2],sql:spell_template.reagent3,
set,61146,Reagent[3],sql:spell_template.reagent4,
set,61146,Reagent[4],sql:spell_template.reagent5,
set,61146,Reagent[5],sql:spell_template.reagent6,
set,61146,Reagent[6],sql:spell_template.reagent7,
set,61146,Reagent[7],sql:spell_template.reagent8,
set,61146,ReagentCount[0],sql:spell_template.reagentCount1,
set,61146,ReagentCount[1],sql:spell_template.reagentCount2,
set,61146,ReagentCount[2],sql:spell_template.reagentCount3,
set,61146,ReagentCount[3],sql:spell_template.reagentCount4,
set,61146,ReagentCount[4],sql:spell_template.reagentCount5,
set,61146,ReagentCount[5],sql:spell_template.reagentCount6,
set,61146,ReagentCount[6],sql:spell_template.reagentCount7,
set,61146,ReagentCount[7],sql:spell_template.reagentCount8,
set,61146,EquippedItemClass,sql:spell_template.equippedItemClass,
set,61146,EquippedItemSubclass,sql:spell_template.equippedItemSubClassMask,
set,61146,EquippedItemInvTypes,sql:spell_template.equippedItemInventoryTypeMask,
set,61146,EffectMechanic[0],sql:spell_template.effectMechanic1,
set,61146,EffectMechanic[1],sql:spell_template.effectMechanic2,
set,61146,EffectMechanic[2],sql:spell_template.effectMechanic3,
set,61146,SpellVisualID[0],sql:spell_template.spellVisual1,
set,61146,SpellVisualID[1],sql:spell_template.spellVisual2,
set,61146,ActiveIconID,sql:spell_template.activeIconId,
set,61146,SpellPriority,sql:spell_template.spellPriority,
set,61146,Name_lang_enUS,sql:spell_template.name,
set,61146,NameSubtext_lang_enUS,sql:spell_template.nameSubtext,
set,61146,Description_lang_enUS,sql:spell_template.description,
set,61146,AuraDescription_lang_enUS,sql:spell_template.auraDescription,
set,61146,MaxTargetLevel,sql:spell_template.maxTargetLevel,
set,61146,SpellClassSet,sql:spell_template.spellFamilyName,
set,61146,MaxTargets,sql:spell_template.maxAffectedTargets,
set,61146,DefenseType,sql:spell_template.dmgClass,
set,61146,PreventionType,sql:spell_template.preventionType,
set,61146,StanceBarOrder,sql:spell_template.stanceBarOrder,
set,61146,EffectChainAmplitude[0],sql:spell_template.dmgMultiplier1,
set,61146,EffectChainAmplitude[1],sql:spell_template.dmgMultiplier2,
set,61146,EffectChainAmplitude[2],sql:spell_template.dmgMultiplier3,
set,61146,MinFactionID,sql:spell_template.minFactionId,
set,61146,MinReputation,sql:spell_template.minReputation,
set,61146,RequiredAuraVision,sql:spell_template.requiredAuraVision,
set,61146,SpellClassMask[0],0,spellFamilyFlags low
set,61146,SpellClassMask[1],0,spellFamilyFlags high
insert,61147,,copy:23547,"#367 kit (core#188), CV-5"
set,61147,CastingTimeIndex,sql:spell_template.castingTimeIndex,
set,61147,RecoveryTime,sql:spell_template.recoveryTime,
set,61147,CategoryRecoveryTime,sql:spell_template.categoryRecoveryTime,
set,61147,ProcChance,sql:spell_template.procChance,
set,61147,ProcCharges,sql:spell_template.procCharges,
set,61147,DurationIndex,sql:spell_template.durationIndex,
set,61147,PowerType,sql:spell_template.powerType,
set,61147,ManaCost,sql:spell_template.manaCost,
set,61147,RangeIndex,sql:spell_template.rangeIndex,
set,61147,Speed,sql:spell_template.speed,
set,61147,CumulativeAura,sql:spell_template.stackAmount,
set,61147,SpellIconID,sql:spell_template.spellIconId,
set,61147,ManaCostPct,sql:spell_template.manaCostPercentage,
set,61147,StartRecoveryCategory,sql:spell_template.startRecoveryCategory,
set,61147,StartRecoveryTime,sql:spell_template.startRecoveryTime,
set,61147,Effect[0],sql:spell_template.effect1,
set,61147,EffectDieSides[0],sql:spell_template.effectDieSides1,
set,61147,EffectBaseDice[0],sql:spell_template.effectBaseDice1,
set,61147,EffectDicePerLevel[0],sql:spell_template.effectDicePerLevel1,
set,61147,EffectRealPointsPerLevel[0],sql:spell_template.effectRealPointsPerLevel1,
set,61147,EffectBasePoints[0],sql:spell_template.effectBasePoints1,
set,61147,EffectAura[0],sql:spell_template.effectApplyAuraName1,
set,61147,EffectRadiusIndex[0],sql:spell_template.effectRadiusIndex1,
set,61147,EffectChainTargets[0],sql:spell_template.effectChainTarget1,
set,61147,EffectMiscValue[0],sql:spell_template.effectMiscValue1,
set,61147,EffectTriggerSpell[0],sql:spell_template.effectTriggerSpell1,
set,61147,EffectPointsPerCombo[0],sql:spell_template.effectPointsPerComboPoint1,
set,61147,Effect[1],sql:spell_template.effect2,
set,61147,EffectDieSides[1],sql:spell_template.effectDieSides2,
set,61147,EffectBaseDice[1],sql:spell_template.effectBaseDice2,
set,61147,EffectDicePerLevel[1],sql:spell_template.effectDicePerLevel2,
set,61147,EffectRealPointsPerLevel[1],sql:spell_template.effectRealPointsPerLevel2,
set,61147,EffectBasePoints[1],sql:spell_template.effectBasePoints2,
set,61147,EffectAura[1],sql:spell_template.effectApplyAuraName2,
set,61147,EffectRadiusIndex[1],sql:spell_template.effectRadiusIndex2,
set,61147,EffectChainTargets[1],sql:spell_template.effectChainTarget2,
set,61147,EffectMiscValue[1],sql:spell_template.effectMiscValue2,
set,61147,EffectTriggerSpell[1],sql:spell_template.effectTriggerSpell2,
set,61147,EffectPointsPerCombo[1],sql:spell_template.effectPointsPerComboPoint2,
set,61147,Effect[2],sql:spell_template.effect3,
set,61147,EffectDieSides[2],sql:spell_template.effectDieSides3,
set,61147,EffectBaseDice[2],sql:spell_template.effectBaseDice3,
set,61147,EffectDicePerLevel[2],sql:spell_template.effectDicePerLevel3,
set,61147,EffectRealPointsPerLevel[2],sql:spell_template.effectRealPointsPerLevel3,
set,61147,EffectBasePoints[2],sql:spell_template.effectBasePoints3,
set,61147,EffectAura[2],sql:spell_template.effectApplyAuraName3,
set,61147,EffectRadiusIndex[2],sql:spell_template.effectRadiusIndex3,
set,61147,EffectChainTargets[2],sql:spell_template.effectChainTarget3,
set,61147,EffectMiscValue[2],sql:spell_template.effectMiscValue3,
set,61147,EffectTriggerSpell[2],sql:spell_template.effectTriggerSpell3,
set,61147,EffectPointsPerCombo[2],sql:spell_template.effectPointsPerComboPoint3,
set,61147,EffectAuraPeriod[0],sql:spell_template.effectAmplitude1,
set,61147,EffectAmplitude[0],sql:spell_template.effectMultipleValue1,
set,61147,ImplicitTargetA[0],sql:spell_template.effectImplicitTargetA1,
set,61147,ImplicitTargetB[0],sql:spell_template.effectImplicitTargetB1,
set,61147,EffectItemType[0],sql:spell_template.effectItemType1,
set,61147,EffectAuraPeriod[1],sql:spell_template.effectAmplitude2,
set,61147,EffectAmplitude[1],sql:spell_template.effectMultipleValue2,
set,61147,ImplicitTargetA[1],sql:spell_template.effectImplicitTargetA2,
set,61147,ImplicitTargetB[1],sql:spell_template.effectImplicitTargetB2,
set,61147,EffectItemType[1],sql:spell_template.effectItemType2,
set,61147,EffectAuraPeriod[2],sql:spell_template.effectAmplitude3,
set,61147,EffectAmplitude[2],sql:spell_template.effectMultipleValue3,
set,61147,ImplicitTargetA[2],sql:spell_template.effectImplicitTargetA3,
set,61147,ImplicitTargetB[2],sql:spell_template.effectImplicitTargetB3,
set,61147,EffectItemType[2],sql:spell_template.effectItemType3,
set,61147,School,sql:spell_template.school,
set,61147,Attributes,sql:spell_template.attributes,
set,61147,AttributesEx,sql:spell_template.attributesEx,
set,61147,AttributesExB,sql:spell_template.attributesEx2,
set,61147,AttributesExC,sql:spell_template.attributesEx3,
set,61147,AttributesExD,sql:spell_template.attributesEx4,
set,61147,Category,sql:spell_template.category,
set,61147,CastUI,sql:spell_template.castUI,
set,61147,DispelType,sql:spell_template.dispel,
set,61147,Mechanic,sql:spell_template.mechanic,
set,61147,ShapeshiftMask,sql:spell_template.stances,
set,61147,ShapeshiftExclude,sql:spell_template.stancesNot,
set,61147,Targets,sql:spell_template.targets,
set,61147,TargetCreatureType,sql:spell_template.targetCreatureType,
set,61147,RequiresSpellFocus,sql:spell_template.requiresSpellFocus,
set,61147,CasterAuraState,sql:spell_template.casterAuraState,
set,61147,TargetAuraState,sql:spell_template.targetAuraState,
set,61147,InterruptFlags,sql:spell_template.interruptFlags,
set,61147,AuraInterruptFlags,sql:spell_template.auraInterruptFlags,
set,61147,ChannelInterruptFlags,sql:spell_template.channelInterruptFlags,
set,61147,ProcFlags,sql:spell_template.procFlags,
set,61147,MaxLevel,sql:spell_template.maxLevel,
set,61147,BaseLevel,sql:spell_template.baseLevel,
set,61147,SpellLevel,sql:spell_template.spellLevel,
set,61147,ManaCostPerLevel,sql:spell_template.manCostPerLevel,
set,61147,ManaPerSecond,sql:spell_template.manaPerSecond,
set,61147,ManaPerSecondPerLevel,sql:spell_template.manaPerSecondPerLevel,
set,61147,ModalNextSpell,sql:spell_template.modelNextSpell,
set,61147,Totem[0],sql:spell_template.totem1,
set,61147,Totem[1],sql:spell_template.totem2,
set,61147,Reagent[0],sql:spell_template.reagent1,
set,61147,Reagent[1],sql:spell_template.reagent2,
set,61147,Reagent[2],sql:spell_template.reagent3,
set,61147,Reagent[3],sql:spell_template.reagent4,
set,61147,Reagent[4],sql:spell_template.reagent5,
set,61147,Reagent[5],sql:spell_template.reagent6,
set,61147,Reagent[6],sql:spell_template.reagent7,
set,61147,Reagent[7],sql:spell_template.reagent8,
set,61147,ReagentCount[0],sql:spell_template.reagentCount1,
set,61147,ReagentCount[1],sql:spell_template.reagentCount2,
set,61147,ReagentCount[2],sql:spell_template.reagentCount3,
set,61147,ReagentCount[3],sql:spell_template.reagentCount4,
set,61147,ReagentCount[4],sql:spell_template.reagentCount5,
set,61147,ReagentCount[5],sql:spell_template.reagentCount6,
set,61147,ReagentCount[6],sql:spell_template.reagentCount7,
set,61147,ReagentCount[7],sql:spell_template.reagentCount8,
set,61147,EquippedItemClass,sql:spell_template.equippedItemClass,
set,61147,EquippedItemSubclass,sql:spell_template.equippedItemSubClassMask,
set,61147,EquippedItemInvTypes,sql:spell_template.equippedItemInventoryTypeMask,
set,61147,EffectMechanic[0],sql:spell_template.effectMechanic1,
set,61147,EffectMechanic[1],sql:spell_template.effectMechanic2,
set,61147,EffectMechanic[2],sql:spell_template.effectMechanic3,
set,61147,SpellVisualID[0],sql:spell_template.spellVisual1,
set,61147,SpellVisualID[1],sql:spell_template.spellVisual2,
set,61147,ActiveIconID,sql:spell_template.activeIconId,
set,61147,SpellPriority,sql:spell_template.spellPriority,
set,61147,Name_lang_enUS,sql:spell_template.name,
set,61147,NameSubtext_lang_enUS,sql:spell_template.nameSubtext,
set,61147,Description_lang_enUS,sql:spell_template.description,
set,61147,AuraDescription_lang_enUS,sql:spell_template.auraDescription,
set,61147,MaxTargetLevel,sql:spell_template.maxTargetLevel,
set,61147,SpellClassSet,sql:spell_template.spellFamilyName,
set,61147,MaxTargets,sql:spell_template.maxAffectedTargets,
set,61147,DefenseType,sql:spell_template.dmgClass,
set,61147,PreventionType,sql:spell_template.preventionType,
set,61147,StanceBarOrder,sql:spell_template.stanceBarOrder,
set,61147,EffectChainAmplitude[0],sql:spell_template.dmgMultiplier1,
set,61147,EffectChainAmplitude[1],sql:spell_template.dmgMultiplier2,
set,61147,EffectChainAmplitude[2],sql:spell_template.dmgMultiplier3,
set,61147,MinFactionID,sql:spell_template.minFactionId,
set,61147,MinReputation,sql:spell_template.minReputation,
set,61147,RequiredAuraVision,sql:spell_template.requiredAuraVision,
set,61147,SpellClassMask[0],0,spellFamilyFlags low
set,61147,SpellClassMask[1],0,spellFamilyFlags high
insert,61151,,copy:12297,#367 talent rank (core#194)
set,61151,CastingTimeIndex,sql:spell_template.castingTimeIndex,
set,61151,RecoveryTime,sql:spell_template.recoveryTime,
set,61151,CategoryRecoveryTime,sql:spell_template.categoryRecoveryTime,
set,61151,ProcChance,sql:spell_template.procChance,
set,61151,ProcCharges,sql:spell_template.procCharges,
set,61151,DurationIndex,sql:spell_template.durationIndex,
set,61151,PowerType,sql:spell_template.powerType,
set,61151,ManaCost,sql:spell_template.manaCost,
set,61151,RangeIndex,sql:spell_template.rangeIndex,
set,61151,Speed,sql:spell_template.speed,
set,61151,CumulativeAura,sql:spell_template.stackAmount,
set,61151,SpellIconID,sql:spell_template.spellIconId,
set,61151,ManaCostPct,sql:spell_template.manaCostPercentage,
set,61151,StartRecoveryCategory,sql:spell_template.startRecoveryCategory,
set,61151,StartRecoveryTime,sql:spell_template.startRecoveryTime,
set,61151,Effect[0],sql:spell_template.effect1,
set,61151,EffectDieSides[0],sql:spell_template.effectDieSides1,
set,61151,EffectBaseDice[0],sql:spell_template.effectBaseDice1,
set,61151,EffectDicePerLevel[0],sql:spell_template.effectDicePerLevel1,
set,61151,EffectRealPointsPerLevel[0],sql:spell_template.effectRealPointsPerLevel1,
set,61151,EffectBasePoints[0],sql:spell_template.effectBasePoints1,
set,61151,EffectAura[0],sql:spell_template.effectApplyAuraName1,
set,61151,EffectRadiusIndex[0],sql:spell_template.effectRadiusIndex1,
set,61151,EffectChainTargets[0],sql:spell_template.effectChainTarget1,
set,61151,EffectMiscValue[0],sql:spell_template.effectMiscValue1,
set,61151,EffectTriggerSpell[0],sql:spell_template.effectTriggerSpell1,
set,61151,EffectPointsPerCombo[0],sql:spell_template.effectPointsPerComboPoint1,
set,61151,Effect[1],sql:spell_template.effect2,
set,61151,EffectDieSides[1],sql:spell_template.effectDieSides2,
set,61151,EffectBaseDice[1],sql:spell_template.effectBaseDice2,
set,61151,EffectDicePerLevel[1],sql:spell_template.effectDicePerLevel2,
set,61151,EffectRealPointsPerLevel[1],sql:spell_template.effectRealPointsPerLevel2,
set,61151,EffectBasePoints[1],sql:spell_template.effectBasePoints2,
set,61151,EffectAura[1],sql:spell_template.effectApplyAuraName2,
set,61151,EffectRadiusIndex[1],sql:spell_template.effectRadiusIndex2,
set,61151,EffectChainTargets[1],sql:spell_template.effectChainTarget2,
set,61151,EffectMiscValue[1],sql:spell_template.effectMiscValue2,
set,61151,EffectTriggerSpell[1],sql:spell_template.effectTriggerSpell2,
set,61151,EffectPointsPerCombo[1],sql:spell_template.effectPointsPerComboPoint2,
set,61151,Effect[2],sql:spell_template.effect3,
set,61151,EffectDieSides[2],sql:spell_template.effectDieSides3,
set,61151,EffectBaseDice[2],sql:spell_template.effectBaseDice3,
set,61151,EffectDicePerLevel[2],sql:spell_template.effectDicePerLevel3,
set,61151,EffectRealPointsPerLevel[2],sql:spell_template.effectRealPointsPerLevel3,
set,61151,EffectBasePoints[2],sql:spell_template.effectBasePoints3,
set,61151,EffectAura[2],sql:spell_template.effectApplyAuraName3,
set,61151,EffectRadiusIndex[2],sql:spell_template.effectRadiusIndex3,
set,61151,EffectChainTargets[2],sql:spell_template.effectChainTarget3,
set,61151,EffectMiscValue[2],sql:spell_template.effectMiscValue3,
set,61151,EffectTriggerSpell[2],sql:spell_template.effectTriggerSpell3,
set,61151,EffectPointsPerCombo[2],sql:spell_template.effectPointsPerComboPoint3,
set,61151,EffectAuraPeriod[0],sql:spell_template.effectAmplitude1,
set,61151,EffectAmplitude[0],sql:spell_template.effectMultipleValue1,
set,61151,ImplicitTargetA[0],sql:spell_template.effectImplicitTargetA1,
set,61151,ImplicitTargetB[0],sql:spell_template.effectImplicitTargetB1,
set,61151,EffectItemType[0],sql:spell_template.effectItemType1,
set,61151,EffectAuraPeriod[1],sql:spell_template.effectAmplitude2,
set,61151,EffectAmplitude[1],sql:spell_template.effectMultipleValue2,
set,61151,ImplicitTargetA[1],sql:spell_template.effectImplicitTargetA2,
set,61151,ImplicitTargetB[1],sql:spell_template.effectImplicitTargetB2,
set,61151,EffectItemType[1],sql:spell_template.effectItemType2,
set,61151,EffectAuraPeriod[2],sql:spell_template.effectAmplitude3,
set,61151,EffectAmplitude[2],sql:spell_template.effectMultipleValue3,
set,61151,ImplicitTargetA[2],sql:spell_template.effectImplicitTargetA3,
set,61151,ImplicitTargetB[2],sql:spell_template.effectImplicitTargetB3,
set,61151,EffectItemType[2],sql:spell_template.effectItemType3,
set,61151,School,sql:spell_template.school,
set,61151,Attributes,sql:spell_template.attributes,
set,61151,AttributesEx,sql:spell_template.attributesEx,
set,61151,AttributesExB,sql:spell_template.attributesEx2,
set,61151,AttributesExC,sql:spell_template.attributesEx3,
set,61151,AttributesExD,sql:spell_template.attributesEx4,
set,61151,Category,sql:spell_template.category,
set,61151,CastUI,sql:spell_template.castUI,
set,61151,DispelType,sql:spell_template.dispel,
set,61151,Mechanic,sql:spell_template.mechanic,
set,61151,ShapeshiftMask,sql:spell_template.stances,
set,61151,ShapeshiftExclude,sql:spell_template.stancesNot,
set,61151,Targets,sql:spell_template.targets,
set,61151,TargetCreatureType,sql:spell_template.targetCreatureType,
set,61151,RequiresSpellFocus,sql:spell_template.requiresSpellFocus,
set,61151,CasterAuraState,sql:spell_template.casterAuraState,
set,61151,TargetAuraState,sql:spell_template.targetAuraState,
set,61151,InterruptFlags,sql:spell_template.interruptFlags,
set,61151,AuraInterruptFlags,sql:spell_template.auraInterruptFlags,
set,61151,ChannelInterruptFlags,sql:spell_template.channelInterruptFlags,
set,61151,ProcFlags,sql:spell_template.procFlags,
set,61151,MaxLevel,sql:spell_template.maxLevel,
set,61151,BaseLevel,sql:spell_template.baseLevel,
set,61151,SpellLevel,sql:spell_template.spellLevel,
set,61151,ManaCostPerLevel,sql:spell_template.manCostPerLevel,
set,61151,ManaPerSecond,sql:spell_template.manaPerSecond,
set,61151,ManaPerSecondPerLevel,sql:spell_template.manaPerSecondPerLevel,
set,61151,ModalNextSpell,sql:spell_template.modelNextSpell,
set,61151,Totem[0],sql:spell_template.totem1,
set,61151,Totem[1],sql:spell_template.totem2,
set,61151,Reagent[0],sql:spell_template.reagent1,
set,61151,Reagent[1],sql:spell_template.reagent2,
set,61151,Reagent[2],sql:spell_template.reagent3,
set,61151,Reagent[3],sql:spell_template.reagent4,
set,61151,Reagent[4],sql:spell_template.reagent5,
set,61151,Reagent[5],sql:spell_template.reagent6,
set,61151,Reagent[6],sql:spell_template.reagent7,
set,61151,Reagent[7],sql:spell_template.reagent8,
set,61151,ReagentCount[0],sql:spell_template.reagentCount1,
set,61151,ReagentCount[1],sql:spell_template.reagentCount2,
set,61151,ReagentCount[2],sql:spell_template.reagentCount3,
set,61151,ReagentCount[3],sql:spell_template.reagentCount4,
set,61151,ReagentCount[4],sql:spell_template.reagentCount5,
set,61151,ReagentCount[5],sql:spell_template.reagentCount6,
set,61151,ReagentCount[6],sql:spell_template.reagentCount7,
set,61151,ReagentCount[7],sql:spell_template.reagentCount8,
set,61151,EquippedItemClass,sql:spell_template.equippedItemClass,
set,61151,EquippedItemSubclass,sql:spell_template.equippedItemSubClassMask,
set,61151,EquippedItemInvTypes,sql:spell_template.equippedItemInventoryTypeMask,
set,61151,EffectMechanic[0],sql:spell_template.effectMechanic1,
set,61151,EffectMechanic[1],sql:spell_template.effectMechanic2,
set,61151,EffectMechanic[2],sql:spell_template.effectMechanic3,
set,61151,SpellVisualID[0],sql:spell_template.spellVisual1,
set,61151,SpellVisualID[1],sql:spell_template.spellVisual2,
set,61151,ActiveIconID,sql:spell_template.activeIconId,
set,61151,SpellPriority,sql:spell_template.spellPriority,
set,61151,Name_lang_enUS,sql:spell_template.name,
set,61151,NameSubtext_lang_enUS,sql:spell_template.nameSubtext,
set,61151,Description_lang_enUS,sql:spell_template.description,
set,61151,AuraDescription_lang_enUS,sql:spell_template.auraDescription,
set,61151,MaxTargetLevel,sql:spell_template.maxTargetLevel,
set,61151,SpellClassSet,sql:spell_template.spellFamilyName,
set,61151,MaxTargets,sql:spell_template.maxAffectedTargets,
set,61151,DefenseType,sql:spell_template.dmgClass,
set,61151,PreventionType,sql:spell_template.preventionType,
set,61151,StanceBarOrder,sql:spell_template.stanceBarOrder,
set,61151,EffectChainAmplitude[0],sql:spell_template.dmgMultiplier1,
set,61151,EffectChainAmplitude[1],sql:spell_template.dmgMultiplier2,
set,61151,EffectChainAmplitude[2],sql:spell_template.dmgMultiplier3,
set,61151,MinFactionID,sql:spell_template.minFactionId,
set,61151,MinReputation,sql:spell_template.minReputation,
set,61151,RequiredAuraVision,sql:spell_template.requiredAuraVision,
set,61151,SpellClassMask[0],0,spellFamilyFlags low
set,61151,SpellClassMask[1],0,spellFamilyFlags high
insert,61152,,copy:12297,#367 talent rank (core#194)
set,61152,CastingTimeIndex,sql:spell_template.castingTimeIndex,
set,61152,RecoveryTime,sql:spell_template.recoveryTime,
set,61152,CategoryRecoveryTime,sql:spell_template.categoryRecoveryTime,
set,61152,ProcChance,sql:spell_template.procChance,
set,61152,ProcCharges,sql:spell_template.procCharges,
set,61152,DurationIndex,sql:spell_template.durationIndex,
set,61152,PowerType,sql:spell_template.powerType,
set,61152,ManaCost,sql:spell_template.manaCost,
set,61152,RangeIndex,sql:spell_template.rangeIndex,
set,61152,Speed,sql:spell_template.speed,
set,61152,CumulativeAura,sql:spell_template.stackAmount,
set,61152,SpellIconID,sql:spell_template.spellIconId,
set,61152,ManaCostPct,sql:spell_template.manaCostPercentage,
set,61152,StartRecoveryCategory,sql:spell_template.startRecoveryCategory,
set,61152,StartRecoveryTime,sql:spell_template.startRecoveryTime,
set,61152,Effect[0],sql:spell_template.effect1,
set,61152,EffectDieSides[0],sql:spell_template.effectDieSides1,
set,61152,EffectBaseDice[0],sql:spell_template.effectBaseDice1,
set,61152,EffectDicePerLevel[0],sql:spell_template.effectDicePerLevel1,
set,61152,EffectRealPointsPerLevel[0],sql:spell_template.effectRealPointsPerLevel1,
set,61152,EffectBasePoints[0],sql:spell_template.effectBasePoints1,
set,61152,EffectAura[0],sql:spell_template.effectApplyAuraName1,
set,61152,EffectRadiusIndex[0],sql:spell_template.effectRadiusIndex1,
set,61152,EffectChainTargets[0],sql:spell_template.effectChainTarget1,
set,61152,EffectMiscValue[0],sql:spell_template.effectMiscValue1,
set,61152,EffectTriggerSpell[0],sql:spell_template.effectTriggerSpell1,
set,61152,EffectPointsPerCombo[0],sql:spell_template.effectPointsPerComboPoint1,
set,61152,Effect[1],sql:spell_template.effect2,
set,61152,EffectDieSides[1],sql:spell_template.effectDieSides2,
set,61152,EffectBaseDice[1],sql:spell_template.effectBaseDice2,
set,61152,EffectDicePerLevel[1],sql:spell_template.effectDicePerLevel2,
set,61152,EffectRealPointsPerLevel[1],sql:spell_template.effectRealPointsPerLevel2,
set,61152,EffectBasePoints[1],sql:spell_template.effectBasePoints2,
set,61152,EffectAura[1],sql:spell_template.effectApplyAuraName2,
set,61152,EffectRadiusIndex[1],sql:spell_template.effectRadiusIndex2,
set,61152,EffectChainTargets[1],sql:spell_template.effectChainTarget2,
set,61152,EffectMiscValue[1],sql:spell_template.effectMiscValue2,
set,61152,EffectTriggerSpell[1],sql:spell_template.effectTriggerSpell2,
set,61152,EffectPointsPerCombo[1],sql:spell_template.effectPointsPerComboPoint2,
set,61152,Effect[2],sql:spell_template.effect3,
set,61152,EffectDieSides[2],sql:spell_template.effectDieSides3,
set,61152,EffectBaseDice[2],sql:spell_template.effectBaseDice3,
set,61152,EffectDicePerLevel[2],sql:spell_template.effectDicePerLevel3,
set,61152,EffectRealPointsPerLevel[2],sql:spell_template.effectRealPointsPerLevel3,
set,61152,EffectBasePoints[2],sql:spell_template.effectBasePoints3,
set,61152,EffectAura[2],sql:spell_template.effectApplyAuraName3,
set,61152,EffectRadiusIndex[2],sql:spell_template.effectRadiusIndex3,
set,61152,EffectChainTargets[2],sql:spell_template.effectChainTarget3,
set,61152,EffectMiscValue[2],sql:spell_template.effectMiscValue3,
set,61152,EffectTriggerSpell[2],sql:spell_template.effectTriggerSpell3,
set,61152,EffectPointsPerCombo[2],sql:spell_template.effectPointsPerComboPoint3,
set,61152,EffectAuraPeriod[0],sql:spell_template.effectAmplitude1,
set,61152,EffectAmplitude[0],sql:spell_template.effectMultipleValue1,
set,61152,ImplicitTargetA[0],sql:spell_template.effectImplicitTargetA1,
set,61152,ImplicitTargetB[0],sql:spell_template.effectImplicitTargetB1,
set,61152,EffectItemType[0],sql:spell_template.effectItemType1,
set,61152,EffectAuraPeriod[1],sql:spell_template.effectAmplitude2,
set,61152,EffectAmplitude[1],sql:spell_template.effectMultipleValue2,
set,61152,ImplicitTargetA[1],sql:spell_template.effectImplicitTargetA2,
set,61152,ImplicitTargetB[1],sql:spell_template.effectImplicitTargetB2,
set,61152,EffectItemType[1],sql:spell_template.effectItemType2,
set,61152,EffectAuraPeriod[2],sql:spell_template.effectAmplitude3,
set,61152,EffectAmplitude[2],sql:spell_template.effectMultipleValue3,
set,61152,ImplicitTargetA[2],sql:spell_template.effectImplicitTargetA3,
set,61152,ImplicitTargetB[2],sql:spell_template.effectImplicitTargetB3,
set,61152,EffectItemType[2],sql:spell_template.effectItemType3,
set,61152,School,sql:spell_template.school,
set,61152,Attributes,sql:spell_template.attributes,
set,61152,AttributesEx,sql:spell_template.attributesEx,
set,61152,AttributesExB,sql:spell_template.attributesEx2,
set,61152,AttributesExC,sql:spell_template.attributesEx3,
set,61152,AttributesExD,sql:spell_template.attributesEx4,
set,61152,Category,sql:spell_template.category,
set,61152,CastUI,sql:spell_template.castUI,
set,61152,DispelType,sql:spell_template.dispel,
set,61152,Mechanic,sql:spell_template.mechanic,
set,61152,ShapeshiftMask,sql:spell_template.stances,
set,61152,ShapeshiftExclude,sql:spell_template.stancesNot,
set,61152,Targets,sql:spell_template.targets,
set,61152,TargetCreatureType,sql:spell_template.targetCreatureType,
set,61152,RequiresSpellFocus,sql:spell_template.requiresSpellFocus,
set,61152,CasterAuraState,sql:spell_template.casterAuraState,
set,61152,TargetAuraState,sql:spell_template.targetAuraState,
set,61152,InterruptFlags,sql:spell_template.interruptFlags,
set,61152,AuraInterruptFlags,sql:spell_template.auraInterruptFlags,
set,61152,ChannelInterruptFlags,sql:spell_template.channelInterruptFlags,
set,61152,ProcFlags,sql:spell_template.procFlags,
set,61152,MaxLevel,sql:spell_template.maxLevel,
set,61152,BaseLevel,sql:spell_template.baseLevel,
set,61152,SpellLevel,sql:spell_template.spellLevel,
set,61152,ManaCostPerLevel,sql:spell_template.manCostPerLevel,
set,61152,ManaPerSecond,sql:spell_template.manaPerSecond,
set,61152,ManaPerSecondPerLevel,sql:spell_template.manaPerSecondPerLevel,
set,61152,ModalNextSpell,sql:spell_template.modelNextSpell,
set,61152,Totem[0],sql:spell_template.totem1,
set,61152,Totem[1],sql:spell_template.totem2,
set,61152,Reagent[0],sql:spell_template.reagent1,
set,61152,Reagent[1],sql:spell_template.reagent2,
set,61152,Reagent[2],sql:spell_template.reagent3,
set,61152,Reagent[3],sql:spell_template.reagent4,
set,61152,Reagent[4],sql:spell_template.reagent5,
set,61152,Reagent[5],sql:spell_template.reagent6,
set,61152,Reagent[6],sql:spell_template.reagent7,
set,61152,Reagent[7],sql:spell_template.reagent8,
set,61152,ReagentCount[0],sql:spell_template.reagentCount1,
set,61152,ReagentCount[1],sql:spell_template.reagentCount2,
set,61152,ReagentCount[2],sql:spell_template.reagentCount3,
set,61152,ReagentCount[3],sql:spell_template.reagentCount4,
set,61152,ReagentCount[4],sql:spell_template.reagentCount5,
set,61152,ReagentCount[5],sql:spell_template.reagentCount6,
set,61152,ReagentCount[6],sql:spell_template.reagentCount7,
set,61152,ReagentCount[7],sql:spell_template.reagentCount8,
set,61152,EquippedItemClass,sql:spell_template.equippedItemClass,
set,61152,EquippedItemSubclass,sql:spell_template.equippedItemSubClassMask,
set,61152,EquippedItemInvTypes,sql:spell_template.equippedItemInventoryTypeMask,
set,61152,EffectMechanic[0],sql:spell_template.effectMechanic1,
set,61152,EffectMechanic[1],sql:spell_template.effectMechanic2,
set,61152,EffectMechanic[2],sql:spell_template.effectMechanic3,
set,61152,SpellVisualID[0],sql:spell_template.spellVisual1,
set,61152,SpellVisualID[1],sql:spell_template.spellVisual2,
set,61152,ActiveIconID,sql:spell_template.activeIconId,
set,61152,SpellPriority,sql:spell_template.spellPriority,
set,61152,Name_lang_enUS,sql:spell_template.name,
set,61152,NameSubtext_lang_enUS,sql:spell_template.nameSubtext,
set,61152,Description_lang_enUS,sql:spell_template.description,
set,61152,AuraDescription_lang_enUS,sql:spell_template.auraDescription,
set,61152,MaxTargetLevel,sql:spell_template.maxTargetLevel,
set,61152,SpellClassSet,sql:spell_template.spellFamilyName,
set,61152,MaxTargets,sql:spell_template.maxAffectedTargets,
set,61152,DefenseType,sql:spell_template.dmgClass,
set,61152,PreventionType,sql:spell_template.preventionType,
set,61152,StanceBarOrder,sql:spell_template.stanceBarOrder,
set,61152,EffectChainAmplitude[0],sql:spell_template.dmgMultiplier1,
set,61152,EffectChainAmplitude[1],sql:spell_template.dmgMultiplier2,
set,61152,EffectChainAmplitude[2],sql:spell_template.dmgMultiplier3,
set,61152,MinFactionID,sql:spell_template.minFactionId,
set,61152,MinReputation,sql:spell_template.minReputation,
set,61152,RequiredAuraVision,sql:spell_template.requiredAuraVision,
set,61152,SpellClassMask[0],0,spellFamilyFlags low
set,61152,SpellClassMask[1],0,spellFamilyFlags high
insert,61153,,copy:12297,#367 talent rank (core#194)
set,61153,CastingTimeIndex,sql:spell_template.castingTimeIndex,
set,61153,RecoveryTime,sql:spell_template.recoveryTime,
set,61153,CategoryRecoveryTime,sql:spell_template.categoryRecoveryTime,
set,61153,ProcChance,sql:spell_template.procChance,
set,61153,ProcCharges,sql:spell_template.procCharges,
set,61153,DurationIndex,sql:spell_template.durationIndex,
set,61153,PowerType,sql:spell_template.powerType,
set,61153,ManaCost,sql:spell_template.manaCost,
set,61153,RangeIndex,sql:spell_template.rangeIndex,
set,61153,Speed,sql:spell_template.speed,
set,61153,CumulativeAura,sql:spell_template.stackAmount,
set,61153,SpellIconID,sql:spell_template.spellIconId,
set,61153,ManaCostPct,sql:spell_template.manaCostPercentage,
set,61153,StartRecoveryCategory,sql:spell_template.startRecoveryCategory,
set,61153,StartRecoveryTime,sql:spell_template.startRecoveryTime,
set,61153,Effect[0],sql:spell_template.effect1,
set,61153,EffectDieSides[0],sql:spell_template.effectDieSides1,
set,61153,EffectBaseDice[0],sql:spell_template.effectBaseDice1,
set,61153,EffectDicePerLevel[0],sql:spell_template.effectDicePerLevel1,
set,61153,EffectRealPointsPerLevel[0],sql:spell_template.effectRealPointsPerLevel1,
set,61153,EffectBasePoints[0],sql:spell_template.effectBasePoints1,
set,61153,EffectAura[0],sql:spell_template.effectApplyAuraName1,
set,61153,EffectRadiusIndex[0],sql:spell_template.effectRadiusIndex1,
set,61153,EffectChainTargets[0],sql:spell_template.effectChainTarget1,
set,61153,EffectMiscValue[0],sql:spell_template.effectMiscValue1,
set,61153,EffectTriggerSpell[0],sql:spell_template.effectTriggerSpell1,
set,61153,EffectPointsPerCombo[0],sql:spell_template.effectPointsPerComboPoint1,
set,61153,Effect[1],sql:spell_template.effect2,
set,61153,EffectDieSides[1],sql:spell_template.effectDieSides2,
set,61153,EffectBaseDice[1],sql:spell_template.effectBaseDice2,
set,61153,EffectDicePerLevel[1],sql:spell_template.effectDicePerLevel2,
set,61153,EffectRealPointsPerLevel[1],sql:spell_template.effectRealPointsPerLevel2,
set,61153,EffectBasePoints[1],sql:spell_template.effectBasePoints2,
set,61153,EffectAura[1],sql:spell_template.effectApplyAuraName2,
set,61153,EffectRadiusIndex[1],sql:spell_template.effectRadiusIndex2,
set,61153,EffectChainTargets[1],sql:spell_template.effectChainTarget2,
set,61153,EffectMiscValue[1],sql:spell_template.effectMiscValue2,
set,61153,EffectTriggerSpell[1],sql:spell_template.effectTriggerSpell2,
set,61153,EffectPointsPerCombo[1],sql:spell_template.effectPointsPerComboPoint2,
set,61153,Effect[2],sql:spell_template.effect3,
set,61153,EffectDieSides[2],sql:spell_template.effectDieSides3,
set,61153,EffectBaseDice[2],sql:spell_template.effectBaseDice3,
set,61153,EffectDicePerLevel[2],sql:spell_template.effectDicePerLevel3,
set,61153,EffectRealPointsPerLevel[2],sql:spell_template.effectRealPointsPerLevel3,
set,61153,EffectBasePoints[2],sql:spell_template.effectBasePoints3,
set,61153,EffectAura[2],sql:spell_template.effectApplyAuraName3,
set,61153,EffectRadiusIndex[2],sql:spell_template.effectRadiusIndex3,
set,61153,EffectChainTargets[2],sql:spell_template.effectChainTarget3,
set,61153,EffectMiscValue[2],sql:spell_template.effectMiscValue3,
set,61153,EffectTriggerSpell[2],sql:spell_template.effectTriggerSpell3,
set,61153,EffectPointsPerCombo[2],sql:spell_template.effectPointsPerComboPoint3,
set,61153,EffectAuraPeriod[0],sql:spell_template.effectAmplitude1,
set,61153,EffectAmplitude[0],sql:spell_template.effectMultipleValue1,
set,61153,ImplicitTargetA[0],sql:spell_template.effectImplicitTargetA1,
set,61153,ImplicitTargetB[0],sql:spell_template.effectImplicitTargetB1,
set,61153,EffectItemType[0],sql:spell_template.effectItemType1,
set,61153,EffectAuraPeriod[1],sql:spell_template.effectAmplitude2,
set,61153,EffectAmplitude[1],sql:spell_template.effectMultipleValue2,
set,61153,ImplicitTargetA[1],sql:spell_template.effectImplicitTargetA2,
set,61153,ImplicitTargetB[1],sql:spell_template.effectImplicitTargetB2,
set,61153,EffectItemType[1],sql:spell_template.effectItemType2,
set,61153,EffectAuraPeriod[2],sql:spell_template.effectAmplitude3,
set,61153,EffectAmplitude[2],sql:spell_template.effectMultipleValue3,
set,61153,ImplicitTargetA[2],sql:spell_template.effectImplicitTargetA3,
set,61153,ImplicitTargetB[2],sql:spell_template.effectImplicitTargetB3,
set,61153,EffectItemType[2],sql:spell_template.effectItemType3,
set,61153,School,sql:spell_template.school,
set,61153,Attributes,sql:spell_template.attributes,
set,61153,AttributesEx,sql:spell_template.attributesEx,
set,61153,AttributesExB,sql:spell_template.attributesEx2,
set,61153,AttributesExC,sql:spell_template.attributesEx3,
set,61153,AttributesExD,sql:spell_template.attributesEx4,
set,61153,Category,sql:spell_template.category,
set,61153,CastUI,sql:spell_template.castUI,
set,61153,DispelType,sql:spell_template.dispel,
set,61153,Mechanic,sql:spell_template.mechanic,
set,61153,ShapeshiftMask,sql:spell_template.stances,
set,61153,ShapeshiftExclude,sql:spell_template.stancesNot,
set,61153,Targets,sql:spell_template.targets,
set,61153,TargetCreatureType,sql:spell_template.targetCreatureType,
set,61153,RequiresSpellFocus,sql:spell_template.requiresSpellFocus,
set,61153,CasterAuraState,sql:spell_template.casterAuraState,
set,61153,TargetAuraState,sql:spell_template.targetAuraState,
set,61153,InterruptFlags,sql:spell_template.interruptFlags,
set,61153,AuraInterruptFlags,sql:spell_template.auraInterruptFlags,
set,61153,ChannelInterruptFlags,sql:spell_template.channelInterruptFlags,
set,61153,ProcFlags,sql:spell_template.procFlags,
set,61153,MaxLevel,sql:spell_template.maxLevel,
set,61153,BaseLevel,sql:spell_template.baseLevel,
set,61153,SpellLevel,sql:spell_template.spellLevel,
set,61153,ManaCostPerLevel,sql:spell_template.manCostPerLevel,
set,61153,ManaPerSecond,sql:spell_template.manaPerSecond,
set,61153,ManaPerSecondPerLevel,sql:spell_template.manaPerSecondPerLevel,
set,61153,ModalNextSpell,sql:spell_template.modelNextSpell,
set,61153,Totem[0],sql:spell_template.totem1,
set,61153,Totem[1],sql:spell_template.totem2,
set,61153,Reagent[0],sql:spell_template.reagent1,
set,61153,Reagent[1],sql:spell_template.reagent2,
set,61153,Reagent[2],sql:spell_template.reagent3,
set,61153,Reagent[3],sql:spell_template.reagent4,
set,61153,Reagent[4],sql:spell_template.reagent5,
set,61153,Reagent[5],sql:spell_template.reagent6,
set,61153,Reagent[6],sql:spell_template.reagent7,
set,61153,Reagent[7],sql:spell_template.reagent8,
set,61153,ReagentCount[0],sql:spell_template.reagentCount1,
set,61153,ReagentCount[1],sql:spell_template.reagentCount2,
set,61153,ReagentCount[2],sql:spell_template.reagentCount3,
set,61153,ReagentCount[3],sql:spell_template.reagentCount4,
set,61153,ReagentCount[4],sql:spell_template.reagentCount5,
set,61153,ReagentCount[5],sql:spell_template.reagentCount6,
set,61153,ReagentCount[6],sql:spell_template.reagentCount7,
set,61153,ReagentCount[7],sql:spell_template.reagentCount8,
set,61153,EquippedItemClass,sql:spell_template.equippedItemClass,
set,61153,EquippedItemSubclass,sql:spell_template.equippedItemSubClassMask,
set,61153,EquippedItemInvTypes,sql:spell_template.equippedItemInventoryTypeMask,
set,61153,EffectMechanic[0],sql:spell_template.effectMechanic1,
set,61153,EffectMechanic[1],sql:spell_template.effectMechanic2,
set,61153,EffectMechanic[2],sql:spell_template.effectMechanic3,
set,61153,SpellVisualID[0],sql:spell_template.spellVisual1,
set,61153,SpellVisualID[1],sql:spell_template.spellVisual2,
set,61153,ActiveIconID,sql:spell_template.activeIconId,
set,61153,SpellPriority,sql:spell_template.spellPriority,
set,61153,Name_lang_enUS,sql:spell_template.name,
set,61153,NameSubtext_lang_enUS,sql:spell_template.nameSubtext,
set,61153,Description_lang_enUS,sql:spell_template.description,
set,61153,AuraDescription_lang_enUS,sql:spell_template.auraDescription,
set,61153,MaxTargetLevel,sql:spell_template.maxTargetLevel,
set,61153,SpellClassSet,sql:spell_template.spellFamilyName,
set,61153,MaxTargets,sql:spell_template.maxAffectedTargets,
set,61153,DefenseType,sql:spell_template.dmgClass,
set,61153,PreventionType,sql:spell_template.preventionType,
set,61153,StanceBarOrder,sql:spell_template.stanceBarOrder,
set,61153,EffectChainAmplitude[0],sql:spell_template.dmgMultiplier1,
set,61153,EffectChainAmplitude[1],sql:spell_template.dmgMultiplier2,
set,61153,EffectChainAmplitude[2],sql:spell_template.dmgMultiplier3,
set,61153,MinFactionID,sql:spell_template.minFactionId,
set,61153,MinReputation,sql:spell_template.minReputation,
set,61153,RequiredAuraVision,sql:spell_template.requiredAuraVision,
set,61153,SpellClassMask[0],0,spellFamilyFlags low
set,61153,SpellClassMask[1],0,spellFamilyFlags high
insert,61154,,copy:12297,#367 talent rank (core#194)
set,61154,CastingTimeIndex,sql:spell_template.castingTimeIndex,
set,61154,RecoveryTime,sql:spell_template.recoveryTime,
set,61154,CategoryRecoveryTime,sql:spell_template.categoryRecoveryTime,
set,61154,ProcChance,sql:spell_template.procChance,
set,61154,ProcCharges,sql:spell_template.procCharges,
set,61154,DurationIndex,sql:spell_template.durationIndex,
set,61154,PowerType,sql:spell_template.powerType,
set,61154,ManaCost,sql:spell_template.manaCost,
set,61154,RangeIndex,sql:spell_template.rangeIndex,
set,61154,Speed,sql:spell_template.speed,
set,61154,CumulativeAura,sql:spell_template.stackAmount,
set,61154,SpellIconID,sql:spell_template.spellIconId,
set,61154,ManaCostPct,sql:spell_template.manaCostPercentage,
set,61154,StartRecoveryCategory,sql:spell_template.startRecoveryCategory,
set,61154,StartRecoveryTime,sql:spell_template.startRecoveryTime,
set,61154,Effect[0],sql:spell_template.effect1,
set,61154,EffectDieSides[0],sql:spell_template.effectDieSides1,
set,61154,EffectBaseDice[0],sql:spell_template.effectBaseDice1,
set,61154,EffectDicePerLevel[0],sql:spell_template.effectDicePerLevel1,
set,61154,EffectRealPointsPerLevel[0],sql:spell_template.effectRealPointsPerLevel1,
set,61154,EffectBasePoints[0],sql:spell_template.effectBasePoints1,
set,61154,EffectAura[0],sql:spell_template.effectApplyAuraName1,
set,61154,EffectRadiusIndex[0],sql:spell_template.effectRadiusIndex1,
set,61154,EffectChainTargets[0],sql:spell_template.effectChainTarget1,
set,61154,EffectMiscValue[0],sql:spell_template.effectMiscValue1,
set,61154,EffectTriggerSpell[0],sql:spell_template.effectTriggerSpell1,
set,61154,EffectPointsPerCombo[0],sql:spell_template.effectPointsPerComboPoint1,
set,61154,Effect[1],sql:spell_template.effect2,
set,61154,EffectDieSides[1],sql:spell_template.effectDieSides2,
set,61154,EffectBaseDice[1],sql:spell_template.effectBaseDice2,
set,61154,EffectDicePerLevel[1],sql:spell_template.effectDicePerLevel2,
set,61154,EffectRealPointsPerLevel[1],sql:spell_template.effectRealPointsPerLevel2,
set,61154,EffectBasePoints[1],sql:spell_template.effectBasePoints2,
set,61154,EffectAura[1],sql:spell_template.effectApplyAuraName2,
set,61154,EffectRadiusIndex[1],sql:spell_template.effectRadiusIndex2,
set,61154,EffectChainTargets[1],sql:spell_template.effectChainTarget2,
set,61154,EffectMiscValue[1],sql:spell_template.effectMiscValue2,
set,61154,EffectTriggerSpell[1],sql:spell_template.effectTriggerSpell2,
set,61154,EffectPointsPerCombo[1],sql:spell_template.effectPointsPerComboPoint2,
set,61154,Effect[2],sql:spell_template.effect3,
set,61154,EffectDieSides[2],sql:spell_template.effectDieSides3,
set,61154,EffectBaseDice[2],sql:spell_template.effectBaseDice3,
set,61154,EffectDicePerLevel[2],sql:spell_template.effectDicePerLevel3,
set,61154,EffectRealPointsPerLevel[2],sql:spell_template.effectRealPointsPerLevel3,
set,61154,EffectBasePoints[2],sql:spell_template.effectBasePoints3,
set,61154,EffectAura[2],sql:spell_template.effectApplyAuraName3,
set,61154,EffectRadiusIndex[2],sql:spell_template.effectRadiusIndex3,
set,61154,EffectChainTargets[2],sql:spell_template.effectChainTarget3,
set,61154,EffectMiscValue[2],sql:spell_template.effectMiscValue3,
set,61154,EffectTriggerSpell[2],sql:spell_template.effectTriggerSpell3,
set,61154,EffectPointsPerCombo[2],sql:spell_template.effectPointsPerComboPoint3,
set,61154,EffectAuraPeriod[0],sql:spell_template.effectAmplitude1,
set,61154,EffectAmplitude[0],sql:spell_template.effectMultipleValue1,
set,61154,ImplicitTargetA[0],sql:spell_template.effectImplicitTargetA1,
set,61154,ImplicitTargetB[0],sql:spell_template.effectImplicitTargetB1,
set,61154,EffectItemType[0],sql:spell_template.effectItemType1,
set,61154,EffectAuraPeriod[1],sql:spell_template.effectAmplitude2,
set,61154,EffectAmplitude[1],sql:spell_template.effectMultipleValue2,
set,61154,ImplicitTargetA[1],sql:spell_template.effectImplicitTargetA2,
set,61154,ImplicitTargetB[1],sql:spell_template.effectImplicitTargetB2,
set,61154,EffectItemType[1],sql:spell_template.effectItemType2,
set,61154,EffectAuraPeriod[2],sql:spell_template.effectAmplitude3,
set,61154,EffectAmplitude[2],sql:spell_template.effectMultipleValue3,
set,61154,ImplicitTargetA[2],sql:spell_template.effectImplicitTargetA3,
set,61154,ImplicitTargetB[2],sql:spell_template.effectImplicitTargetB3,
set,61154,EffectItemType[2],sql:spell_template.effectItemType3,
set,61154,School,sql:spell_template.school,
set,61154,Attributes,sql:spell_template.attributes,
set,61154,AttributesEx,sql:spell_template.attributesEx,
set,61154,AttributesExB,sql:spell_template.attributesEx2,
set,61154,AttributesExC,sql:spell_template.attributesEx3,
set,61154,AttributesExD,sql:spell_template.attributesEx4,
set,61154,Category,sql:spell_template.category,
set,61154,CastUI,sql:spell_template.castUI,
set,61154,DispelType,sql:spell_template.dispel,
set,61154,Mechanic,sql:spell_template.mechanic,
set,61154,ShapeshiftMask,sql:spell_template.stances,
set,61154,ShapeshiftExclude,sql:spell_template.stancesNot,
set,61154,Targets,sql:spell_template.targets,
set,61154,TargetCreatureType,sql:spell_template.targetCreatureType,
set,61154,RequiresSpellFocus,sql:spell_template.requiresSpellFocus,
set,61154,CasterAuraState,sql:spell_template.casterAuraState,
set,61154,TargetAuraState,sql:spell_template.targetAuraState,
set,61154,InterruptFlags,sql:spell_template.interruptFlags,
set,61154,AuraInterruptFlags,sql:spell_template.auraInterruptFlags,
set,61154,ChannelInterruptFlags,sql:spell_template.channelInterruptFlags,
set,61154,ProcFlags,sql:spell_template.procFlags,
set,61154,MaxLevel,sql:spell_template.maxLevel,
set,61154,BaseLevel,sql:spell_template.baseLevel,
set,61154,SpellLevel,sql:spell_template.spellLevel,
set,61154,ManaCostPerLevel,sql:spell_template.manCostPerLevel,
set,61154,ManaPerSecond,sql:spell_template.manaPerSecond,
set,61154,ManaPerSecondPerLevel,sql:spell_template.manaPerSecondPerLevel,
set,61154,ModalNextSpell,sql:spell_template.modelNextSpell,
set,61154,Totem[0],sql:spell_template.totem1,
set,61154,Totem[1],sql:spell_template.totem2,
set,61154,Reagent[0],sql:spell_template.reagent1,
set,61154,Reagent[1],sql:spell_template.reagent2,
set,61154,Reagent[2],sql:spell_template.reagent3,
set,61154,Reagent[3],sql:spell_template.reagent4,
set,61154,Reagent[4],sql:spell_template.reagent5,
set,61154,Reagent[5],sql:spell_template.reagent6,
set,61154,Reagent[6],sql:spell_template.reagent7,
set,61154,Reagent[7],sql:spell_template.reagent8,
set,61154,ReagentCount[0],sql:spell_template.reagentCount1,
set,61154,ReagentCount[1],sql:spell_template.reagentCount2,
set,61154,ReagentCount[2],sql:spell_template.reagentCount3,
set,61154,ReagentCount[3],sql:spell_template.reagentCount4,
set,61154,ReagentCount[4],sql:spell_template.reagentCount5,
set,61154,ReagentCount[5],sql:spell_template.reagentCount6,
set,61154,ReagentCount[6],sql:spell_template.reagentCount7,
set,61154,ReagentCount[7],sql:spell_template.reagentCount8,
set,61154,EquippedItemClass,sql:spell_template.equippedItemClass,
set,61154,EquippedItemSubclass,sql:spell_template.equippedItemSubClassMask,
set,61154,EquippedItemInvTypes,sql:spell_template.equippedItemInventoryTypeMask,
set,61154,EffectMechanic[0],sql:spell_template.effectMechanic1,
set,61154,EffectMechanic[1],sql:spell_template.effectMechanic2,
set,61154,EffectMechanic[2],sql:spell_template.effectMechanic3,
set,61154,SpellVisualID[0],sql:spell_template.spellVisual1,
set,61154,SpellVisualID[1],sql:spell_template.spellVisual2,
set,61154,ActiveIconID,sql:spell_template.activeIconId,
set,61154,SpellPriority,sql:spell_template.spellPriority,
set,61154,Name_lang_enUS,sql:spell_template.name,
set,61154,NameSubtext_lang_enUS,sql:spell_template.nameSubtext,
set,61154,Description_lang_enUS,sql:spell_template.description,
set,61154,AuraDescription_lang_enUS,sql:spell_template.auraDescription,
set,61154,MaxTargetLevel,sql:spell_template.maxTargetLevel,
set,61154,SpellClassSet,sql:spell_template.spellFamilyName,
set,61154,MaxTargets,sql:spell_template.maxAffectedTargets,
set,61154,DefenseType,sql:spell_template.dmgClass,
set,61154,PreventionType,sql:spell_template.preventionType,
set,61154,StanceBarOrder,sql:spell_template.stanceBarOrder,
set,61154,EffectChainAmplitude[0],sql:spell_template.dmgMultiplier1,
set,61154,EffectChainAmplitude[1],sql:spell_template.dmgMultiplier2,
set,61154,EffectChainAmplitude[2],sql:spell_template.dmgMultiplier3,
set,61154,MinFactionID,sql:spell_template.minFactionId,
set,61154,MinReputation,sql:spell_template.minReputation,
set,61154,RequiredAuraVision,sql:spell_template.requiredAuraVision,
set,61154,SpellClassMask[0],0,spellFamilyFlags low
set,61154,SpellClassMask[1],0,spellFamilyFlags high
insert,61155,,copy:12298,"#367 talent rank (core#194), CV-6"
set,61155,CastingTimeIndex,sql:spell_template.castingTimeIndex,
set,61155,RecoveryTime,sql:spell_template.recoveryTime,
set,61155,CategoryRecoveryTime,sql:spell_template.categoryRecoveryTime,
set,61155,ProcChance,sql:spell_template.procChance,
set,61155,ProcCharges,sql:spell_template.procCharges,
set,61155,DurationIndex,sql:spell_template.durationIndex,
set,61155,PowerType,sql:spell_template.powerType,
set,61155,ManaCost,sql:spell_template.manaCost,
set,61155,RangeIndex,sql:spell_template.rangeIndex,
set,61155,Speed,sql:spell_template.speed,
set,61155,CumulativeAura,sql:spell_template.stackAmount,
set,61155,SpellIconID,sql:spell_template.spellIconId,
set,61155,ManaCostPct,sql:spell_template.manaCostPercentage,
set,61155,StartRecoveryCategory,sql:spell_template.startRecoveryCategory,
set,61155,StartRecoveryTime,sql:spell_template.startRecoveryTime,
set,61155,Effect[0],sql:spell_template.effect1,
set,61155,EffectDieSides[0],sql:spell_template.effectDieSides1,
set,61155,EffectBaseDice[0],sql:spell_template.effectBaseDice1,
set,61155,EffectDicePerLevel[0],sql:spell_template.effectDicePerLevel1,
set,61155,EffectRealPointsPerLevel[0],sql:spell_template.effectRealPointsPerLevel1,
set,61155,EffectBasePoints[0],sql:spell_template.effectBasePoints1,
set,61155,EffectAura[0],sql:spell_template.effectApplyAuraName1,
set,61155,EffectRadiusIndex[0],sql:spell_template.effectRadiusIndex1,
set,61155,EffectChainTargets[0],sql:spell_template.effectChainTarget1,
set,61155,EffectMiscValue[0],sql:spell_template.effectMiscValue1,
set,61155,EffectTriggerSpell[0],sql:spell_template.effectTriggerSpell1,
set,61155,EffectPointsPerCombo[0],sql:spell_template.effectPointsPerComboPoint1,
set,61155,Effect[1],sql:spell_template.effect2,
set,61155,EffectDieSides[1],sql:spell_template.effectDieSides2,
set,61155,EffectBaseDice[1],sql:spell_template.effectBaseDice2,
set,61155,EffectDicePerLevel[1],sql:spell_template.effectDicePerLevel2,
set,61155,EffectRealPointsPerLevel[1],sql:spell_template.effectRealPointsPerLevel2,
set,61155,EffectBasePoints[1],sql:spell_template.effectBasePoints2,
set,61155,EffectAura[1],sql:spell_template.effectApplyAuraName2,
set,61155,EffectRadiusIndex[1],sql:spell_template.effectRadiusIndex2,
set,61155,EffectChainTargets[1],sql:spell_template.effectChainTarget2,
set,61155,EffectMiscValue[1],sql:spell_template.effectMiscValue2,
set,61155,EffectTriggerSpell[1],sql:spell_template.effectTriggerSpell2,
set,61155,EffectPointsPerCombo[1],sql:spell_template.effectPointsPerComboPoint2,
set,61155,Effect[2],sql:spell_template.effect3,
set,61155,EffectDieSides[2],sql:spell_template.effectDieSides3,
set,61155,EffectBaseDice[2],sql:spell_template.effectBaseDice3,
set,61155,EffectDicePerLevel[2],sql:spell_template.effectDicePerLevel3,
set,61155,EffectRealPointsPerLevel[2],sql:spell_template.effectRealPointsPerLevel3,
set,61155,EffectBasePoints[2],sql:spell_template.effectBasePoints3,
set,61155,EffectAura[2],sql:spell_template.effectApplyAuraName3,
set,61155,EffectRadiusIndex[2],sql:spell_template.effectRadiusIndex3,
set,61155,EffectChainTargets[2],sql:spell_template.effectChainTarget3,
set,61155,EffectMiscValue[2],sql:spell_template.effectMiscValue3,
set,61155,EffectTriggerSpell[2],sql:spell_template.effectTriggerSpell3,
set,61155,EffectPointsPerCombo[2],sql:spell_template.effectPointsPerComboPoint3,
set,61155,EffectAuraPeriod[0],sql:spell_template.effectAmplitude1,
set,61155,EffectAmplitude[0],sql:spell_template.effectMultipleValue1,
set,61155,ImplicitTargetA[0],sql:spell_template.effectImplicitTargetA1,
set,61155,ImplicitTargetB[0],sql:spell_template.effectImplicitTargetB1,
set,61155,EffectItemType[0],sql:spell_template.effectItemType1,
set,61155,EffectAuraPeriod[1],sql:spell_template.effectAmplitude2,
set,61155,EffectAmplitude[1],sql:spell_template.effectMultipleValue2,
set,61155,ImplicitTargetA[1],sql:spell_template.effectImplicitTargetA2,
set,61155,ImplicitTargetB[1],sql:spell_template.effectImplicitTargetB2,
set,61155,EffectItemType[1],sql:spell_template.effectItemType2,
set,61155,EffectAuraPeriod[2],sql:spell_template.effectAmplitude3,
set,61155,EffectAmplitude[2],sql:spell_template.effectMultipleValue3,
set,61155,ImplicitTargetA[2],sql:spell_template.effectImplicitTargetA3,
set,61155,ImplicitTargetB[2],sql:spell_template.effectImplicitTargetB3,
set,61155,EffectItemType[2],sql:spell_template.effectItemType3,
set,61155,School,sql:spell_template.school,
set,61155,Attributes,sql:spell_template.attributes,
set,61155,AttributesEx,sql:spell_template.attributesEx,
set,61155,AttributesExB,sql:spell_template.attributesEx2,
set,61155,AttributesExC,sql:spell_template.attributesEx3,
set,61155,AttributesExD,sql:spell_template.attributesEx4,
set,61155,Category,sql:spell_template.category,
set,61155,CastUI,sql:spell_template.castUI,
set,61155,DispelType,sql:spell_template.dispel,
set,61155,Mechanic,sql:spell_template.mechanic,
set,61155,ShapeshiftMask,sql:spell_template.stances,
set,61155,ShapeshiftExclude,sql:spell_template.stancesNot,
set,61155,Targets,sql:spell_template.targets,
set,61155,TargetCreatureType,sql:spell_template.targetCreatureType,
set,61155,RequiresSpellFocus,sql:spell_template.requiresSpellFocus,
set,61155,CasterAuraState,sql:spell_template.casterAuraState,
set,61155,TargetAuraState,sql:spell_template.targetAuraState,
set,61155,InterruptFlags,sql:spell_template.interruptFlags,
set,61155,AuraInterruptFlags,sql:spell_template.auraInterruptFlags,
set,61155,ChannelInterruptFlags,sql:spell_template.channelInterruptFlags,
set,61155,ProcFlags,sql:spell_template.procFlags,
set,61155,MaxLevel,sql:spell_template.maxLevel,
set,61155,BaseLevel,sql:spell_template.baseLevel,
set,61155,SpellLevel,sql:spell_template.spellLevel,
set,61155,ManaCostPerLevel,sql:spell_template.manCostPerLevel,
set,61155,ManaPerSecond,sql:spell_template.manaPerSecond,
set,61155,ManaPerSecondPerLevel,sql:spell_template.manaPerSecondPerLevel,
set,61155,ModalNextSpell,sql:spell_template.modelNextSpell,
set,61155,Totem[0],sql:spell_template.totem1,
set,61155,Totem[1],sql:spell_template.totem2,
set,61155,Reagent[0],sql:spell_template.reagent1,
set,61155,Reagent[1],sql:spell_template.reagent2,
set,61155,Reagent[2],sql:spell_template.reagent3,
set,61155,Reagent[3],sql:spell_template.reagent4,
set,61155,Reagent[4],sql:spell_template.reagent5,
set,61155,Reagent[5],sql:spell_template.reagent6,
set,61155,Reagent[6],sql:spell_template.reagent7,
set,61155,Reagent[7],sql:spell_template.reagent8,
set,61155,ReagentCount[0],sql:spell_template.reagentCount1,
set,61155,ReagentCount[1],sql:spell_template.reagentCount2,
set,61155,ReagentCount[2],sql:spell_template.reagentCount3,
set,61155,ReagentCount[3],sql:spell_template.reagentCount4,
set,61155,ReagentCount[4],sql:spell_template.reagentCount5,
set,61155,ReagentCount[5],sql:spell_template.reagentCount6,
set,61155,ReagentCount[6],sql:spell_template.reagentCount7,
set,61155,ReagentCount[7],sql:spell_template.reagentCount8,
set,61155,EquippedItemClass,sql:spell_template.equippedItemClass,
set,61155,EquippedItemSubclass,sql:spell_template.equippedItemSubClassMask,
set,61155,EquippedItemInvTypes,sql:spell_template.equippedItemInventoryTypeMask,
set,61155,EffectMechanic[0],sql:spell_template.effectMechanic1,
set,61155,EffectMechanic[1],sql:spell_template.effectMechanic2,
set,61155,EffectMechanic[2],sql:spell_template.effectMechanic3,
set,61155,SpellVisualID[0],sql:spell_template.spellVisual1,
set,61155,SpellVisualID[1],sql:spell_template.spellVisual2,
set,61155,ActiveIconID,sql:spell_template.activeIconId,
set,61155,SpellPriority,sql:spell_template.spellPriority,
set,61155,Name_lang_enUS,sql:spell_template.name,
set,61155,NameSubtext_lang_enUS,sql:spell_template.nameSubtext,
set,61155,Description_lang_enUS,sql:spell_template.description,
set,61155,AuraDescription_lang_enUS,sql:spell_template.auraDescription,
set,61155,MaxTargetLevel,sql:spell_template.maxTargetLevel,
set,61155,SpellClassSet,sql:spell_template.spellFamilyName,
set,61155,MaxTargets,sql:spell_template.maxAffectedTargets,
set,61155,DefenseType,sql:spell_template.dmgClass,
set,61155,PreventionType,sql:spell_template.preventionType,
set,61155,StanceBarOrder,sql:spell_template.stanceBarOrder,
set,61155,EffectChainAmplitude[0],sql:spell_template.dmgMultiplier1,
set,61155,EffectChainAmplitude[1],sql:spell_template.dmgMultiplier2,
set,61155,EffectChainAmplitude[2],sql:spell_template.dmgMultiplier3,
set,61155,MinFactionID,sql:spell_template.minFactionId,
set,61155,MinReputation,sql:spell_template.minReputation,
set,61155,RequiredAuraVision,sql:spell_template.requiredAuraVision,
set,61155,SpellClassMask[0],0,spellFamilyFlags low
set,61155,SpellClassMask[1],0,spellFamilyFlags high
insert,61156,,copy:12298,"#367 talent rank (core#194), CV-6"
set,61156,CastingTimeIndex,sql:spell_template.castingTimeIndex,
set,61156,RecoveryTime,sql:spell_template.recoveryTime,
set,61156,CategoryRecoveryTime,sql:spell_template.categoryRecoveryTime,
set,61156,ProcChance,sql:spell_template.procChance,
set,61156,ProcCharges,sql:spell_template.procCharges,
set,61156,DurationIndex,sql:spell_template.durationIndex,
set,61156,PowerType,sql:spell_template.powerType,
set,61156,ManaCost,sql:spell_template.manaCost,
set,61156,RangeIndex,sql:spell_template.rangeIndex,
set,61156,Speed,sql:spell_template.speed,
set,61156,CumulativeAura,sql:spell_template.stackAmount,
set,61156,SpellIconID,sql:spell_template.spellIconId,
set,61156,ManaCostPct,sql:spell_template.manaCostPercentage,
set,61156,StartRecoveryCategory,sql:spell_template.startRecoveryCategory,
set,61156,StartRecoveryTime,sql:spell_template.startRecoveryTime,
set,61156,Effect[0],sql:spell_template.effect1,
set,61156,EffectDieSides[0],sql:spell_template.effectDieSides1,
set,61156,EffectBaseDice[0],sql:spell_template.effectBaseDice1,
set,61156,EffectDicePerLevel[0],sql:spell_template.effectDicePerLevel1,
set,61156,EffectRealPointsPerLevel[0],sql:spell_template.effectRealPointsPerLevel1,
set,61156,EffectBasePoints[0],sql:spell_template.effectBasePoints1,
set,61156,EffectAura[0],sql:spell_template.effectApplyAuraName1,
set,61156,EffectRadiusIndex[0],sql:spell_template.effectRadiusIndex1,
set,61156,EffectChainTargets[0],sql:spell_template.effectChainTarget1,
set,61156,EffectMiscValue[0],sql:spell_template.effectMiscValue1,
set,61156,EffectTriggerSpell[0],sql:spell_template.effectTriggerSpell1,
set,61156,EffectPointsPerCombo[0],sql:spell_template.effectPointsPerComboPoint1,
set,61156,Effect[1],sql:spell_template.effect2,
set,61156,EffectDieSides[1],sql:spell_template.effectDieSides2,
set,61156,EffectBaseDice[1],sql:spell_template.effectBaseDice2,
set,61156,EffectDicePerLevel[1],sql:spell_template.effectDicePerLevel2,
set,61156,EffectRealPointsPerLevel[1],sql:spell_template.effectRealPointsPerLevel2,
set,61156,EffectBasePoints[1],sql:spell_template.effectBasePoints2,
set,61156,EffectAura[1],sql:spell_template.effectApplyAuraName2,
set,61156,EffectRadiusIndex[1],sql:spell_template.effectRadiusIndex2,
set,61156,EffectChainTargets[1],sql:spell_template.effectChainTarget2,
set,61156,EffectMiscValue[1],sql:spell_template.effectMiscValue2,
set,61156,EffectTriggerSpell[1],sql:spell_template.effectTriggerSpell2,
set,61156,EffectPointsPerCombo[1],sql:spell_template.effectPointsPerComboPoint2,
set,61156,Effect[2],sql:spell_template.effect3,
set,61156,EffectDieSides[2],sql:spell_template.effectDieSides3,
set,61156,EffectBaseDice[2],sql:spell_template.effectBaseDice3,
set,61156,EffectDicePerLevel[2],sql:spell_template.effectDicePerLevel3,
set,61156,EffectRealPointsPerLevel[2],sql:spell_template.effectRealPointsPerLevel3,
set,61156,EffectBasePoints[2],sql:spell_template.effectBasePoints3,
set,61156,EffectAura[2],sql:spell_template.effectApplyAuraName3,
set,61156,EffectRadiusIndex[2],sql:spell_template.effectRadiusIndex3,
set,61156,EffectChainTargets[2],sql:spell_template.effectChainTarget3,
set,61156,EffectMiscValue[2],sql:spell_template.effectMiscValue3,
set,61156,EffectTriggerSpell[2],sql:spell_template.effectTriggerSpell3,
set,61156,EffectPointsPerCombo[2],sql:spell_template.effectPointsPerComboPoint3,
set,61156,EffectAuraPeriod[0],sql:spell_template.effectAmplitude1,
set,61156,EffectAmplitude[0],sql:spell_template.effectMultipleValue1,
set,61156,ImplicitTargetA[0],sql:spell_template.effectImplicitTargetA1,
set,61156,ImplicitTargetB[0],sql:spell_template.effectImplicitTargetB1,
set,61156,EffectItemType[0],sql:spell_template.effectItemType1,
set,61156,EffectAuraPeriod[1],sql:spell_template.effectAmplitude2,
set,61156,EffectAmplitude[1],sql:spell_template.effectMultipleValue2,
set,61156,ImplicitTargetA[1],sql:spell_template.effectImplicitTargetA2,
set,61156,ImplicitTargetB[1],sql:spell_template.effectImplicitTargetB2,
set,61156,EffectItemType[1],sql:spell_template.effectItemType2,
set,61156,EffectAuraPeriod[2],sql:spell_template.effectAmplitude3,
set,61156,EffectAmplitude[2],sql:spell_template.effectMultipleValue3,
set,61156,ImplicitTargetA[2],sql:spell_template.effectImplicitTargetA3,
set,61156,ImplicitTargetB[2],sql:spell_template.effectImplicitTargetB3,
set,61156,EffectItemType[2],sql:spell_template.effectItemType3,
set,61156,School,sql:spell_template.school,
set,61156,Attributes,sql:spell_template.attributes,
set,61156,AttributesEx,sql:spell_template.attributesEx,
set,61156,AttributesExB,sql:spell_template.attributesEx2,
set,61156,AttributesExC,sql:spell_template.attributesEx3,
set,61156,AttributesExD,sql:spell_template.attributesEx4,
set,61156,Category,sql:spell_template.category,
set,61156,CastUI,sql:spell_template.castUI,
set,61156,DispelType,sql:spell_template.dispel,
set,61156,Mechanic,sql:spell_template.mechanic,
set,61156,ShapeshiftMask,sql:spell_template.stances,
set,61156,ShapeshiftExclude,sql:spell_template.stancesNot,
set,61156,Targets,sql:spell_template.targets,
set,61156,TargetCreatureType,sql:spell_template.targetCreatureType,
set,61156,RequiresSpellFocus,sql:spell_template.requiresSpellFocus,
set,61156,CasterAuraState,sql:spell_template.casterAuraState,
set,61156,TargetAuraState,sql:spell_template.targetAuraState,
set,61156,InterruptFlags,sql:spell_template.interruptFlags,
set,61156,AuraInterruptFlags,sql:spell_template.auraInterruptFlags,
set,61156,ChannelInterruptFlags,sql:spell_template.channelInterruptFlags,
set,61156,ProcFlags,sql:spell_template.procFlags,
set,61156,MaxLevel,sql:spell_template.maxLevel,
set,61156,BaseLevel,sql:spell_template.baseLevel,
set,61156,SpellLevel,sql:spell_template.spellLevel,
set,61156,ManaCostPerLevel,sql:spell_template.manCostPerLevel,
set,61156,ManaPerSecond,sql:spell_template.manaPerSecond,
set,61156,ManaPerSecondPerLevel,sql:spell_template.manaPerSecondPerLevel,
set,61156,ModalNextSpell,sql:spell_template.modelNextSpell,
set,61156,Totem[0],sql:spell_template.totem1,
set,61156,Totem[1],sql:spell_template.totem2,
set,61156,Reagent[0],sql:spell_template.reagent1,
set,61156,Reagent[1],sql:spell_template.reagent2,
set,61156,Reagent[2],sql:spell_template.reagent3,
set,61156,Reagent[3],sql:spell_template.reagent4,
set,61156,Reagent[4],sql:spell_template.reagent5,
set,61156,Reagent[5],sql:spell_template.reagent6,
set,61156,Reagent[6],sql:spell_template.reagent7,
set,61156,Reagent[7],sql:spell_template.reagent8,
set,61156,ReagentCount[0],sql:spell_template.reagentCount1,
set,61156,ReagentCount[1],sql:spell_template.reagentCount2,
set,61156,ReagentCount[2],sql:spell_template.reagentCount3,
set,61156,ReagentCount[3],sql:spell_template.reagentCount4,
set,61156,ReagentCount[4],sql:spell_template.reagentCount5,
set,61156,ReagentCount[5],sql:spell_template.reagentCount6,
set,61156,ReagentCount[6],sql:spell_template.reagentCount7,
set,61156,ReagentCount[7],sql:spell_template.reagentCount8,
set,61156,EquippedItemClass,sql:spell_template.equippedItemClass,
set,61156,EquippedItemSubclass,sql:spell_template.equippedItemSubClassMask,
set,61156,EquippedItemInvTypes,sql:spell_template.equippedItemInventoryTypeMask,
set,61156,EffectMechanic[0],sql:spell_template.effectMechanic1,
set,61156,EffectMechanic[1],sql:spell_template.effectMechanic2,
set,61156,EffectMechanic[2],sql:spell_template.effectMechanic3,
set,61156,SpellVisualID[0],sql:spell_template.spellVisual1,
set,61156,SpellVisualID[1],sql:spell_template.spellVisual2,
set,61156,ActiveIconID,sql:spell_template.activeIconId,
set,61156,SpellPriority,sql:spell_template.spellPriority,
set,61156,Name_lang_enUS,sql:spell_template.name,
set,61156,NameSubtext_lang_enUS,sql:spell_template.nameSubtext,
set,61156,Description_lang_enUS,sql:spell_template.description,
set,61156,AuraDescription_lang_enUS,sql:spell_template.auraDescription,
set,61156,MaxTargetLevel,sql:spell_template.maxTargetLevel,
set,61156,SpellClassSet,sql:spell_template.spellFamilyName,
set,61156,MaxTargets,sql:spell_template.maxAffectedTargets,
set,61156,DefenseType,sql:spell_template.dmgClass,
set,61156,PreventionType,sql:spell_template.preventionType,
set,61156,StanceBarOrder,sql:spell_template.stanceBarOrder,
set,61156,EffectChainAmplitude[0],sql:spell_template.dmgMultiplier1,
set,61156,EffectChainAmplitude[1],sql:spell_template.dmgMultiplier2,
set,61156,EffectChainAmplitude[2],sql:spell_template.dmgMultiplier3,
set,61156,MinFactionID,sql:spell_template.minFactionId,
set,61156,MinReputation,sql:spell_template.minReputation,
set,61156,RequiredAuraVision,sql:spell_template.requiredAuraVision,
set,61156,SpellClassMask[0],0,spellFamilyFlags low
set,61156,SpellClassMask[1],0,spellFamilyFlags high
insert,61157,,copy:12297,#367 talent rank (core#194)
set,61157,CastingTimeIndex,sql:spell_template.castingTimeIndex,
set,61157,RecoveryTime,sql:spell_template.recoveryTime,
set,61157,CategoryRecoveryTime,sql:spell_template.categoryRecoveryTime,
set,61157,ProcChance,sql:spell_template.procChance,
set,61157,ProcCharges,sql:spell_template.procCharges,
set,61157,DurationIndex,sql:spell_template.durationIndex,
set,61157,PowerType,sql:spell_template.powerType,
set,61157,ManaCost,sql:spell_template.manaCost,
set,61157,RangeIndex,sql:spell_template.rangeIndex,
set,61157,Speed,sql:spell_template.speed,
set,61157,CumulativeAura,sql:spell_template.stackAmount,
set,61157,SpellIconID,sql:spell_template.spellIconId,
set,61157,ManaCostPct,sql:spell_template.manaCostPercentage,
set,61157,StartRecoveryCategory,sql:spell_template.startRecoveryCategory,
set,61157,StartRecoveryTime,sql:spell_template.startRecoveryTime,
set,61157,Effect[0],sql:spell_template.effect1,
set,61157,EffectDieSides[0],sql:spell_template.effectDieSides1,
set,61157,EffectBaseDice[0],sql:spell_template.effectBaseDice1,
set,61157,EffectDicePerLevel[0],sql:spell_template.effectDicePerLevel1,
set,61157,EffectRealPointsPerLevel[0],sql:spell_template.effectRealPointsPerLevel1,
set,61157,EffectBasePoints[0],sql:spell_template.effectBasePoints1,
set,61157,EffectAura[0],sql:spell_template.effectApplyAuraName1,
set,61157,EffectRadiusIndex[0],sql:spell_template.effectRadiusIndex1,
set,61157,EffectChainTargets[0],sql:spell_template.effectChainTarget1,
set,61157,EffectMiscValue[0],sql:spell_template.effectMiscValue1,
set,61157,EffectTriggerSpell[0],sql:spell_template.effectTriggerSpell1,
set,61157,EffectPointsPerCombo[0],sql:spell_template.effectPointsPerComboPoint1,
set,61157,Effect[1],sql:spell_template.effect2,
set,61157,EffectDieSides[1],sql:spell_template.effectDieSides2,
set,61157,EffectBaseDice[1],sql:spell_template.effectBaseDice2,
set,61157,EffectDicePerLevel[1],sql:spell_template.effectDicePerLevel2,
set,61157,EffectRealPointsPerLevel[1],sql:spell_template.effectRealPointsPerLevel2,
set,61157,EffectBasePoints[1],sql:spell_template.effectBasePoints2,
set,61157,EffectAura[1],sql:spell_template.effectApplyAuraName2,
set,61157,EffectRadiusIndex[1],sql:spell_template.effectRadiusIndex2,
set,61157,EffectChainTargets[1],sql:spell_template.effectChainTarget2,
set,61157,EffectMiscValue[1],sql:spell_template.effectMiscValue2,
set,61157,EffectTriggerSpell[1],sql:spell_template.effectTriggerSpell2,
set,61157,EffectPointsPerCombo[1],sql:spell_template.effectPointsPerComboPoint2,
set,61157,Effect[2],sql:spell_template.effect3,
set,61157,EffectDieSides[2],sql:spell_template.effectDieSides3,
set,61157,EffectBaseDice[2],sql:spell_template.effectBaseDice3,
set,61157,EffectDicePerLevel[2],sql:spell_template.effectDicePerLevel3,
set,61157,EffectRealPointsPerLevel[2],sql:spell_template.effectRealPointsPerLevel3,
set,61157,EffectBasePoints[2],sql:spell_template.effectBasePoints3,
set,61157,EffectAura[2],sql:spell_template.effectApplyAuraName3,
set,61157,EffectRadiusIndex[2],sql:spell_template.effectRadiusIndex3,
set,61157,EffectChainTargets[2],sql:spell_template.effectChainTarget3,
set,61157,EffectMiscValue[2],sql:spell_template.effectMiscValue3,
set,61157,EffectTriggerSpell[2],sql:spell_template.effectTriggerSpell3,
set,61157,EffectPointsPerCombo[2],sql:spell_template.effectPointsPerComboPoint3,
set,61157,EffectAuraPeriod[0],sql:spell_template.effectAmplitude1,
set,61157,EffectAmplitude[0],sql:spell_template.effectMultipleValue1,
set,61157,ImplicitTargetA[0],sql:spell_template.effectImplicitTargetA1,
set,61157,ImplicitTargetB[0],sql:spell_template.effectImplicitTargetB1,
set,61157,EffectItemType[0],sql:spell_template.effectItemType1,
set,61157,EffectAuraPeriod[1],sql:spell_template.effectAmplitude2,
set,61157,EffectAmplitude[1],sql:spell_template.effectMultipleValue2,
set,61157,ImplicitTargetA[1],sql:spell_template.effectImplicitTargetA2,
set,61157,ImplicitTargetB[1],sql:spell_template.effectImplicitTargetB2,
set,61157,EffectItemType[1],sql:spell_template.effectItemType2,
set,61157,EffectAuraPeriod[2],sql:spell_template.effectAmplitude3,
set,61157,EffectAmplitude[2],sql:spell_template.effectMultipleValue3,
set,61157,ImplicitTargetA[2],sql:spell_template.effectImplicitTargetA3,
set,61157,ImplicitTargetB[2],sql:spell_template.effectImplicitTargetB3,
set,61157,EffectItemType[2],sql:spell_template.effectItemType3,
set,61157,School,sql:spell_template.school,
set,61157,Attributes,sql:spell_template.attributes,
set,61157,AttributesEx,sql:spell_template.attributesEx,
set,61157,AttributesExB,sql:spell_template.attributesEx2,
set,61157,AttributesExC,sql:spell_template.attributesEx3,
set,61157,AttributesExD,sql:spell_template.attributesEx4,
set,61157,Category,sql:spell_template.category,
set,61157,CastUI,sql:spell_template.castUI,
set,61157,DispelType,sql:spell_template.dispel,
set,61157,Mechanic,sql:spell_template.mechanic,
set,61157,ShapeshiftMask,sql:spell_template.stances,
set,61157,ShapeshiftExclude,sql:spell_template.stancesNot,
set,61157,Targets,sql:spell_template.targets,
set,61157,TargetCreatureType,sql:spell_template.targetCreatureType,
set,61157,RequiresSpellFocus,sql:spell_template.requiresSpellFocus,
set,61157,CasterAuraState,sql:spell_template.casterAuraState,
set,61157,TargetAuraState,sql:spell_template.targetAuraState,
set,61157,InterruptFlags,sql:spell_template.interruptFlags,
set,61157,AuraInterruptFlags,sql:spell_template.auraInterruptFlags,
set,61157,ChannelInterruptFlags,sql:spell_template.channelInterruptFlags,
set,61157,ProcFlags,sql:spell_template.procFlags,
set,61157,MaxLevel,sql:spell_template.maxLevel,
set,61157,BaseLevel,sql:spell_template.baseLevel,
set,61157,SpellLevel,sql:spell_template.spellLevel,
set,61157,ManaCostPerLevel,sql:spell_template.manCostPerLevel,
set,61157,ManaPerSecond,sql:spell_template.manaPerSecond,
set,61157,ManaPerSecondPerLevel,sql:spell_template.manaPerSecondPerLevel,
set,61157,ModalNextSpell,sql:spell_template.modelNextSpell,
set,61157,Totem[0],sql:spell_template.totem1,
set,61157,Totem[1],sql:spell_template.totem2,
set,61157,Reagent[0],sql:spell_template.reagent1,
set,61157,Reagent[1],sql:spell_template.reagent2,
set,61157,Reagent[2],sql:spell_template.reagent3,
set,61157,Reagent[3],sql:spell_template.reagent4,
set,61157,Reagent[4],sql:spell_template.reagent5,
set,61157,Reagent[5],sql:spell_template.reagent6,
set,61157,Reagent[6],sql:spell_template.reagent7,
set,61157,Reagent[7],sql:spell_template.reagent8,
set,61157,ReagentCount[0],sql:spell_template.reagentCount1,
set,61157,ReagentCount[1],sql:spell_template.reagentCount2,
set,61157,ReagentCount[2],sql:spell_template.reagentCount3,
set,61157,ReagentCount[3],sql:spell_template.reagentCount4,
set,61157,ReagentCount[4],sql:spell_template.reagentCount5,
set,61157,ReagentCount[5],sql:spell_template.reagentCount6,
set,61157,ReagentCount[6],sql:spell_template.reagentCount7,
set,61157,ReagentCount[7],sql:spell_template.reagentCount8,
set,61157,EquippedItemClass,sql:spell_template.equippedItemClass,
set,61157,EquippedItemSubclass,sql:spell_template.equippedItemSubClassMask,
set,61157,EquippedItemInvTypes,sql:spell_template.equippedItemInventoryTypeMask,
set,61157,EffectMechanic[0],sql:spell_template.effectMechanic1,
set,61157,EffectMechanic[1],sql:spell_template.effectMechanic2,
set,61157,EffectMechanic[2],sql:spell_template.effectMechanic3,
set,61157,SpellVisualID[0],sql:spell_template.spellVisual1,
set,61157,SpellVisualID[1],sql:spell_template.spellVisual2,
set,61157,ActiveIconID,sql:spell_template.activeIconId,
set,61157,SpellPriority,sql:spell_template.spellPriority,
set,61157,Name_lang_enUS,sql:spell_template.name,
set,61157,NameSubtext_lang_enUS,sql:spell_template.nameSubtext,
set,61157,Description_lang_enUS,sql:spell_template.description,
set,61157,AuraDescription_lang_enUS,sql:spell_template.auraDescription,
set,61157,MaxTargetLevel,sql:spell_template.maxTargetLevel,
set,61157,SpellClassSet,sql:spell_template.spellFamilyName,
set,61157,MaxTargets,sql:spell_template.maxAffectedTargets,
set,61157,DefenseType,sql:spell_template.dmgClass,
set,61157,PreventionType,sql:spell_template.preventionType,
set,61157,StanceBarOrder,sql:spell_template.stanceBarOrder,
set,61157,EffectChainAmplitude[0],sql:spell_template.dmgMultiplier1,
set,61157,EffectChainAmplitude[1],sql:spell_template.dmgMultiplier2,
set,61157,EffectChainAmplitude[2],sql:spell_template.dmgMultiplier3,
set,61157,MinFactionID,sql:spell_template.minFactionId,
set,61157,MinReputation,sql:spell_template.minReputation,
set,61157,RequiredAuraVision,sql:spell_template.requiredAuraVision,
set,61157,SpellClassMask[0],0,spellFamilyFlags low
set,61157,SpellClassMask[1],0,spellFamilyFlags high
insert,61158,,copy:12297,#367 talent rank (core#194)
set,61158,CastingTimeIndex,sql:spell_template.castingTimeIndex,
set,61158,RecoveryTime,sql:spell_template.recoveryTime,
set,61158,CategoryRecoveryTime,sql:spell_template.categoryRecoveryTime,
set,61158,ProcChance,sql:spell_template.procChance,
set,61158,ProcCharges,sql:spell_template.procCharges,
set,61158,DurationIndex,sql:spell_template.durationIndex,
set,61158,PowerType,sql:spell_template.powerType,
set,61158,ManaCost,sql:spell_template.manaCost,
set,61158,RangeIndex,sql:spell_template.rangeIndex,
set,61158,Speed,sql:spell_template.speed,
set,61158,CumulativeAura,sql:spell_template.stackAmount,
set,61158,SpellIconID,sql:spell_template.spellIconId,
set,61158,ManaCostPct,sql:spell_template.manaCostPercentage,
set,61158,StartRecoveryCategory,sql:spell_template.startRecoveryCategory,
set,61158,StartRecoveryTime,sql:spell_template.startRecoveryTime,
set,61158,Effect[0],sql:spell_template.effect1,
set,61158,EffectDieSides[0],sql:spell_template.effectDieSides1,
set,61158,EffectBaseDice[0],sql:spell_template.effectBaseDice1,
set,61158,EffectDicePerLevel[0],sql:spell_template.effectDicePerLevel1,
set,61158,EffectRealPointsPerLevel[0],sql:spell_template.effectRealPointsPerLevel1,
set,61158,EffectBasePoints[0],sql:spell_template.effectBasePoints1,
set,61158,EffectAura[0],sql:spell_template.effectApplyAuraName1,
set,61158,EffectRadiusIndex[0],sql:spell_template.effectRadiusIndex1,
set,61158,EffectChainTargets[0],sql:spell_template.effectChainTarget1,
set,61158,EffectMiscValue[0],sql:spell_template.effectMiscValue1,
set,61158,EffectTriggerSpell[0],sql:spell_template.effectTriggerSpell1,
set,61158,EffectPointsPerCombo[0],sql:spell_template.effectPointsPerComboPoint1,
set,61158,Effect[1],sql:spell_template.effect2,
set,61158,EffectDieSides[1],sql:spell_template.effectDieSides2,
set,61158,EffectBaseDice[1],sql:spell_template.effectBaseDice2,
set,61158,EffectDicePerLevel[1],sql:spell_template.effectDicePerLevel2,
set,61158,EffectRealPointsPerLevel[1],sql:spell_template.effectRealPointsPerLevel2,
set,61158,EffectBasePoints[1],sql:spell_template.effectBasePoints2,
set,61158,EffectAura[1],sql:spell_template.effectApplyAuraName2,
set,61158,EffectRadiusIndex[1],sql:spell_template.effectRadiusIndex2,
set,61158,EffectChainTargets[1],sql:spell_template.effectChainTarget2,
set,61158,EffectMiscValue[1],sql:spell_template.effectMiscValue2,
set,61158,EffectTriggerSpell[1],sql:spell_template.effectTriggerSpell2,
set,61158,EffectPointsPerCombo[1],sql:spell_template.effectPointsPerComboPoint2,
set,61158,Effect[2],sql:spell_template.effect3,
set,61158,EffectDieSides[2],sql:spell_template.effectDieSides3,
set,61158,EffectBaseDice[2],sql:spell_template.effectBaseDice3,
set,61158,EffectDicePerLevel[2],sql:spell_template.effectDicePerLevel3,
set,61158,EffectRealPointsPerLevel[2],sql:spell_template.effectRealPointsPerLevel3,
set,61158,EffectBasePoints[2],sql:spell_template.effectBasePoints3,
set,61158,EffectAura[2],sql:spell_template.effectApplyAuraName3,
set,61158,EffectRadiusIndex[2],sql:spell_template.effectRadiusIndex3,
set,61158,EffectChainTargets[2],sql:spell_template.effectChainTarget3,
set,61158,EffectMiscValue[2],sql:spell_template.effectMiscValue3,
set,61158,EffectTriggerSpell[2],sql:spell_template.effectTriggerSpell3,
set,61158,EffectPointsPerCombo[2],sql:spell_template.effectPointsPerComboPoint3,
set,61158,EffectAuraPeriod[0],sql:spell_template.effectAmplitude1,
set,61158,EffectAmplitude[0],sql:spell_template.effectMultipleValue1,
set,61158,ImplicitTargetA[0],sql:spell_template.effectImplicitTargetA1,
set,61158,ImplicitTargetB[0],sql:spell_template.effectImplicitTargetB1,
set,61158,EffectItemType[0],sql:spell_template.effectItemType1,
set,61158,EffectAuraPeriod[1],sql:spell_template.effectAmplitude2,
set,61158,EffectAmplitude[1],sql:spell_template.effectMultipleValue2,
set,61158,ImplicitTargetA[1],sql:spell_template.effectImplicitTargetA2,
set,61158,ImplicitTargetB[1],sql:spell_template.effectImplicitTargetB2,
set,61158,EffectItemType[1],sql:spell_template.effectItemType2,
set,61158,EffectAuraPeriod[2],sql:spell_template.effectAmplitude3,
set,61158,EffectAmplitude[2],sql:spell_template.effectMultipleValue3,
set,61158,ImplicitTargetA[2],sql:spell_template.effectImplicitTargetA3,
set,61158,ImplicitTargetB[2],sql:spell_template.effectImplicitTargetB3,
set,61158,EffectItemType[2],sql:spell_template.effectItemType3,
set,61158,School,sql:spell_template.school,
set,61158,Attributes,sql:spell_template.attributes,
set,61158,AttributesEx,sql:spell_template.attributesEx,
set,61158,AttributesExB,sql:spell_template.attributesEx2,
set,61158,AttributesExC,sql:spell_template.attributesEx3,
set,61158,AttributesExD,sql:spell_template.attributesEx4,
set,61158,Category,sql:spell_template.category,
set,61158,CastUI,sql:spell_template.castUI,
set,61158,DispelType,sql:spell_template.dispel,
set,61158,Mechanic,sql:spell_template.mechanic,
set,61158,ShapeshiftMask,sql:spell_template.stances,
set,61158,ShapeshiftExclude,sql:spell_template.stancesNot,
set,61158,Targets,sql:spell_template.targets,
set,61158,TargetCreatureType,sql:spell_template.targetCreatureType,
set,61158,RequiresSpellFocus,sql:spell_template.requiresSpellFocus,
set,61158,CasterAuraState,sql:spell_template.casterAuraState,
set,61158,TargetAuraState,sql:spell_template.targetAuraState,
set,61158,InterruptFlags,sql:spell_template.interruptFlags,
set,61158,AuraInterruptFlags,sql:spell_template.auraInterruptFlags,
set,61158,ChannelInterruptFlags,sql:spell_template.channelInterruptFlags,
set,61158,ProcFlags,sql:spell_template.procFlags,
set,61158,MaxLevel,sql:spell_template.maxLevel,
set,61158,BaseLevel,sql:spell_template.baseLevel,
set,61158,SpellLevel,sql:spell_template.spellLevel,
set,61158,ManaCostPerLevel,sql:spell_template.manCostPerLevel,
set,61158,ManaPerSecond,sql:spell_template.manaPerSecond,
set,61158,ManaPerSecondPerLevel,sql:spell_template.manaPerSecondPerLevel,
set,61158,ModalNextSpell,sql:spell_template.modelNextSpell,
set,61158,Totem[0],sql:spell_template.totem1,
set,61158,Totem[1],sql:spell_template.totem2,
set,61158,Reagent[0],sql:spell_template.reagent1,
set,61158,Reagent[1],sql:spell_template.reagent2,
set,61158,Reagent[2],sql:spell_template.reagent3,
set,61158,Reagent[3],sql:spell_template.reagent4,
set,61158,Reagent[4],sql:spell_template.reagent5,
set,61158,Reagent[5],sql:spell_template.reagent6,
set,61158,Reagent[6],sql:spell_template.reagent7,
set,61158,Reagent[7],sql:spell_template.reagent8,
set,61158,ReagentCount[0],sql:spell_template.reagentCount1,
set,61158,ReagentCount[1],sql:spell_template.reagentCount2,
set,61158,ReagentCount[2],sql:spell_template.reagentCount3,
set,61158,ReagentCount[3],sql:spell_template.reagentCount4,
set,61158,ReagentCount[4],sql:spell_template.reagentCount5,
set,61158,ReagentCount[5],sql:spell_template.reagentCount6,
set,61158,ReagentCount[6],sql:spell_template.reagentCount7,
set,61158,ReagentCount[7],sql:spell_template.reagentCount8,
set,61158,EquippedItemClass,sql:spell_template.equippedItemClass,
set,61158,EquippedItemSubclass,sql:spell_template.equippedItemSubClassMask,
set,61158,EquippedItemInvTypes,sql:spell_template.equippedItemInventoryTypeMask,
set,61158,EffectMechanic[0],sql:spell_template.effectMechanic1,
set,61158,EffectMechanic[1],sql:spell_template.effectMechanic2,
set,61158,EffectMechanic[2],sql:spell_template.effectMechanic3,
set,61158,SpellVisualID[0],sql:spell_template.spellVisual1,
set,61158,SpellVisualID[1],sql:spell_template.spellVisual2,
set,61158,ActiveIconID,sql:spell_template.activeIconId,
set,61158,SpellPriority,sql:spell_template.spellPriority,
set,61158,Name_lang_enUS,sql:spell_template.name,
set,61158,NameSubtext_lang_enUS,sql:spell_template.nameSubtext,
set,61158,Description_lang_enUS,sql:spell_template.description,
set,61158,AuraDescription_lang_enUS,sql:spell_template.auraDescription,
set,61158,MaxTargetLevel,sql:spell_template.maxTargetLevel,
set,61158,SpellClassSet,sql:spell_template.spellFamilyName,
set,61158,MaxTargets,sql:spell_template.maxAffectedTargets,
set,61158,DefenseType,sql:spell_template.dmgClass,
set,61158,PreventionType,sql:spell_template.preventionType,
set,61158,StanceBarOrder,sql:spell_template.stanceBarOrder,
set,61158,EffectChainAmplitude[0],sql:spell_template.dmgMultiplier1,
set,61158,EffectChainAmplitude[1],sql:spell_template.dmgMultiplier2,
set,61158,EffectChainAmplitude[2],sql:spell_template.dmgMultiplier3,
set,61158,MinFactionID,sql:spell_template.minFactionId,
set,61158,MinReputation,sql:spell_template.minReputation,
set,61158,RequiredAuraVision,sql:spell_template.requiredAuraVision,
set,61158,SpellClassMask[0],0,spellFamilyFlags low
set,61158,SpellClassMask[1],0,spellFamilyFlags high
insert,61159,,copy:12297,#367 talent rank (core#194)
set,61159,CastingTimeIndex,sql:spell_template.castingTimeIndex,
set,61159,RecoveryTime,sql:spell_template.recoveryTime,
set,61159,CategoryRecoveryTime,sql:spell_template.categoryRecoveryTime,
set,61159,ProcChance,sql:spell_template.procChance,
set,61159,ProcCharges,sql:spell_template.procCharges,
set,61159,DurationIndex,sql:spell_template.durationIndex,
set,61159,PowerType,sql:spell_template.powerType,
set,61159,ManaCost,sql:spell_template.manaCost,
set,61159,RangeIndex,sql:spell_template.rangeIndex,
set,61159,Speed,sql:spell_template.speed,
set,61159,CumulativeAura,sql:spell_template.stackAmount,
set,61159,SpellIconID,sql:spell_template.spellIconId,
set,61159,ManaCostPct,sql:spell_template.manaCostPercentage,
set,61159,StartRecoveryCategory,sql:spell_template.startRecoveryCategory,
set,61159,StartRecoveryTime,sql:spell_template.startRecoveryTime,
set,61159,Effect[0],sql:spell_template.effect1,
set,61159,EffectDieSides[0],sql:spell_template.effectDieSides1,
set,61159,EffectBaseDice[0],sql:spell_template.effectBaseDice1,
set,61159,EffectDicePerLevel[0],sql:spell_template.effectDicePerLevel1,
set,61159,EffectRealPointsPerLevel[0],sql:spell_template.effectRealPointsPerLevel1,
set,61159,EffectBasePoints[0],sql:spell_template.effectBasePoints1,
set,61159,EffectAura[0],sql:spell_template.effectApplyAuraName1,
set,61159,EffectRadiusIndex[0],sql:spell_template.effectRadiusIndex1,
set,61159,EffectChainTargets[0],sql:spell_template.effectChainTarget1,
set,61159,EffectMiscValue[0],sql:spell_template.effectMiscValue1,
set,61159,EffectTriggerSpell[0],sql:spell_template.effectTriggerSpell1,
set,61159,EffectPointsPerCombo[0],sql:spell_template.effectPointsPerComboPoint1,
set,61159,Effect[1],sql:spell_template.effect2,
set,61159,EffectDieSides[1],sql:spell_template.effectDieSides2,
set,61159,EffectBaseDice[1],sql:spell_template.effectBaseDice2,
set,61159,EffectDicePerLevel[1],sql:spell_template.effectDicePerLevel2,
set,61159,EffectRealPointsPerLevel[1],sql:spell_template.effectRealPointsPerLevel2,
set,61159,EffectBasePoints[1],sql:spell_template.effectBasePoints2,
set,61159,EffectAura[1],sql:spell_template.effectApplyAuraName2,
set,61159,EffectRadiusIndex[1],sql:spell_template.effectRadiusIndex2,
set,61159,EffectChainTargets[1],sql:spell_template.effectChainTarget2,
set,61159,EffectMiscValue[1],sql:spell_template.effectMiscValue2,
set,61159,EffectTriggerSpell[1],sql:spell_template.effectTriggerSpell2,
set,61159,EffectPointsPerCombo[1],sql:spell_template.effectPointsPerComboPoint2,
set,61159,Effect[2],sql:spell_template.effect3,
set,61159,EffectDieSides[2],sql:spell_template.effectDieSides3,
set,61159,EffectBaseDice[2],sql:spell_template.effectBaseDice3,
set,61159,EffectDicePerLevel[2],sql:spell_template.effectDicePerLevel3,
set,61159,EffectRealPointsPerLevel[2],sql:spell_template.effectRealPointsPerLevel3,
set,61159,EffectBasePoints[2],sql:spell_template.effectBasePoints3,
set,61159,EffectAura[2],sql:spell_template.effectApplyAuraName3,
set,61159,EffectRadiusIndex[2],sql:spell_template.effectRadiusIndex3,
set,61159,EffectChainTargets[2],sql:spell_template.effectChainTarget3,
set,61159,EffectMiscValue[2],sql:spell_template.effectMiscValue3,
set,61159,EffectTriggerSpell[2],sql:spell_template.effectTriggerSpell3,
set,61159,EffectPointsPerCombo[2],sql:spell_template.effectPointsPerComboPoint3,
set,61159,EffectAuraPeriod[0],sql:spell_template.effectAmplitude1,
set,61159,EffectAmplitude[0],sql:spell_template.effectMultipleValue1,
set,61159,ImplicitTargetA[0],sql:spell_template.effectImplicitTargetA1,
set,61159,ImplicitTargetB[0],sql:spell_template.effectImplicitTargetB1,
set,61159,EffectItemType[0],sql:spell_template.effectItemType1,
set,61159,EffectAuraPeriod[1],sql:spell_template.effectAmplitude2,
set,61159,EffectAmplitude[1],sql:spell_template.effectMultipleValue2,
set,61159,ImplicitTargetA[1],sql:spell_template.effectImplicitTargetA2,
set,61159,ImplicitTargetB[1],sql:spell_template.effectImplicitTargetB2,
set,61159,EffectItemType[1],sql:spell_template.effectItemType2,
set,61159,EffectAuraPeriod[2],sql:spell_template.effectAmplitude3,
set,61159,EffectAmplitude[2],sql:spell_template.effectMultipleValue3,
set,61159,ImplicitTargetA[2],sql:spell_template.effectImplicitTargetA3,
set,61159,ImplicitTargetB[2],sql:spell_template.effectImplicitTargetB3,
set,61159,EffectItemType[2],sql:spell_template.effectItemType3,
set,61159,School,sql:spell_template.school,
set,61159,Attributes,sql:spell_template.attributes,
set,61159,AttributesEx,sql:spell_template.attributesEx,
set,61159,AttributesExB,sql:spell_template.attributesEx2,
set,61159,AttributesExC,sql:spell_template.attributesEx3,
set,61159,AttributesExD,sql:spell_template.attributesEx4,
set,61159,Category,sql:spell_template.category,
set,61159,CastUI,sql:spell_template.castUI,
set,61159,DispelType,sql:spell_template.dispel,
set,61159,Mechanic,sql:spell_template.mechanic,
set,61159,ShapeshiftMask,sql:spell_template.stances,
set,61159,ShapeshiftExclude,sql:spell_template.stancesNot,
set,61159,Targets,sql:spell_template.targets,
set,61159,TargetCreatureType,sql:spell_template.targetCreatureType,
set,61159,RequiresSpellFocus,sql:spell_template.requiresSpellFocus,
set,61159,CasterAuraState,sql:spell_template.casterAuraState,
set,61159,TargetAuraState,sql:spell_template.targetAuraState,
set,61159,InterruptFlags,sql:spell_template.interruptFlags,
set,61159,AuraInterruptFlags,sql:spell_template.auraInterruptFlags,
set,61159,ChannelInterruptFlags,sql:spell_template.channelInterruptFlags,
set,61159,ProcFlags,sql:spell_template.procFlags,
set,61159,MaxLevel,sql:spell_template.maxLevel,
set,61159,BaseLevel,sql:spell_template.baseLevel,
set,61159,SpellLevel,sql:spell_template.spellLevel,
set,61159,ManaCostPerLevel,sql:spell_template.manCostPerLevel,
set,61159,ManaPerSecond,sql:spell_template.manaPerSecond,
set,61159,ManaPerSecondPerLevel,sql:spell_template.manaPerSecondPerLevel,
set,61159,ModalNextSpell,sql:spell_template.modelNextSpell,
set,61159,Totem[0],sql:spell_template.totem1,
set,61159,Totem[1],sql:spell_template.totem2,
set,61159,Reagent[0],sql:spell_template.reagent1,
set,61159,Reagent[1],sql:spell_template.reagent2,
set,61159,Reagent[2],sql:spell_template.reagent3,
set,61159,Reagent[3],sql:spell_template.reagent4,
set,61159,Reagent[4],sql:spell_template.reagent5,
set,61159,Reagent[5],sql:spell_template.reagent6,
set,61159,Reagent[6],sql:spell_template.reagent7,
set,61159,Reagent[7],sql:spell_template.reagent8,
set,61159,ReagentCount[0],sql:spell_template.reagentCount1,
set,61159,ReagentCount[1],sql:spell_template.reagentCount2,
set,61159,ReagentCount[2],sql:spell_template.reagentCount3,
set,61159,ReagentCount[3],sql:spell_template.reagentCount4,
set,61159,ReagentCount[4],sql:spell_template.reagentCount5,
set,61159,ReagentCount[5],sql:spell_template.reagentCount6,
set,61159,ReagentCount[6],sql:spell_template.reagentCount7,
set,61159,ReagentCount[7],sql:spell_template.reagentCount8,
set,61159,EquippedItemClass,sql:spell_template.equippedItemClass,
set,61159,EquippedItemSubclass,sql:spell_template.equippedItemSubClassMask,
set,61159,EquippedItemInvTypes,sql:spell_template.equippedItemInventoryTypeMask,
set,61159,EffectMechanic[0],sql:spell_template.effectMechanic1,
set,61159,EffectMechanic[1],sql:spell_template.effectMechanic2,
set,61159,EffectMechanic[2],sql:spell_template.effectMechanic3,
set,61159,SpellVisualID[0],sql:spell_template.spellVisual1,
set,61159,SpellVisualID[1],sql:spell_template.spellVisual2,
set,61159,ActiveIconID,sql:spell_template.activeIconId,
set,61159,SpellPriority,sql:spell_template.spellPriority,
set,61159,Name_lang_enUS,sql:spell_template.name,
set,61159,NameSubtext_lang_enUS,sql:spell_template.nameSubtext,
set,61159,Description_lang_enUS,sql:spell_template.description,
set,61159,AuraDescription_lang_enUS,sql:spell_template.auraDescription,
set,61159,MaxTargetLevel,sql:spell_template.maxTargetLevel,
set,61159,SpellClassSet,sql:spell_template.spellFamilyName,
set,61159,MaxTargets,sql:spell_template.maxAffectedTargets,
set,61159,DefenseType,sql:spell_template.dmgClass,
set,61159,PreventionType,sql:spell_template.preventionType,
set,61159,StanceBarOrder,sql:spell_template.stanceBarOrder,
set,61159,EffectChainAmplitude[0],sql:spell_template.dmgMultiplier1,
set,61159,EffectChainAmplitude[1],sql:spell_template.dmgMultiplier2,
set,61159,EffectChainAmplitude[2],sql:spell_template.dmgMultiplier3,
set,61159,MinFactionID,sql:spell_template.minFactionId,
set,61159,MinReputation,sql:spell_template.minReputation,
set,61159,RequiredAuraVision,sql:spell_template.requiredAuraVision,
set,61159,SpellClassMask[0],0,spellFamilyFlags low
set,61159,SpellClassMask[1],0,spellFamilyFlags high
insert,61160,,copy:12297,#367 talent rank (core#194)
set,61160,CastingTimeIndex,sql:spell_template.castingTimeIndex,
set,61160,RecoveryTime,sql:spell_template.recoveryTime,
set,61160,CategoryRecoveryTime,sql:spell_template.categoryRecoveryTime,
set,61160,ProcChance,sql:spell_template.procChance,
set,61160,ProcCharges,sql:spell_template.procCharges,
set,61160,DurationIndex,sql:spell_template.durationIndex,
set,61160,PowerType,sql:spell_template.powerType,
set,61160,ManaCost,sql:spell_template.manaCost,
set,61160,RangeIndex,sql:spell_template.rangeIndex,
set,61160,Speed,sql:spell_template.speed,
set,61160,CumulativeAura,sql:spell_template.stackAmount,
set,61160,SpellIconID,sql:spell_template.spellIconId,
set,61160,ManaCostPct,sql:spell_template.manaCostPercentage,
set,61160,StartRecoveryCategory,sql:spell_template.startRecoveryCategory,
set,61160,StartRecoveryTime,sql:spell_template.startRecoveryTime,
set,61160,Effect[0],sql:spell_template.effect1,
set,61160,EffectDieSides[0],sql:spell_template.effectDieSides1,
set,61160,EffectBaseDice[0],sql:spell_template.effectBaseDice1,
set,61160,EffectDicePerLevel[0],sql:spell_template.effectDicePerLevel1,
set,61160,EffectRealPointsPerLevel[0],sql:spell_template.effectRealPointsPerLevel1,
set,61160,EffectBasePoints[0],sql:spell_template.effectBasePoints1,
set,61160,EffectAura[0],sql:spell_template.effectApplyAuraName1,
set,61160,EffectRadiusIndex[0],sql:spell_template.effectRadiusIndex1,
set,61160,EffectChainTargets[0],sql:spell_template.effectChainTarget1,
set,61160,EffectMiscValue[0],sql:spell_template.effectMiscValue1,
set,61160,EffectTriggerSpell[0],sql:spell_template.effectTriggerSpell1,
set,61160,EffectPointsPerCombo[0],sql:spell_template.effectPointsPerComboPoint1,
set,61160,Effect[1],sql:spell_template.effect2,
set,61160,EffectDieSides[1],sql:spell_template.effectDieSides2,
set,61160,EffectBaseDice[1],sql:spell_template.effectBaseDice2,
set,61160,EffectDicePerLevel[1],sql:spell_template.effectDicePerLevel2,
set,61160,EffectRealPointsPerLevel[1],sql:spell_template.effectRealPointsPerLevel2,
set,61160,EffectBasePoints[1],sql:spell_template.effectBasePoints2,
set,61160,EffectAura[1],sql:spell_template.effectApplyAuraName2,
set,61160,EffectRadiusIndex[1],sql:spell_template.effectRadiusIndex2,
set,61160,EffectChainTargets[1],sql:spell_template.effectChainTarget2,
set,61160,EffectMiscValue[1],sql:spell_template.effectMiscValue2,
set,61160,EffectTriggerSpell[1],sql:spell_template.effectTriggerSpell2,
set,61160,EffectPointsPerCombo[1],sql:spell_template.effectPointsPerComboPoint2,
set,61160,Effect[2],sql:spell_template.effect3,
set,61160,EffectDieSides[2],sql:spell_template.effectDieSides3,
set,61160,EffectBaseDice[2],sql:spell_template.effectBaseDice3,
set,61160,EffectDicePerLevel[2],sql:spell_template.effectDicePerLevel3,
set,61160,EffectRealPointsPerLevel[2],sql:spell_template.effectRealPointsPerLevel3,
set,61160,EffectBasePoints[2],sql:spell_template.effectBasePoints3,
set,61160,EffectAura[2],sql:spell_template.effectApplyAuraName3,
set,61160,EffectRadiusIndex[2],sql:spell_template.effectRadiusIndex3,
set,61160,EffectChainTargets[2],sql:spell_template.effectChainTarget3,
set,61160,EffectMiscValue[2],sql:spell_template.effectMiscValue3,
set,61160,EffectTriggerSpell[2],sql:spell_template.effectTriggerSpell3,
set,61160,EffectPointsPerCombo[2],sql:spell_template.effectPointsPerComboPoint3,
set,61160,EffectAuraPeriod[0],sql:spell_template.effectAmplitude1,
set,61160,EffectAmplitude[0],sql:spell_template.effectMultipleValue1,
set,61160,ImplicitTargetA[0],sql:spell_template.effectImplicitTargetA1,
set,61160,ImplicitTargetB[0],sql:spell_template.effectImplicitTargetB1,
set,61160,EffectItemType[0],sql:spell_template.effectItemType1,
set,61160,EffectAuraPeriod[1],sql:spell_template.effectAmplitude2,
set,61160,EffectAmplitude[1],sql:spell_template.effectMultipleValue2,
set,61160,ImplicitTargetA[1],sql:spell_template.effectImplicitTargetA2,
set,61160,ImplicitTargetB[1],sql:spell_template.effectImplicitTargetB2,
set,61160,EffectItemType[1],sql:spell_template.effectItemType2,
set,61160,EffectAuraPeriod[2],sql:spell_template.effectAmplitude3,
set,61160,EffectAmplitude[2],sql:spell_template.effectMultipleValue3,
set,61160,ImplicitTargetA[2],sql:spell_template.effectImplicitTargetA3,
set,61160,ImplicitTargetB[2],sql:spell_template.effectImplicitTargetB3,
set,61160,EffectItemType[2],sql:spell_template.effectItemType3,
set,61160,School,sql:spell_template.school,
set,61160,Attributes,sql:spell_template.attributes,
set,61160,AttributesEx,sql:spell_template.attributesEx,
set,61160,AttributesExB,sql:spell_template.attributesEx2,
set,61160,AttributesExC,sql:spell_template.attributesEx3,
set,61160,AttributesExD,sql:spell_template.attributesEx4,
set,61160,Category,sql:spell_template.category,
set,61160,CastUI,sql:spell_template.castUI,
set,61160,DispelType,sql:spell_template.dispel,
set,61160,Mechanic,sql:spell_template.mechanic,
set,61160,ShapeshiftMask,sql:spell_template.stances,
set,61160,ShapeshiftExclude,sql:spell_template.stancesNot,
set,61160,Targets,sql:spell_template.targets,
set,61160,TargetCreatureType,sql:spell_template.targetCreatureType,
set,61160,RequiresSpellFocus,sql:spell_template.requiresSpellFocus,
set,61160,CasterAuraState,sql:spell_template.casterAuraState,
set,61160,TargetAuraState,sql:spell_template.targetAuraState,
set,61160,InterruptFlags,sql:spell_template.interruptFlags,
set,61160,AuraInterruptFlags,sql:spell_template.auraInterruptFlags,
set,61160,ChannelInterruptFlags,sql:spell_template.channelInterruptFlags,
set,61160,ProcFlags,sql:spell_template.procFlags,
set,61160,MaxLevel,sql:spell_template.maxLevel,
set,61160,BaseLevel,sql:spell_template.baseLevel,
set,61160,SpellLevel,sql:spell_template.spellLevel,
set,61160,ManaCostPerLevel,sql:spell_template.manCostPerLevel,
set,61160,ManaPerSecond,sql:spell_template.manaPerSecond,
set,61160,ManaPerSecondPerLevel,sql:spell_template.manaPerSecondPerLevel,
set,61160,ModalNextSpell,sql:spell_template.modelNextSpell,
set,61160,Totem[0],sql:spell_template.totem1,
set,61160,Totem[1],sql:spell_template.totem2,
set,61160,Reagent[0],sql:spell_template.reagent1,
set,61160,Reagent[1],sql:spell_template.reagent2,
set,61160,Reagent[2],sql:spell_template.reagent3,
set,61160,Reagent[3],sql:spell_template.reagent4,
set,61160,Reagent[4],sql:spell_template.reagent5,
set,61160,Reagent[5],sql:spell_template.reagent6,
set,61160,Reagent[6],sql:spell_template.reagent7,
set,61160,Reagent[7],sql:spell_template.reagent8,
set,61160,ReagentCount[0],sql:spell_template.reagentCount1,
set,61160,ReagentCount[1],sql:spell_template.reagentCount2,
set,61160,ReagentCount[2],sql:spell_template.reagentCount3,
set,61160,ReagentCount[3],sql:spell_template.reagentCount4,
set,61160,ReagentCount[4],sql:spell_template.reagentCount5,
set,61160,ReagentCount[5],sql:spell_template.reagentCount6,
set,61160,ReagentCount[6],sql:spell_template.reagentCount7,
set,61160,ReagentCount[7],sql:spell_template.reagentCount8,
set,61160,EquippedItemClass,sql:spell_template.equippedItemClass,
set,61160,EquippedItemSubclass,sql:spell_template.equippedItemSubClassMask,
set,61160,EquippedItemInvTypes,sql:spell_template.equippedItemInventoryTypeMask,
set,61160,EffectMechanic[0],sql:spell_template.effectMechanic1,
set,61160,EffectMechanic[1],sql:spell_template.effectMechanic2,
set,61160,EffectMechanic[2],sql:spell_template.effectMechanic3,
set,61160,SpellVisualID[0],sql:spell_template.spellVisual1,
set,61160,SpellVisualID[1],sql:spell_template.spellVisual2,
set,61160,ActiveIconID,sql:spell_template.activeIconId,
set,61160,SpellPriority,sql:spell_template.spellPriority,
set,61160,Name_lang_enUS,sql:spell_template.name,
set,61160,NameSubtext_lang_enUS,sql:spell_template.nameSubtext,
set,61160,Description_lang_enUS,sql:spell_template.description,
set,61160,AuraDescription_lang_enUS,sql:spell_template.auraDescription,
set,61160,MaxTargetLevel,sql:spell_template.maxTargetLevel,
set,61160,SpellClassSet,sql:spell_template.spellFamilyName,
set,61160,MaxTargets,sql:spell_template.maxAffectedTargets,
set,61160,DefenseType,sql:spell_template.dmgClass,
set,61160,PreventionType,sql:spell_template.preventionType,
set,61160,StanceBarOrder,sql:spell_template.stanceBarOrder,
set,61160,EffectChainAmplitude[0],sql:spell_template.dmgMultiplier1,
set,61160,EffectChainAmplitude[1],sql:spell_template.dmgMultiplier2,
set,61160,EffectChainAmplitude[2],sql:spell_template.dmgMultiplier3,
set,61160,MinFactionID,sql:spell_template.minFactionId,
set,61160,MinReputation,sql:spell_template.minReputation,
set,61160,RequiredAuraVision,sql:spell_template.requiredAuraVision,
set,61160,SpellClassMask[0],0,spellFamilyFlags low
set,61160,SpellClassMask[1],0,spellFamilyFlags high
insert,61161,,copy:12297,#367 talent rank (core#194)
set,61161,CastingTimeIndex,sql:spell_template.castingTimeIndex,
set,61161,RecoveryTime,sql:spell_template.recoveryTime,
set,61161,CategoryRecoveryTime,sql:spell_template.categoryRecoveryTime,
set,61161,ProcChance,sql:spell_template.procChance,
set,61161,ProcCharges,sql:spell_template.procCharges,
set,61161,DurationIndex,sql:spell_template.durationIndex,
set,61161,PowerType,sql:spell_template.powerType,
set,61161,ManaCost,sql:spell_template.manaCost,
set,61161,RangeIndex,sql:spell_template.rangeIndex,
set,61161,Speed,sql:spell_template.speed,
set,61161,CumulativeAura,sql:spell_template.stackAmount,
set,61161,SpellIconID,sql:spell_template.spellIconId,
set,61161,ManaCostPct,sql:spell_template.manaCostPercentage,
set,61161,StartRecoveryCategory,sql:spell_template.startRecoveryCategory,
set,61161,StartRecoveryTime,sql:spell_template.startRecoveryTime,
set,61161,Effect[0],sql:spell_template.effect1,
set,61161,EffectDieSides[0],sql:spell_template.effectDieSides1,
set,61161,EffectBaseDice[0],sql:spell_template.effectBaseDice1,
set,61161,EffectDicePerLevel[0],sql:spell_template.effectDicePerLevel1,
set,61161,EffectRealPointsPerLevel[0],sql:spell_template.effectRealPointsPerLevel1,
set,61161,EffectBasePoints[0],sql:spell_template.effectBasePoints1,
set,61161,EffectAura[0],sql:spell_template.effectApplyAuraName1,
set,61161,EffectRadiusIndex[0],sql:spell_template.effectRadiusIndex1,
set,61161,EffectChainTargets[0],sql:spell_template.effectChainTarget1,
set,61161,EffectMiscValue[0],sql:spell_template.effectMiscValue1,
set,61161,EffectTriggerSpell[0],sql:spell_template.effectTriggerSpell1,
set,61161,EffectPointsPerCombo[0],sql:spell_template.effectPointsPerComboPoint1,
set,61161,Effect[1],sql:spell_template.effect2,
set,61161,EffectDieSides[1],sql:spell_template.effectDieSides2,
set,61161,EffectBaseDice[1],sql:spell_template.effectBaseDice2,
set,61161,EffectDicePerLevel[1],sql:spell_template.effectDicePerLevel2,
set,61161,EffectRealPointsPerLevel[1],sql:spell_template.effectRealPointsPerLevel2,
set,61161,EffectBasePoints[1],sql:spell_template.effectBasePoints2,
set,61161,EffectAura[1],sql:spell_template.effectApplyAuraName2,
set,61161,EffectRadiusIndex[1],sql:spell_template.effectRadiusIndex2,
set,61161,EffectChainTargets[1],sql:spell_template.effectChainTarget2,
set,61161,EffectMiscValue[1],sql:spell_template.effectMiscValue2,
set,61161,EffectTriggerSpell[1],sql:spell_template.effectTriggerSpell2,
set,61161,EffectPointsPerCombo[1],sql:spell_template.effectPointsPerComboPoint2,
set,61161,Effect[2],sql:spell_template.effect3,
set,61161,EffectDieSides[2],sql:spell_template.effectDieSides3,
set,61161,EffectBaseDice[2],sql:spell_template.effectBaseDice3,
set,61161,EffectDicePerLevel[2],sql:spell_template.effectDicePerLevel3,
set,61161,EffectRealPointsPerLevel[2],sql:spell_template.effectRealPointsPerLevel3,
set,61161,EffectBasePoints[2],sql:spell_template.effectBasePoints3,
set,61161,EffectAura[2],sql:spell_template.effectApplyAuraName3,
set,61161,EffectRadiusIndex[2],sql:spell_template.effectRadiusIndex3,
set,61161,EffectChainTargets[2],sql:spell_template.effectChainTarget3,
set,61161,EffectMiscValue[2],sql:spell_template.effectMiscValue3,
set,61161,EffectTriggerSpell[2],sql:spell_template.effectTriggerSpell3,
set,61161,EffectPointsPerCombo[2],sql:spell_template.effectPointsPerComboPoint3,
set,61161,EffectAuraPeriod[0],sql:spell_template.effectAmplitude1,
set,61161,EffectAmplitude[0],sql:spell_template.effectMultipleValue1,
set,61161,ImplicitTargetA[0],sql:spell_template.effectImplicitTargetA1,
set,61161,ImplicitTargetB[0],sql:spell_template.effectImplicitTargetB1,
set,61161,EffectItemType[0],sql:spell_template.effectItemType1,
set,61161,EffectAuraPeriod[1],sql:spell_template.effectAmplitude2,
set,61161,EffectAmplitude[1],sql:spell_template.effectMultipleValue2,
set,61161,ImplicitTargetA[1],sql:spell_template.effectImplicitTargetA2,
set,61161,ImplicitTargetB[1],sql:spell_template.effectImplicitTargetB2,
set,61161,EffectItemType[1],sql:spell_template.effectItemType2,
set,61161,EffectAuraPeriod[2],sql:spell_template.effectAmplitude3,
set,61161,EffectAmplitude[2],sql:spell_template.effectMultipleValue3,
set,61161,ImplicitTargetA[2],sql:spell_template.effectImplicitTargetA3,
set,61161,ImplicitTargetB[2],sql:spell_template.effectImplicitTargetB3,
set,61161,EffectItemType[2],sql:spell_template.effectItemType3,
set,61161,School,sql:spell_template.school,
set,61161,Attributes,sql:spell_template.attributes,
set,61161,AttributesEx,sql:spell_template.attributesEx,
set,61161,AttributesExB,sql:spell_template.attributesEx2,
set,61161,AttributesExC,sql:spell_template.attributesEx3,
set,61161,AttributesExD,sql:spell_template.attributesEx4,
set,61161,Category,sql:spell_template.category,
set,61161,CastUI,sql:spell_template.castUI,
set,61161,DispelType,sql:spell_template.dispel,
set,61161,Mechanic,sql:spell_template.mechanic,
set,61161,ShapeshiftMask,sql:spell_template.stances,
set,61161,ShapeshiftExclude,sql:spell_template.stancesNot,
set,61161,Targets,sql:spell_template.targets,
set,61161,TargetCreatureType,sql:spell_template.targetCreatureType,
set,61161,RequiresSpellFocus,sql:spell_template.requiresSpellFocus,
set,61161,CasterAuraState,sql:spell_template.casterAuraState,
set,61161,TargetAuraState,sql:spell_template.targetAuraState,
set,61161,InterruptFlags,sql:spell_template.interruptFlags,
set,61161,AuraInterruptFlags,sql:spell_template.auraInterruptFlags,
set,61161,ChannelInterruptFlags,sql:spell_template.channelInterruptFlags,
set,61161,ProcFlags,sql:spell_template.procFlags,
set,61161,MaxLevel,sql:spell_template.maxLevel,
set,61161,BaseLevel,sql:spell_template.baseLevel,
set,61161,SpellLevel,sql:spell_template.spellLevel,
set,61161,ManaCostPerLevel,sql:spell_template.manCostPerLevel,
set,61161,ManaPerSecond,sql:spell_template.manaPerSecond,
set,61161,ManaPerSecondPerLevel,sql:spell_template.manaPerSecondPerLevel,
set,61161,ModalNextSpell,sql:spell_template.modelNextSpell,
set,61161,Totem[0],sql:spell_template.totem1,
set,61161,Totem[1],sql:spell_template.totem2,
set,61161,Reagent[0],sql:spell_template.reagent1,
set,61161,Reagent[1],sql:spell_template.reagent2,
set,61161,Reagent[2],sql:spell_template.reagent3,
set,61161,Reagent[3],sql:spell_template.reagent4,
set,61161,Reagent[4],sql:spell_template.reagent5,
set,61161,Reagent[5],sql:spell_template.reagent6,
set,61161,Reagent[6],sql:spell_template.reagent7,
set,61161,Reagent[7],sql:spell_template.reagent8,
set,61161,ReagentCount[0],sql:spell_template.reagentCount1,
set,61161,ReagentCount[1],sql:spell_template.reagentCount2,
set,61161,ReagentCount[2],sql:spell_template.reagentCount3,
set,61161,ReagentCount[3],sql:spell_template.reagentCount4,
set,61161,ReagentCount[4],sql:spell_template.reagentCount5,
set,61161,ReagentCount[5],sql:spell_template.reagentCount6,
set,61161,ReagentCount[6],sql:spell_template.reagentCount7,
set,61161,ReagentCount[7],sql:spell_template.reagentCount8,
set,61161,EquippedItemClass,sql:spell_template.equippedItemClass,
set,61161,EquippedItemSubclass,sql:spell_template.equippedItemSubClassMask,
set,61161,EquippedItemInvTypes,sql:spell_template.equippedItemInventoryTypeMask,
set,61161,EffectMechanic[0],sql:spell_template.effectMechanic1,
set,61161,EffectMechanic[1],sql:spell_template.effectMechanic2,
set,61161,EffectMechanic[2],sql:spell_template.effectMechanic3,
set,61161,SpellVisualID[0],sql:spell_template.spellVisual1,
set,61161,SpellVisualID[1],sql:spell_template.spellVisual2,
set,61161,ActiveIconID,sql:spell_template.activeIconId,
set,61161,SpellPriority,sql:spell_template.spellPriority,
set,61161,Name_lang_enUS,sql:spell_template.name,
set,61161,NameSubtext_lang_enUS,sql:spell_template.nameSubtext,
set,61161,Description_lang_enUS,sql:spell_template.description,
set,61161,AuraDescription_lang_enUS,sql:spell_template.auraDescription,
set,61161,MaxTargetLevel,sql:spell_template.maxTargetLevel,
set,61161,SpellClassSet,sql:spell_template.spellFamilyName,
set,61161,MaxTargets,sql:spell_template.maxAffectedTargets,
set,61161,DefenseType,sql:spell_template.dmgClass,
set,61161,PreventionType,sql:spell_template.preventionType,
set,61161,StanceBarOrder,sql:spell_template.stanceBarOrder,
set,61161,EffectChainAmplitude[0],sql:spell_template.dmgMultiplier1,
set,61161,EffectChainAmplitude[1],sql:spell_template.dmgMultiplier2,
set,61161,EffectChainAmplitude[2],sql:spell_template.dmgMultiplier3,
set,61161,MinFactionID,sql:spell_template.minFactionId,
set,61161,MinReputation,sql:spell_template.minReputation,
set,61161,RequiredAuraVision,sql:spell_template.requiredAuraVision,
set,61161,SpellClassMask[0],0,spellFamilyFlags low
set,61161,SpellClassMask[1],0,spellFamilyFlags high
insert,61162,,copy:12297,#367 talent rank (core#194)
set,61162,CastingTimeIndex,sql:spell_template.castingTimeIndex,
set,61162,RecoveryTime,sql:spell_template.recoveryTime,
set,61162,CategoryRecoveryTime,sql:spell_template.categoryRecoveryTime,
set,61162,ProcChance,sql:spell_template.procChance,
set,61162,ProcCharges,sql:spell_template.procCharges,
set,61162,DurationIndex,sql:spell_template.durationIndex,
set,61162,PowerType,sql:spell_template.powerType,
set,61162,ManaCost,sql:spell_template.manaCost,
set,61162,RangeIndex,sql:spell_template.rangeIndex,
set,61162,Speed,sql:spell_template.speed,
set,61162,CumulativeAura,sql:spell_template.stackAmount,
set,61162,SpellIconID,sql:spell_template.spellIconId,
set,61162,ManaCostPct,sql:spell_template.manaCostPercentage,
set,61162,StartRecoveryCategory,sql:spell_template.startRecoveryCategory,
set,61162,StartRecoveryTime,sql:spell_template.startRecoveryTime,
set,61162,Effect[0],sql:spell_template.effect1,
set,61162,EffectDieSides[0],sql:spell_template.effectDieSides1,
set,61162,EffectBaseDice[0],sql:spell_template.effectBaseDice1,
set,61162,EffectDicePerLevel[0],sql:spell_template.effectDicePerLevel1,
set,61162,EffectRealPointsPerLevel[0],sql:spell_template.effectRealPointsPerLevel1,
set,61162,EffectBasePoints[0],sql:spell_template.effectBasePoints1,
set,61162,EffectAura[0],sql:spell_template.effectApplyAuraName1,
set,61162,EffectRadiusIndex[0],sql:spell_template.effectRadiusIndex1,
set,61162,EffectChainTargets[0],sql:spell_template.effectChainTarget1,
set,61162,EffectMiscValue[0],sql:spell_template.effectMiscValue1,
set,61162,EffectTriggerSpell[0],sql:spell_template.effectTriggerSpell1,
set,61162,EffectPointsPerCombo[0],sql:spell_template.effectPointsPerComboPoint1,
set,61162,Effect[1],sql:spell_template.effect2,
set,61162,EffectDieSides[1],sql:spell_template.effectDieSides2,
set,61162,EffectBaseDice[1],sql:spell_template.effectBaseDice2,
set,61162,EffectDicePerLevel[1],sql:spell_template.effectDicePerLevel2,
set,61162,EffectRealPointsPerLevel[1],sql:spell_template.effectRealPointsPerLevel2,
set,61162,EffectBasePoints[1],sql:spell_template.effectBasePoints2,
set,61162,EffectAura[1],sql:spell_template.effectApplyAuraName2,
set,61162,EffectRadiusIndex[1],sql:spell_template.effectRadiusIndex2,
set,61162,EffectChainTargets[1],sql:spell_template.effectChainTarget2,
set,61162,EffectMiscValue[1],sql:spell_template.effectMiscValue2,
set,61162,EffectTriggerSpell[1],sql:spell_template.effectTriggerSpell2,
set,61162,EffectPointsPerCombo[1],sql:spell_template.effectPointsPerComboPoint2,
set,61162,Effect[2],sql:spell_template.effect3,
set,61162,EffectDieSides[2],sql:spell_template.effectDieSides3,
set,61162,EffectBaseDice[2],sql:spell_template.effectBaseDice3,
set,61162,EffectDicePerLevel[2],sql:spell_template.effectDicePerLevel3,
set,61162,EffectRealPointsPerLevel[2],sql:spell_template.effectRealPointsPerLevel3,
set,61162,EffectBasePoints[2],sql:spell_template.effectBasePoints3,
set,61162,EffectAura[2],sql:spell_template.effectApplyAuraName3,
set,61162,EffectRadiusIndex[2],sql:spell_template.effectRadiusIndex3,
set,61162,EffectChainTargets[2],sql:spell_template.effectChainTarget3,
set,61162,EffectMiscValue[2],sql:spell_template.effectMiscValue3,
set,61162,EffectTriggerSpell[2],sql:spell_template.effectTriggerSpell3,
set,61162,EffectPointsPerCombo[2],sql:spell_template.effectPointsPerComboPoint3,
set,61162,EffectAuraPeriod[0],sql:spell_template.effectAmplitude1,
set,61162,EffectAmplitude[0],sql:spell_template.effectMultipleValue1,
set,61162,ImplicitTargetA[0],sql:spell_template.effectImplicitTargetA1,
set,61162,ImplicitTargetB[0],sql:spell_template.effectImplicitTargetB1,
set,61162,EffectItemType[0],sql:spell_template.effectItemType1,
set,61162,EffectAuraPeriod[1],sql:spell_template.effectAmplitude2,
set,61162,EffectAmplitude[1],sql:spell_template.effectMultipleValue2,
set,61162,ImplicitTargetA[1],sql:spell_template.effectImplicitTargetA2,
set,61162,ImplicitTargetB[1],sql:spell_template.effectImplicitTargetB2,
set,61162,EffectItemType[1],sql:spell_template.effectItemType2,
set,61162,EffectAuraPeriod[2],sql:spell_template.effectAmplitude3,
set,61162,EffectAmplitude[2],sql:spell_template.effectMultipleValue3,
set,61162,ImplicitTargetA[2],sql:spell_template.effectImplicitTargetA3,
set,61162,ImplicitTargetB[2],sql:spell_template.effectImplicitTargetB3,
set,61162,EffectItemType[2],sql:spell_template.effectItemType3,
set,61162,School,sql:spell_template.school,
set,61162,Attributes,sql:spell_template.attributes,
set,61162,AttributesEx,sql:spell_template.attributesEx,
set,61162,AttributesExB,sql:spell_template.attributesEx2,
set,61162,AttributesExC,sql:spell_template.attributesEx3,
set,61162,AttributesExD,sql:spell_template.attributesEx4,
set,61162,Category,sql:spell_template.category,
set,61162,CastUI,sql:spell_template.castUI,
set,61162,DispelType,sql:spell_template.dispel,
set,61162,Mechanic,sql:spell_template.mechanic,
set,61162,ShapeshiftMask,sql:spell_template.stances,
set,61162,ShapeshiftExclude,sql:spell_template.stancesNot,
set,61162,Targets,sql:spell_template.targets,
set,61162,TargetCreatureType,sql:spell_template.targetCreatureType,
set,61162,RequiresSpellFocus,sql:spell_template.requiresSpellFocus,
set,61162,CasterAuraState,sql:spell_template.casterAuraState,
set,61162,TargetAuraState,sql:spell_template.targetAuraState,
set,61162,InterruptFlags,sql:spell_template.interruptFlags,
set,61162,AuraInterruptFlags,sql:spell_template.auraInterruptFlags,
set,61162,ChannelInterruptFlags,sql:spell_template.channelInterruptFlags,
set,61162,ProcFlags,sql:spell_template.procFlags,
set,61162,MaxLevel,sql:spell_template.maxLevel,
set,61162,BaseLevel,sql:spell_template.baseLevel,
set,61162,SpellLevel,sql:spell_template.spellLevel,
set,61162,ManaCostPerLevel,sql:spell_template.manCostPerLevel,
set,61162,ManaPerSecond,sql:spell_template.manaPerSecond,
set,61162,ManaPerSecondPerLevel,sql:spell_template.manaPerSecondPerLevel,
set,61162,ModalNextSpell,sql:spell_template.modelNextSpell,
set,61162,Totem[0],sql:spell_template.totem1,
set,61162,Totem[1],sql:spell_template.totem2,
set,61162,Reagent[0],sql:spell_template.reagent1,
set,61162,Reagent[1],sql:spell_template.reagent2,
set,61162,Reagent[2],sql:spell_template.reagent3,
set,61162,Reagent[3],sql:spell_template.reagent4,
set,61162,Reagent[4],sql:spell_template.reagent5,
set,61162,Reagent[5],sql:spell_template.reagent6,
set,61162,Reagent[6],sql:spell_template.reagent7,
set,61162,Reagent[7],sql:spell_template.reagent8,
set,61162,ReagentCount[0],sql:spell_template.reagentCount1,
set,61162,ReagentCount[1],sql:spell_template.reagentCount2,
set,61162,ReagentCount[2],sql:spell_template.reagentCount3,
set,61162,ReagentCount[3],sql:spell_template.reagentCount4,
set,61162,ReagentCount[4],sql:spell_template.reagentCount5,
set,61162,ReagentCount[5],sql:spell_template.reagentCount6,
set,61162,ReagentCount[6],sql:spell_template.reagentCount7,
set,61162,ReagentCount[7],sql:spell_template.reagentCount8,
set,61162,EquippedItemClass,sql:spell_template.equippedItemClass,
set,61162,EquippedItemSubclass,sql:spell_template.equippedItemSubClassMask,
set,61162,EquippedItemInvTypes,sql:spell_template.equippedItemInventoryTypeMask,
set,61162,EffectMechanic[0],sql:spell_template.effectMechanic1,
set,61162,EffectMechanic[1],sql:spell_template.effectMechanic2,
set,61162,EffectMechanic[2],sql:spell_template.effectMechanic3,
set,61162,SpellVisualID[0],sql:spell_template.spellVisual1,
set,61162,SpellVisualID[1],sql:spell_template.spellVisual2,
set,61162,ActiveIconID,sql:spell_template.activeIconId,
set,61162,SpellPriority,sql:spell_template.spellPriority,
set,61162,Name_lang_enUS,sql:spell_template.name,
set,61162,NameSubtext_lang_enUS,sql:spell_template.nameSubtext,
set,61162,Description_lang_enUS,sql:spell_template.description,
set,61162,AuraDescription_lang_enUS,sql:spell_template.auraDescription,
set,61162,MaxTargetLevel,sql:spell_template.maxTargetLevel,
set,61162,SpellClassSet,sql:spell_template.spellFamilyName,
set,61162,MaxTargets,sql:spell_template.maxAffectedTargets,
set,61162,DefenseType,sql:spell_template.dmgClass,
set,61162,PreventionType,sql:spell_template.preventionType,
set,61162,StanceBarOrder,sql:spell_template.stanceBarOrder,
set,61162,EffectChainAmplitude[0],sql:spell_template.dmgMultiplier1,
set,61162,EffectChainAmplitude[1],sql:spell_template.dmgMultiplier2,
set,61162,EffectChainAmplitude[2],sql:spell_template.dmgMultiplier3,
set,61162,MinFactionID,sql:spell_template.minFactionId,
set,61162,MinReputation,sql:spell_template.minReputation,
set,61162,RequiredAuraVision,sql:spell_template.requiredAuraVision,
set,61162,SpellClassMask[0],0,spellFamilyFlags low
set,61162,SpellClassMask[1],0,spellFamilyFlags high
insert,61163,,copy:12297,#367 talent rank (core#194)
set,61163,CastingTimeIndex,sql:spell_template.castingTimeIndex,
set,61163,RecoveryTime,sql:spell_template.recoveryTime,
set,61163,CategoryRecoveryTime,sql:spell_template.categoryRecoveryTime,
set,61163,ProcChance,sql:spell_template.procChance,
set,61163,ProcCharges,sql:spell_template.procCharges,
set,61163,DurationIndex,sql:spell_template.durationIndex,
set,61163,PowerType,sql:spell_template.powerType,
set,61163,ManaCost,sql:spell_template.manaCost,
set,61163,RangeIndex,sql:spell_template.rangeIndex,
set,61163,Speed,sql:spell_template.speed,
set,61163,CumulativeAura,sql:spell_template.stackAmount,
set,61163,SpellIconID,sql:spell_template.spellIconId,
set,61163,ManaCostPct,sql:spell_template.manaCostPercentage,
set,61163,StartRecoveryCategory,sql:spell_template.startRecoveryCategory,
set,61163,StartRecoveryTime,sql:spell_template.startRecoveryTime,
set,61163,Effect[0],sql:spell_template.effect1,
set,61163,EffectDieSides[0],sql:spell_template.effectDieSides1,
set,61163,EffectBaseDice[0],sql:spell_template.effectBaseDice1,
set,61163,EffectDicePerLevel[0],sql:spell_template.effectDicePerLevel1,
set,61163,EffectRealPointsPerLevel[0],sql:spell_template.effectRealPointsPerLevel1,
set,61163,EffectBasePoints[0],sql:spell_template.effectBasePoints1,
set,61163,EffectAura[0],sql:spell_template.effectApplyAuraName1,
set,61163,EffectRadiusIndex[0],sql:spell_template.effectRadiusIndex1,
set,61163,EffectChainTargets[0],sql:spell_template.effectChainTarget1,
set,61163,EffectMiscValue[0],sql:spell_template.effectMiscValue1,
set,61163,EffectTriggerSpell[0],sql:spell_template.effectTriggerSpell1,
set,61163,EffectPointsPerCombo[0],sql:spell_template.effectPointsPerComboPoint1,
set,61163,Effect[1],sql:spell_template.effect2,
set,61163,EffectDieSides[1],sql:spell_template.effectDieSides2,
set,61163,EffectBaseDice[1],sql:spell_template.effectBaseDice2,
set,61163,EffectDicePerLevel[1],sql:spell_template.effectDicePerLevel2,
set,61163,EffectRealPointsPerLevel[1],sql:spell_template.effectRealPointsPerLevel2,
set,61163,EffectBasePoints[1],sql:spell_template.effectBasePoints2,
set,61163,EffectAura[1],sql:spell_template.effectApplyAuraName2,
set,61163,EffectRadiusIndex[1],sql:spell_template.effectRadiusIndex2,
set,61163,EffectChainTargets[1],sql:spell_template.effectChainTarget2,
set,61163,EffectMiscValue[1],sql:spell_template.effectMiscValue2,
set,61163,EffectTriggerSpell[1],sql:spell_template.effectTriggerSpell2,
set,61163,EffectPointsPerCombo[1],sql:spell_template.effectPointsPerComboPoint2,
set,61163,Effect[2],sql:spell_template.effect3,
set,61163,EffectDieSides[2],sql:spell_template.effectDieSides3,
set,61163,EffectBaseDice[2],sql:spell_template.effectBaseDice3,
set,61163,EffectDicePerLevel[2],sql:spell_template.effectDicePerLevel3,
set,61163,EffectRealPointsPerLevel[2],sql:spell_template.effectRealPointsPerLevel3,
set,61163,EffectBasePoints[2],sql:spell_template.effectBasePoints3,
set,61163,EffectAura[2],sql:spell_template.effectApplyAuraName3,
set,61163,EffectRadiusIndex[2],sql:spell_template.effectRadiusIndex3,
set,61163,EffectChainTargets[2],sql:spell_template.effectChainTarget3,
set,61163,EffectMiscValue[2],sql:spell_template.effectMiscValue3,
set,61163,EffectTriggerSpell[2],sql:spell_template.effectTriggerSpell3,
set,61163,EffectPointsPerCombo[2],sql:spell_template.effectPointsPerComboPoint3,
set,61163,EffectAuraPeriod[0],sql:spell_template.effectAmplitude1,
set,61163,EffectAmplitude[0],sql:spell_template.effectMultipleValue1,
set,61163,ImplicitTargetA[0],sql:spell_template.effectImplicitTargetA1,
set,61163,ImplicitTargetB[0],sql:spell_template.effectImplicitTargetB1,
set,61163,EffectItemType[0],sql:spell_template.effectItemType1,
set,61163,EffectAuraPeriod[1],sql:spell_template.effectAmplitude2,
set,61163,EffectAmplitude[1],sql:spell_template.effectMultipleValue2,
set,61163,ImplicitTargetA[1],sql:spell_template.effectImplicitTargetA2,
set,61163,ImplicitTargetB[1],sql:spell_template.effectImplicitTargetB2,
set,61163,EffectItemType[1],sql:spell_template.effectItemType2,
set,61163,EffectAuraPeriod[2],sql:spell_template.effectAmplitude3,
set,61163,EffectAmplitude[2],sql:spell_template.effectMultipleValue3,
set,61163,ImplicitTargetA[2],sql:spell_template.effectImplicitTargetA3,
set,61163,ImplicitTargetB[2],sql:spell_template.effectImplicitTargetB3,
set,61163,EffectItemType[2],sql:spell_template.effectItemType3,
set,61163,School,sql:spell_template.school,
set,61163,Attributes,sql:spell_template.attributes,
set,61163,AttributesEx,sql:spell_template.attributesEx,
set,61163,AttributesExB,sql:spell_template.attributesEx2,
set,61163,AttributesExC,sql:spell_template.attributesEx3,
set,61163,AttributesExD,sql:spell_template.attributesEx4,
set,61163,Category,sql:spell_template.category,
set,61163,CastUI,sql:spell_template.castUI,
set,61163,DispelType,sql:spell_template.dispel,
set,61163,Mechanic,sql:spell_template.mechanic,
set,61163,ShapeshiftMask,sql:spell_template.stances,
set,61163,ShapeshiftExclude,sql:spell_template.stancesNot,
set,61163,Targets,sql:spell_template.targets,
set,61163,TargetCreatureType,sql:spell_template.targetCreatureType,
set,61163,RequiresSpellFocus,sql:spell_template.requiresSpellFocus,
set,61163,CasterAuraState,sql:spell_template.casterAuraState,
set,61163,TargetAuraState,sql:spell_template.targetAuraState,
set,61163,InterruptFlags,sql:spell_template.interruptFlags,
set,61163,AuraInterruptFlags,sql:spell_template.auraInterruptFlags,
set,61163,ChannelInterruptFlags,sql:spell_template.channelInterruptFlags,
set,61163,ProcFlags,sql:spell_template.procFlags,
set,61163,MaxLevel,sql:spell_template.maxLevel,
set,61163,BaseLevel,sql:spell_template.baseLevel,
set,61163,SpellLevel,sql:spell_template.spellLevel,
set,61163,ManaCostPerLevel,sql:spell_template.manCostPerLevel,
set,61163,ManaPerSecond,sql:spell_template.manaPerSecond,
set,61163,ManaPerSecondPerLevel,sql:spell_template.manaPerSecondPerLevel,
set,61163,ModalNextSpell,sql:spell_template.modelNextSpell,
set,61163,Totem[0],sql:spell_template.totem1,
set,61163,Totem[1],sql:spell_template.totem2,
set,61163,Reagent[0],sql:spell_template.reagent1,
set,61163,Reagent[1],sql:spell_template.reagent2,
set,61163,Reagent[2],sql:spell_template.reagent3,
set,61163,Reagent[3],sql:spell_template.reagent4,
set,61163,Reagent[4],sql:spell_template.reagent5,
set,61163,Reagent[5],sql:spell_template.reagent6,
set,61163,Reagent[6],sql:spell_template.reagent7,
set,61163,Reagent[7],sql:spell_template.reagent8,
set,61163,ReagentCount[0],sql:spell_template.reagentCount1,
set,61163,ReagentCount[1],sql:spell_template.reagentCount2,
set,61163,ReagentCount[2],sql:spell_template.reagentCount3,
set,61163,ReagentCount[3],sql:spell_template.reagentCount4,
set,61163,ReagentCount[4],sql:spell_template.reagentCount5,
set,61163,ReagentCount[5],sql:spell_template.reagentCount6,
set,61163,ReagentCount[6],sql:spell_template.reagentCount7,
set,61163,ReagentCount[7],sql:spell_template.reagentCount8,
set,61163,EquippedItemClass,sql:spell_template.equippedItemClass,
set,61163,EquippedItemSubclass,sql:spell_template.equippedItemSubClassMask,
set,61163,EquippedItemInvTypes,sql:spell_template.equippedItemInventoryTypeMask,
set,61163,EffectMechanic[0],sql:spell_template.effectMechanic1,
set,61163,EffectMechanic[1],sql:spell_template.effectMechanic2,
set,61163,EffectMechanic[2],sql:spell_template.effectMechanic3,
set,61163,SpellVisualID[0],sql:spell_template.spellVisual1,
set,61163,SpellVisualID[1],sql:spell_template.spellVisual2,
set,61163,ActiveIconID,sql:spell_template.activeIconId,
set,61163,SpellPriority,sql:spell_template.spellPriority,
set,61163,Name_lang_enUS,sql:spell_template.name,
set,61163,NameSubtext_lang_enUS,sql:spell_template.nameSubtext,
set,61163,Description_lang_enUS,sql:spell_template.description,
set,61163,AuraDescription_lang_enUS,sql:spell_template.auraDescription,
set,61163,MaxTargetLevel,sql:spell_template.maxTargetLevel,
set,61163,SpellClassSet,sql:spell_template.spellFamilyName,
set,61163,MaxTargets,sql:spell_template.maxAffectedTargets,
set,61163,DefenseType,sql:spell_template.dmgClass,
set,61163,PreventionType,sql:spell_template.preventionType,
set,61163,StanceBarOrder,sql:spell_template.stanceBarOrder,
set,61163,EffectChainAmplitude[0],sql:spell_template.dmgMultiplier1,
set,61163,EffectChainAmplitude[1],sql:spell_template.dmgMultiplier2,
set,61163,EffectChainAmplitude[2],sql:spell_template.dmgMultiplier3,
set,61163,MinFactionID,sql:spell_template.minFactionId,
set,61163,MinReputation,sql:spell_template.minReputation,
set,61163,RequiredAuraVision,sql:spell_template.requiredAuraVision,
set,61163,SpellClassMask[0],0,spellFamilyFlags low
set,61163,SpellClassMask[1],0,spellFamilyFlags high
insert,61164,,copy:12297,#367 talent rank (core#194)
set,61164,CastingTimeIndex,sql:spell_template.castingTimeIndex,
set,61164,RecoveryTime,sql:spell_template.recoveryTime,
set,61164,CategoryRecoveryTime,sql:spell_template.categoryRecoveryTime,
set,61164,ProcChance,sql:spell_template.procChance,
set,61164,ProcCharges,sql:spell_template.procCharges,
set,61164,DurationIndex,sql:spell_template.durationIndex,
set,61164,PowerType,sql:spell_template.powerType,
set,61164,ManaCost,sql:spell_template.manaCost,
set,61164,RangeIndex,sql:spell_template.rangeIndex,
set,61164,Speed,sql:spell_template.speed,
set,61164,CumulativeAura,sql:spell_template.stackAmount,
set,61164,SpellIconID,sql:spell_template.spellIconId,
set,61164,ManaCostPct,sql:spell_template.manaCostPercentage,
set,61164,StartRecoveryCategory,sql:spell_template.startRecoveryCategory,
set,61164,StartRecoveryTime,sql:spell_template.startRecoveryTime,
set,61164,Effect[0],sql:spell_template.effect1,
set,61164,EffectDieSides[0],sql:spell_template.effectDieSides1,
set,61164,EffectBaseDice[0],sql:spell_template.effectBaseDice1,
set,61164,EffectDicePerLevel[0],sql:spell_template.effectDicePerLevel1,
set,61164,EffectRealPointsPerLevel[0],sql:spell_template.effectRealPointsPerLevel1,
set,61164,EffectBasePoints[0],sql:spell_template.effectBasePoints1,
set,61164,EffectAura[0],sql:spell_template.effectApplyAuraName1,
set,61164,EffectRadiusIndex[0],sql:spell_template.effectRadiusIndex1,
set,61164,EffectChainTargets[0],sql:spell_template.effectChainTarget1,
set,61164,EffectMiscValue[0],sql:spell_template.effectMiscValue1,
set,61164,EffectTriggerSpell[0],sql:spell_template.effectTriggerSpell1,
set,61164,EffectPointsPerCombo[0],sql:spell_template.effectPointsPerComboPoint1,
set,61164,Effect[1],sql:spell_template.effect2,
set,61164,EffectDieSides[1],sql:spell_template.effectDieSides2,
set,61164,EffectBaseDice[1],sql:spell_template.effectBaseDice2,
set,61164,EffectDicePerLevel[1],sql:spell_template.effectDicePerLevel2,
set,61164,EffectRealPointsPerLevel[1],sql:spell_template.effectRealPointsPerLevel2,
set,61164,EffectBasePoints[1],sql:spell_template.effectBasePoints2,
set,61164,EffectAura[1],sql:spell_template.effectApplyAuraName2,
set,61164,EffectRadiusIndex[1],sql:spell_template.effectRadiusIndex2,
set,61164,EffectChainTargets[1],sql:spell_template.effectChainTarget2,
set,61164,EffectMiscValue[1],sql:spell_template.effectMiscValue2,
set,61164,EffectTriggerSpell[1],sql:spell_template.effectTriggerSpell2,
set,61164,EffectPointsPerCombo[1],sql:spell_template.effectPointsPerComboPoint2,
set,61164,Effect[2],sql:spell_template.effect3,
set,61164,EffectDieSides[2],sql:spell_template.effectDieSides3,
set,61164,EffectBaseDice[2],sql:spell_template.effectBaseDice3,
set,61164,EffectDicePerLevel[2],sql:spell_template.effectDicePerLevel3,
set,61164,EffectRealPointsPerLevel[2],sql:spell_template.effectRealPointsPerLevel3,
set,61164,EffectBasePoints[2],sql:spell_template.effectBasePoints3,
set,61164,EffectAura[2],sql:spell_template.effectApplyAuraName3,
set,61164,EffectRadiusIndex[2],sql:spell_template.effectRadiusIndex3,
set,61164,EffectChainTargets[2],sql:spell_template.effectChainTarget3,
set,61164,EffectMiscValue[2],sql:spell_template.effectMiscValue3,
set,61164,EffectTriggerSpell[2],sql:spell_template.effectTriggerSpell3,
set,61164,EffectPointsPerCombo[2],sql:spell_template.effectPointsPerComboPoint3,
set,61164,EffectAuraPeriod[0],sql:spell_template.effectAmplitude1,
set,61164,EffectAmplitude[0],sql:spell_template.effectMultipleValue1,
set,61164,ImplicitTargetA[0],sql:spell_template.effectImplicitTargetA1,
set,61164,ImplicitTargetB[0],sql:spell_template.effectImplicitTargetB1,
set,61164,EffectItemType[0],sql:spell_template.effectItemType1,
set,61164,EffectAuraPeriod[1],sql:spell_template.effectAmplitude2,
set,61164,EffectAmplitude[1],sql:spell_template.effectMultipleValue2,
set,61164,ImplicitTargetA[1],sql:spell_template.effectImplicitTargetA2,
set,61164,ImplicitTargetB[1],sql:spell_template.effectImplicitTargetB2,
set,61164,EffectItemType[1],sql:spell_template.effectItemType2,
set,61164,EffectAuraPeriod[2],sql:spell_template.effectAmplitude3,
set,61164,EffectAmplitude[2],sql:spell_template.effectMultipleValue3,
set,61164,ImplicitTargetA[2],sql:spell_template.effectImplicitTargetA3,
set,61164,ImplicitTargetB[2],sql:spell_template.effectImplicitTargetB3,
set,61164,EffectItemType[2],sql:spell_template.effectItemType3,
set,61164,School,sql:spell_template.school,
set,61164,Attributes,sql:spell_template.attributes,
set,61164,AttributesEx,sql:spell_template.attributesEx,
set,61164,AttributesExB,sql:spell_template.attributesEx2,
set,61164,AttributesExC,sql:spell_template.attributesEx3,
set,61164,AttributesExD,sql:spell_template.attributesEx4,
set,61164,Category,sql:spell_template.category,
set,61164,CastUI,sql:spell_template.castUI,
set,61164,DispelType,sql:spell_template.dispel,
set,61164,Mechanic,sql:spell_template.mechanic,
set,61164,ShapeshiftMask,sql:spell_template.stances,
set,61164,ShapeshiftExclude,sql:spell_template.stancesNot,
set,61164,Targets,sql:spell_template.targets,
set,61164,TargetCreatureType,sql:spell_template.targetCreatureType,
set,61164,RequiresSpellFocus,sql:spell_template.requiresSpellFocus,
set,61164,CasterAuraState,sql:spell_template.casterAuraState,
set,61164,TargetAuraState,sql:spell_template.targetAuraState,
set,61164,InterruptFlags,sql:spell_template.interruptFlags,
set,61164,AuraInterruptFlags,sql:spell_template.auraInterruptFlags,
set,61164,ChannelInterruptFlags,sql:spell_template.channelInterruptFlags,
set,61164,ProcFlags,sql:spell_template.procFlags,
set,61164,MaxLevel,sql:spell_template.maxLevel,
set,61164,BaseLevel,sql:spell_template.baseLevel,
set,61164,SpellLevel,sql:spell_template.spellLevel,
set,61164,ManaCostPerLevel,sql:spell_template.manCostPerLevel,
set,61164,ManaPerSecond,sql:spell_template.manaPerSecond,
set,61164,ManaPerSecondPerLevel,sql:spell_template.manaPerSecondPerLevel,
set,61164,ModalNextSpell,sql:spell_template.modelNextSpell,
set,61164,Totem[0],sql:spell_template.totem1,
set,61164,Totem[1],sql:spell_template.totem2,
set,61164,Reagent[0],sql:spell_template.reagent1,
set,61164,Reagent[1],sql:spell_template.reagent2,
set,61164,Reagent[2],sql:spell_template.reagent3,
set,61164,Reagent[3],sql:spell_template.reagent4,
set,61164,Reagent[4],sql:spell_template.reagent5,
set,61164,Reagent[5],sql:spell_template.reagent6,
set,61164,Reagent[6],sql:spell_template.reagent7,
set,61164,Reagent[7],sql:spell_template.reagent8,
set,61164,ReagentCount[0],sql:spell_template.reagentCount1,
set,61164,ReagentCount[1],sql:spell_template.reagentCount2,
set,61164,ReagentCount[2],sql:spell_template.reagentCount3,
set,61164,ReagentCount[3],sql:spell_template.reagentCount4,
set,61164,ReagentCount[4],sql:spell_template.reagentCount5,
set,61164,ReagentCount[5],sql:spell_template.reagentCount6,
set,61164,ReagentCount[6],sql:spell_template.reagentCount7,
set,61164,ReagentCount[7],sql:spell_template.reagentCount8,
set,61164,EquippedItemClass,sql:spell_template.equippedItemClass,
set,61164,EquippedItemSubclass,sql:spell_template.equippedItemSubClassMask,
set,61164,EquippedItemInvTypes,sql:spell_template.equippedItemInventoryTypeMask,
set,61164,EffectMechanic[0],sql:spell_template.effectMechanic1,
set,61164,EffectMechanic[1],sql:spell_template.effectMechanic2,
set,61164,EffectMechanic[2],sql:spell_template.effectMechanic3,
set,61164,SpellVisualID[0],sql:spell_template.spellVisual1,
set,61164,SpellVisualID[1],sql:spell_template.spellVisual2,
set,61164,ActiveIconID,sql:spell_template.activeIconId,
set,61164,SpellPriority,sql:spell_template.spellPriority,
set,61164,Name_lang_enUS,sql:spell_template.name,
set,61164,NameSubtext_lang_enUS,sql:spell_template.nameSubtext,
set,61164,Description_lang_enUS,sql:spell_template.description,
set,61164,AuraDescription_lang_enUS,sql:spell_template.auraDescription,
set,61164,MaxTargetLevel,sql:spell_template.maxTargetLevel,
set,61164,SpellClassSet,sql:spell_template.spellFamilyName,
set,61164,MaxTargets,sql:spell_template.maxAffectedTargets,
set,61164,DefenseType,sql:spell_template.dmgClass,
set,61164,PreventionType,sql:spell_template.preventionType,
set,61164,StanceBarOrder,sql:spell_template.stanceBarOrder,
set,61164,EffectChainAmplitude[0],sql:spell_template.dmgMultiplier1,
set,61164,EffectChainAmplitude[1],sql:spell_template.dmgMultiplier2,
set,61164,EffectChainAmplitude[2],sql:spell_template.dmgMultiplier3,
set,61164,MinFactionID,sql:spell_template.minFactionId,
set,61164,MinReputation,sql:spell_template.minReputation,
set,61164,RequiredAuraVision,sql:spell_template.requiredAuraVision,
set,61164,SpellClassMask[0],0,spellFamilyFlags low
set,61164,SpellClassMask[1],0,spellFamilyFlags high
insert,61165,,copy:12297,#367 talent rank (core#194)
set,61165,CastingTimeIndex,sql:spell_template.castingTimeIndex,
set,61165,RecoveryTime,sql:spell_template.recoveryTime,
set,61165,CategoryRecoveryTime,sql:spell_template.categoryRecoveryTime,
set,61165,ProcChance,sql:spell_template.procChance,
set,61165,ProcCharges,sql:spell_template.procCharges,
set,61165,DurationIndex,sql:spell_template.durationIndex,
set,61165,PowerType,sql:spell_template.powerType,
set,61165,ManaCost,sql:spell_template.manaCost,
set,61165,RangeIndex,sql:spell_template.rangeIndex,
set,61165,Speed,sql:spell_template.speed,
set,61165,CumulativeAura,sql:spell_template.stackAmount,
set,61165,SpellIconID,sql:spell_template.spellIconId,
set,61165,ManaCostPct,sql:spell_template.manaCostPercentage,
set,61165,StartRecoveryCategory,sql:spell_template.startRecoveryCategory,
set,61165,StartRecoveryTime,sql:spell_template.startRecoveryTime,
set,61165,Effect[0],sql:spell_template.effect1,
set,61165,EffectDieSides[0],sql:spell_template.effectDieSides1,
set,61165,EffectBaseDice[0],sql:spell_template.effectBaseDice1,
set,61165,EffectDicePerLevel[0],sql:spell_template.effectDicePerLevel1,
set,61165,EffectRealPointsPerLevel[0],sql:spell_template.effectRealPointsPerLevel1,
set,61165,EffectBasePoints[0],sql:spell_template.effectBasePoints1,
set,61165,EffectAura[0],sql:spell_template.effectApplyAuraName1,
set,61165,EffectRadiusIndex[0],sql:spell_template.effectRadiusIndex1,
set,61165,EffectChainTargets[0],sql:spell_template.effectChainTarget1,
set,61165,EffectMiscValue[0],sql:spell_template.effectMiscValue1,
set,61165,EffectTriggerSpell[0],sql:spell_template.effectTriggerSpell1,
set,61165,EffectPointsPerCombo[0],sql:spell_template.effectPointsPerComboPoint1,
set,61165,Effect[1],sql:spell_template.effect2,
set,61165,EffectDieSides[1],sql:spell_template.effectDieSides2,
set,61165,EffectBaseDice[1],sql:spell_template.effectBaseDice2,
set,61165,EffectDicePerLevel[1],sql:spell_template.effectDicePerLevel2,
set,61165,EffectRealPointsPerLevel[1],sql:spell_template.effectRealPointsPerLevel2,
set,61165,EffectBasePoints[1],sql:spell_template.effectBasePoints2,
set,61165,EffectAura[1],sql:spell_template.effectApplyAuraName2,
set,61165,EffectRadiusIndex[1],sql:spell_template.effectRadiusIndex2,
set,61165,EffectChainTargets[1],sql:spell_template.effectChainTarget2,
set,61165,EffectMiscValue[1],sql:spell_template.effectMiscValue2,
set,61165,EffectTriggerSpell[1],sql:spell_template.effectTriggerSpell2,
set,61165,EffectPointsPerCombo[1],sql:spell_template.effectPointsPerComboPoint2,
set,61165,Effect[2],sql:spell_template.effect3,
set,61165,EffectDieSides[2],sql:spell_template.effectDieSides3,
set,61165,EffectBaseDice[2],sql:spell_template.effectBaseDice3,
set,61165,EffectDicePerLevel[2],sql:spell_template.effectDicePerLevel3,
set,61165,EffectRealPointsPerLevel[2],sql:spell_template.effectRealPointsPerLevel3,
set,61165,EffectBasePoints[2],sql:spell_template.effectBasePoints3,
set,61165,EffectAura[2],sql:spell_template.effectApplyAuraName3,
set,61165,EffectRadiusIndex[2],sql:spell_template.effectRadiusIndex3,
set,61165,EffectChainTargets[2],sql:spell_template.effectChainTarget3,
set,61165,EffectMiscValue[2],sql:spell_template.effectMiscValue3,
set,61165,EffectTriggerSpell[2],sql:spell_template.effectTriggerSpell3,
set,61165,EffectPointsPerCombo[2],sql:spell_template.effectPointsPerComboPoint3,
set,61165,EffectAuraPeriod[0],sql:spell_template.effectAmplitude1,
set,61165,EffectAmplitude[0],sql:spell_template.effectMultipleValue1,
set,61165,ImplicitTargetA[0],sql:spell_template.effectImplicitTargetA1,
set,61165,ImplicitTargetB[0],sql:spell_template.effectImplicitTargetB1,
set,61165,EffectItemType[0],sql:spell_template.effectItemType1,
set,61165,EffectAuraPeriod[1],sql:spell_template.effectAmplitude2,
set,61165,EffectAmplitude[1],sql:spell_template.effectMultipleValue2,
set,61165,ImplicitTargetA[1],sql:spell_template.effectImplicitTargetA2,
set,61165,ImplicitTargetB[1],sql:spell_template.effectImplicitTargetB2,
set,61165,EffectItemType[1],sql:spell_template.effectItemType2,
set,61165,EffectAuraPeriod[2],sql:spell_template.effectAmplitude3,
set,61165,EffectAmplitude[2],sql:spell_template.effectMultipleValue3,
set,61165,ImplicitTargetA[2],sql:spell_template.effectImplicitTargetA3,
set,61165,ImplicitTargetB[2],sql:spell_template.effectImplicitTargetB3,
set,61165,EffectItemType[2],sql:spell_template.effectItemType3,
set,61165,School,sql:spell_template.school,
set,61165,Attributes,sql:spell_template.attributes,
set,61165,AttributesEx,sql:spell_template.attributesEx,
set,61165,AttributesExB,sql:spell_template.attributesEx2,
set,61165,AttributesExC,sql:spell_template.attributesEx3,
set,61165,AttributesExD,sql:spell_template.attributesEx4,
set,61165,Category,sql:spell_template.category,
set,61165,CastUI,sql:spell_template.castUI,
set,61165,DispelType,sql:spell_template.dispel,
set,61165,Mechanic,sql:spell_template.mechanic,
set,61165,ShapeshiftMask,sql:spell_template.stances,
set,61165,ShapeshiftExclude,sql:spell_template.stancesNot,
set,61165,Targets,sql:spell_template.targets,
set,61165,TargetCreatureType,sql:spell_template.targetCreatureType,
set,61165,RequiresSpellFocus,sql:spell_template.requiresSpellFocus,
set,61165,CasterAuraState,sql:spell_template.casterAuraState,
set,61165,TargetAuraState,sql:spell_template.targetAuraState,
set,61165,InterruptFlags,sql:spell_template.interruptFlags,
set,61165,AuraInterruptFlags,sql:spell_template.auraInterruptFlags,
set,61165,ChannelInterruptFlags,sql:spell_template.channelInterruptFlags,
set,61165,ProcFlags,sql:spell_template.procFlags,
set,61165,MaxLevel,sql:spell_template.maxLevel,
set,61165,BaseLevel,sql:spell_template.baseLevel,
set,61165,SpellLevel,sql:spell_template.spellLevel,
set,61165,ManaCostPerLevel,sql:spell_template.manCostPerLevel,
set,61165,ManaPerSecond,sql:spell_template.manaPerSecond,
set,61165,ManaPerSecondPerLevel,sql:spell_template.manaPerSecondPerLevel,
set,61165,ModalNextSpell,sql:spell_template.modelNextSpell,
set,61165,Totem[0],sql:spell_template.totem1,
set,61165,Totem[1],sql:spell_template.totem2,
set,61165,Reagent[0],sql:spell_template.reagent1,
set,61165,Reagent[1],sql:spell_template.reagent2,
set,61165,Reagent[2],sql:spell_template.reagent3,
set,61165,Reagent[3],sql:spell_template.reagent4,
set,61165,Reagent[4],sql:spell_template.reagent5,
set,61165,Reagent[5],sql:spell_template.reagent6,
set,61165,Reagent[6],sql:spell_template.reagent7,
set,61165,Reagent[7],sql:spell_template.reagent8,
set,61165,ReagentCount[0],sql:spell_template.reagentCount1,
set,61165,ReagentCount[1],sql:spell_template.reagentCount2,
set,61165,ReagentCount[2],sql:spell_template.reagentCount3,
set,61165,ReagentCount[3],sql:spell_template.reagentCount4,
set,61165,ReagentCount[4],sql:spell_template.reagentCount5,
set,61165,ReagentCount[5],sql:spell_template.reagentCount6,
set,61165,ReagentCount[6],sql:spell_template.reagentCount7,
set,61165,ReagentCount[7],sql:spell_template.reagentCount8,
set,61165,EquippedItemClass,sql:spell_template.equippedItemClass,
set,61165,EquippedItemSubclass,sql:spell_template.equippedItemSubClassMask,
set,61165,EquippedItemInvTypes,sql:spell_template.equippedItemInventoryTypeMask,
set,61165,EffectMechanic[0],sql:spell_template.effectMechanic1,
set,61165,EffectMechanic[1],sql:spell_template.effectMechanic2,
set,61165,EffectMechanic[2],sql:spell_template.effectMechanic3,
set,61165,SpellVisualID[0],sql:spell_template.spellVisual1,
set,61165,SpellVisualID[1],sql:spell_template.spellVisual2,
set,61165,ActiveIconID,sql:spell_template.activeIconId,
set,61165,SpellPriority,sql:spell_template.spellPriority,
set,61165,Name_lang_enUS,sql:spell_template.name,
set,61165,NameSubtext_lang_enUS,sql:spell_template.nameSubtext,
set,61165,Description_lang_enUS,sql:spell_template.description,
set,61165,AuraDescription_lang_enUS,sql:spell_template.auraDescription,
set,61165,MaxTargetLevel,sql:spell_template.maxTargetLevel,
set,61165,SpellClassSet,sql:spell_template.spellFamilyName,
set,61165,MaxTargets,sql:spell_template.maxAffectedTargets,
set,61165,DefenseType,sql:spell_template.dmgClass,
set,61165,PreventionType,sql:spell_template.preventionType,
set,61165,StanceBarOrder,sql:spell_template.stanceBarOrder,
set,61165,EffectChainAmplitude[0],sql:spell_template.dmgMultiplier1,
set,61165,EffectChainAmplitude[1],sql:spell_template.dmgMultiplier2,
set,61165,EffectChainAmplitude[2],sql:spell_template.dmgMultiplier3,
set,61165,MinFactionID,sql:spell_template.minFactionId,
set,61165,MinReputation,sql:spell_template.minReputation,
set,61165,RequiredAuraVision,sql:spell_template.requiredAuraVision,
set,61165,SpellClassMask[0],0,spellFamilyFlags low
set,61165,SpellClassMask[1],0,spellFamilyFlags high
insert,61166,,copy:12297,#367 talent rank (core#194)
set,61166,CastingTimeIndex,sql:spell_template.castingTimeIndex,
set,61166,RecoveryTime,sql:spell_template.recoveryTime,
set,61166,CategoryRecoveryTime,sql:spell_template.categoryRecoveryTime,
set,61166,ProcChance,sql:spell_template.procChance,
set,61166,ProcCharges,sql:spell_template.procCharges,
set,61166,DurationIndex,sql:spell_template.durationIndex,
set,61166,PowerType,sql:spell_template.powerType,
set,61166,ManaCost,sql:spell_template.manaCost,
set,61166,RangeIndex,sql:spell_template.rangeIndex,
set,61166,Speed,sql:spell_template.speed,
set,61166,CumulativeAura,sql:spell_template.stackAmount,
set,61166,SpellIconID,sql:spell_template.spellIconId,
set,61166,ManaCostPct,sql:spell_template.manaCostPercentage,
set,61166,StartRecoveryCategory,sql:spell_template.startRecoveryCategory,
set,61166,StartRecoveryTime,sql:spell_template.startRecoveryTime,
set,61166,Effect[0],sql:spell_template.effect1,
set,61166,EffectDieSides[0],sql:spell_template.effectDieSides1,
set,61166,EffectBaseDice[0],sql:spell_template.effectBaseDice1,
set,61166,EffectDicePerLevel[0],sql:spell_template.effectDicePerLevel1,
set,61166,EffectRealPointsPerLevel[0],sql:spell_template.effectRealPointsPerLevel1,
set,61166,EffectBasePoints[0],sql:spell_template.effectBasePoints1,
set,61166,EffectAura[0],sql:spell_template.effectApplyAuraName1,
set,61166,EffectRadiusIndex[0],sql:spell_template.effectRadiusIndex1,
set,61166,EffectChainTargets[0],sql:spell_template.effectChainTarget1,
set,61166,EffectMiscValue[0],sql:spell_template.effectMiscValue1,
set,61166,EffectTriggerSpell[0],sql:spell_template.effectTriggerSpell1,
set,61166,EffectPointsPerCombo[0],sql:spell_template.effectPointsPerComboPoint1,
set,61166,Effect[1],sql:spell_template.effect2,
set,61166,EffectDieSides[1],sql:spell_template.effectDieSides2,
set,61166,EffectBaseDice[1],sql:spell_template.effectBaseDice2,
set,61166,EffectDicePerLevel[1],sql:spell_template.effectDicePerLevel2,
set,61166,EffectRealPointsPerLevel[1],sql:spell_template.effectRealPointsPerLevel2,
set,61166,EffectBasePoints[1],sql:spell_template.effectBasePoints2,
set,61166,EffectAura[1],sql:spell_template.effectApplyAuraName2,
set,61166,EffectRadiusIndex[1],sql:spell_template.effectRadiusIndex2,
set,61166,EffectChainTargets[1],sql:spell_template.effectChainTarget2,
set,61166,EffectMiscValue[1],sql:spell_template.effectMiscValue2,
set,61166,EffectTriggerSpell[1],sql:spell_template.effectTriggerSpell2,
set,61166,EffectPointsPerCombo[1],sql:spell_template.effectPointsPerComboPoint2,
set,61166,Effect[2],sql:spell_template.effect3,
set,61166,EffectDieSides[2],sql:spell_template.effectDieSides3,
set,61166,EffectBaseDice[2],sql:spell_template.effectBaseDice3,
set,61166,EffectDicePerLevel[2],sql:spell_template.effectDicePerLevel3,
set,61166,EffectRealPointsPerLevel[2],sql:spell_template.effectRealPointsPerLevel3,
set,61166,EffectBasePoints[2],sql:spell_template.effectBasePoints3,
set,61166,EffectAura[2],sql:spell_template.effectApplyAuraName3,
set,61166,EffectRadiusIndex[2],sql:spell_template.effectRadiusIndex3,
set,61166,EffectChainTargets[2],sql:spell_template.effectChainTarget3,
set,61166,EffectMiscValue[2],sql:spell_template.effectMiscValue3,
set,61166,EffectTriggerSpell[2],sql:spell_template.effectTriggerSpell3,
set,61166,EffectPointsPerCombo[2],sql:spell_template.effectPointsPerComboPoint3,
set,61166,EffectAuraPeriod[0],sql:spell_template.effectAmplitude1,
set,61166,EffectAmplitude[0],sql:spell_template.effectMultipleValue1,
set,61166,ImplicitTargetA[0],sql:spell_template.effectImplicitTargetA1,
set,61166,ImplicitTargetB[0],sql:spell_template.effectImplicitTargetB1,
set,61166,EffectItemType[0],sql:spell_template.effectItemType1,
set,61166,EffectAuraPeriod[1],sql:spell_template.effectAmplitude2,
set,61166,EffectAmplitude[1],sql:spell_template.effectMultipleValue2,
set,61166,ImplicitTargetA[1],sql:spell_template.effectImplicitTargetA2,
set,61166,ImplicitTargetB[1],sql:spell_template.effectImplicitTargetB2,
set,61166,EffectItemType[1],sql:spell_template.effectItemType2,
set,61166,EffectAuraPeriod[2],sql:spell_template.effectAmplitude3,
set,61166,EffectAmplitude[2],sql:spell_template.effectMultipleValue3,
set,61166,ImplicitTargetA[2],sql:spell_template.effectImplicitTargetA3,
set,61166,ImplicitTargetB[2],sql:spell_template.effectImplicitTargetB3,
set,61166,EffectItemType[2],sql:spell_template.effectItemType3,
set,61166,School,sql:spell_template.school,
set,61166,Attributes,sql:spell_template.attributes,
set,61166,AttributesEx,sql:spell_template.attributesEx,
set,61166,AttributesExB,sql:spell_template.attributesEx2,
set,61166,AttributesExC,sql:spell_template.attributesEx3,
set,61166,AttributesExD,sql:spell_template.attributesEx4,
set,61166,Category,sql:spell_template.category,
set,61166,CastUI,sql:spell_template.castUI,
set,61166,DispelType,sql:spell_template.dispel,
set,61166,Mechanic,sql:spell_template.mechanic,
set,61166,ShapeshiftMask,sql:spell_template.stances,
set,61166,ShapeshiftExclude,sql:spell_template.stancesNot,
set,61166,Targets,sql:spell_template.targets,
set,61166,TargetCreatureType,sql:spell_template.targetCreatureType,
set,61166,RequiresSpellFocus,sql:spell_template.requiresSpellFocus,
set,61166,CasterAuraState,sql:spell_template.casterAuraState,
set,61166,TargetAuraState,sql:spell_template.targetAuraState,
set,61166,InterruptFlags,sql:spell_template.interruptFlags,
set,61166,AuraInterruptFlags,sql:spell_template.auraInterruptFlags,
set,61166,ChannelInterruptFlags,sql:spell_template.channelInterruptFlags,
set,61166,ProcFlags,sql:spell_template.procFlags,
set,61166,MaxLevel,sql:spell_template.maxLevel,
set,61166,BaseLevel,sql:spell_template.baseLevel,
set,61166,SpellLevel,sql:spell_template.spellLevel,
set,61166,ManaCostPerLevel,sql:spell_template.manCostPerLevel,
set,61166,ManaPerSecond,sql:spell_template.manaPerSecond,
set,61166,ManaPerSecondPerLevel,sql:spell_template.manaPerSecondPerLevel,
set,61166,ModalNextSpell,sql:spell_template.modelNextSpell,
set,61166,Totem[0],sql:spell_template.totem1,
set,61166,Totem[1],sql:spell_template.totem2,
set,61166,Reagent[0],sql:spell_template.reagent1,
set,61166,Reagent[1],sql:spell_template.reagent2,
set,61166,Reagent[2],sql:spell_template.reagent3,
set,61166,Reagent[3],sql:spell_template.reagent4,
set,61166,Reagent[4],sql:spell_template.reagent5,
set,61166,Reagent[5],sql:spell_template.reagent6,
set,61166,Reagent[6],sql:spell_template.reagent7,
set,61166,Reagent[7],sql:spell_template.reagent8,
set,61166,ReagentCount[0],sql:spell_template.reagentCount1,
set,61166,ReagentCount[1],sql:spell_template.reagentCount2,
set,61166,ReagentCount[2],sql:spell_template.reagentCount3,
set,61166,ReagentCount[3],sql:spell_template.reagentCount4,
set,61166,ReagentCount[4],sql:spell_template.reagentCount5,
set,61166,ReagentCount[5],sql:spell_template.reagentCount6,
set,61166,ReagentCount[6],sql:spell_template.reagentCount7,
set,61166,ReagentCount[7],sql:spell_template.reagentCount8,
set,61166,EquippedItemClass,sql:spell_template.equippedItemClass,
set,61166,EquippedItemSubclass,sql:spell_template.equippedItemSubClassMask,
set,61166,EquippedItemInvTypes,sql:spell_template.equippedItemInventoryTypeMask,
set,61166,EffectMechanic[0],sql:spell_template.effectMechanic1,
set,61166,EffectMechanic[1],sql:spell_template.effectMechanic2,
set,61166,EffectMechanic[2],sql:spell_template.effectMechanic3,
set,61166,SpellVisualID[0],sql:spell_template.spellVisual1,
set,61166,SpellVisualID[1],sql:spell_template.spellVisual2,
set,61166,ActiveIconID,sql:spell_template.activeIconId,
set,61166,SpellPriority,sql:spell_template.spellPriority,
set,61166,Name_lang_enUS,sql:spell_template.name,
set,61166,NameSubtext_lang_enUS,sql:spell_template.nameSubtext,
set,61166,Description_lang_enUS,sql:spell_template.description,
set,61166,AuraDescription_lang_enUS,sql:spell_template.auraDescription,
set,61166,MaxTargetLevel,sql:spell_template.maxTargetLevel,
set,61166,SpellClassSet,sql:spell_template.spellFamilyName,
set,61166,MaxTargets,sql:spell_template.maxAffectedTargets,
set,61166,DefenseType,sql:spell_template.dmgClass,
set,61166,PreventionType,sql:spell_template.preventionType,
set,61166,StanceBarOrder,sql:spell_template.stanceBarOrder,
set,61166,EffectChainAmplitude[0],sql:spell_template.dmgMultiplier1,
set,61166,EffectChainAmplitude[1],sql:spell_template.dmgMultiplier2,
set,61166,EffectChainAmplitude[2],sql:spell_template.dmgMultiplier3,
set,61166,MinFactionID,sql:spell_template.minFactionId,
set,61166,MinReputation,sql:spell_template.minReputation,
set,61166,RequiredAuraVision,sql:spell_template.requiredAuraVision,
set,61166,SpellClassMask[0],0,spellFamilyFlags low
set,61166,SpellClassMask[1],0,spellFamilyFlags high
insert,61167,,copy:12297,#367 talent rank (core#194)
set,61167,CastingTimeIndex,sql:spell_template.castingTimeIndex,
set,61167,RecoveryTime,sql:spell_template.recoveryTime,
set,61167,CategoryRecoveryTime,sql:spell_template.categoryRecoveryTime,
set,61167,ProcChance,sql:spell_template.procChance,
set,61167,ProcCharges,sql:spell_template.procCharges,
set,61167,DurationIndex,sql:spell_template.durationIndex,
set,61167,PowerType,sql:spell_template.powerType,
set,61167,ManaCost,sql:spell_template.manaCost,
set,61167,RangeIndex,sql:spell_template.rangeIndex,
set,61167,Speed,sql:spell_template.speed,
set,61167,CumulativeAura,sql:spell_template.stackAmount,
set,61167,SpellIconID,sql:spell_template.spellIconId,
set,61167,ManaCostPct,sql:spell_template.manaCostPercentage,
set,61167,StartRecoveryCategory,sql:spell_template.startRecoveryCategory,
set,61167,StartRecoveryTime,sql:spell_template.startRecoveryTime,
set,61167,Effect[0],sql:spell_template.effect1,
set,61167,EffectDieSides[0],sql:spell_template.effectDieSides1,
set,61167,EffectBaseDice[0],sql:spell_template.effectBaseDice1,
set,61167,EffectDicePerLevel[0],sql:spell_template.effectDicePerLevel1,
set,61167,EffectRealPointsPerLevel[0],sql:spell_template.effectRealPointsPerLevel1,
set,61167,EffectBasePoints[0],sql:spell_template.effectBasePoints1,
set,61167,EffectAura[0],sql:spell_template.effectApplyAuraName1,
set,61167,EffectRadiusIndex[0],sql:spell_template.effectRadiusIndex1,
set,61167,EffectChainTargets[0],sql:spell_template.effectChainTarget1,
set,61167,EffectMiscValue[0],sql:spell_template.effectMiscValue1,
set,61167,EffectTriggerSpell[0],sql:spell_template.effectTriggerSpell1,
set,61167,EffectPointsPerCombo[0],sql:spell_template.effectPointsPerComboPoint1,
set,61167,Effect[1],sql:spell_template.effect2,
set,61167,EffectDieSides[1],sql:spell_template.effectDieSides2,
set,61167,EffectBaseDice[1],sql:spell_template.effectBaseDice2,
set,61167,EffectDicePerLevel[1],sql:spell_template.effectDicePerLevel2,
set,61167,EffectRealPointsPerLevel[1],sql:spell_template.effectRealPointsPerLevel2,
set,61167,EffectBasePoints[1],sql:spell_template.effectBasePoints2,
set,61167,EffectAura[1],sql:spell_template.effectApplyAuraName2,
set,61167,EffectRadiusIndex[1],sql:spell_template.effectRadiusIndex2,
set,61167,EffectChainTargets[1],sql:spell_template.effectChainTarget2,
set,61167,EffectMiscValue[1],sql:spell_template.effectMiscValue2,
set,61167,EffectTriggerSpell[1],sql:spell_template.effectTriggerSpell2,
set,61167,EffectPointsPerCombo[1],sql:spell_template.effectPointsPerComboPoint2,
set,61167,Effect[2],sql:spell_template.effect3,
set,61167,EffectDieSides[2],sql:spell_template.effectDieSides3,
set,61167,EffectBaseDice[2],sql:spell_template.effectBaseDice3,
set,61167,EffectDicePerLevel[2],sql:spell_template.effectDicePerLevel3,
set,61167,EffectRealPointsPerLevel[2],sql:spell_template.effectRealPointsPerLevel3,
set,61167,EffectBasePoints[2],sql:spell_template.effectBasePoints3,
set,61167,EffectAura[2],sql:spell_template.effectApplyAuraName3,
set,61167,EffectRadiusIndex[2],sql:spell_template.effectRadiusIndex3,
set,61167,EffectChainTargets[2],sql:spell_template.effectChainTarget3,
set,61167,EffectMiscValue[2],sql:spell_template.effectMiscValue3,
set,61167,EffectTriggerSpell[2],sql:spell_template.effectTriggerSpell3,
set,61167,EffectPointsPerCombo[2],sql:spell_template.effectPointsPerComboPoint3,
set,61167,EffectAuraPeriod[0],sql:spell_template.effectAmplitude1,
set,61167,EffectAmplitude[0],sql:spell_template.effectMultipleValue1,
set,61167,ImplicitTargetA[0],sql:spell_template.effectImplicitTargetA1,
set,61167,ImplicitTargetB[0],sql:spell_template.effectImplicitTargetB1,
set,61167,EffectItemType[0],sql:spell_template.effectItemType1,
set,61167,EffectAuraPeriod[1],sql:spell_template.effectAmplitude2,
set,61167,EffectAmplitude[1],sql:spell_template.effectMultipleValue2,
set,61167,ImplicitTargetA[1],sql:spell_template.effectImplicitTargetA2,
set,61167,ImplicitTargetB[1],sql:spell_template.effectImplicitTargetB2,
set,61167,EffectItemType[1],sql:spell_template.effectItemType2,
set,61167,EffectAuraPeriod[2],sql:spell_template.effectAmplitude3,
set,61167,EffectAmplitude[2],sql:spell_template.effectMultipleValue3,
set,61167,ImplicitTargetA[2],sql:spell_template.effectImplicitTargetA3,
set,61167,ImplicitTargetB[2],sql:spell_template.effectImplicitTargetB3,
set,61167,EffectItemType[2],sql:spell_template.effectItemType3,
set,61167,School,sql:spell_template.school,
set,61167,Attributes,sql:spell_template.attributes,
set,61167,AttributesEx,sql:spell_template.attributesEx,
set,61167,AttributesExB,sql:spell_template.attributesEx2,
set,61167,AttributesExC,sql:spell_template.attributesEx3,
set,61167,AttributesExD,sql:spell_template.attributesEx4,
set,61167,Category,sql:spell_template.category,
set,61167,CastUI,sql:spell_template.castUI,
set,61167,DispelType,sql:spell_template.dispel,
set,61167,Mechanic,sql:spell_template.mechanic,
set,61167,ShapeshiftMask,sql:spell_template.stances,
set,61167,ShapeshiftExclude,sql:spell_template.stancesNot,
set,61167,Targets,sql:spell_template.targets,
set,61167,TargetCreatureType,sql:spell_template.targetCreatureType,
set,61167,RequiresSpellFocus,sql:spell_template.requiresSpellFocus,
set,61167,CasterAuraState,sql:spell_template.casterAuraState,
set,61167,TargetAuraState,sql:spell_template.targetAuraState,
set,61167,InterruptFlags,sql:spell_template.interruptFlags,
set,61167,AuraInterruptFlags,sql:spell_template.auraInterruptFlags,
set,61167,ChannelInterruptFlags,sql:spell_template.channelInterruptFlags,
set,61167,ProcFlags,sql:spell_template.procFlags,
set,61167,MaxLevel,sql:spell_template.maxLevel,
set,61167,BaseLevel,sql:spell_template.baseLevel,
set,61167,SpellLevel,sql:spell_template.spellLevel,
set,61167,ManaCostPerLevel,sql:spell_template.manCostPerLevel,
set,61167,ManaPerSecond,sql:spell_template.manaPerSecond,
set,61167,ManaPerSecondPerLevel,sql:spell_template.manaPerSecondPerLevel,
set,61167,ModalNextSpell,sql:spell_template.modelNextSpell,
set,61167,Totem[0],sql:spell_template.totem1,
set,61167,Totem[1],sql:spell_template.totem2,
set,61167,Reagent[0],sql:spell_template.reagent1,
set,61167,Reagent[1],sql:spell_template.reagent2,
set,61167,Reagent[2],sql:spell_template.reagent3,
set,61167,Reagent[3],sql:spell_template.reagent4,
set,61167,Reagent[4],sql:spell_template.reagent5,
set,61167,Reagent[5],sql:spell_template.reagent6,
set,61167,Reagent[6],sql:spell_template.reagent7,
set,61167,Reagent[7],sql:spell_template.reagent8,
set,61167,ReagentCount[0],sql:spell_template.reagentCount1,
set,61167,ReagentCount[1],sql:spell_template.reagentCount2,
set,61167,ReagentCount[2],sql:spell_template.reagentCount3,
set,61167,ReagentCount[3],sql:spell_template.reagentCount4,
set,61167,ReagentCount[4],sql:spell_template.reagentCount5,
set,61167,ReagentCount[5],sql:spell_template.reagentCount6,
set,61167,ReagentCount[6],sql:spell_template.reagentCount7,
set,61167,ReagentCount[7],sql:spell_template.reagentCount8,
set,61167,EquippedItemClass,sql:spell_template.equippedItemClass,
set,61167,EquippedItemSubclass,sql:spell_template.equippedItemSubClassMask,
set,61167,EquippedItemInvTypes,sql:spell_template.equippedItemInventoryTypeMask,
set,61167,EffectMechanic[0],sql:spell_template.effectMechanic1,
set,61167,EffectMechanic[1],sql:spell_template.effectMechanic2,
set,61167,EffectMechanic[2],sql:spell_template.effectMechanic3,
set,61167,SpellVisualID[0],sql:spell_template.spellVisual1,
set,61167,SpellVisualID[1],sql:spell_template.spellVisual2,
set,61167,ActiveIconID,sql:spell_template.activeIconId,
set,61167,SpellPriority,sql:spell_template.spellPriority,
set,61167,Name_lang_enUS,sql:spell_template.name,
set,61167,NameSubtext_lang_enUS,sql:spell_template.nameSubtext,
set,61167,Description_lang_enUS,sql:spell_template.description,
set,61167,AuraDescription_lang_enUS,sql:spell_template.auraDescription,
set,61167,MaxTargetLevel,sql:spell_template.maxTargetLevel,
set,61167,SpellClassSet,sql:spell_template.spellFamilyName,
set,61167,MaxTargets,sql:spell_template.maxAffectedTargets,
set,61167,DefenseType,sql:spell_template.dmgClass,
set,61167,PreventionType,sql:spell_template.preventionType,
set,61167,StanceBarOrder,sql:spell_template.stanceBarOrder,
set,61167,EffectChainAmplitude[0],sql:spell_template.dmgMultiplier1,
set,61167,EffectChainAmplitude[1],sql:spell_template.dmgMultiplier2,
set,61167,EffectChainAmplitude[2],sql:spell_template.dmgMultiplier3,
set,61167,MinFactionID,sql:spell_template.minFactionId,
set,61167,MinReputation,sql:spell_template.minReputation,
set,61167,RequiredAuraVision,sql:spell_template.requiredAuraVision,
set,61167,SpellClassMask[0],0,spellFamilyFlags low
set,61167,SpellClassMask[1],0,spellFamilyFlags high
insert,61168,,copy:12297,#367 talent rank (core#194)
set,61168,CastingTimeIndex,sql:spell_template.castingTimeIndex,
set,61168,RecoveryTime,sql:spell_template.recoveryTime,
set,61168,CategoryRecoveryTime,sql:spell_template.categoryRecoveryTime,
set,61168,ProcChance,sql:spell_template.procChance,
set,61168,ProcCharges,sql:spell_template.procCharges,
set,61168,DurationIndex,sql:spell_template.durationIndex,
set,61168,PowerType,sql:spell_template.powerType,
set,61168,ManaCost,sql:spell_template.manaCost,
set,61168,RangeIndex,sql:spell_template.rangeIndex,
set,61168,Speed,sql:spell_template.speed,
set,61168,CumulativeAura,sql:spell_template.stackAmount,
set,61168,SpellIconID,sql:spell_template.spellIconId,
set,61168,ManaCostPct,sql:spell_template.manaCostPercentage,
set,61168,StartRecoveryCategory,sql:spell_template.startRecoveryCategory,
set,61168,StartRecoveryTime,sql:spell_template.startRecoveryTime,
set,61168,Effect[0],sql:spell_template.effect1,
set,61168,EffectDieSides[0],sql:spell_template.effectDieSides1,
set,61168,EffectBaseDice[0],sql:spell_template.effectBaseDice1,
set,61168,EffectDicePerLevel[0],sql:spell_template.effectDicePerLevel1,
set,61168,EffectRealPointsPerLevel[0],sql:spell_template.effectRealPointsPerLevel1,
set,61168,EffectBasePoints[0],sql:spell_template.effectBasePoints1,
set,61168,EffectAura[0],sql:spell_template.effectApplyAuraName1,
set,61168,EffectRadiusIndex[0],sql:spell_template.effectRadiusIndex1,
set,61168,EffectChainTargets[0],sql:spell_template.effectChainTarget1,
set,61168,EffectMiscValue[0],sql:spell_template.effectMiscValue1,
set,61168,EffectTriggerSpell[0],sql:spell_template.effectTriggerSpell1,
set,61168,EffectPointsPerCombo[0],sql:spell_template.effectPointsPerComboPoint1,
set,61168,Effect[1],sql:spell_template.effect2,
set,61168,EffectDieSides[1],sql:spell_template.effectDieSides2,
set,61168,EffectBaseDice[1],sql:spell_template.effectBaseDice2,
set,61168,EffectDicePerLevel[1],sql:spell_template.effectDicePerLevel2,
set,61168,EffectRealPointsPerLevel[1],sql:spell_template.effectRealPointsPerLevel2,
set,61168,EffectBasePoints[1],sql:spell_template.effectBasePoints2,
set,61168,EffectAura[1],sql:spell_template.effectApplyAuraName2,
set,61168,EffectRadiusIndex[1],sql:spell_template.effectRadiusIndex2,
set,61168,EffectChainTargets[1],sql:spell_template.effectChainTarget2,
set,61168,EffectMiscValue[1],sql:spell_template.effectMiscValue2,
set,61168,EffectTriggerSpell[1],sql:spell_template.effectTriggerSpell2,
set,61168,EffectPointsPerCombo[1],sql:spell_template.effectPointsPerComboPoint2,
set,61168,Effect[2],sql:spell_template.effect3,
set,61168,EffectDieSides[2],sql:spell_template.effectDieSides3,
set,61168,EffectBaseDice[2],sql:spell_template.effectBaseDice3,
set,61168,EffectDicePerLevel[2],sql:spell_template.effectDicePerLevel3,
set,61168,EffectRealPointsPerLevel[2],sql:spell_template.effectRealPointsPerLevel3,
set,61168,EffectBasePoints[2],sql:spell_template.effectBasePoints3,
set,61168,EffectAura[2],sql:spell_template.effectApplyAuraName3,
set,61168,EffectRadiusIndex[2],sql:spell_template.effectRadiusIndex3,
set,61168,EffectChainTargets[2],sql:spell_template.effectChainTarget3,
set,61168,EffectMiscValue[2],sql:spell_template.effectMiscValue3,
set,61168,EffectTriggerSpell[2],sql:spell_template.effectTriggerSpell3,
set,61168,EffectPointsPerCombo[2],sql:spell_template.effectPointsPerComboPoint3,
set,61168,EffectAuraPeriod[0],sql:spell_template.effectAmplitude1,
set,61168,EffectAmplitude[0],sql:spell_template.effectMultipleValue1,
set,61168,ImplicitTargetA[0],sql:spell_template.effectImplicitTargetA1,
set,61168,ImplicitTargetB[0],sql:spell_template.effectImplicitTargetB1,
set,61168,EffectItemType[0],sql:spell_template.effectItemType1,
set,61168,EffectAuraPeriod[1],sql:spell_template.effectAmplitude2,
set,61168,EffectAmplitude[1],sql:spell_template.effectMultipleValue2,
set,61168,ImplicitTargetA[1],sql:spell_template.effectImplicitTargetA2,
set,61168,ImplicitTargetB[1],sql:spell_template.effectImplicitTargetB2,
set,61168,EffectItemType[1],sql:spell_template.effectItemType2,
set,61168,EffectAuraPeriod[2],sql:spell_template.effectAmplitude3,
set,61168,EffectAmplitude[2],sql:spell_template.effectMultipleValue3,
set,61168,ImplicitTargetA[2],sql:spell_template.effectImplicitTargetA3,
set,61168,ImplicitTargetB[2],sql:spell_template.effectImplicitTargetB3,
set,61168,EffectItemType[2],sql:spell_template.effectItemType3,
set,61168,School,sql:spell_template.school,
set,61168,Attributes,sql:spell_template.attributes,
set,61168,AttributesEx,sql:spell_template.attributesEx,
set,61168,AttributesExB,sql:spell_template.attributesEx2,
set,61168,AttributesExC,sql:spell_template.attributesEx3,
set,61168,AttributesExD,sql:spell_template.attributesEx4,
set,61168,Category,sql:spell_template.category,
set,61168,CastUI,sql:spell_template.castUI,
set,61168,DispelType,sql:spell_template.dispel,
set,61168,Mechanic,sql:spell_template.mechanic,
set,61168,ShapeshiftMask,sql:spell_template.stances,
set,61168,ShapeshiftExclude,sql:spell_template.stancesNot,
set,61168,Targets,sql:spell_template.targets,
set,61168,TargetCreatureType,sql:spell_template.targetCreatureType,
set,61168,RequiresSpellFocus,sql:spell_template.requiresSpellFocus,
set,61168,CasterAuraState,sql:spell_template.casterAuraState,
set,61168,TargetAuraState,sql:spell_template.targetAuraState,
set,61168,InterruptFlags,sql:spell_template.interruptFlags,
set,61168,AuraInterruptFlags,sql:spell_template.auraInterruptFlags,
set,61168,ChannelInterruptFlags,sql:spell_template.channelInterruptFlags,
set,61168,ProcFlags,sql:spell_template.procFlags,
set,61168,MaxLevel,sql:spell_template.maxLevel,
set,61168,BaseLevel,sql:spell_template.baseLevel,
set,61168,SpellLevel,sql:spell_template.spellLevel,
set,61168,ManaCostPerLevel,sql:spell_template.manCostPerLevel,
set,61168,ManaPerSecond,sql:spell_template.manaPerSecond,
set,61168,ManaPerSecondPerLevel,sql:spell_template.manaPerSecondPerLevel,
set,61168,ModalNextSpell,sql:spell_template.modelNextSpell,
set,61168,Totem[0],sql:spell_template.totem1,
set,61168,Totem[1],sql:spell_template.totem2,
set,61168,Reagent[0],sql:spell_template.reagent1,
set,61168,Reagent[1],sql:spell_template.reagent2,
set,61168,Reagent[2],sql:spell_template.reagent3,
set,61168,Reagent[3],sql:spell_template.reagent4,
set,61168,Reagent[4],sql:spell_template.reagent5,
set,61168,Reagent[5],sql:spell_template.reagent6,
set,61168,Reagent[6],sql:spell_template.reagent7,
set,61168,Reagent[7],sql:spell_template.reagent8,
set,61168,ReagentCount[0],sql:spell_template.reagentCount1,
set,61168,ReagentCount[1],sql:spell_template.reagentCount2,
set,61168,ReagentCount[2],sql:spell_template.reagentCount3,
set,61168,ReagentCount[3],sql:spell_template.reagentCount4,
set,61168,ReagentCount[4],sql:spell_template.reagentCount5,
set,61168,ReagentCount[5],sql:spell_template.reagentCount6,
set,61168,ReagentCount[6],sql:spell_template.reagentCount7,
set,61168,ReagentCount[7],sql:spell_template.reagentCount8,
set,61168,EquippedItemClass,sql:spell_template.equippedItemClass,
set,61168,EquippedItemSubclass,sql:spell_template.equippedItemSubClassMask,
set,61168,EquippedItemInvTypes,sql:spell_template.equippedItemInventoryTypeMask,
set,61168,EffectMechanic[0],sql:spell_template.effectMechanic1,
set,61168,EffectMechanic[1],sql:spell_template.effectMechanic2,
set,61168,EffectMechanic[2],sql:spell_template.effectMechanic3,
set,61168,SpellVisualID[0],sql:spell_template.spellVisual1,
set,61168,SpellVisualID[1],sql:spell_template.spellVisual2,
set,61168,ActiveIconID,sql:spell_template.activeIconId,
set,61168,SpellPriority,sql:spell_template.spellPriority,
set,61168,Name_lang_enUS,sql:spell_template.name,
set,61168,NameSubtext_lang_enUS,sql:spell_template.nameSubtext,
set,61168,Description_lang_enUS,sql:spell_template.description,
set,61168,AuraDescription_lang_enUS,sql:spell_template.auraDescription,
set,61168,MaxTargetLevel,sql:spell_template.maxTargetLevel,
set,61168,SpellClassSet,sql:spell_template.spellFamilyName,
set,61168,MaxTargets,sql:spell_template.maxAffectedTargets,
set,61168,DefenseType,sql:spell_template.dmgClass,
set,61168,PreventionType,sql:spell_template.preventionType,
set,61168,StanceBarOrder,sql:spell_template.stanceBarOrder,
set,61168,EffectChainAmplitude[0],sql:spell_template.dmgMultiplier1,
set,61168,EffectChainAmplitude[1],sql:spell_template.dmgMultiplier2,
set,61168,EffectChainAmplitude[2],sql:spell_template.dmgMultiplier3,
set,61168,MinFactionID,sql:spell_template.minFactionId,
set,61168,MinReputation,sql:spell_template.minReputation,
set,61168,RequiredAuraVision,sql:spell_template.requiredAuraVision,
set,61168,SpellClassMask[0],0,spellFamilyFlags low
set,61168,SpellClassMask[1],0,spellFamilyFlags high
insert,61169,,copy:12297,#367 talent rank (core#194)
set,61169,CastingTimeIndex,sql:spell_template.castingTimeIndex,
set,61169,RecoveryTime,sql:spell_template.recoveryTime,
set,61169,CategoryRecoveryTime,sql:spell_template.categoryRecoveryTime,
set,61169,ProcChance,sql:spell_template.procChance,
set,61169,ProcCharges,sql:spell_template.procCharges,
set,61169,DurationIndex,sql:spell_template.durationIndex,
set,61169,PowerType,sql:spell_template.powerType,
set,61169,ManaCost,sql:spell_template.manaCost,
set,61169,RangeIndex,sql:spell_template.rangeIndex,
set,61169,Speed,sql:spell_template.speed,
set,61169,CumulativeAura,sql:spell_template.stackAmount,
set,61169,SpellIconID,sql:spell_template.spellIconId,
set,61169,ManaCostPct,sql:spell_template.manaCostPercentage,
set,61169,StartRecoveryCategory,sql:spell_template.startRecoveryCategory,
set,61169,StartRecoveryTime,sql:spell_template.startRecoveryTime,
set,61169,Effect[0],sql:spell_template.effect1,
set,61169,EffectDieSides[0],sql:spell_template.effectDieSides1,
set,61169,EffectBaseDice[0],sql:spell_template.effectBaseDice1,
set,61169,EffectDicePerLevel[0],sql:spell_template.effectDicePerLevel1,
set,61169,EffectRealPointsPerLevel[0],sql:spell_template.effectRealPointsPerLevel1,
set,61169,EffectBasePoints[0],sql:spell_template.effectBasePoints1,
set,61169,EffectAura[0],sql:spell_template.effectApplyAuraName1,
set,61169,EffectRadiusIndex[0],sql:spell_template.effectRadiusIndex1,
set,61169,EffectChainTargets[0],sql:spell_template.effectChainTarget1,
set,61169,EffectMiscValue[0],sql:spell_template.effectMiscValue1,
set,61169,EffectTriggerSpell[0],sql:spell_template.effectTriggerSpell1,
set,61169,EffectPointsPerCombo[0],sql:spell_template.effectPointsPerComboPoint1,
set,61169,Effect[1],sql:spell_template.effect2,
set,61169,EffectDieSides[1],sql:spell_template.effectDieSides2,
set,61169,EffectBaseDice[1],sql:spell_template.effectBaseDice2,
set,61169,EffectDicePerLevel[1],sql:spell_template.effectDicePerLevel2,
set,61169,EffectRealPointsPerLevel[1],sql:spell_template.effectRealPointsPerLevel2,
set,61169,EffectBasePoints[1],sql:spell_template.effectBasePoints2,
set,61169,EffectAura[1],sql:spell_template.effectApplyAuraName2,
set,61169,EffectRadiusIndex[1],sql:spell_template.effectRadiusIndex2,
set,61169,EffectChainTargets[1],sql:spell_template.effectChainTarget2,
set,61169,EffectMiscValue[1],sql:spell_template.effectMiscValue2,
set,61169,EffectTriggerSpell[1],sql:spell_template.effectTriggerSpell2,
set,61169,EffectPointsPerCombo[1],sql:spell_template.effectPointsPerComboPoint2,
set,61169,Effect[2],sql:spell_template.effect3,
set,61169,EffectDieSides[2],sql:spell_template.effectDieSides3,
set,61169,EffectBaseDice[2],sql:spell_template.effectBaseDice3,
set,61169,EffectDicePerLevel[2],sql:spell_template.effectDicePerLevel3,
set,61169,EffectRealPointsPerLevel[2],sql:spell_template.effectRealPointsPerLevel3,
set,61169,EffectBasePoints[2],sql:spell_template.effectBasePoints3,
set,61169,EffectAura[2],sql:spell_template.effectApplyAuraName3,
set,61169,EffectRadiusIndex[2],sql:spell_template.effectRadiusIndex3,
set,61169,EffectChainTargets[2],sql:spell_template.effectChainTarget3,
set,61169,EffectMiscValue[2],sql:spell_template.effectMiscValue3,
set,61169,EffectTriggerSpell[2],sql:spell_template.effectTriggerSpell3,
set,61169,EffectPointsPerCombo[2],sql:spell_template.effectPointsPerComboPoint3,
set,61169,EffectAuraPeriod[0],sql:spell_template.effectAmplitude1,
set,61169,EffectAmplitude[0],sql:spell_template.effectMultipleValue1,
set,61169,ImplicitTargetA[0],sql:spell_template.effectImplicitTargetA1,
set,61169,ImplicitTargetB[0],sql:spell_template.effectImplicitTargetB1,
set,61169,EffectItemType[0],sql:spell_template.effectItemType1,
set,61169,EffectAuraPeriod[1],sql:spell_template.effectAmplitude2,
set,61169,EffectAmplitude[1],sql:spell_template.effectMultipleValue2,
set,61169,ImplicitTargetA[1],sql:spell_template.effectImplicitTargetA2,
set,61169,ImplicitTargetB[1],sql:spell_template.effectImplicitTargetB2,
set,61169,EffectItemType[1],sql:spell_template.effectItemType2,
set,61169,EffectAuraPeriod[2],sql:spell_template.effectAmplitude3,
set,61169,EffectAmplitude[2],sql:spell_template.effectMultipleValue3,
set,61169,ImplicitTargetA[2],sql:spell_template.effectImplicitTargetA3,
set,61169,ImplicitTargetB[2],sql:spell_template.effectImplicitTargetB3,
set,61169,EffectItemType[2],sql:spell_template.effectItemType3,
set,61169,School,sql:spell_template.school,
set,61169,Attributes,sql:spell_template.attributes,
set,61169,AttributesEx,sql:spell_template.attributesEx,
set,61169,AttributesExB,sql:spell_template.attributesEx2,
set,61169,AttributesExC,sql:spell_template.attributesEx3,
set,61169,AttributesExD,sql:spell_template.attributesEx4,
set,61169,Category,sql:spell_template.category,
set,61169,CastUI,sql:spell_template.castUI,
set,61169,DispelType,sql:spell_template.dispel,
set,61169,Mechanic,sql:spell_template.mechanic,
set,61169,ShapeshiftMask,sql:spell_template.stances,
set,61169,ShapeshiftExclude,sql:spell_template.stancesNot,
set,61169,Targets,sql:spell_template.targets,
set,61169,TargetCreatureType,sql:spell_template.targetCreatureType,
set,61169,RequiresSpellFocus,sql:spell_template.requiresSpellFocus,
set,61169,CasterAuraState,sql:spell_template.casterAuraState,
set,61169,TargetAuraState,sql:spell_template.targetAuraState,
set,61169,InterruptFlags,sql:spell_template.interruptFlags,
set,61169,AuraInterruptFlags,sql:spell_template.auraInterruptFlags,
set,61169,ChannelInterruptFlags,sql:spell_template.channelInterruptFlags,
set,61169,ProcFlags,sql:spell_template.procFlags,
set,61169,MaxLevel,sql:spell_template.maxLevel,
set,61169,BaseLevel,sql:spell_template.baseLevel,
set,61169,SpellLevel,sql:spell_template.spellLevel,
set,61169,ManaCostPerLevel,sql:spell_template.manCostPerLevel,
set,61169,ManaPerSecond,sql:spell_template.manaPerSecond,
set,61169,ManaPerSecondPerLevel,sql:spell_template.manaPerSecondPerLevel,
set,61169,ModalNextSpell,sql:spell_template.modelNextSpell,
set,61169,Totem[0],sql:spell_template.totem1,
set,61169,Totem[1],sql:spell_template.totem2,
set,61169,Reagent[0],sql:spell_template.reagent1,
set,61169,Reagent[1],sql:spell_template.reagent2,
set,61169,Reagent[2],sql:spell_template.reagent3,
set,61169,Reagent[3],sql:spell_template.reagent4,
set,61169,Reagent[4],sql:spell_template.reagent5,
set,61169,Reagent[5],sql:spell_template.reagent6,
set,61169,Reagent[6],sql:spell_template.reagent7,
set,61169,Reagent[7],sql:spell_template.reagent8,
set,61169,ReagentCount[0],sql:spell_template.reagentCount1,
set,61169,ReagentCount[1],sql:spell_template.reagentCount2,
set,61169,ReagentCount[2],sql:spell_template.reagentCount3,
set,61169,ReagentCount[3],sql:spell_template.reagentCount4,
set,61169,ReagentCount[4],sql:spell_template.reagentCount5,
set,61169,ReagentCount[5],sql:spell_template.reagentCount6,
set,61169,ReagentCount[6],sql:spell_template.reagentCount7,
set,61169,ReagentCount[7],sql:spell_template.reagentCount8,
set,61169,EquippedItemClass,sql:spell_template.equippedItemClass,
set,61169,EquippedItemSubclass,sql:spell_template.equippedItemSubClassMask,
set,61169,EquippedItemInvTypes,sql:spell_template.equippedItemInventoryTypeMask,
set,61169,EffectMechanic[0],sql:spell_template.effectMechanic1,
set,61169,EffectMechanic[1],sql:spell_template.effectMechanic2,
set,61169,EffectMechanic[2],sql:spell_template.effectMechanic3,
set,61169,SpellVisualID[0],sql:spell_template.spellVisual1,
set,61169,SpellVisualID[1],sql:spell_template.spellVisual2,
set,61169,ActiveIconID,sql:spell_template.activeIconId,
set,61169,SpellPriority,sql:spell_template.spellPriority,
set,61169,Name_lang_enUS,sql:spell_template.name,
set,61169,NameSubtext_lang_enUS,sql:spell_template.nameSubtext,
set,61169,Description_lang_enUS,sql:spell_template.description,
set,61169,AuraDescription_lang_enUS,sql:spell_template.auraDescription,
set,61169,MaxTargetLevel,sql:spell_template.maxTargetLevel,
set,61169,SpellClassSet,sql:spell_template.spellFamilyName,
set,61169,MaxTargets,sql:spell_template.maxAffectedTargets,
set,61169,DefenseType,sql:spell_template.dmgClass,
set,61169,PreventionType,sql:spell_template.preventionType,
set,61169,StanceBarOrder,sql:spell_template.stanceBarOrder,
set,61169,EffectChainAmplitude[0],sql:spell_template.dmgMultiplier1,
set,61169,EffectChainAmplitude[1],sql:spell_template.dmgMultiplier2,
set,61169,EffectChainAmplitude[2],sql:spell_template.dmgMultiplier3,
set,61169,MinFactionID,sql:spell_template.minFactionId,
set,61169,MinReputation,sql:spell_template.minReputation,
set,61169,RequiredAuraVision,sql:spell_template.requiredAuraVision,
set,61169,SpellClassMask[0],0,spellFamilyFlags low
set,61169,SpellClassMask[1],0,spellFamilyFlags high
insert,61170,,copy:12298,"#367 talent rank (core#194), CV-7"
set,61170,CastingTimeIndex,sql:spell_template.castingTimeIndex,
set,61170,RecoveryTime,sql:spell_template.recoveryTime,
set,61170,CategoryRecoveryTime,sql:spell_template.categoryRecoveryTime,
set,61170,ProcChance,sql:spell_template.procChance,
set,61170,ProcCharges,sql:spell_template.procCharges,
set,61170,DurationIndex,sql:spell_template.durationIndex,
set,61170,PowerType,sql:spell_template.powerType,
set,61170,ManaCost,sql:spell_template.manaCost,
set,61170,RangeIndex,sql:spell_template.rangeIndex,
set,61170,Speed,sql:spell_template.speed,
set,61170,CumulativeAura,sql:spell_template.stackAmount,
set,61170,SpellIconID,sql:spell_template.spellIconId,
set,61170,ManaCostPct,sql:spell_template.manaCostPercentage,
set,61170,StartRecoveryCategory,sql:spell_template.startRecoveryCategory,
set,61170,StartRecoveryTime,sql:spell_template.startRecoveryTime,
set,61170,Effect[0],sql:spell_template.effect1,
set,61170,EffectDieSides[0],sql:spell_template.effectDieSides1,
set,61170,EffectBaseDice[0],sql:spell_template.effectBaseDice1,
set,61170,EffectDicePerLevel[0],sql:spell_template.effectDicePerLevel1,
set,61170,EffectRealPointsPerLevel[0],sql:spell_template.effectRealPointsPerLevel1,
set,61170,EffectBasePoints[0],sql:spell_template.effectBasePoints1,
set,61170,EffectAura[0],sql:spell_template.effectApplyAuraName1,
set,61170,EffectRadiusIndex[0],sql:spell_template.effectRadiusIndex1,
set,61170,EffectChainTargets[0],sql:spell_template.effectChainTarget1,
set,61170,EffectMiscValue[0],sql:spell_template.effectMiscValue1,
set,61170,EffectTriggerSpell[0],sql:spell_template.effectTriggerSpell1,
set,61170,EffectPointsPerCombo[0],sql:spell_template.effectPointsPerComboPoint1,
set,61170,Effect[1],sql:spell_template.effect2,
set,61170,EffectDieSides[1],sql:spell_template.effectDieSides2,
set,61170,EffectBaseDice[1],sql:spell_template.effectBaseDice2,
set,61170,EffectDicePerLevel[1],sql:spell_template.effectDicePerLevel2,
set,61170,EffectRealPointsPerLevel[1],sql:spell_template.effectRealPointsPerLevel2,
set,61170,EffectBasePoints[1],sql:spell_template.effectBasePoints2,
set,61170,EffectAura[1],sql:spell_template.effectApplyAuraName2,
set,61170,EffectRadiusIndex[1],sql:spell_template.effectRadiusIndex2,
set,61170,EffectChainTargets[1],sql:spell_template.effectChainTarget2,
set,61170,EffectMiscValue[1],sql:spell_template.effectMiscValue2,
set,61170,EffectTriggerSpell[1],sql:spell_template.effectTriggerSpell2,
set,61170,EffectPointsPerCombo[1],sql:spell_template.effectPointsPerComboPoint2,
set,61170,Effect[2],sql:spell_template.effect3,
set,61170,EffectDieSides[2],sql:spell_template.effectDieSides3,
set,61170,EffectBaseDice[2],sql:spell_template.effectBaseDice3,
set,61170,EffectDicePerLevel[2],sql:spell_template.effectDicePerLevel3,
set,61170,EffectRealPointsPerLevel[2],sql:spell_template.effectRealPointsPerLevel3,
set,61170,EffectBasePoints[2],sql:spell_template.effectBasePoints3,
set,61170,EffectAura[2],sql:spell_template.effectApplyAuraName3,
set,61170,EffectRadiusIndex[2],sql:spell_template.effectRadiusIndex3,
set,61170,EffectChainTargets[2],sql:spell_template.effectChainTarget3,
set,61170,EffectMiscValue[2],sql:spell_template.effectMiscValue3,
set,61170,EffectTriggerSpell[2],sql:spell_template.effectTriggerSpell3,
set,61170,EffectPointsPerCombo[2],sql:spell_template.effectPointsPerComboPoint3,
set,61170,EffectAuraPeriod[0],sql:spell_template.effectAmplitude1,
set,61170,EffectAmplitude[0],sql:spell_template.effectMultipleValue1,
set,61170,ImplicitTargetA[0],sql:spell_template.effectImplicitTargetA1,
set,61170,ImplicitTargetB[0],sql:spell_template.effectImplicitTargetB1,
set,61170,EffectItemType[0],sql:spell_template.effectItemType1,
set,61170,EffectAuraPeriod[1],sql:spell_template.effectAmplitude2,
set,61170,EffectAmplitude[1],sql:spell_template.effectMultipleValue2,
set,61170,ImplicitTargetA[1],sql:spell_template.effectImplicitTargetA2,
set,61170,ImplicitTargetB[1],sql:spell_template.effectImplicitTargetB2,
set,61170,EffectItemType[1],sql:spell_template.effectItemType2,
set,61170,EffectAuraPeriod[2],sql:spell_template.effectAmplitude3,
set,61170,EffectAmplitude[2],sql:spell_template.effectMultipleValue3,
set,61170,ImplicitTargetA[2],sql:spell_template.effectImplicitTargetA3,
set,61170,ImplicitTargetB[2],sql:spell_template.effectImplicitTargetB3,
set,61170,EffectItemType[2],sql:spell_template.effectItemType3,
set,61170,School,sql:spell_template.school,
set,61170,Attributes,sql:spell_template.attributes,
set,61170,AttributesEx,sql:spell_template.attributesEx,
set,61170,AttributesExB,sql:spell_template.attributesEx2,
set,61170,AttributesExC,sql:spell_template.attributesEx3,
set,61170,AttributesExD,sql:spell_template.attributesEx4,
set,61170,Category,sql:spell_template.category,
set,61170,CastUI,sql:spell_template.castUI,
set,61170,DispelType,sql:spell_template.dispel,
set,61170,Mechanic,sql:spell_template.mechanic,
set,61170,ShapeshiftMask,sql:spell_template.stances,
set,61170,ShapeshiftExclude,sql:spell_template.stancesNot,
set,61170,Targets,sql:spell_template.targets,
set,61170,TargetCreatureType,sql:spell_template.targetCreatureType,
set,61170,RequiresSpellFocus,sql:spell_template.requiresSpellFocus,
set,61170,CasterAuraState,sql:spell_template.casterAuraState,
set,61170,TargetAuraState,sql:spell_template.targetAuraState,
set,61170,InterruptFlags,sql:spell_template.interruptFlags,
set,61170,AuraInterruptFlags,sql:spell_template.auraInterruptFlags,
set,61170,ChannelInterruptFlags,sql:spell_template.channelInterruptFlags,
set,61170,ProcFlags,sql:spell_template.procFlags,
set,61170,MaxLevel,sql:spell_template.maxLevel,
set,61170,BaseLevel,sql:spell_template.baseLevel,
set,61170,SpellLevel,sql:spell_template.spellLevel,
set,61170,ManaCostPerLevel,sql:spell_template.manCostPerLevel,
set,61170,ManaPerSecond,sql:spell_template.manaPerSecond,
set,61170,ManaPerSecondPerLevel,sql:spell_template.manaPerSecondPerLevel,
set,61170,ModalNextSpell,sql:spell_template.modelNextSpell,
set,61170,Totem[0],sql:spell_template.totem1,
set,61170,Totem[1],sql:spell_template.totem2,
set,61170,Reagent[0],sql:spell_template.reagent1,
set,61170,Reagent[1],sql:spell_template.reagent2,
set,61170,Reagent[2],sql:spell_template.reagent3,
set,61170,Reagent[3],sql:spell_template.reagent4,
set,61170,Reagent[4],sql:spell_template.reagent5,
set,61170,Reagent[5],sql:spell_template.reagent6,
set,61170,Reagent[6],sql:spell_template.reagent7,
set,61170,Reagent[7],sql:spell_template.reagent8,
set,61170,ReagentCount[0],sql:spell_template.reagentCount1,
set,61170,ReagentCount[1],sql:spell_template.reagentCount2,
set,61170,ReagentCount[2],sql:spell_template.reagentCount3,
set,61170,ReagentCount[3],sql:spell_template.reagentCount4,
set,61170,ReagentCount[4],sql:spell_template.reagentCount5,
set,61170,ReagentCount[5],sql:spell_template.reagentCount6,
set,61170,ReagentCount[6],sql:spell_template.reagentCount7,
set,61170,ReagentCount[7],sql:spell_template.reagentCount8,
set,61170,EquippedItemClass,sql:spell_template.equippedItemClass,
set,61170,EquippedItemSubclass,sql:spell_template.equippedItemSubClassMask,
set,61170,EquippedItemInvTypes,sql:spell_template.equippedItemInventoryTypeMask,
set,61170,EffectMechanic[0],sql:spell_template.effectMechanic1,
set,61170,EffectMechanic[1],sql:spell_template.effectMechanic2,
set,61170,EffectMechanic[2],sql:spell_template.effectMechanic3,
set,61170,SpellVisualID[0],sql:spell_template.spellVisual1,
set,61170,SpellVisualID[1],sql:spell_template.spellVisual2,
set,61170,ActiveIconID,sql:spell_template.activeIconId,
set,61170,SpellPriority,sql:spell_template.spellPriority,
set,61170,Name_lang_enUS,sql:spell_template.name,
set,61170,NameSubtext_lang_enUS,sql:spell_template.nameSubtext,
set,61170,Description_lang_enUS,sql:spell_template.description,
set,61170,AuraDescription_lang_enUS,sql:spell_template.auraDescription,
set,61170,MaxTargetLevel,sql:spell_template.maxTargetLevel,
set,61170,SpellClassSet,sql:spell_template.spellFamilyName,
set,61170,MaxTargets,sql:spell_template.maxAffectedTargets,
set,61170,DefenseType,sql:spell_template.dmgClass,
set,61170,PreventionType,sql:spell_template.preventionType,
set,61170,StanceBarOrder,sql:spell_template.stanceBarOrder,
set,61170,EffectChainAmplitude[0],sql:spell_template.dmgMultiplier1,
set,61170,EffectChainAmplitude[1],sql:spell_template.dmgMultiplier2,
set,61170,EffectChainAmplitude[2],sql:spell_template.dmgMultiplier3,
set,61170,MinFactionID,sql:spell_template.minFactionId,
set,61170,MinReputation,sql:spell_template.minReputation,
set,61170,RequiredAuraVision,sql:spell_template.requiredAuraVision,
set,61170,SpellClassMask[0],0,spellFamilyFlags low
set,61170,SpellClassMask[1],0,spellFamilyFlags high
insert,61171,,copy:12298,"#367 talent rank (core#194), CV-7"
set,61171,CastingTimeIndex,sql:spell_template.castingTimeIndex,
set,61171,RecoveryTime,sql:spell_template.recoveryTime,
set,61171,CategoryRecoveryTime,sql:spell_template.categoryRecoveryTime,
set,61171,ProcChance,sql:spell_template.procChance,
set,61171,ProcCharges,sql:spell_template.procCharges,
set,61171,DurationIndex,sql:spell_template.durationIndex,
set,61171,PowerType,sql:spell_template.powerType,
set,61171,ManaCost,sql:spell_template.manaCost,
set,61171,RangeIndex,sql:spell_template.rangeIndex,
set,61171,Speed,sql:spell_template.speed,
set,61171,CumulativeAura,sql:spell_template.stackAmount,
set,61171,SpellIconID,sql:spell_template.spellIconId,
set,61171,ManaCostPct,sql:spell_template.manaCostPercentage,
set,61171,StartRecoveryCategory,sql:spell_template.startRecoveryCategory,
set,61171,StartRecoveryTime,sql:spell_template.startRecoveryTime,
set,61171,Effect[0],sql:spell_template.effect1,
set,61171,EffectDieSides[0],sql:spell_template.effectDieSides1,
set,61171,EffectBaseDice[0],sql:spell_template.effectBaseDice1,
set,61171,EffectDicePerLevel[0],sql:spell_template.effectDicePerLevel1,
set,61171,EffectRealPointsPerLevel[0],sql:spell_template.effectRealPointsPerLevel1,
set,61171,EffectBasePoints[0],sql:spell_template.effectBasePoints1,
set,61171,EffectAura[0],sql:spell_template.effectApplyAuraName1,
set,61171,EffectRadiusIndex[0],sql:spell_template.effectRadiusIndex1,
set,61171,EffectChainTargets[0],sql:spell_template.effectChainTarget1,
set,61171,EffectMiscValue[0],sql:spell_template.effectMiscValue1,
set,61171,EffectTriggerSpell[0],sql:spell_template.effectTriggerSpell1,
set,61171,EffectPointsPerCombo[0],sql:spell_template.effectPointsPerComboPoint1,
set,61171,Effect[1],sql:spell_template.effect2,
set,61171,EffectDieSides[1],sql:spell_template.effectDieSides2,
set,61171,EffectBaseDice[1],sql:spell_template.effectBaseDice2,
set,61171,EffectDicePerLevel[1],sql:spell_template.effectDicePerLevel2,
set,61171,EffectRealPointsPerLevel[1],sql:spell_template.effectRealPointsPerLevel2,
set,61171,EffectBasePoints[1],sql:spell_template.effectBasePoints2,
set,61171,EffectAura[1],sql:spell_template.effectApplyAuraName2,
set,61171,EffectRadiusIndex[1],sql:spell_template.effectRadiusIndex2,
set,61171,EffectChainTargets[1],sql:spell_template.effectChainTarget2,
set,61171,EffectMiscValue[1],sql:spell_template.effectMiscValue2,
set,61171,EffectTriggerSpell[1],sql:spell_template.effectTriggerSpell2,
set,61171,EffectPointsPerCombo[1],sql:spell_template.effectPointsPerComboPoint2,
set,61171,Effect[2],sql:spell_template.effect3,
set,61171,EffectDieSides[2],sql:spell_template.effectDieSides3,
set,61171,EffectBaseDice[2],sql:spell_template.effectBaseDice3,
set,61171,EffectDicePerLevel[2],sql:spell_template.effectDicePerLevel3,
set,61171,EffectRealPointsPerLevel[2],sql:spell_template.effectRealPointsPerLevel3,
set,61171,EffectBasePoints[2],sql:spell_template.effectBasePoints3,
set,61171,EffectAura[2],sql:spell_template.effectApplyAuraName3,
set,61171,EffectRadiusIndex[2],sql:spell_template.effectRadiusIndex3,
set,61171,EffectChainTargets[2],sql:spell_template.effectChainTarget3,
set,61171,EffectMiscValue[2],sql:spell_template.effectMiscValue3,
set,61171,EffectTriggerSpell[2],sql:spell_template.effectTriggerSpell3,
set,61171,EffectPointsPerCombo[2],sql:spell_template.effectPointsPerComboPoint3,
set,61171,EffectAuraPeriod[0],sql:spell_template.effectAmplitude1,
set,61171,EffectAmplitude[0],sql:spell_template.effectMultipleValue1,
set,61171,ImplicitTargetA[0],sql:spell_template.effectImplicitTargetA1,
set,61171,ImplicitTargetB[0],sql:spell_template.effectImplicitTargetB1,
set,61171,EffectItemType[0],sql:spell_template.effectItemType1,
set,61171,EffectAuraPeriod[1],sql:spell_template.effectAmplitude2,
set,61171,EffectAmplitude[1],sql:spell_template.effectMultipleValue2,
set,61171,ImplicitTargetA[1],sql:spell_template.effectImplicitTargetA2,
set,61171,ImplicitTargetB[1],sql:spell_template.effectImplicitTargetB2,
set,61171,EffectItemType[1],sql:spell_template.effectItemType2,
set,61171,EffectAuraPeriod[2],sql:spell_template.effectAmplitude3,
set,61171,EffectAmplitude[2],sql:spell_template.effectMultipleValue3,
set,61171,ImplicitTargetA[2],sql:spell_template.effectImplicitTargetA3,
set,61171,ImplicitTargetB[2],sql:spell_template.effectImplicitTargetB3,
set,61171,EffectItemType[2],sql:spell_template.effectItemType3,
set,61171,School,sql:spell_template.school,
set,61171,Attributes,sql:spell_template.attributes,
set,61171,AttributesEx,sql:spell_template.attributesEx,
set,61171,AttributesExB,sql:spell_template.attributesEx2,
set,61171,AttributesExC,sql:spell_template.attributesEx3,
set,61171,AttributesExD,sql:spell_template.attributesEx4,
set,61171,Category,sql:spell_template.category,
set,61171,CastUI,sql:spell_template.castUI,
set,61171,DispelType,sql:spell_template.dispel,
set,61171,Mechanic,sql:spell_template.mechanic,
set,61171,ShapeshiftMask,sql:spell_template.stances,
set,61171,ShapeshiftExclude,sql:spell_template.stancesNot,
set,61171,Targets,sql:spell_template.targets,
set,61171,TargetCreatureType,sql:spell_template.targetCreatureType,
set,61171,RequiresSpellFocus,sql:spell_template.requiresSpellFocus,
set,61171,CasterAuraState,sql:spell_template.casterAuraState,
set,61171,TargetAuraState,sql:spell_template.targetAuraState,
set,61171,InterruptFlags,sql:spell_template.interruptFlags,
set,61171,AuraInterruptFlags,sql:spell_template.auraInterruptFlags,
set,61171,ChannelInterruptFlags,sql:spell_template.channelInterruptFlags,
set,61171,ProcFlags,sql:spell_template.procFlags,
set,61171,MaxLevel,sql:spell_template.maxLevel,
set,61171,BaseLevel,sql:spell_template.baseLevel,
set,61171,SpellLevel,sql:spell_template.spellLevel,
set,61171,ManaCostPerLevel,sql:spell_template.manCostPerLevel,
set,61171,ManaPerSecond,sql:spell_template.manaPerSecond,
set,61171,ManaPerSecondPerLevel,sql:spell_template.manaPerSecondPerLevel,
set,61171,ModalNextSpell,sql:spell_template.modelNextSpell,
set,61171,Totem[0],sql:spell_template.totem1,
set,61171,Totem[1],sql:spell_template.totem2,
set,61171,Reagent[0],sql:spell_template.reagent1,
set,61171,Reagent[1],sql:spell_template.reagent2,
set,61171,Reagent[2],sql:spell_template.reagent3,
set,61171,Reagent[3],sql:spell_template.reagent4,
set,61171,Reagent[4],sql:spell_template.reagent5,
set,61171,Reagent[5],sql:spell_template.reagent6,
set,61171,Reagent[6],sql:spell_template.reagent7,
set,61171,Reagent[7],sql:spell_template.reagent8,
set,61171,ReagentCount[0],sql:spell_template.reagentCount1,
set,61171,ReagentCount[1],sql:spell_template.reagentCount2,
set,61171,ReagentCount[2],sql:spell_template.reagentCount3,
set,61171,ReagentCount[3],sql:spell_template.reagentCount4,
set,61171,ReagentCount[4],sql:spell_template.reagentCount5,
set,61171,ReagentCount[5],sql:spell_template.reagentCount6,
set,61171,ReagentCount[6],sql:spell_template.reagentCount7,
set,61171,ReagentCount[7],sql:spell_template.reagentCount8,
set,61171,EquippedItemClass,sql:spell_template.equippedItemClass,
set,61171,EquippedItemSubclass,sql:spell_template.equippedItemSubClassMask,
set,61171,EquippedItemInvTypes,sql:spell_template.equippedItemInventoryTypeMask,
set,61171,EffectMechanic[0],sql:spell_template.effectMechanic1,
set,61171,EffectMechanic[1],sql:spell_template.effectMechanic2,
set,61171,EffectMechanic[2],sql:spell_template.effectMechanic3,
set,61171,SpellVisualID[0],sql:spell_template.spellVisual1,
set,61171,SpellVisualID[1],sql:spell_template.spellVisual2,
set,61171,ActiveIconID,sql:spell_template.activeIconId,
set,61171,SpellPriority,sql:spell_template.spellPriority,
set,61171,Name_lang_enUS,sql:spell_template.name,
set,61171,NameSubtext_lang_enUS,sql:spell_template.nameSubtext,
set,61171,Description_lang_enUS,sql:spell_template.description,
set,61171,AuraDescription_lang_enUS,sql:spell_template.auraDescription,
set,61171,MaxTargetLevel,sql:spell_template.maxTargetLevel,
set,61171,SpellClassSet,sql:spell_template.spellFamilyName,
set,61171,MaxTargets,sql:spell_template.maxAffectedTargets,
set,61171,DefenseType,sql:spell_template.dmgClass,
set,61171,PreventionType,sql:spell_template.preventionType,
set,61171,StanceBarOrder,sql:spell_template.stanceBarOrder,
set,61171,EffectChainAmplitude[0],sql:spell_template.dmgMultiplier1,
set,61171,EffectChainAmplitude[1],sql:spell_template.dmgMultiplier2,
set,61171,EffectChainAmplitude[2],sql:spell_template.dmgMultiplier3,
set,61171,MinFactionID,sql:spell_template.minFactionId,
set,61171,MinReputation,sql:spell_template.minReputation,
set,61171,RequiredAuraVision,sql:spell_template.requiredAuraVision,
set,61171,SpellClassMask[0],0,spellFamilyFlags low
set,61171,SpellClassMask[1],0,spellFamilyFlags high
insert,61172,,copy:12298,"#367 talent rank (core#194), CV-7"
set,61172,CastingTimeIndex,sql:spell_template.castingTimeIndex,
set,61172,RecoveryTime,sql:spell_template.recoveryTime,
set,61172,CategoryRecoveryTime,sql:spell_template.categoryRecoveryTime,
set,61172,ProcChance,sql:spell_template.procChance,
set,61172,ProcCharges,sql:spell_template.procCharges,
set,61172,DurationIndex,sql:spell_template.durationIndex,
set,61172,PowerType,sql:spell_template.powerType,
set,61172,ManaCost,sql:spell_template.manaCost,
set,61172,RangeIndex,sql:spell_template.rangeIndex,
set,61172,Speed,sql:spell_template.speed,
set,61172,CumulativeAura,sql:spell_template.stackAmount,
set,61172,SpellIconID,sql:spell_template.spellIconId,
set,61172,ManaCostPct,sql:spell_template.manaCostPercentage,
set,61172,StartRecoveryCategory,sql:spell_template.startRecoveryCategory,
set,61172,StartRecoveryTime,sql:spell_template.startRecoveryTime,
set,61172,Effect[0],sql:spell_template.effect1,
set,61172,EffectDieSides[0],sql:spell_template.effectDieSides1,
set,61172,EffectBaseDice[0],sql:spell_template.effectBaseDice1,
set,61172,EffectDicePerLevel[0],sql:spell_template.effectDicePerLevel1,
set,61172,EffectRealPointsPerLevel[0],sql:spell_template.effectRealPointsPerLevel1,
set,61172,EffectBasePoints[0],sql:spell_template.effectBasePoints1,
set,61172,EffectAura[0],sql:spell_template.effectApplyAuraName1,
set,61172,EffectRadiusIndex[0],sql:spell_template.effectRadiusIndex1,
set,61172,EffectChainTargets[0],sql:spell_template.effectChainTarget1,
set,61172,EffectMiscValue[0],sql:spell_template.effectMiscValue1,
set,61172,EffectTriggerSpell[0],sql:spell_template.effectTriggerSpell1,
set,61172,EffectPointsPerCombo[0],sql:spell_template.effectPointsPerComboPoint1,
set,61172,Effect[1],sql:spell_template.effect2,
set,61172,EffectDieSides[1],sql:spell_template.effectDieSides2,
set,61172,EffectBaseDice[1],sql:spell_template.effectBaseDice2,
set,61172,EffectDicePerLevel[1],sql:spell_template.effectDicePerLevel2,
set,61172,EffectRealPointsPerLevel[1],sql:spell_template.effectRealPointsPerLevel2,
set,61172,EffectBasePoints[1],sql:spell_template.effectBasePoints2,
set,61172,EffectAura[1],sql:spell_template.effectApplyAuraName2,
set,61172,EffectRadiusIndex[1],sql:spell_template.effectRadiusIndex2,
set,61172,EffectChainTargets[1],sql:spell_template.effectChainTarget2,
set,61172,EffectMiscValue[1],sql:spell_template.effectMiscValue2,
set,61172,EffectTriggerSpell[1],sql:spell_template.effectTriggerSpell2,
set,61172,EffectPointsPerCombo[1],sql:spell_template.effectPointsPerComboPoint2,
set,61172,Effect[2],sql:spell_template.effect3,
set,61172,EffectDieSides[2],sql:spell_template.effectDieSides3,
set,61172,EffectBaseDice[2],sql:spell_template.effectBaseDice3,
set,61172,EffectDicePerLevel[2],sql:spell_template.effectDicePerLevel3,
set,61172,EffectRealPointsPerLevel[2],sql:spell_template.effectRealPointsPerLevel3,
set,61172,EffectBasePoints[2],sql:spell_template.effectBasePoints3,
set,61172,EffectAura[2],sql:spell_template.effectApplyAuraName3,
set,61172,EffectRadiusIndex[2],sql:spell_template.effectRadiusIndex3,
set,61172,EffectChainTargets[2],sql:spell_template.effectChainTarget3,
set,61172,EffectMiscValue[2],sql:spell_template.effectMiscValue3,
set,61172,EffectTriggerSpell[2],sql:spell_template.effectTriggerSpell3,
set,61172,EffectPointsPerCombo[2],sql:spell_template.effectPointsPerComboPoint3,
set,61172,EffectAuraPeriod[0],sql:spell_template.effectAmplitude1,
set,61172,EffectAmplitude[0],sql:spell_template.effectMultipleValue1,
set,61172,ImplicitTargetA[0],sql:spell_template.effectImplicitTargetA1,
set,61172,ImplicitTargetB[0],sql:spell_template.effectImplicitTargetB1,
set,61172,EffectItemType[0],sql:spell_template.effectItemType1,
set,61172,EffectAuraPeriod[1],sql:spell_template.effectAmplitude2,
set,61172,EffectAmplitude[1],sql:spell_template.effectMultipleValue2,
set,61172,ImplicitTargetA[1],sql:spell_template.effectImplicitTargetA2,
set,61172,ImplicitTargetB[1],sql:spell_template.effectImplicitTargetB2,
set,61172,EffectItemType[1],sql:spell_template.effectItemType2,
set,61172,EffectAuraPeriod[2],sql:spell_template.effectAmplitude3,
set,61172,EffectAmplitude[2],sql:spell_template.effectMultipleValue3,
set,61172,ImplicitTargetA[2],sql:spell_template.effectImplicitTargetA3,
set,61172,ImplicitTargetB[2],sql:spell_template.effectImplicitTargetB3,
set,61172,EffectItemType[2],sql:spell_template.effectItemType3,
set,61172,School,sql:spell_template.school,
set,61172,Attributes,sql:spell_template.attributes,
set,61172,AttributesEx,sql:spell_template.attributesEx,
set,61172,AttributesExB,sql:spell_template.attributesEx2,
set,61172,AttributesExC,sql:spell_template.attributesEx3,
set,61172,AttributesExD,sql:spell_template.attributesEx4,
set,61172,Category,sql:spell_template.category,
set,61172,CastUI,sql:spell_template.castUI,
set,61172,DispelType,sql:spell_template.dispel,
set,61172,Mechanic,sql:spell_template.mechanic,
set,61172,ShapeshiftMask,sql:spell_template.stances,
set,61172,ShapeshiftExclude,sql:spell_template.stancesNot,
set,61172,Targets,sql:spell_template.targets,
set,61172,TargetCreatureType,sql:spell_template.targetCreatureType,
set,61172,RequiresSpellFocus,sql:spell_template.requiresSpellFocus,
set,61172,CasterAuraState,sql:spell_template.casterAuraState,
set,61172,TargetAuraState,sql:spell_template.targetAuraState,
set,61172,InterruptFlags,sql:spell_template.interruptFlags,
set,61172,AuraInterruptFlags,sql:spell_template.auraInterruptFlags,
set,61172,ChannelInterruptFlags,sql:spell_template.channelInterruptFlags,
set,61172,ProcFlags,sql:spell_template.procFlags,
set,61172,MaxLevel,sql:spell_template.maxLevel,
set,61172,BaseLevel,sql:spell_template.baseLevel,
set,61172,SpellLevel,sql:spell_template.spellLevel,
set,61172,ManaCostPerLevel,sql:spell_template.manCostPerLevel,
set,61172,ManaPerSecond,sql:spell_template.manaPerSecond,
set,61172,ManaPerSecondPerLevel,sql:spell_template.manaPerSecondPerLevel,
set,61172,ModalNextSpell,sql:spell_template.modelNextSpell,
set,61172,Totem[0],sql:spell_template.totem1,
set,61172,Totem[1],sql:spell_template.totem2,
set,61172,Reagent[0],sql:spell_template.reagent1,
set,61172,Reagent[1],sql:spell_template.reagent2,
set,61172,Reagent[2],sql:spell_template.reagent3,
set,61172,Reagent[3],sql:spell_template.reagent4,
set,61172,Reagent[4],sql:spell_template.reagent5,
set,61172,Reagent[5],sql:spell_template.reagent6,
set,61172,Reagent[6],sql:spell_template.reagent7,
set,61172,Reagent[7],sql:spell_template.reagent8,
set,61172,ReagentCount[0],sql:spell_template.reagentCount1,
set,61172,ReagentCount[1],sql:spell_template.reagentCount2,
set,61172,ReagentCount[2],sql:spell_template.reagentCount3,
set,61172,ReagentCount[3],sql:spell_template.reagentCount4,
set,61172,ReagentCount[4],sql:spell_template.reagentCount5,
set,61172,ReagentCount[5],sql:spell_template.reagentCount6,
set,61172,ReagentCount[6],sql:spell_template.reagentCount7,
set,61172,ReagentCount[7],sql:spell_template.reagentCount8,
set,61172,EquippedItemClass,sql:spell_template.equippedItemClass,
set,61172,EquippedItemSubclass,sql:spell_template.equippedItemSubClassMask,
set,61172,EquippedItemInvTypes,sql:spell_template.equippedItemInventoryTypeMask,
set,61172,EffectMechanic[0],sql:spell_template.effectMechanic1,
set,61172,EffectMechanic[1],sql:spell_template.effectMechanic2,
set,61172,EffectMechanic[2],sql:spell_template.effectMechanic3,
set,61172,SpellVisualID[0],sql:spell_template.spellVisual1,
set,61172,SpellVisualID[1],sql:spell_template.spellVisual2,
set,61172,ActiveIconID,sql:spell_template.activeIconId,
set,61172,SpellPriority,sql:spell_template.spellPriority,
set,61172,Name_lang_enUS,sql:spell_template.name,
set,61172,NameSubtext_lang_enUS,sql:spell_template.nameSubtext,
set,61172,Description_lang_enUS,sql:spell_template.description,
set,61172,AuraDescription_lang_enUS,sql:spell_template.auraDescription,
set,61172,MaxTargetLevel,sql:spell_template.maxTargetLevel,
set,61172,SpellClassSet,sql:spell_template.spellFamilyName,
set,61172,MaxTargets,sql:spell_template.maxAffectedTargets,
set,61172,DefenseType,sql:spell_template.dmgClass,
set,61172,PreventionType,sql:spell_template.preventionType,
set,61172,StanceBarOrder,sql:spell_template.stanceBarOrder,
set,61172,EffectChainAmplitude[0],sql:spell_template.dmgMultiplier1,
set,61172,EffectChainAmplitude[1],sql:spell_template.dmgMultiplier2,
set,61172,EffectChainAmplitude[2],sql:spell_template.dmgMultiplier3,
set,61172,MinFactionID,sql:spell_template.minFactionId,
set,61172,MinReputation,sql:spell_template.minReputation,
set,61172,RequiredAuraVision,sql:spell_template.requiredAuraVision,
set,61172,SpellClassMask[0],0,spellFamilyFlags low
set,61172,SpellClassMask[1],0,spellFamilyFlags high
insert,61173,,copy:12297,"#367 talent rank (core#194), CV-8"
set,61173,CastingTimeIndex,sql:spell_template.castingTimeIndex,
set,61173,RecoveryTime,sql:spell_template.recoveryTime,
set,61173,CategoryRecoveryTime,sql:spell_template.categoryRecoveryTime,
set,61173,ProcChance,sql:spell_template.procChance,
set,61173,ProcCharges,sql:spell_template.procCharges,
set,61173,DurationIndex,sql:spell_template.durationIndex,
set,61173,PowerType,sql:spell_template.powerType,
set,61173,ManaCost,sql:spell_template.manaCost,
set,61173,RangeIndex,sql:spell_template.rangeIndex,
set,61173,Speed,sql:spell_template.speed,
set,61173,CumulativeAura,sql:spell_template.stackAmount,
set,61173,SpellIconID,sql:spell_template.spellIconId,
set,61173,ManaCostPct,sql:spell_template.manaCostPercentage,
set,61173,StartRecoveryCategory,sql:spell_template.startRecoveryCategory,
set,61173,StartRecoveryTime,sql:spell_template.startRecoveryTime,
set,61173,Effect[0],sql:spell_template.effect1,
set,61173,EffectDieSides[0],sql:spell_template.effectDieSides1,
set,61173,EffectBaseDice[0],sql:spell_template.effectBaseDice1,
set,61173,EffectDicePerLevel[0],sql:spell_template.effectDicePerLevel1,
set,61173,EffectRealPointsPerLevel[0],sql:spell_template.effectRealPointsPerLevel1,
set,61173,EffectBasePoints[0],sql:spell_template.effectBasePoints1,
set,61173,EffectAura[0],sql:spell_template.effectApplyAuraName1,
set,61173,EffectRadiusIndex[0],sql:spell_template.effectRadiusIndex1,
set,61173,EffectChainTargets[0],sql:spell_template.effectChainTarget1,
set,61173,EffectMiscValue[0],sql:spell_template.effectMiscValue1,
set,61173,EffectTriggerSpell[0],sql:spell_template.effectTriggerSpell1,
set,61173,EffectPointsPerCombo[0],sql:spell_template.effectPointsPerComboPoint1,
set,61173,Effect[1],sql:spell_template.effect2,
set,61173,EffectDieSides[1],sql:spell_template.effectDieSides2,
set,61173,EffectBaseDice[1],sql:spell_template.effectBaseDice2,
set,61173,EffectDicePerLevel[1],sql:spell_template.effectDicePerLevel2,
set,61173,EffectRealPointsPerLevel[1],sql:spell_template.effectRealPointsPerLevel2,
set,61173,EffectBasePoints[1],sql:spell_template.effectBasePoints2,
set,61173,EffectAura[1],sql:spell_template.effectApplyAuraName2,
set,61173,EffectRadiusIndex[1],sql:spell_template.effectRadiusIndex2,
set,61173,EffectChainTargets[1],sql:spell_template.effectChainTarget2,
set,61173,EffectMiscValue[1],sql:spell_template.effectMiscValue2,
set,61173,EffectTriggerSpell[1],sql:spell_template.effectTriggerSpell2,
set,61173,EffectPointsPerCombo[1],sql:spell_template.effectPointsPerComboPoint2,
set,61173,Effect[2],sql:spell_template.effect3,
set,61173,EffectDieSides[2],sql:spell_template.effectDieSides3,
set,61173,EffectBaseDice[2],sql:spell_template.effectBaseDice3,
set,61173,EffectDicePerLevel[2],sql:spell_template.effectDicePerLevel3,
set,61173,EffectRealPointsPerLevel[2],sql:spell_template.effectRealPointsPerLevel3,
set,61173,EffectBasePoints[2],sql:spell_template.effectBasePoints3,
set,61173,EffectAura[2],sql:spell_template.effectApplyAuraName3,
set,61173,EffectRadiusIndex[2],sql:spell_template.effectRadiusIndex3,
set,61173,EffectChainTargets[2],sql:spell_template.effectChainTarget3,
set,61173,EffectMiscValue[2],sql:spell_template.effectMiscValue3,
set,61173,EffectTriggerSpell[2],sql:spell_template.effectTriggerSpell3,
set,61173,EffectPointsPerCombo[2],sql:spell_template.effectPointsPerComboPoint3,
set,61173,EffectAuraPeriod[0],sql:spell_template.effectAmplitude1,
set,61173,EffectAmplitude[0],sql:spell_template.effectMultipleValue1,
set,61173,ImplicitTargetA[0],sql:spell_template.effectImplicitTargetA1,
set,61173,ImplicitTargetB[0],sql:spell_template.effectImplicitTargetB1,
set,61173,EffectItemType[0],sql:spell_template.effectItemType1,
set,61173,EffectAuraPeriod[1],sql:spell_template.effectAmplitude2,
set,61173,EffectAmplitude[1],sql:spell_template.effectMultipleValue2,
set,61173,ImplicitTargetA[1],sql:spell_template.effectImplicitTargetA2,
set,61173,ImplicitTargetB[1],sql:spell_template.effectImplicitTargetB2,
set,61173,EffectItemType[1],sql:spell_template.effectItemType2,
set,61173,EffectAuraPeriod[2],sql:spell_template.effectAmplitude3,
set,61173,EffectAmplitude[2],sql:spell_template.effectMultipleValue3,
set,61173,ImplicitTargetA[2],sql:spell_template.effectImplicitTargetA3,
set,61173,ImplicitTargetB[2],sql:spell_template.effectImplicitTargetB3,
set,61173,EffectItemType[2],sql:spell_template.effectItemType3,
set,61173,School,sql:spell_template.school,
set,61173,Attributes,sql:spell_template.attributes,
set,61173,AttributesEx,sql:spell_template.attributesEx,
set,61173,AttributesExB,sql:spell_template.attributesEx2,
set,61173,AttributesExC,sql:spell_template.attributesEx3,
set,61173,AttributesExD,sql:spell_template.attributesEx4,
set,61173,Category,sql:spell_template.category,
set,61173,CastUI,sql:spell_template.castUI,
set,61173,DispelType,sql:spell_template.dispel,
set,61173,Mechanic,sql:spell_template.mechanic,
set,61173,ShapeshiftMask,sql:spell_template.stances,
set,61173,ShapeshiftExclude,sql:spell_template.stancesNot,
set,61173,Targets,sql:spell_template.targets,
set,61173,TargetCreatureType,sql:spell_template.targetCreatureType,
set,61173,RequiresSpellFocus,sql:spell_template.requiresSpellFocus,
set,61173,CasterAuraState,sql:spell_template.casterAuraState,
set,61173,TargetAuraState,sql:spell_template.targetAuraState,
set,61173,InterruptFlags,sql:spell_template.interruptFlags,
set,61173,AuraInterruptFlags,sql:spell_template.auraInterruptFlags,
set,61173,ChannelInterruptFlags,sql:spell_template.channelInterruptFlags,
set,61173,ProcFlags,sql:spell_template.procFlags,
set,61173,MaxLevel,sql:spell_template.maxLevel,
set,61173,BaseLevel,sql:spell_template.baseLevel,
set,61173,SpellLevel,sql:spell_template.spellLevel,
set,61173,ManaCostPerLevel,sql:spell_template.manCostPerLevel,
set,61173,ManaPerSecond,sql:spell_template.manaPerSecond,
set,61173,ManaPerSecondPerLevel,sql:spell_template.manaPerSecondPerLevel,
set,61173,ModalNextSpell,sql:spell_template.modelNextSpell,
set,61173,Totem[0],sql:spell_template.totem1,
set,61173,Totem[1],sql:spell_template.totem2,
set,61173,Reagent[0],sql:spell_template.reagent1,
set,61173,Reagent[1],sql:spell_template.reagent2,
set,61173,Reagent[2],sql:spell_template.reagent3,
set,61173,Reagent[3],sql:spell_template.reagent4,
set,61173,Reagent[4],sql:spell_template.reagent5,
set,61173,Reagent[5],sql:spell_template.reagent6,
set,61173,Reagent[6],sql:spell_template.reagent7,
set,61173,Reagent[7],sql:spell_template.reagent8,
set,61173,ReagentCount[0],sql:spell_template.reagentCount1,
set,61173,ReagentCount[1],sql:spell_template.reagentCount2,
set,61173,ReagentCount[2],sql:spell_template.reagentCount3,
set,61173,ReagentCount[3],sql:spell_template.reagentCount4,
set,61173,ReagentCount[4],sql:spell_template.reagentCount5,
set,61173,ReagentCount[5],sql:spell_template.reagentCount6,
set,61173,ReagentCount[6],sql:spell_template.reagentCount7,
set,61173,ReagentCount[7],sql:spell_template.reagentCount8,
set,61173,EquippedItemClass,sql:spell_template.equippedItemClass,
set,61173,EquippedItemSubclass,sql:spell_template.equippedItemSubClassMask,
set,61173,EquippedItemInvTypes,sql:spell_template.equippedItemInventoryTypeMask,
set,61173,EffectMechanic[0],sql:spell_template.effectMechanic1,
set,61173,EffectMechanic[1],sql:spell_template.effectMechanic2,
set,61173,EffectMechanic[2],sql:spell_template.effectMechanic3,
set,61173,SpellVisualID[0],sql:spell_template.spellVisual1,
set,61173,SpellVisualID[1],sql:spell_template.spellVisual2,
set,61173,ActiveIconID,sql:spell_template.activeIconId,
set,61173,SpellPriority,sql:spell_template.spellPriority,
set,61173,Name_lang_enUS,sql:spell_template.name,
set,61173,NameSubtext_lang_enUS,sql:spell_template.nameSubtext,
set,61173,Description_lang_enUS,sql:spell_template.description,
set,61173,AuraDescription_lang_enUS,sql:spell_template.auraDescription,
set,61173,MaxTargetLevel,sql:spell_template.maxTargetLevel,
set,61173,SpellClassSet,sql:spell_template.spellFamilyName,
set,61173,MaxTargets,sql:spell_template.maxAffectedTargets,
set,61173,DefenseType,sql:spell_template.dmgClass,
set,61173,PreventionType,sql:spell_template.preventionType,
set,61173,StanceBarOrder,sql:spell_template.stanceBarOrder,
set,61173,EffectChainAmplitude[0],sql:spell_template.dmgMultiplier1,
set,61173,EffectChainAmplitude[1],sql:spell_template.dmgMultiplier2,
set,61173,EffectChainAmplitude[2],sql:spell_template.dmgMultiplier3,
set,61173,MinFactionID,sql:spell_template.minFactionId,
set,61173,MinReputation,sql:spell_template.minReputation,
set,61173,RequiredAuraVision,sql:spell_template.requiredAuraVision,
set,61173,SpellClassMask[0],0,spellFamilyFlags low
set,61173,SpellClassMask[1],0,spellFamilyFlags high
insert,61174,,copy:12297,"#367 talent rank (core#194), CV-8"
set,61174,CastingTimeIndex,sql:spell_template.castingTimeIndex,
set,61174,RecoveryTime,sql:spell_template.recoveryTime,
set,61174,CategoryRecoveryTime,sql:spell_template.categoryRecoveryTime,
set,61174,ProcChance,sql:spell_template.procChance,
set,61174,ProcCharges,sql:spell_template.procCharges,
set,61174,DurationIndex,sql:spell_template.durationIndex,
set,61174,PowerType,sql:spell_template.powerType,
set,61174,ManaCost,sql:spell_template.manaCost,
set,61174,RangeIndex,sql:spell_template.rangeIndex,
set,61174,Speed,sql:spell_template.speed,
set,61174,CumulativeAura,sql:spell_template.stackAmount,
set,61174,SpellIconID,sql:spell_template.spellIconId,
set,61174,ManaCostPct,sql:spell_template.manaCostPercentage,
set,61174,StartRecoveryCategory,sql:spell_template.startRecoveryCategory,
set,61174,StartRecoveryTime,sql:spell_template.startRecoveryTime,
set,61174,Effect[0],sql:spell_template.effect1,
set,61174,EffectDieSides[0],sql:spell_template.effectDieSides1,
set,61174,EffectBaseDice[0],sql:spell_template.effectBaseDice1,
set,61174,EffectDicePerLevel[0],sql:spell_template.effectDicePerLevel1,
set,61174,EffectRealPointsPerLevel[0],sql:spell_template.effectRealPointsPerLevel1,
set,61174,EffectBasePoints[0],sql:spell_template.effectBasePoints1,
set,61174,EffectAura[0],sql:spell_template.effectApplyAuraName1,
set,61174,EffectRadiusIndex[0],sql:spell_template.effectRadiusIndex1,
set,61174,EffectChainTargets[0],sql:spell_template.effectChainTarget1,
set,61174,EffectMiscValue[0],sql:spell_template.effectMiscValue1,
set,61174,EffectTriggerSpell[0],sql:spell_template.effectTriggerSpell1,
set,61174,EffectPointsPerCombo[0],sql:spell_template.effectPointsPerComboPoint1,
set,61174,Effect[1],sql:spell_template.effect2,
set,61174,EffectDieSides[1],sql:spell_template.effectDieSides2,
set,61174,EffectBaseDice[1],sql:spell_template.effectBaseDice2,
set,61174,EffectDicePerLevel[1],sql:spell_template.effectDicePerLevel2,
set,61174,EffectRealPointsPerLevel[1],sql:spell_template.effectRealPointsPerLevel2,
set,61174,EffectBasePoints[1],sql:spell_template.effectBasePoints2,
set,61174,EffectAura[1],sql:spell_template.effectApplyAuraName2,
set,61174,EffectRadiusIndex[1],sql:spell_template.effectRadiusIndex2,
set,61174,EffectChainTargets[1],sql:spell_template.effectChainTarget2,
set,61174,EffectMiscValue[1],sql:spell_template.effectMiscValue2,
set,61174,EffectTriggerSpell[1],sql:spell_template.effectTriggerSpell2,
set,61174,EffectPointsPerCombo[1],sql:spell_template.effectPointsPerComboPoint2,
set,61174,Effect[2],sql:spell_template.effect3,
set,61174,EffectDieSides[2],sql:spell_template.effectDieSides3,
set,61174,EffectBaseDice[2],sql:spell_template.effectBaseDice3,
set,61174,EffectDicePerLevel[2],sql:spell_template.effectDicePerLevel3,
set,61174,EffectRealPointsPerLevel[2],sql:spell_template.effectRealPointsPerLevel3,
set,61174,EffectBasePoints[2],sql:spell_template.effectBasePoints3,
set,61174,EffectAura[2],sql:spell_template.effectApplyAuraName3,
set,61174,EffectRadiusIndex[2],sql:spell_template.effectRadiusIndex3,
set,61174,EffectChainTargets[2],sql:spell_template.effectChainTarget3,
set,61174,EffectMiscValue[2],sql:spell_template.effectMiscValue3,
set,61174,EffectTriggerSpell[2],sql:spell_template.effectTriggerSpell3,
set,61174,EffectPointsPerCombo[2],sql:spell_template.effectPointsPerComboPoint3,
set,61174,EffectAuraPeriod[0],sql:spell_template.effectAmplitude1,
set,61174,EffectAmplitude[0],sql:spell_template.effectMultipleValue1,
set,61174,ImplicitTargetA[0],sql:spell_template.effectImplicitTargetA1,
set,61174,ImplicitTargetB[0],sql:spell_template.effectImplicitTargetB1,
set,61174,EffectItemType[0],sql:spell_template.effectItemType1,
set,61174,EffectAuraPeriod[1],sql:spell_template.effectAmplitude2,
set,61174,EffectAmplitude[1],sql:spell_template.effectMultipleValue2,
set,61174,ImplicitTargetA[1],sql:spell_template.effectImplicitTargetA2,
set,61174,ImplicitTargetB[1],sql:spell_template.effectImplicitTargetB2,
set,61174,EffectItemType[1],sql:spell_template.effectItemType2,
set,61174,EffectAuraPeriod[2],sql:spell_template.effectAmplitude3,
set,61174,EffectAmplitude[2],sql:spell_template.effectMultipleValue3,
set,61174,ImplicitTargetA[2],sql:spell_template.effectImplicitTargetA3,
set,61174,ImplicitTargetB[2],sql:spell_template.effectImplicitTargetB3,
set,61174,EffectItemType[2],sql:spell_template.effectItemType3,
set,61174,School,sql:spell_template.school,
set,61174,Attributes,sql:spell_template.attributes,
set,61174,AttributesEx,sql:spell_template.attributesEx,
set,61174,AttributesExB,sql:spell_template.attributesEx2,
set,61174,AttributesExC,sql:spell_template.attributesEx3,
set,61174,AttributesExD,sql:spell_template.attributesEx4,
set,61174,Category,sql:spell_template.category,
set,61174,CastUI,sql:spell_template.castUI,
set,61174,DispelType,sql:spell_template.dispel,
set,61174,Mechanic,sql:spell_template.mechanic,
set,61174,ShapeshiftMask,sql:spell_template.stances,
set,61174,ShapeshiftExclude,sql:spell_template.stancesNot,
set,61174,Targets,sql:spell_template.targets,
set,61174,TargetCreatureType,sql:spell_template.targetCreatureType,
set,61174,RequiresSpellFocus,sql:spell_template.requiresSpellFocus,
set,61174,CasterAuraState,sql:spell_template.casterAuraState,
set,61174,TargetAuraState,sql:spell_template.targetAuraState,
set,61174,InterruptFlags,sql:spell_template.interruptFlags,
set,61174,AuraInterruptFlags,sql:spell_template.auraInterruptFlags,
set,61174,ChannelInterruptFlags,sql:spell_template.channelInterruptFlags,
set,61174,ProcFlags,sql:spell_template.procFlags,
set,61174,MaxLevel,sql:spell_template.maxLevel,
set,61174,BaseLevel,sql:spell_template.baseLevel,
set,61174,SpellLevel,sql:spell_template.spellLevel,
set,61174,ManaCostPerLevel,sql:spell_template.manCostPerLevel,
set,61174,ManaPerSecond,sql:spell_template.manaPerSecond,
set,61174,ManaPerSecondPerLevel,sql:spell_template.manaPerSecondPerLevel,
set,61174,ModalNextSpell,sql:spell_template.modelNextSpell,
set,61174,Totem[0],sql:spell_template.totem1,
set,61174,Totem[1],sql:spell_template.totem2,
set,61174,Reagent[0],sql:spell_template.reagent1,
set,61174,Reagent[1],sql:spell_template.reagent2,
set,61174,Reagent[2],sql:spell_template.reagent3,
set,61174,Reagent[3],sql:spell_template.reagent4,
set,61174,Reagent[4],sql:spell_template.reagent5,
set,61174,Reagent[5],sql:spell_template.reagent6,
set,61174,Reagent[6],sql:spell_template.reagent7,
set,61174,Reagent[7],sql:spell_template.reagent8,
set,61174,ReagentCount[0],sql:spell_template.reagentCount1,
set,61174,ReagentCount[1],sql:spell_template.reagentCount2,
set,61174,ReagentCount[2],sql:spell_template.reagentCount3,
set,61174,ReagentCount[3],sql:spell_template.reagentCount4,
set,61174,ReagentCount[4],sql:spell_template.reagentCount5,
set,61174,ReagentCount[5],sql:spell_template.reagentCount6,
set,61174,ReagentCount[6],sql:spell_template.reagentCount7,
set,61174,ReagentCount[7],sql:spell_template.reagentCount8,
set,61174,EquippedItemClass,sql:spell_template.equippedItemClass,
set,61174,EquippedItemSubclass,sql:spell_template.equippedItemSubClassMask,
set,61174,EquippedItemInvTypes,sql:spell_template.equippedItemInventoryTypeMask,
set,61174,EffectMechanic[0],sql:spell_template.effectMechanic1,
set,61174,EffectMechanic[1],sql:spell_template.effectMechanic2,
set,61174,EffectMechanic[2],sql:spell_template.effectMechanic3,
set,61174,SpellVisualID[0],sql:spell_template.spellVisual1,
set,61174,SpellVisualID[1],sql:spell_template.spellVisual2,
set,61174,ActiveIconID,sql:spell_template.activeIconId,
set,61174,SpellPriority,sql:spell_template.spellPriority,
set,61174,Name_lang_enUS,sql:spell_template.name,
set,61174,NameSubtext_lang_enUS,sql:spell_template.nameSubtext,
set,61174,Description_lang_enUS,sql:spell_template.description,
set,61174,AuraDescription_lang_enUS,sql:spell_template.auraDescription,
set,61174,MaxTargetLevel,sql:spell_template.maxTargetLevel,
set,61174,SpellClassSet,sql:spell_template.spellFamilyName,
set,61174,MaxTargets,sql:spell_template.maxAffectedTargets,
set,61174,DefenseType,sql:spell_template.dmgClass,
set,61174,PreventionType,sql:spell_template.preventionType,
set,61174,StanceBarOrder,sql:spell_template.stanceBarOrder,
set,61174,EffectChainAmplitude[0],sql:spell_template.dmgMultiplier1,
set,61174,EffectChainAmplitude[1],sql:spell_template.dmgMultiplier2,
set,61174,EffectChainAmplitude[2],sql:spell_template.dmgMultiplier3,
set,61174,MinFactionID,sql:spell_template.minFactionId,
set,61174,MinReputation,sql:spell_template.minReputation,
set,61174,RequiredAuraVision,sql:spell_template.requiredAuraVision,
set,61174,SpellClassMask[0],0,spellFamilyFlags low
set,61174,SpellClassMask[1],0,spellFamilyFlags high
insert,61175,,copy:12297,"#367 talent rank (core#194), CV-8"
set,61175,CastingTimeIndex,sql:spell_template.castingTimeIndex,
set,61175,RecoveryTime,sql:spell_template.recoveryTime,
set,61175,CategoryRecoveryTime,sql:spell_template.categoryRecoveryTime,
set,61175,ProcChance,sql:spell_template.procChance,
set,61175,ProcCharges,sql:spell_template.procCharges,
set,61175,DurationIndex,sql:spell_template.durationIndex,
set,61175,PowerType,sql:spell_template.powerType,
set,61175,ManaCost,sql:spell_template.manaCost,
set,61175,RangeIndex,sql:spell_template.rangeIndex,
set,61175,Speed,sql:spell_template.speed,
set,61175,CumulativeAura,sql:spell_template.stackAmount,
set,61175,SpellIconID,sql:spell_template.spellIconId,
set,61175,ManaCostPct,sql:spell_template.manaCostPercentage,
set,61175,StartRecoveryCategory,sql:spell_template.startRecoveryCategory,
set,61175,StartRecoveryTime,sql:spell_template.startRecoveryTime,
set,61175,Effect[0],sql:spell_template.effect1,
set,61175,EffectDieSides[0],sql:spell_template.effectDieSides1,
set,61175,EffectBaseDice[0],sql:spell_template.effectBaseDice1,
set,61175,EffectDicePerLevel[0],sql:spell_template.effectDicePerLevel1,
set,61175,EffectRealPointsPerLevel[0],sql:spell_template.effectRealPointsPerLevel1,
set,61175,EffectBasePoints[0],sql:spell_template.effectBasePoints1,
set,61175,EffectAura[0],sql:spell_template.effectApplyAuraName1,
set,61175,EffectRadiusIndex[0],sql:spell_template.effectRadiusIndex1,
set,61175,EffectChainTargets[0],sql:spell_template.effectChainTarget1,
set,61175,EffectMiscValue[0],sql:spell_template.effectMiscValue1,
set,61175,EffectTriggerSpell[0],sql:spell_template.effectTriggerSpell1,
set,61175,EffectPointsPerCombo[0],sql:spell_template.effectPointsPerComboPoint1,
set,61175,Effect[1],sql:spell_template.effect2,
set,61175,EffectDieSides[1],sql:spell_template.effectDieSides2,
set,61175,EffectBaseDice[1],sql:spell_template.effectBaseDice2,
set,61175,EffectDicePerLevel[1],sql:spell_template.effectDicePerLevel2,
set,61175,EffectRealPointsPerLevel[1],sql:spell_template.effectRealPointsPerLevel2,
set,61175,EffectBasePoints[1],sql:spell_template.effectBasePoints2,
set,61175,EffectAura[1],sql:spell_template.effectApplyAuraName2,
set,61175,EffectRadiusIndex[1],sql:spell_template.effectRadiusIndex2,
set,61175,EffectChainTargets[1],sql:spell_template.effectChainTarget2,
set,61175,EffectMiscValue[1],sql:spell_template.effectMiscValue2,
set,61175,EffectTriggerSpell[1],sql:spell_template.effectTriggerSpell2,
set,61175,EffectPointsPerCombo[1],sql:spell_template.effectPointsPerComboPoint2,
set,61175,Effect[2],sql:spell_template.effect3,
set,61175,EffectDieSides[2],sql:spell_template.effectDieSides3,
set,61175,EffectBaseDice[2],sql:spell_template.effectBaseDice3,
set,61175,EffectDicePerLevel[2],sql:spell_template.effectDicePerLevel3,
set,61175,EffectRealPointsPerLevel[2],sql:spell_template.effectRealPointsPerLevel3,
set,61175,EffectBasePoints[2],sql:spell_template.effectBasePoints3,
set,61175,EffectAura[2],sql:spell_template.effectApplyAuraName3,
set,61175,EffectRadiusIndex[2],sql:spell_template.effectRadiusIndex3,
set,61175,EffectChainTargets[2],sql:spell_template.effectChainTarget3,
set,61175,EffectMiscValue[2],sql:spell_template.effectMiscValue3,
set,61175,EffectTriggerSpell[2],sql:spell_template.effectTriggerSpell3,
set,61175,EffectPointsPerCombo[2],sql:spell_template.effectPointsPerComboPoint3,
set,61175,EffectAuraPeriod[0],sql:spell_template.effectAmplitude1,
set,61175,EffectAmplitude[0],sql:spell_template.effectMultipleValue1,
set,61175,ImplicitTargetA[0],sql:spell_template.effectImplicitTargetA1,
set,61175,ImplicitTargetB[0],sql:spell_template.effectImplicitTargetB1,
set,61175,EffectItemType[0],sql:spell_template.effectItemType1,
set,61175,EffectAuraPeriod[1],sql:spell_template.effectAmplitude2,
set,61175,EffectAmplitude[1],sql:spell_template.effectMultipleValue2,
set,61175,ImplicitTargetA[1],sql:spell_template.effectImplicitTargetA2,
set,61175,ImplicitTargetB[1],sql:spell_template.effectImplicitTargetB2,
set,61175,EffectItemType[1],sql:spell_template.effectItemType2,
set,61175,EffectAuraPeriod[2],sql:spell_template.effectAmplitude3,
set,61175,EffectAmplitude[2],sql:spell_template.effectMultipleValue3,
set,61175,ImplicitTargetA[2],sql:spell_template.effectImplicitTargetA3,
set,61175,ImplicitTargetB[2],sql:spell_template.effectImplicitTargetB3,
set,61175,EffectItemType[2],sql:spell_template.effectItemType3,
set,61175,School,sql:spell_template.school,
set,61175,Attributes,sql:spell_template.attributes,
set,61175,AttributesEx,sql:spell_template.attributesEx,
set,61175,AttributesExB,sql:spell_template.attributesEx2,
set,61175,AttributesExC,sql:spell_template.attributesEx3,
set,61175,AttributesExD,sql:spell_template.attributesEx4,
set,61175,Category,sql:spell_template.category,
set,61175,CastUI,sql:spell_template.castUI,
set,61175,DispelType,sql:spell_template.dispel,
set,61175,Mechanic,sql:spell_template.mechanic,
set,61175,ShapeshiftMask,sql:spell_template.stances,
set,61175,ShapeshiftExclude,sql:spell_template.stancesNot,
set,61175,Targets,sql:spell_template.targets,
set,61175,TargetCreatureType,sql:spell_template.targetCreatureType,
set,61175,RequiresSpellFocus,sql:spell_template.requiresSpellFocus,
set,61175,CasterAuraState,sql:spell_template.casterAuraState,
set,61175,TargetAuraState,sql:spell_template.targetAuraState,
set,61175,InterruptFlags,sql:spell_template.interruptFlags,
set,61175,AuraInterruptFlags,sql:spell_template.auraInterruptFlags,
set,61175,ChannelInterruptFlags,sql:spell_template.channelInterruptFlags,
set,61175,ProcFlags,sql:spell_template.procFlags,
set,61175,MaxLevel,sql:spell_template.maxLevel,
set,61175,BaseLevel,sql:spell_template.baseLevel,
set,61175,SpellLevel,sql:spell_template.spellLevel,
set,61175,ManaCostPerLevel,sql:spell_template.manCostPerLevel,
set,61175,ManaPerSecond,sql:spell_template.manaPerSecond,
set,61175,ManaPerSecondPerLevel,sql:spell_template.manaPerSecondPerLevel,
set,61175,ModalNextSpell,sql:spell_template.modelNextSpell,
set,61175,Totem[0],sql:spell_template.totem1,
set,61175,Totem[1],sql:spell_template.totem2,
set,61175,Reagent[0],sql:spell_template.reagent1,
set,61175,Reagent[1],sql:spell_template.reagent2,
set,61175,Reagent[2],sql:spell_template.reagent3,
set,61175,Reagent[3],sql:spell_template.reagent4,
set,61175,Reagent[4],sql:spell_template.reagent5,
set,61175,Reagent[5],sql:spell_template.reagent6,
set,61175,Reagent[6],sql:spell_template.reagent7,
set,61175,Reagent[7],sql:spell_template.reagent8,
set,61175,ReagentCount[0],sql:spell_template.reagentCount1,
set,61175,ReagentCount[1],sql:spell_template.reagentCount2,
set,61175,ReagentCount[2],sql:spell_template.reagentCount3,
set,61175,ReagentCount[3],sql:spell_template.reagentCount4,
set,61175,ReagentCount[4],sql:spell_template.reagentCount5,
set,61175,ReagentCount[5],sql:spell_template.reagentCount6,
set,61175,ReagentCount[6],sql:spell_template.reagentCount7,
set,61175,ReagentCount[7],sql:spell_template.reagentCount8,
set,61175,EquippedItemClass,sql:spell_template.equippedItemClass,
set,61175,EquippedItemSubclass,sql:spell_template.equippedItemSubClassMask,
set,61175,EquippedItemInvTypes,sql:spell_template.equippedItemInventoryTypeMask,
set,61175,EffectMechanic[0],sql:spell_template.effectMechanic1,
set,61175,EffectMechanic[1],sql:spell_template.effectMechanic2,
set,61175,EffectMechanic[2],sql:spell_template.effectMechanic3,
set,61175,SpellVisualID[0],sql:spell_template.spellVisual1,
set,61175,SpellVisualID[1],sql:spell_template.spellVisual2,
set,61175,ActiveIconID,sql:spell_template.activeIconId,
set,61175,SpellPriority,sql:spell_template.spellPriority,
set,61175,Name_lang_enUS,sql:spell_template.name,
set,61175,NameSubtext_lang_enUS,sql:spell_template.nameSubtext,
set,61175,Description_lang_enUS,sql:spell_template.description,
set,61175,AuraDescription_lang_enUS,sql:spell_template.auraDescription,
set,61175,MaxTargetLevel,sql:spell_template.maxTargetLevel,
set,61175,SpellClassSet,sql:spell_template.spellFamilyName,
set,61175,MaxTargets,sql:spell_template.maxAffectedTargets,
set,61175,DefenseType,sql:spell_template.dmgClass,
set,61175,PreventionType,sql:spell_template.preventionType,
set,61175,StanceBarOrder,sql:spell_template.stanceBarOrder,
set,61175,EffectChainAmplitude[0],sql:spell_template.dmgMultiplier1,
set,61175,EffectChainAmplitude[1],sql:spell_template.dmgMultiplier2,
set,61175,EffectChainAmplitude[2],sql:spell_template.dmgMultiplier3,
set,61175,MinFactionID,sql:spell_template.minFactionId,
set,61175,MinReputation,sql:spell_template.minReputation,
set,61175,RequiredAuraVision,sql:spell_template.requiredAuraVision,
set,61175,SpellClassMask[0],0,spellFamilyFlags low
set,61175,SpellClassMask[1],0,spellFamilyFlags high
insert,61176,,copy:12297,"#367 talent rank (core#194), CV-9"
set,61176,CastingTimeIndex,sql:spell_template.castingTimeIndex,
set,61176,RecoveryTime,sql:spell_template.recoveryTime,
set,61176,CategoryRecoveryTime,sql:spell_template.categoryRecoveryTime,
set,61176,ProcChance,sql:spell_template.procChance,
set,61176,ProcCharges,sql:spell_template.procCharges,
set,61176,DurationIndex,sql:spell_template.durationIndex,
set,61176,PowerType,sql:spell_template.powerType,
set,61176,ManaCost,sql:spell_template.manaCost,
set,61176,RangeIndex,sql:spell_template.rangeIndex,
set,61176,Speed,sql:spell_template.speed,
set,61176,CumulativeAura,sql:spell_template.stackAmount,
set,61176,SpellIconID,sql:spell_template.spellIconId,
set,61176,ManaCostPct,sql:spell_template.manaCostPercentage,
set,61176,StartRecoveryCategory,sql:spell_template.startRecoveryCategory,
set,61176,StartRecoveryTime,sql:spell_template.startRecoveryTime,
set,61176,Effect[0],sql:spell_template.effect1,
set,61176,EffectDieSides[0],sql:spell_template.effectDieSides1,
set,61176,EffectBaseDice[0],sql:spell_template.effectBaseDice1,
set,61176,EffectDicePerLevel[0],sql:spell_template.effectDicePerLevel1,
set,61176,EffectRealPointsPerLevel[0],sql:spell_template.effectRealPointsPerLevel1,
set,61176,EffectBasePoints[0],sql:spell_template.effectBasePoints1,
set,61176,EffectAura[0],sql:spell_template.effectApplyAuraName1,
set,61176,EffectRadiusIndex[0],sql:spell_template.effectRadiusIndex1,
set,61176,EffectChainTargets[0],sql:spell_template.effectChainTarget1,
set,61176,EffectMiscValue[0],sql:spell_template.effectMiscValue1,
set,61176,EffectTriggerSpell[0],sql:spell_template.effectTriggerSpell1,
set,61176,EffectPointsPerCombo[0],sql:spell_template.effectPointsPerComboPoint1,
set,61176,Effect[1],sql:spell_template.effect2,
set,61176,EffectDieSides[1],sql:spell_template.effectDieSides2,
set,61176,EffectBaseDice[1],sql:spell_template.effectBaseDice2,
set,61176,EffectDicePerLevel[1],sql:spell_template.effectDicePerLevel2,
set,61176,EffectRealPointsPerLevel[1],sql:spell_template.effectRealPointsPerLevel2,
set,61176,EffectBasePoints[1],sql:spell_template.effectBasePoints2,
set,61176,EffectAura[1],sql:spell_template.effectApplyAuraName2,
set,61176,EffectRadiusIndex[1],sql:spell_template.effectRadiusIndex2,
set,61176,EffectChainTargets[1],sql:spell_template.effectChainTarget2,
set,61176,EffectMiscValue[1],sql:spell_template.effectMiscValue2,
set,61176,EffectTriggerSpell[1],sql:spell_template.effectTriggerSpell2,
set,61176,EffectPointsPerCombo[1],sql:spell_template.effectPointsPerComboPoint2,
set,61176,Effect[2],sql:spell_template.effect3,
set,61176,EffectDieSides[2],sql:spell_template.effectDieSides3,
set,61176,EffectBaseDice[2],sql:spell_template.effectBaseDice3,
set,61176,EffectDicePerLevel[2],sql:spell_template.effectDicePerLevel3,
set,61176,EffectRealPointsPerLevel[2],sql:spell_template.effectRealPointsPerLevel3,
set,61176,EffectBasePoints[2],sql:spell_template.effectBasePoints3,
set,61176,EffectAura[2],sql:spell_template.effectApplyAuraName3,
set,61176,EffectRadiusIndex[2],sql:spell_template.effectRadiusIndex3,
set,61176,EffectChainTargets[2],sql:spell_template.effectChainTarget3,
set,61176,EffectMiscValue[2],sql:spell_template.effectMiscValue3,
set,61176,EffectTriggerSpell[2],sql:spell_template.effectTriggerSpell3,
set,61176,EffectPointsPerCombo[2],sql:spell_template.effectPointsPerComboPoint3,
set,61176,EffectAuraPeriod[0],sql:spell_template.effectAmplitude1,
set,61176,EffectAmplitude[0],sql:spell_template.effectMultipleValue1,
set,61176,ImplicitTargetA[0],sql:spell_template.effectImplicitTargetA1,
set,61176,ImplicitTargetB[0],sql:spell_template.effectImplicitTargetB1,
set,61176,EffectItemType[0],sql:spell_template.effectItemType1,
set,61176,EffectAuraPeriod[1],sql:spell_template.effectAmplitude2,
set,61176,EffectAmplitude[1],sql:spell_template.effectMultipleValue2,
set,61176,ImplicitTargetA[1],sql:spell_template.effectImplicitTargetA2,
set,61176,ImplicitTargetB[1],sql:spell_template.effectImplicitTargetB2,
set,61176,EffectItemType[1],sql:spell_template.effectItemType2,
set,61176,EffectAuraPeriod[2],sql:spell_template.effectAmplitude3,
set,61176,EffectAmplitude[2],sql:spell_template.effectMultipleValue3,
set,61176,ImplicitTargetA[2],sql:spell_template.effectImplicitTargetA3,
set,61176,ImplicitTargetB[2],sql:spell_template.effectImplicitTargetB3,
set,61176,EffectItemType[2],sql:spell_template.effectItemType3,
set,61176,School,sql:spell_template.school,
set,61176,Attributes,sql:spell_template.attributes,
set,61176,AttributesEx,sql:spell_template.attributesEx,
set,61176,AttributesExB,sql:spell_template.attributesEx2,
set,61176,AttributesExC,sql:spell_template.attributesEx3,
set,61176,AttributesExD,sql:spell_template.attributesEx4,
set,61176,Category,sql:spell_template.category,
set,61176,CastUI,sql:spell_template.castUI,
set,61176,DispelType,sql:spell_template.dispel,
set,61176,Mechanic,sql:spell_template.mechanic,
set,61176,ShapeshiftMask,sql:spell_template.stances,
set,61176,ShapeshiftExclude,sql:spell_template.stancesNot,
set,61176,Targets,sql:spell_template.targets,
set,61176,TargetCreatureType,sql:spell_template.targetCreatureType,
set,61176,RequiresSpellFocus,sql:spell_template.requiresSpellFocus,
set,61176,CasterAuraState,sql:spell_template.casterAuraState,
set,61176,TargetAuraState,sql:spell_template.targetAuraState,
set,61176,InterruptFlags,sql:spell_template.interruptFlags,
set,61176,AuraInterruptFlags,sql:spell_template.auraInterruptFlags,
set,61176,ChannelInterruptFlags,sql:spell_template.channelInterruptFlags,
set,61176,ProcFlags,sql:spell_template.procFlags,
set,61176,MaxLevel,sql:spell_template.maxLevel,
set,61176,BaseLevel,sql:spell_template.baseLevel,
set,61176,SpellLevel,sql:spell_template.spellLevel,
set,61176,ManaCostPerLevel,sql:spell_template.manCostPerLevel,
set,61176,ManaPerSecond,sql:spell_template.manaPerSecond,
set,61176,ManaPerSecondPerLevel,sql:spell_template.manaPerSecondPerLevel,
set,61176,ModalNextSpell,sql:spell_template.modelNextSpell,
set,61176,Totem[0],sql:spell_template.totem1,
set,61176,Totem[1],sql:spell_template.totem2,
set,61176,Reagent[0],sql:spell_template.reagent1,
set,61176,Reagent[1],sql:spell_template.reagent2,
set,61176,Reagent[2],sql:spell_template.reagent3,
set,61176,Reagent[3],sql:spell_template.reagent4,
set,61176,Reagent[4],sql:spell_template.reagent5,
set,61176,Reagent[5],sql:spell_template.reagent6,
set,61176,Reagent[6],sql:spell_template.reagent7,
set,61176,Reagent[7],sql:spell_template.reagent8,
set,61176,ReagentCount[0],sql:spell_template.reagentCount1,
set,61176,ReagentCount[1],sql:spell_template.reagentCount2,
set,61176,ReagentCount[2],sql:spell_template.reagentCount3,
set,61176,ReagentCount[3],sql:spell_template.reagentCount4,
set,61176,ReagentCount[4],sql:spell_template.reagentCount5,
set,61176,ReagentCount[5],sql:spell_template.reagentCount6,
set,61176,ReagentCount[6],sql:spell_template.reagentCount7,
set,61176,ReagentCount[7],sql:spell_template.reagentCount8,
set,61176,EquippedItemClass,sql:spell_template.equippedItemClass,
set,61176,EquippedItemSubclass,sql:spell_template.equippedItemSubClassMask,
set,61176,EquippedItemInvTypes,sql:spell_template.equippedItemInventoryTypeMask,
set,61176,EffectMechanic[0],sql:spell_template.effectMechanic1,
set,61176,EffectMechanic[1],sql:spell_template.effectMechanic2,
set,61176,EffectMechanic[2],sql:spell_template.effectMechanic3,
set,61176,SpellVisualID[0],sql:spell_template.spellVisual1,
set,61176,SpellVisualID[1],sql:spell_template.spellVisual2,
set,61176,ActiveIconID,sql:spell_template.activeIconId,
set,61176,SpellPriority,sql:spell_template.spellPriority,
set,61176,Name_lang_enUS,sql:spell_template.name,
set,61176,NameSubtext_lang_enUS,sql:spell_template.nameSubtext,
set,61176,Description_lang_enUS,sql:spell_template.description,
set,61176,AuraDescription_lang_enUS,sql:spell_template.auraDescription,
set,61176,MaxTargetLevel,sql:spell_template.maxTargetLevel,
set,61176,SpellClassSet,sql:spell_template.spellFamilyName,
set,61176,MaxTargets,sql:spell_template.maxAffectedTargets,
set,61176,DefenseType,sql:spell_template.dmgClass,
set,61176,PreventionType,sql:spell_template.preventionType,
set,61176,StanceBarOrder,sql:spell_template.stanceBarOrder,
set,61176,EffectChainAmplitude[0],sql:spell_template.dmgMultiplier1,
set,61176,EffectChainAmplitude[1],sql:spell_template.dmgMultiplier2,
set,61176,EffectChainAmplitude[2],sql:spell_template.dmgMultiplier3,
set,61176,MinFactionID,sql:spell_template.minFactionId,
set,61176,MinReputation,sql:spell_template.minReputation,
set,61176,RequiredAuraVision,sql:spell_template.requiredAuraVision,
set,61176,SpellClassMask[0],0,spellFamilyFlags low
set,61176,SpellClassMask[1],0,spellFamilyFlags high
insert,61177,,copy:12297,"#367 talent rank (core#194), CV-9"
set,61177,CastingTimeIndex,sql:spell_template.castingTimeIndex,
set,61177,RecoveryTime,sql:spell_template.recoveryTime,
set,61177,CategoryRecoveryTime,sql:spell_template.categoryRecoveryTime,
set,61177,ProcChance,sql:spell_template.procChance,
set,61177,ProcCharges,sql:spell_template.procCharges,
set,61177,DurationIndex,sql:spell_template.durationIndex,
set,61177,PowerType,sql:spell_template.powerType,
set,61177,ManaCost,sql:spell_template.manaCost,
set,61177,RangeIndex,sql:spell_template.rangeIndex,
set,61177,Speed,sql:spell_template.speed,
set,61177,CumulativeAura,sql:spell_template.stackAmount,
set,61177,SpellIconID,sql:spell_template.spellIconId,
set,61177,ManaCostPct,sql:spell_template.manaCostPercentage,
set,61177,StartRecoveryCategory,sql:spell_template.startRecoveryCategory,
set,61177,StartRecoveryTime,sql:spell_template.startRecoveryTime,
set,61177,Effect[0],sql:spell_template.effect1,
set,61177,EffectDieSides[0],sql:spell_template.effectDieSides1,
set,61177,EffectBaseDice[0],sql:spell_template.effectBaseDice1,
set,61177,EffectDicePerLevel[0],sql:spell_template.effectDicePerLevel1,
set,61177,EffectRealPointsPerLevel[0],sql:spell_template.effectRealPointsPerLevel1,
set,61177,EffectBasePoints[0],sql:spell_template.effectBasePoints1,
set,61177,EffectAura[0],sql:spell_template.effectApplyAuraName1,
set,61177,EffectRadiusIndex[0],sql:spell_template.effectRadiusIndex1,
set,61177,EffectChainTargets[0],sql:spell_template.effectChainTarget1,
set,61177,EffectMiscValue[0],sql:spell_template.effectMiscValue1,
set,61177,EffectTriggerSpell[0],sql:spell_template.effectTriggerSpell1,
set,61177,EffectPointsPerCombo[0],sql:spell_template.effectPointsPerComboPoint1,
set,61177,Effect[1],sql:spell_template.effect2,
set,61177,EffectDieSides[1],sql:spell_template.effectDieSides2,
set,61177,EffectBaseDice[1],sql:spell_template.effectBaseDice2,
set,61177,EffectDicePerLevel[1],sql:spell_template.effectDicePerLevel2,
set,61177,EffectRealPointsPerLevel[1],sql:spell_template.effectRealPointsPerLevel2,
set,61177,EffectBasePoints[1],sql:spell_template.effectBasePoints2,
set,61177,EffectAura[1],sql:spell_template.effectApplyAuraName2,
set,61177,EffectRadiusIndex[1],sql:spell_template.effectRadiusIndex2,
set,61177,EffectChainTargets[1],sql:spell_template.effectChainTarget2,
set,61177,EffectMiscValue[1],sql:spell_template.effectMiscValue2,
set,61177,EffectTriggerSpell[1],sql:spell_template.effectTriggerSpell2,
set,61177,EffectPointsPerCombo[1],sql:spell_template.effectPointsPerComboPoint2,
set,61177,Effect[2],sql:spell_template.effect3,
set,61177,EffectDieSides[2],sql:spell_template.effectDieSides3,
set,61177,EffectBaseDice[2],sql:spell_template.effectBaseDice3,
set,61177,EffectDicePerLevel[2],sql:spell_template.effectDicePerLevel3,
set,61177,EffectRealPointsPerLevel[2],sql:spell_template.effectRealPointsPerLevel3,
set,61177,EffectBasePoints[2],sql:spell_template.effectBasePoints3,
set,61177,EffectAura[2],sql:spell_template.effectApplyAuraName3,
set,61177,EffectRadiusIndex[2],sql:spell_template.effectRadiusIndex3,
set,61177,EffectChainTargets[2],sql:spell_template.effectChainTarget3,
set,61177,EffectMiscValue[2],sql:spell_template.effectMiscValue3,
set,61177,EffectTriggerSpell[2],sql:spell_template.effectTriggerSpell3,
set,61177,EffectPointsPerCombo[2],sql:spell_template.effectPointsPerComboPoint3,
set,61177,EffectAuraPeriod[0],sql:spell_template.effectAmplitude1,
set,61177,EffectAmplitude[0],sql:spell_template.effectMultipleValue1,
set,61177,ImplicitTargetA[0],sql:spell_template.effectImplicitTargetA1,
set,61177,ImplicitTargetB[0],sql:spell_template.effectImplicitTargetB1,
set,61177,EffectItemType[0],sql:spell_template.effectItemType1,
set,61177,EffectAuraPeriod[1],sql:spell_template.effectAmplitude2,
set,61177,EffectAmplitude[1],sql:spell_template.effectMultipleValue2,
set,61177,ImplicitTargetA[1],sql:spell_template.effectImplicitTargetA2,
set,61177,ImplicitTargetB[1],sql:spell_template.effectImplicitTargetB2,
set,61177,EffectItemType[1],sql:spell_template.effectItemType2,
set,61177,EffectAuraPeriod[2],sql:spell_template.effectAmplitude3,
set,61177,EffectAmplitude[2],sql:spell_template.effectMultipleValue3,
set,61177,ImplicitTargetA[2],sql:spell_template.effectImplicitTargetA3,
set,61177,ImplicitTargetB[2],sql:spell_template.effectImplicitTargetB3,
set,61177,EffectItemType[2],sql:spell_template.effectItemType3,
set,61177,School,sql:spell_template.school,
set,61177,Attributes,sql:spell_template.attributes,
set,61177,AttributesEx,sql:spell_template.attributesEx,
set,61177,AttributesExB,sql:spell_template.attributesEx2,
set,61177,AttributesExC,sql:spell_template.attributesEx3,
set,61177,AttributesExD,sql:spell_template.attributesEx4,
set,61177,Category,sql:spell_template.category,
set,61177,CastUI,sql:spell_template.castUI,
set,61177,DispelType,sql:spell_template.dispel,
set,61177,Mechanic,sql:spell_template.mechanic,
set,61177,ShapeshiftMask,sql:spell_template.stances,
set,61177,ShapeshiftExclude,sql:spell_template.stancesNot,
set,61177,Targets,sql:spell_template.targets,
set,61177,TargetCreatureType,sql:spell_template.targetCreatureType,
set,61177,RequiresSpellFocus,sql:spell_template.requiresSpellFocus,
set,61177,CasterAuraState,sql:spell_template.casterAuraState,
set,61177,TargetAuraState,sql:spell_template.targetAuraState,
set,61177,InterruptFlags,sql:spell_template.interruptFlags,
set,61177,AuraInterruptFlags,sql:spell_template.auraInterruptFlags,
set,61177,ChannelInterruptFlags,sql:spell_template.channelInterruptFlags,
set,61177,ProcFlags,sql:spell_template.procFlags,
set,61177,MaxLevel,sql:spell_template.maxLevel,
set,61177,BaseLevel,sql:spell_template.baseLevel,
set,61177,SpellLevel,sql:spell_template.spellLevel,
set,61177,ManaCostPerLevel,sql:spell_template.manCostPerLevel,
set,61177,ManaPerSecond,sql:spell_template.manaPerSecond,
set,61177,ManaPerSecondPerLevel,sql:spell_template.manaPerSecondPerLevel,
set,61177,ModalNextSpell,sql:spell_template.modelNextSpell,
set,61177,Totem[0],sql:spell_template.totem1,
set,61177,Totem[1],sql:spell_template.totem2,
set,61177,Reagent[0],sql:spell_template.reagent1,
set,61177,Reagent[1],sql:spell_template.reagent2,
set,61177,Reagent[2],sql:spell_template.reagent3,
set,61177,Reagent[3],sql:spell_template.reagent4,
set,61177,Reagent[4],sql:spell_template.reagent5,
set,61177,Reagent[5],sql:spell_template.reagent6,
set,61177,Reagent[6],sql:spell_template.reagent7,
set,61177,Reagent[7],sql:spell_template.reagent8,
set,61177,ReagentCount[0],sql:spell_template.reagentCount1,
set,61177,ReagentCount[1],sql:spell_template.reagentCount2,
set,61177,ReagentCount[2],sql:spell_template.reagentCount3,
set,61177,ReagentCount[3],sql:spell_template.reagentCount4,
set,61177,ReagentCount[4],sql:spell_template.reagentCount5,
set,61177,ReagentCount[5],sql:spell_template.reagentCount6,
set,61177,ReagentCount[6],sql:spell_template.reagentCount7,
set,61177,ReagentCount[7],sql:spell_template.reagentCount8,
set,61177,EquippedItemClass,sql:spell_template.equippedItemClass,
set,61177,EquippedItemSubclass,sql:spell_template.equippedItemSubClassMask,
set,61177,EquippedItemInvTypes,sql:spell_template.equippedItemInventoryTypeMask,
set,61177,EffectMechanic[0],sql:spell_template.effectMechanic1,
set,61177,EffectMechanic[1],sql:spell_template.effectMechanic2,
set,61177,EffectMechanic[2],sql:spell_template.effectMechanic3,
set,61177,SpellVisualID[0],sql:spell_template.spellVisual1,
set,61177,SpellVisualID[1],sql:spell_template.spellVisual2,
set,61177,ActiveIconID,sql:spell_template.activeIconId,
set,61177,SpellPriority,sql:spell_template.spellPriority,
set,61177,Name_lang_enUS,sql:spell_template.name,
set,61177,NameSubtext_lang_enUS,sql:spell_template.nameSubtext,
set,61177,Description_lang_enUS,sql:spell_template.description,
set,61177,AuraDescription_lang_enUS,sql:spell_template.auraDescription,
set,61177,MaxTargetLevel,sql:spell_template.maxTargetLevel,
set,61177,SpellClassSet,sql:spell_template.spellFamilyName,
set,61177,MaxTargets,sql:spell_template.maxAffectedTargets,
set,61177,DefenseType,sql:spell_template.dmgClass,
set,61177,PreventionType,sql:spell_template.preventionType,
set,61177,StanceBarOrder,sql:spell_template.stanceBarOrder,
set,61177,EffectChainAmplitude[0],sql:spell_template.dmgMultiplier1,
set,61177,EffectChainAmplitude[1],sql:spell_template.dmgMultiplier2,
set,61177,EffectChainAmplitude[2],sql:spell_template.dmgMultiplier3,
set,61177,MinFactionID,sql:spell_template.minFactionId,
set,61177,MinReputation,sql:spell_template.minReputation,
set,61177,RequiredAuraVision,sql:spell_template.requiredAuraVision,
set,61177,SpellClassMask[0],0,spellFamilyFlags low
set,61177,SpellClassMask[1],0,spellFamilyFlags high
insert,61178,,copy:12297,"#367 talent rank (core#194), CV-9"
set,61178,CastingTimeIndex,sql:spell_template.castingTimeIndex,
set,61178,RecoveryTime,sql:spell_template.recoveryTime,
set,61178,CategoryRecoveryTime,sql:spell_template.categoryRecoveryTime,
set,61178,ProcChance,sql:spell_template.procChance,
set,61178,ProcCharges,sql:spell_template.procCharges,
set,61178,DurationIndex,sql:spell_template.durationIndex,
set,61178,PowerType,sql:spell_template.powerType,
set,61178,ManaCost,sql:spell_template.manaCost,
set,61178,RangeIndex,sql:spell_template.rangeIndex,
set,61178,Speed,sql:spell_template.speed,
set,61178,CumulativeAura,sql:spell_template.stackAmount,
set,61178,SpellIconID,sql:spell_template.spellIconId,
set,61178,ManaCostPct,sql:spell_template.manaCostPercentage,
set,61178,StartRecoveryCategory,sql:spell_template.startRecoveryCategory,
set,61178,StartRecoveryTime,sql:spell_template.startRecoveryTime,
set,61178,Effect[0],sql:spell_template.effect1,
set,61178,EffectDieSides[0],sql:spell_template.effectDieSides1,
set,61178,EffectBaseDice[0],sql:spell_template.effectBaseDice1,
set,61178,EffectDicePerLevel[0],sql:spell_template.effectDicePerLevel1,
set,61178,EffectRealPointsPerLevel[0],sql:spell_template.effectRealPointsPerLevel1,
set,61178,EffectBasePoints[0],sql:spell_template.effectBasePoints1,
set,61178,EffectAura[0],sql:spell_template.effectApplyAuraName1,
set,61178,EffectRadiusIndex[0],sql:spell_template.effectRadiusIndex1,
set,61178,EffectChainTargets[0],sql:spell_template.effectChainTarget1,
set,61178,EffectMiscValue[0],sql:spell_template.effectMiscValue1,
set,61178,EffectTriggerSpell[0],sql:spell_template.effectTriggerSpell1,
set,61178,EffectPointsPerCombo[0],sql:spell_template.effectPointsPerComboPoint1,
set,61178,Effect[1],sql:spell_template.effect2,
set,61178,EffectDieSides[1],sql:spell_template.effectDieSides2,
set,61178,EffectBaseDice[1],sql:spell_template.effectBaseDice2,
set,61178,EffectDicePerLevel[1],sql:spell_template.effectDicePerLevel2,
set,61178,EffectRealPointsPerLevel[1],sql:spell_template.effectRealPointsPerLevel2,
set,61178,EffectBasePoints[1],sql:spell_template.effectBasePoints2,
set,61178,EffectAura[1],sql:spell_template.effectApplyAuraName2,
set,61178,EffectRadiusIndex[1],sql:spell_template.effectRadiusIndex2,
set,61178,EffectChainTargets[1],sql:spell_template.effectChainTarget2,
set,61178,EffectMiscValue[1],sql:spell_template.effectMiscValue2,
set,61178,EffectTriggerSpell[1],sql:spell_template.effectTriggerSpell2,
set,61178,EffectPointsPerCombo[1],sql:spell_template.effectPointsPerComboPoint2,
set,61178,Effect[2],sql:spell_template.effect3,
set,61178,EffectDieSides[2],sql:spell_template.effectDieSides3,
set,61178,EffectBaseDice[2],sql:spell_template.effectBaseDice3,
set,61178,EffectDicePerLevel[2],sql:spell_template.effectDicePerLevel3,
set,61178,EffectRealPointsPerLevel[2],sql:spell_template.effectRealPointsPerLevel3,
set,61178,EffectBasePoints[2],sql:spell_template.effectBasePoints3,
set,61178,EffectAura[2],sql:spell_template.effectApplyAuraName3,
set,61178,EffectRadiusIndex[2],sql:spell_template.effectRadiusIndex3,
set,61178,EffectChainTargets[2],sql:spell_template.effectChainTarget3,
set,61178,EffectMiscValue[2],sql:spell_template.effectMiscValue3,
set,61178,EffectTriggerSpell[2],sql:spell_template.effectTriggerSpell3,
set,61178,EffectPointsPerCombo[2],sql:spell_template.effectPointsPerComboPoint3,
set,61178,EffectAuraPeriod[0],sql:spell_template.effectAmplitude1,
set,61178,EffectAmplitude[0],sql:spell_template.effectMultipleValue1,
set,61178,ImplicitTargetA[0],sql:spell_template.effectImplicitTargetA1,
set,61178,ImplicitTargetB[0],sql:spell_template.effectImplicitTargetB1,
set,61178,EffectItemType[0],sql:spell_template.effectItemType1,
set,61178,EffectAuraPeriod[1],sql:spell_template.effectAmplitude2,
set,61178,EffectAmplitude[1],sql:spell_template.effectMultipleValue2,
set,61178,ImplicitTargetA[1],sql:spell_template.effectImplicitTargetA2,
set,61178,ImplicitTargetB[1],sql:spell_template.effectImplicitTargetB2,
set,61178,EffectItemType[1],sql:spell_template.effectItemType2,
set,61178,EffectAuraPeriod[2],sql:spell_template.effectAmplitude3,
set,61178,EffectAmplitude[2],sql:spell_template.effectMultipleValue3,
set,61178,ImplicitTargetA[2],sql:spell_template.effectImplicitTargetA3,
set,61178,ImplicitTargetB[2],sql:spell_template.effectImplicitTargetB3,
set,61178,EffectItemType[2],sql:spell_template.effectItemType3,
set,61178,School,sql:spell_template.school,
set,61178,Attributes,sql:spell_template.attributes,
set,61178,AttributesEx,sql:spell_template.attributesEx,
set,61178,AttributesExB,sql:spell_template.attributesEx2,
set,61178,AttributesExC,sql:spell_template.attributesEx3,
set,61178,AttributesExD,sql:spell_template.attributesEx4,
set,61178,Category,sql:spell_template.category,
set,61178,CastUI,sql:spell_template.castUI,
set,61178,DispelType,sql:spell_template.dispel,
set,61178,Mechanic,sql:spell_template.mechanic,
set,61178,ShapeshiftMask,sql:spell_template.stances,
set,61178,ShapeshiftExclude,sql:spell_template.stancesNot,
set,61178,Targets,sql:spell_template.targets,
set,61178,TargetCreatureType,sql:spell_template.targetCreatureType,
set,61178,RequiresSpellFocus,sql:spell_template.requiresSpellFocus,
set,61178,CasterAuraState,sql:spell_template.casterAuraState,
set,61178,TargetAuraState,sql:spell_template.targetAuraState,
set,61178,InterruptFlags,sql:spell_template.interruptFlags,
set,61178,AuraInterruptFlags,sql:spell_template.auraInterruptFlags,
set,61178,ChannelInterruptFlags,sql:spell_template.channelInterruptFlags,
set,61178,ProcFlags,sql:spell_template.procFlags,
set,61178,MaxLevel,sql:spell_template.maxLevel,
set,61178,BaseLevel,sql:spell_template.baseLevel,
set,61178,SpellLevel,sql:spell_template.spellLevel,
set,61178,ManaCostPerLevel,sql:spell_template.manCostPerLevel,
set,61178,ManaPerSecond,sql:spell_template.manaPerSecond,
set,61178,ManaPerSecondPerLevel,sql:spell_template.manaPerSecondPerLevel,
set,61178,ModalNextSpell,sql:spell_template.modelNextSpell,
set,61178,Totem[0],sql:spell_template.totem1,
set,61178,Totem[1],sql:spell_template.totem2,
set,61178,Reagent[0],sql:spell_template.reagent1,
set,61178,Reagent[1],sql:spell_template.reagent2,
set,61178,Reagent[2],sql:spell_template.reagent3,
set,61178,Reagent[3],sql:spell_template.reagent4,
set,61178,Reagent[4],sql:spell_template.reagent5,
set,61178,Reagent[5],sql:spell_template.reagent6,
set,61178,Reagent[6],sql:spell_template.reagent7,
set,61178,Reagent[7],sql:spell_template.reagent8,
set,61178,ReagentCount[0],sql:spell_template.reagentCount1,
set,61178,ReagentCount[1],sql:spell_template.reagentCount2,
set,61178,ReagentCount[2],sql:spell_template.reagentCount3,
set,61178,ReagentCount[3],sql:spell_template.reagentCount4,
set,61178,ReagentCount[4],sql:spell_template.reagentCount5,
set,61178,ReagentCount[5],sql:spell_template.reagentCount6,
set,61178,ReagentCount[6],sql:spell_template.reagentCount7,
set,61178,ReagentCount[7],sql:spell_template.reagentCount8,
set,61178,EquippedItemClass,sql:spell_template.equippedItemClass,
set,61178,EquippedItemSubclass,sql:spell_template.equippedItemSubClassMask,
set,61178,EquippedItemInvTypes,sql:spell_template.equippedItemInventoryTypeMask,
set,61178,EffectMechanic[0],sql:spell_template.effectMechanic1,
set,61178,EffectMechanic[1],sql:spell_template.effectMechanic2,
set,61178,EffectMechanic[2],sql:spell_template.effectMechanic3,
set,61178,SpellVisualID[0],sql:spell_template.spellVisual1,
set,61178,SpellVisualID[1],sql:spell_template.spellVisual2,
set,61178,ActiveIconID,sql:spell_template.activeIconId,
set,61178,SpellPriority,sql:spell_template.spellPriority,
set,61178,Name_lang_enUS,sql:spell_template.name,
set,61178,NameSubtext_lang_enUS,sql:spell_template.nameSubtext,
set,61178,Description_lang_enUS,sql:spell_template.description,
set,61178,AuraDescription_lang_enUS,sql:spell_template.auraDescription,
set,61178,MaxTargetLevel,sql:spell_template.maxTargetLevel,
set,61178,SpellClassSet,sql:spell_template.spellFamilyName,
set,61178,MaxTargets,sql:spell_template.maxAffectedTargets,
set,61178,DefenseType,sql:spell_template.dmgClass,
set,61178,PreventionType,sql:spell_template.preventionType,
set,61178,StanceBarOrder,sql:spell_template.stanceBarOrder,
set,61178,EffectChainAmplitude[0],sql:spell_template.dmgMultiplier1,
set,61178,EffectChainAmplitude[1],sql:spell_template.dmgMultiplier2,
set,61178,EffectChainAmplitude[2],sql:spell_template.dmgMultiplier3,
set,61178,MinFactionID,sql:spell_template.minFactionId,
set,61178,MinReputation,sql:spell_template.minReputation,
set,61178,RequiredAuraVision,sql:spell_template.requiredAuraVision,
set,61178,SpellClassMask[0],0,spellFamilyFlags low
set,61178,SpellClassMask[1],0,spellFamilyFlags high
insert,61179,,copy:12297,#367 talent rank (core#194)
set,61179,CastingTimeIndex,sql:spell_template.castingTimeIndex,
set,61179,RecoveryTime,sql:spell_template.recoveryTime,
set,61179,CategoryRecoveryTime,sql:spell_template.categoryRecoveryTime,
set,61179,ProcChance,sql:spell_template.procChance,
set,61179,ProcCharges,sql:spell_template.procCharges,
set,61179,DurationIndex,sql:spell_template.durationIndex,
set,61179,PowerType,sql:spell_template.powerType,
set,61179,ManaCost,sql:spell_template.manaCost,
set,61179,RangeIndex,sql:spell_template.rangeIndex,
set,61179,Speed,sql:spell_template.speed,
set,61179,CumulativeAura,sql:spell_template.stackAmount,
set,61179,SpellIconID,sql:spell_template.spellIconId,
set,61179,ManaCostPct,sql:spell_template.manaCostPercentage,
set,61179,StartRecoveryCategory,sql:spell_template.startRecoveryCategory,
set,61179,StartRecoveryTime,sql:spell_template.startRecoveryTime,
set,61179,Effect[0],sql:spell_template.effect1,
set,61179,EffectDieSides[0],sql:spell_template.effectDieSides1,
set,61179,EffectBaseDice[0],sql:spell_template.effectBaseDice1,
set,61179,EffectDicePerLevel[0],sql:spell_template.effectDicePerLevel1,
set,61179,EffectRealPointsPerLevel[0],sql:spell_template.effectRealPointsPerLevel1,
set,61179,EffectBasePoints[0],sql:spell_template.effectBasePoints1,
set,61179,EffectAura[0],sql:spell_template.effectApplyAuraName1,
set,61179,EffectRadiusIndex[0],sql:spell_template.effectRadiusIndex1,
set,61179,EffectChainTargets[0],sql:spell_template.effectChainTarget1,
set,61179,EffectMiscValue[0],sql:spell_template.effectMiscValue1,
set,61179,EffectTriggerSpell[0],sql:spell_template.effectTriggerSpell1,
set,61179,EffectPointsPerCombo[0],sql:spell_template.effectPointsPerComboPoint1,
set,61179,Effect[1],sql:spell_template.effect2,
set,61179,EffectDieSides[1],sql:spell_template.effectDieSides2,
set,61179,EffectBaseDice[1],sql:spell_template.effectBaseDice2,
set,61179,EffectDicePerLevel[1],sql:spell_template.effectDicePerLevel2,
set,61179,EffectRealPointsPerLevel[1],sql:spell_template.effectRealPointsPerLevel2,
set,61179,EffectBasePoints[1],sql:spell_template.effectBasePoints2,
set,61179,EffectAura[1],sql:spell_template.effectApplyAuraName2,
set,61179,EffectRadiusIndex[1],sql:spell_template.effectRadiusIndex2,
set,61179,EffectChainTargets[1],sql:spell_template.effectChainTarget2,
set,61179,EffectMiscValue[1],sql:spell_template.effectMiscValue2,
set,61179,EffectTriggerSpell[1],sql:spell_template.effectTriggerSpell2,
set,61179,EffectPointsPerCombo[1],sql:spell_template.effectPointsPerComboPoint2,
set,61179,Effect[2],sql:spell_template.effect3,
set,61179,EffectDieSides[2],sql:spell_template.effectDieSides3,
set,61179,EffectBaseDice[2],sql:spell_template.effectBaseDice3,
set,61179,EffectDicePerLevel[2],sql:spell_template.effectDicePerLevel3,
set,61179,EffectRealPointsPerLevel[2],sql:spell_template.effectRealPointsPerLevel3,
set,61179,EffectBasePoints[2],sql:spell_template.effectBasePoints3,
set,61179,EffectAura[2],sql:spell_template.effectApplyAuraName3,
set,61179,EffectRadiusIndex[2],sql:spell_template.effectRadiusIndex3,
set,61179,EffectChainTargets[2],sql:spell_template.effectChainTarget3,
set,61179,EffectMiscValue[2],sql:spell_template.effectMiscValue3,
set,61179,EffectTriggerSpell[2],sql:spell_template.effectTriggerSpell3,
set,61179,EffectPointsPerCombo[2],sql:spell_template.effectPointsPerComboPoint3,
set,61179,EffectAuraPeriod[0],sql:spell_template.effectAmplitude1,
set,61179,EffectAmplitude[0],sql:spell_template.effectMultipleValue1,
set,61179,ImplicitTargetA[0],sql:spell_template.effectImplicitTargetA1,
set,61179,ImplicitTargetB[0],sql:spell_template.effectImplicitTargetB1,
set,61179,EffectItemType[0],sql:spell_template.effectItemType1,
set,61179,EffectAuraPeriod[1],sql:spell_template.effectAmplitude2,
set,61179,EffectAmplitude[1],sql:spell_template.effectMultipleValue2,
set,61179,ImplicitTargetA[1],sql:spell_template.effectImplicitTargetA2,
set,61179,ImplicitTargetB[1],sql:spell_template.effectImplicitTargetB2,
set,61179,EffectItemType[1],sql:spell_template.effectItemType2,
set,61179,EffectAuraPeriod[2],sql:spell_template.effectAmplitude3,
set,61179,EffectAmplitude[2],sql:spell_template.effectMultipleValue3,
set,61179,ImplicitTargetA[2],sql:spell_template.effectImplicitTargetA3,
set,61179,ImplicitTargetB[2],sql:spell_template.effectImplicitTargetB3,
set,61179,EffectItemType[2],sql:spell_template.effectItemType3,
set,61179,School,sql:spell_template.school,
set,61179,Attributes,sql:spell_template.attributes,
set,61179,AttributesEx,sql:spell_template.attributesEx,
set,61179,AttributesExB,sql:spell_template.attributesEx2,
set,61179,AttributesExC,sql:spell_template.attributesEx3,
set,61179,AttributesExD,sql:spell_template.attributesEx4,
set,61179,Category,sql:spell_template.category,
set,61179,CastUI,sql:spell_template.castUI,
set,61179,DispelType,sql:spell_template.dispel,
set,61179,Mechanic,sql:spell_template.mechanic,
set,61179,ShapeshiftMask,sql:spell_template.stances,
set,61179,ShapeshiftExclude,sql:spell_template.stancesNot,
set,61179,Targets,sql:spell_template.targets,
set,61179,TargetCreatureType,sql:spell_template.targetCreatureType,
set,61179,RequiresSpellFocus,sql:spell_template.requiresSpellFocus,
set,61179,CasterAuraState,sql:spell_template.casterAuraState,
set,61179,TargetAuraState,sql:spell_template.targetAuraState,
set,61179,InterruptFlags,sql:spell_template.interruptFlags,
set,61179,AuraInterruptFlags,sql:spell_template.auraInterruptFlags,
set,61179,ChannelInterruptFlags,sql:spell_template.channelInterruptFlags,
set,61179,ProcFlags,sql:spell_template.procFlags,
set,61179,MaxLevel,sql:spell_template.maxLevel,
set,61179,BaseLevel,sql:spell_template.baseLevel,
set,61179,SpellLevel,sql:spell_template.spellLevel,
set,61179,ManaCostPerLevel,sql:spell_template.manCostPerLevel,
set,61179,ManaPerSecond,sql:spell_template.manaPerSecond,
set,61179,ManaPerSecondPerLevel,sql:spell_template.manaPerSecondPerLevel,
set,61179,ModalNextSpell,sql:spell_template.modelNextSpell,
set,61179,Totem[0],sql:spell_template.totem1,
set,61179,Totem[1],sql:spell_template.totem2,
set,61179,Reagent[0],sql:spell_template.reagent1,
set,61179,Reagent[1],sql:spell_template.reagent2,
set,61179,Reagent[2],sql:spell_template.reagent3,
set,61179,Reagent[3],sql:spell_template.reagent4,
set,61179,Reagent[4],sql:spell_template.reagent5,
set,61179,Reagent[5],sql:spell_template.reagent6,
set,61179,Reagent[6],sql:spell_template.reagent7,
set,61179,Reagent[7],sql:spell_template.reagent8,
set,61179,ReagentCount[0],sql:spell_template.reagentCount1,
set,61179,ReagentCount[1],sql:spell_template.reagentCount2,
set,61179,ReagentCount[2],sql:spell_template.reagentCount3,
set,61179,ReagentCount[3],sql:spell_template.reagentCount4,
set,61179,ReagentCount[4],sql:spell_template.reagentCount5,
set,61179,ReagentCount[5],sql:spell_template.reagentCount6,
set,61179,ReagentCount[6],sql:spell_template.reagentCount7,
set,61179,ReagentCount[7],sql:spell_template.reagentCount8,
set,61179,EquippedItemClass,sql:spell_template.equippedItemClass,
set,61179,EquippedItemSubclass,sql:spell_template.equippedItemSubClassMask,
set,61179,EquippedItemInvTypes,sql:spell_template.equippedItemInventoryTypeMask,
set,61179,EffectMechanic[0],sql:spell_template.effectMechanic1,
set,61179,EffectMechanic[1],sql:spell_template.effectMechanic2,
set,61179,EffectMechanic[2],sql:spell_template.effectMechanic3,
set,61179,SpellVisualID[0],sql:spell_template.spellVisual1,
set,61179,SpellVisualID[1],sql:spell_template.spellVisual2,
set,61179,ActiveIconID,sql:spell_template.activeIconId,
set,61179,SpellPriority,sql:spell_template.spellPriority,
set,61179,Name_lang_enUS,sql:spell_template.name,
set,61179,NameSubtext_lang_enUS,sql:spell_template.nameSubtext,
set,61179,Description_lang_enUS,sql:spell_template.description,
set,61179,AuraDescription_lang_enUS,sql:spell_template.auraDescription,
set,61179,MaxTargetLevel,sql:spell_template.maxTargetLevel,
set,61179,SpellClassSet,sql:spell_template.spellFamilyName,
set,61179,MaxTargets,sql:spell_template.maxAffectedTargets,
set,61179,DefenseType,sql:spell_template.dmgClass,
set,61179,PreventionType,sql:spell_template.preventionType,
set,61179,StanceBarOrder,sql:spell_template.stanceBarOrder,
set,61179,EffectChainAmplitude[0],sql:spell_template.dmgMultiplier1,
set,61179,EffectChainAmplitude[1],sql:spell_template.dmgMultiplier2,
set,61179,EffectChainAmplitude[2],sql:spell_template.dmgMultiplier3,
set,61179,MinFactionID,sql:spell_template.minFactionId,
set,61179,MinReputation,sql:spell_template.minReputation,
set,61179,RequiredAuraVision,sql:spell_template.requiredAuraVision,
set,61179,SpellClassMask[0],0,spellFamilyFlags low
set,61179,SpellClassMask[1],0,spellFamilyFlags high
insert,61180,,copy:12297,#367 talent rank (core#194)
set,61180,CastingTimeIndex,sql:spell_template.castingTimeIndex,
set,61180,RecoveryTime,sql:spell_template.recoveryTime,
set,61180,CategoryRecoveryTime,sql:spell_template.categoryRecoveryTime,
set,61180,ProcChance,sql:spell_template.procChance,
set,61180,ProcCharges,sql:spell_template.procCharges,
set,61180,DurationIndex,sql:spell_template.durationIndex,
set,61180,PowerType,sql:spell_template.powerType,
set,61180,ManaCost,sql:spell_template.manaCost,
set,61180,RangeIndex,sql:spell_template.rangeIndex,
set,61180,Speed,sql:spell_template.speed,
set,61180,CumulativeAura,sql:spell_template.stackAmount,
set,61180,SpellIconID,sql:spell_template.spellIconId,
set,61180,ManaCostPct,sql:spell_template.manaCostPercentage,
set,61180,StartRecoveryCategory,sql:spell_template.startRecoveryCategory,
set,61180,StartRecoveryTime,sql:spell_template.startRecoveryTime,
set,61180,Effect[0],sql:spell_template.effect1,
set,61180,EffectDieSides[0],sql:spell_template.effectDieSides1,
set,61180,EffectBaseDice[0],sql:spell_template.effectBaseDice1,
set,61180,EffectDicePerLevel[0],sql:spell_template.effectDicePerLevel1,
set,61180,EffectRealPointsPerLevel[0],sql:spell_template.effectRealPointsPerLevel1,
set,61180,EffectBasePoints[0],sql:spell_template.effectBasePoints1,
set,61180,EffectAura[0],sql:spell_template.effectApplyAuraName1,
set,61180,EffectRadiusIndex[0],sql:spell_template.effectRadiusIndex1,
set,61180,EffectChainTargets[0],sql:spell_template.effectChainTarget1,
set,61180,EffectMiscValue[0],sql:spell_template.effectMiscValue1,
set,61180,EffectTriggerSpell[0],sql:spell_template.effectTriggerSpell1,
set,61180,EffectPointsPerCombo[0],sql:spell_template.effectPointsPerComboPoint1,
set,61180,Effect[1],sql:spell_template.effect2,
set,61180,EffectDieSides[1],sql:spell_template.effectDieSides2,
set,61180,EffectBaseDice[1],sql:spell_template.effectBaseDice2,
set,61180,EffectDicePerLevel[1],sql:spell_template.effectDicePerLevel2,
set,61180,EffectRealPointsPerLevel[1],sql:spell_template.effectRealPointsPerLevel2,
set,61180,EffectBasePoints[1],sql:spell_template.effectBasePoints2,
set,61180,EffectAura[1],sql:spell_template.effectApplyAuraName2,
set,61180,EffectRadiusIndex[1],sql:spell_template.effectRadiusIndex2,
set,61180,EffectChainTargets[1],sql:spell_template.effectChainTarget2,
set,61180,EffectMiscValue[1],sql:spell_template.effectMiscValue2,
set,61180,EffectTriggerSpell[1],sql:spell_template.effectTriggerSpell2,
set,61180,EffectPointsPerCombo[1],sql:spell_template.effectPointsPerComboPoint2,
set,61180,Effect[2],sql:spell_template.effect3,
set,61180,EffectDieSides[2],sql:spell_template.effectDieSides3,
set,61180,EffectBaseDice[2],sql:spell_template.effectBaseDice3,
set,61180,EffectDicePerLevel[2],sql:spell_template.effectDicePerLevel3,
set,61180,EffectRealPointsPerLevel[2],sql:spell_template.effectRealPointsPerLevel3,
set,61180,EffectBasePoints[2],sql:spell_template.effectBasePoints3,
set,61180,EffectAura[2],sql:spell_template.effectApplyAuraName3,
set,61180,EffectRadiusIndex[2],sql:spell_template.effectRadiusIndex3,
set,61180,EffectChainTargets[2],sql:spell_template.effectChainTarget3,
set,61180,EffectMiscValue[2],sql:spell_template.effectMiscValue3,
set,61180,EffectTriggerSpell[2],sql:spell_template.effectTriggerSpell3,
set,61180,EffectPointsPerCombo[2],sql:spell_template.effectPointsPerComboPoint3,
set,61180,EffectAuraPeriod[0],sql:spell_template.effectAmplitude1,
set,61180,EffectAmplitude[0],sql:spell_template.effectMultipleValue1,
set,61180,ImplicitTargetA[0],sql:spell_template.effectImplicitTargetA1,
set,61180,ImplicitTargetB[0],sql:spell_template.effectImplicitTargetB1,
set,61180,EffectItemType[0],sql:spell_template.effectItemType1,
set,61180,EffectAuraPeriod[1],sql:spell_template.effectAmplitude2,
set,61180,EffectAmplitude[1],sql:spell_template.effectMultipleValue2,
set,61180,ImplicitTargetA[1],sql:spell_template.effectImplicitTargetA2,
set,61180,ImplicitTargetB[1],sql:spell_template.effectImplicitTargetB2,
set,61180,EffectItemType[1],sql:spell_template.effectItemType2,
set,61180,EffectAuraPeriod[2],sql:spell_template.effectAmplitude3,
set,61180,EffectAmplitude[2],sql:spell_template.effectMultipleValue3,
set,61180,ImplicitTargetA[2],sql:spell_template.effectImplicitTargetA3,
set,61180,ImplicitTargetB[2],sql:spell_template.effectImplicitTargetB3,
set,61180,EffectItemType[2],sql:spell_template.effectItemType3,
set,61180,School,sql:spell_template.school,
set,61180,Attributes,sql:spell_template.attributes,
set,61180,AttributesEx,sql:spell_template.attributesEx,
set,61180,AttributesExB,sql:spell_template.attributesEx2,
set,61180,AttributesExC,sql:spell_template.attributesEx3,
set,61180,AttributesExD,sql:spell_template.attributesEx4,
set,61180,Category,sql:spell_template.category,
set,61180,CastUI,sql:spell_template.castUI,
set,61180,DispelType,sql:spell_template.dispel,
set,61180,Mechanic,sql:spell_template.mechanic,
set,61180,ShapeshiftMask,sql:spell_template.stances,
set,61180,ShapeshiftExclude,sql:spell_template.stancesNot,
set,61180,Targets,sql:spell_template.targets,
set,61180,TargetCreatureType,sql:spell_template.targetCreatureType,
set,61180,RequiresSpellFocus,sql:spell_template.requiresSpellFocus,
set,61180,CasterAuraState,sql:spell_template.casterAuraState,
set,61180,TargetAuraState,sql:spell_template.targetAuraState,
set,61180,InterruptFlags,sql:spell_template.interruptFlags,
set,61180,AuraInterruptFlags,sql:spell_template.auraInterruptFlags,
set,61180,ChannelInterruptFlags,sql:spell_template.channelInterruptFlags,
set,61180,ProcFlags,sql:spell_template.procFlags,
set,61180,MaxLevel,sql:spell_template.maxLevel,
set,61180,BaseLevel,sql:spell_template.baseLevel,
set,61180,SpellLevel,sql:spell_template.spellLevel,
set,61180,ManaCostPerLevel,sql:spell_template.manCostPerLevel,
set,61180,ManaPerSecond,sql:spell_template.manaPerSecond,
set,61180,ManaPerSecondPerLevel,sql:spell_template.manaPerSecondPerLevel,
set,61180,ModalNextSpell,sql:spell_template.modelNextSpell,
set,61180,Totem[0],sql:spell_template.totem1,
set,61180,Totem[1],sql:spell_template.totem2,
set,61180,Reagent[0],sql:spell_template.reagent1,
set,61180,Reagent[1],sql:spell_template.reagent2,
set,61180,Reagent[2],sql:spell_template.reagent3,
set,61180,Reagent[3],sql:spell_template.reagent4,
set,61180,Reagent[4],sql:spell_template.reagent5,
set,61180,Reagent[5],sql:spell_template.reagent6,
set,61180,Reagent[6],sql:spell_template.reagent7,
set,61180,Reagent[7],sql:spell_template.reagent8,
set,61180,ReagentCount[0],sql:spell_template.reagentCount1,
set,61180,ReagentCount[1],sql:spell_template.reagentCount2,
set,61180,ReagentCount[2],sql:spell_template.reagentCount3,
set,61180,ReagentCount[3],sql:spell_template.reagentCount4,
set,61180,ReagentCount[4],sql:spell_template.reagentCount5,
set,61180,ReagentCount[5],sql:spell_template.reagentCount6,
set,61180,ReagentCount[6],sql:spell_template.reagentCount7,
set,61180,ReagentCount[7],sql:spell_template.reagentCount8,
set,61180,EquippedItemClass,sql:spell_template.equippedItemClass,
set,61180,EquippedItemSubclass,sql:spell_template.equippedItemSubClassMask,
set,61180,EquippedItemInvTypes,sql:spell_template.equippedItemInventoryTypeMask,
set,61180,EffectMechanic[0],sql:spell_template.effectMechanic1,
set,61180,EffectMechanic[1],sql:spell_template.effectMechanic2,
set,61180,EffectMechanic[2],sql:spell_template.effectMechanic3,
set,61180,SpellVisualID[0],sql:spell_template.spellVisual1,
set,61180,SpellVisualID[1],sql:spell_template.spellVisual2,
set,61180,ActiveIconID,sql:spell_template.activeIconId,
set,61180,SpellPriority,sql:spell_template.spellPriority,
set,61180,Name_lang_enUS,sql:spell_template.name,
set,61180,NameSubtext_lang_enUS,sql:spell_template.nameSubtext,
set,61180,Description_lang_enUS,sql:spell_template.description,
set,61180,AuraDescription_lang_enUS,sql:spell_template.auraDescription,
set,61180,MaxTargetLevel,sql:spell_template.maxTargetLevel,
set,61180,SpellClassSet,sql:spell_template.spellFamilyName,
set,61180,MaxTargets,sql:spell_template.maxAffectedTargets,
set,61180,DefenseType,sql:spell_template.dmgClass,
set,61180,PreventionType,sql:spell_template.preventionType,
set,61180,StanceBarOrder,sql:spell_template.stanceBarOrder,
set,61180,EffectChainAmplitude[0],sql:spell_template.dmgMultiplier1,
set,61180,EffectChainAmplitude[1],sql:spell_template.dmgMultiplier2,
set,61180,EffectChainAmplitude[2],sql:spell_template.dmgMultiplier3,
set,61180,MinFactionID,sql:spell_template.minFactionId,
set,61180,MinReputation,sql:spell_template.minReputation,
set,61180,RequiredAuraVision,sql:spell_template.requiredAuraVision,
set,61180,SpellClassMask[0],0,spellFamilyFlags low
set,61180,SpellClassMask[1],0,spellFamilyFlags high
insert,61181,,copy:12297,#367 talent rank (core#194)
set,61181,CastingTimeIndex,sql:spell_template.castingTimeIndex,
set,61181,RecoveryTime,sql:spell_template.recoveryTime,
set,61181,CategoryRecoveryTime,sql:spell_template.categoryRecoveryTime,
set,61181,ProcChance,sql:spell_template.procChance,
set,61181,ProcCharges,sql:spell_template.procCharges,
set,61181,DurationIndex,sql:spell_template.durationIndex,
set,61181,PowerType,sql:spell_template.powerType,
set,61181,ManaCost,sql:spell_template.manaCost,
set,61181,RangeIndex,sql:spell_template.rangeIndex,
set,61181,Speed,sql:spell_template.speed,
set,61181,CumulativeAura,sql:spell_template.stackAmount,
set,61181,SpellIconID,sql:spell_template.spellIconId,
set,61181,ManaCostPct,sql:spell_template.manaCostPercentage,
set,61181,StartRecoveryCategory,sql:spell_template.startRecoveryCategory,
set,61181,StartRecoveryTime,sql:spell_template.startRecoveryTime,
set,61181,Effect[0],sql:spell_template.effect1,
set,61181,EffectDieSides[0],sql:spell_template.effectDieSides1,
set,61181,EffectBaseDice[0],sql:spell_template.effectBaseDice1,
set,61181,EffectDicePerLevel[0],sql:spell_template.effectDicePerLevel1,
set,61181,EffectRealPointsPerLevel[0],sql:spell_template.effectRealPointsPerLevel1,
set,61181,EffectBasePoints[0],sql:spell_template.effectBasePoints1,
set,61181,EffectAura[0],sql:spell_template.effectApplyAuraName1,
set,61181,EffectRadiusIndex[0],sql:spell_template.effectRadiusIndex1,
set,61181,EffectChainTargets[0],sql:spell_template.effectChainTarget1,
set,61181,EffectMiscValue[0],sql:spell_template.effectMiscValue1,
set,61181,EffectTriggerSpell[0],sql:spell_template.effectTriggerSpell1,
set,61181,EffectPointsPerCombo[0],sql:spell_template.effectPointsPerComboPoint1,
set,61181,Effect[1],sql:spell_template.effect2,
set,61181,EffectDieSides[1],sql:spell_template.effectDieSides2,
set,61181,EffectBaseDice[1],sql:spell_template.effectBaseDice2,
set,61181,EffectDicePerLevel[1],sql:spell_template.effectDicePerLevel2,
set,61181,EffectRealPointsPerLevel[1],sql:spell_template.effectRealPointsPerLevel2,
set,61181,EffectBasePoints[1],sql:spell_template.effectBasePoints2,
set,61181,EffectAura[1],sql:spell_template.effectApplyAuraName2,
set,61181,EffectRadiusIndex[1],sql:spell_template.effectRadiusIndex2,
set,61181,EffectChainTargets[1],sql:spell_template.effectChainTarget2,
set,61181,EffectMiscValue[1],sql:spell_template.effectMiscValue2,
set,61181,EffectTriggerSpell[1],sql:spell_template.effectTriggerSpell2,
set,61181,EffectPointsPerCombo[1],sql:spell_template.effectPointsPerComboPoint2,
set,61181,Effect[2],sql:spell_template.effect3,
set,61181,EffectDieSides[2],sql:spell_template.effectDieSides3,
set,61181,EffectBaseDice[2],sql:spell_template.effectBaseDice3,
set,61181,EffectDicePerLevel[2],sql:spell_template.effectDicePerLevel3,
set,61181,EffectRealPointsPerLevel[2],sql:spell_template.effectRealPointsPerLevel3,
set,61181,EffectBasePoints[2],sql:spell_template.effectBasePoints3,
set,61181,EffectAura[2],sql:spell_template.effectApplyAuraName3,
set,61181,EffectRadiusIndex[2],sql:spell_template.effectRadiusIndex3,
set,61181,EffectChainTargets[2],sql:spell_template.effectChainTarget3,
set,61181,EffectMiscValue[2],sql:spell_template.effectMiscValue3,
set,61181,EffectTriggerSpell[2],sql:spell_template.effectTriggerSpell3,
set,61181,EffectPointsPerCombo[2],sql:spell_template.effectPointsPerComboPoint3,
set,61181,EffectAuraPeriod[0],sql:spell_template.effectAmplitude1,
set,61181,EffectAmplitude[0],sql:spell_template.effectMultipleValue1,
set,61181,ImplicitTargetA[0],sql:spell_template.effectImplicitTargetA1,
set,61181,ImplicitTargetB[0],sql:spell_template.effectImplicitTargetB1,
set,61181,EffectItemType[0],sql:spell_template.effectItemType1,
set,61181,EffectAuraPeriod[1],sql:spell_template.effectAmplitude2,
set,61181,EffectAmplitude[1],sql:spell_template.effectMultipleValue2,
set,61181,ImplicitTargetA[1],sql:spell_template.effectImplicitTargetA2,
set,61181,ImplicitTargetB[1],sql:spell_template.effectImplicitTargetB2,
set,61181,EffectItemType[1],sql:spell_template.effectItemType2,
set,61181,EffectAuraPeriod[2],sql:spell_template.effectAmplitude3,
set,61181,EffectAmplitude[2],sql:spell_template.effectMultipleValue3,
set,61181,ImplicitTargetA[2],sql:spell_template.effectImplicitTargetA3,
set,61181,ImplicitTargetB[2],sql:spell_template.effectImplicitTargetB3,
set,61181,EffectItemType[2],sql:spell_template.effectItemType3,
set,61181,School,sql:spell_template.school,
set,61181,Attributes,sql:spell_template.attributes,
set,61181,AttributesEx,sql:spell_template.attributesEx,
set,61181,AttributesExB,sql:spell_template.attributesEx2,
set,61181,AttributesExC,sql:spell_template.attributesEx3,
set,61181,AttributesExD,sql:spell_template.attributesEx4,
set,61181,Category,sql:spell_template.category,
set,61181,CastUI,sql:spell_template.castUI,
set,61181,DispelType,sql:spell_template.dispel,
set,61181,Mechanic,sql:spell_template.mechanic,
set,61181,ShapeshiftMask,sql:spell_template.stances,
set,61181,ShapeshiftExclude,sql:spell_template.stancesNot,
set,61181,Targets,sql:spell_template.targets,
set,61181,TargetCreatureType,sql:spell_template.targetCreatureType,
set,61181,RequiresSpellFocus,sql:spell_template.requiresSpellFocus,
set,61181,CasterAuraState,sql:spell_template.casterAuraState,
set,61181,TargetAuraState,sql:spell_template.targetAuraState,
set,61181,InterruptFlags,sql:spell_template.interruptFlags,
set,61181,AuraInterruptFlags,sql:spell_template.auraInterruptFlags,
set,61181,ChannelInterruptFlags,sql:spell_template.channelInterruptFlags,
set,61181,ProcFlags,sql:spell_template.procFlags,
set,61181,MaxLevel,sql:spell_template.maxLevel,
set,61181,BaseLevel,sql:spell_template.baseLevel,
set,61181,SpellLevel,sql:spell_template.spellLevel,
set,61181,ManaCostPerLevel,sql:spell_template.manCostPerLevel,
set,61181,ManaPerSecond,sql:spell_template.manaPerSecond,
set,61181,ManaPerSecondPerLevel,sql:spell_template.manaPerSecondPerLevel,
set,61181,ModalNextSpell,sql:spell_template.modelNextSpell,
set,61181,Totem[0],sql:spell_template.totem1,
set,61181,Totem[1],sql:spell_template.totem2,
set,61181,Reagent[0],sql:spell_template.reagent1,
set,61181,Reagent[1],sql:spell_template.reagent2,
set,61181,Reagent[2],sql:spell_template.reagent3,
set,61181,Reagent[3],sql:spell_template.reagent4,
set,61181,Reagent[4],sql:spell_template.reagent5,
set,61181,Reagent[5],sql:spell_template.reagent6,
set,61181,Reagent[6],sql:spell_template.reagent7,
set,61181,Reagent[7],sql:spell_template.reagent8,
set,61181,ReagentCount[0],sql:spell_template.reagentCount1,
set,61181,ReagentCount[1],sql:spell_template.reagentCount2,
set,61181,ReagentCount[2],sql:spell_template.reagentCount3,
set,61181,ReagentCount[3],sql:spell_template.reagentCount4,
set,61181,ReagentCount[4],sql:spell_template.reagentCount5,
set,61181,ReagentCount[5],sql:spell_template.reagentCount6,
set,61181,ReagentCount[6],sql:spell_template.reagentCount7,
set,61181,ReagentCount[7],sql:spell_template.reagentCount8,
set,61181,EquippedItemClass,sql:spell_template.equippedItemClass,
set,61181,EquippedItemSubclass,sql:spell_template.equippedItemSubClassMask,
set,61181,EquippedItemInvTypes,sql:spell_template.equippedItemInventoryTypeMask,
set,61181,EffectMechanic[0],sql:spell_template.effectMechanic1,
set,61181,EffectMechanic[1],sql:spell_template.effectMechanic2,
set,61181,EffectMechanic[2],sql:spell_template.effectMechanic3,
set,61181,SpellVisualID[0],sql:spell_template.spellVisual1,
set,61181,SpellVisualID[1],sql:spell_template.spellVisual2,
set,61181,ActiveIconID,sql:spell_template.activeIconId,
set,61181,SpellPriority,sql:spell_template.spellPriority,
set,61181,Name_lang_enUS,sql:spell_template.name,
set,61181,NameSubtext_lang_enUS,sql:spell_template.nameSubtext,
set,61181,Description_lang_enUS,sql:spell_template.description,
set,61181,AuraDescription_lang_enUS,sql:spell_template.auraDescription,
set,61181,MaxTargetLevel,sql:spell_template.maxTargetLevel,
set,61181,SpellClassSet,sql:spell_template.spellFamilyName,
set,61181,MaxTargets,sql:spell_template.maxAffectedTargets,
set,61181,DefenseType,sql:spell_template.dmgClass,
set,61181,PreventionType,sql:spell_template.preventionType,
set,61181,StanceBarOrder,sql:spell_template.stanceBarOrder,
set,61181,EffectChainAmplitude[0],sql:spell_template.dmgMultiplier1,
set,61181,EffectChainAmplitude[1],sql:spell_template.dmgMultiplier2,
set,61181,EffectChainAmplitude[2],sql:spell_template.dmgMultiplier3,
set,61181,MinFactionID,sql:spell_template.minFactionId,
set,61181,MinReputation,sql:spell_template.minReputation,
set,61181,RequiredAuraVision,sql:spell_template.requiredAuraVision,
set,61181,SpellClassMask[0],0,spellFamilyFlags low
set,61181,SpellClassMask[1],0,spellFamilyFlags high
insert,61182,,copy:12297,#367 talent rank (core#194)
set,61182,CastingTimeIndex,sql:spell_template.castingTimeIndex,
set,61182,RecoveryTime,sql:spell_template.recoveryTime,
set,61182,CategoryRecoveryTime,sql:spell_template.categoryRecoveryTime,
set,61182,ProcChance,sql:spell_template.procChance,
set,61182,ProcCharges,sql:spell_template.procCharges,
set,61182,DurationIndex,sql:spell_template.durationIndex,
set,61182,PowerType,sql:spell_template.powerType,
set,61182,ManaCost,sql:spell_template.manaCost,
set,61182,RangeIndex,sql:spell_template.rangeIndex,
set,61182,Speed,sql:spell_template.speed,
set,61182,CumulativeAura,sql:spell_template.stackAmount,
set,61182,SpellIconID,sql:spell_template.spellIconId,
set,61182,ManaCostPct,sql:spell_template.manaCostPercentage,
set,61182,StartRecoveryCategory,sql:spell_template.startRecoveryCategory,
set,61182,StartRecoveryTime,sql:spell_template.startRecoveryTime,
set,61182,Effect[0],sql:spell_template.effect1,
set,61182,EffectDieSides[0],sql:spell_template.effectDieSides1,
set,61182,EffectBaseDice[0],sql:spell_template.effectBaseDice1,
set,61182,EffectDicePerLevel[0],sql:spell_template.effectDicePerLevel1,
set,61182,EffectRealPointsPerLevel[0],sql:spell_template.effectRealPointsPerLevel1,
set,61182,EffectBasePoints[0],sql:spell_template.effectBasePoints1,
set,61182,EffectAura[0],sql:spell_template.effectApplyAuraName1,
set,61182,EffectRadiusIndex[0],sql:spell_template.effectRadiusIndex1,
set,61182,EffectChainTargets[0],sql:spell_template.effectChainTarget1,
set,61182,EffectMiscValue[0],sql:spell_template.effectMiscValue1,
set,61182,EffectTriggerSpell[0],sql:spell_template.effectTriggerSpell1,
set,61182,EffectPointsPerCombo[0],sql:spell_template.effectPointsPerComboPoint1,
set,61182,Effect[1],sql:spell_template.effect2,
set,61182,EffectDieSides[1],sql:spell_template.effectDieSides2,
set,61182,EffectBaseDice[1],sql:spell_template.effectBaseDice2,
set,61182,EffectDicePerLevel[1],sql:spell_template.effectDicePerLevel2,
set,61182,EffectRealPointsPerLevel[1],sql:spell_template.effectRealPointsPerLevel2,
set,61182,EffectBasePoints[1],sql:spell_template.effectBasePoints2,
set,61182,EffectAura[1],sql:spell_template.effectApplyAuraName2,
set,61182,EffectRadiusIndex[1],sql:spell_template.effectRadiusIndex2,
set,61182,EffectChainTargets[1],sql:spell_template.effectChainTarget2,
set,61182,EffectMiscValue[1],sql:spell_template.effectMiscValue2,
set,61182,EffectTriggerSpell[1],sql:spell_template.effectTriggerSpell2,
set,61182,EffectPointsPerCombo[1],sql:spell_template.effectPointsPerComboPoint2,
set,61182,Effect[2],sql:spell_template.effect3,
set,61182,EffectDieSides[2],sql:spell_template.effectDieSides3,
set,61182,EffectBaseDice[2],sql:spell_template.effectBaseDice3,
set,61182,EffectDicePerLevel[2],sql:spell_template.effectDicePerLevel3,
set,61182,EffectRealPointsPerLevel[2],sql:spell_template.effectRealPointsPerLevel3,
set,61182,EffectBasePoints[2],sql:spell_template.effectBasePoints3,
set,61182,EffectAura[2],sql:spell_template.effectApplyAuraName3,
set,61182,EffectRadiusIndex[2],sql:spell_template.effectRadiusIndex3,
set,61182,EffectChainTargets[2],sql:spell_template.effectChainTarget3,
set,61182,EffectMiscValue[2],sql:spell_template.effectMiscValue3,
set,61182,EffectTriggerSpell[2],sql:spell_template.effectTriggerSpell3,
set,61182,EffectPointsPerCombo[2],sql:spell_template.effectPointsPerComboPoint3,
set,61182,EffectAuraPeriod[0],sql:spell_template.effectAmplitude1,
set,61182,EffectAmplitude[0],sql:spell_template.effectMultipleValue1,
set,61182,ImplicitTargetA[0],sql:spell_template.effectImplicitTargetA1,
set,61182,ImplicitTargetB[0],sql:spell_template.effectImplicitTargetB1,
set,61182,EffectItemType[0],sql:spell_template.effectItemType1,
set,61182,EffectAuraPeriod[1],sql:spell_template.effectAmplitude2,
set,61182,EffectAmplitude[1],sql:spell_template.effectMultipleValue2,
set,61182,ImplicitTargetA[1],sql:spell_template.effectImplicitTargetA2,
set,61182,ImplicitTargetB[1],sql:spell_template.effectImplicitTargetB2,
set,61182,EffectItemType[1],sql:spell_template.effectItemType2,
set,61182,EffectAuraPeriod[2],sql:spell_template.effectAmplitude3,
set,61182,EffectAmplitude[2],sql:spell_template.effectMultipleValue3,
set,61182,ImplicitTargetA[2],sql:spell_template.effectImplicitTargetA3,
set,61182,ImplicitTargetB[2],sql:spell_template.effectImplicitTargetB3,
set,61182,EffectItemType[2],sql:spell_template.effectItemType3,
set,61182,School,sql:spell_template.school,
set,61182,Attributes,sql:spell_template.attributes,
set,61182,AttributesEx,sql:spell_template.attributesEx,
set,61182,AttributesExB,sql:spell_template.attributesEx2,
set,61182,AttributesExC,sql:spell_template.attributesEx3,
set,61182,AttributesExD,sql:spell_template.attributesEx4,
set,61182,Category,sql:spell_template.category,
set,61182,CastUI,sql:spell_template.castUI,
set,61182,DispelType,sql:spell_template.dispel,
set,61182,Mechanic,sql:spell_template.mechanic,
set,61182,ShapeshiftMask,sql:spell_template.stances,
set,61182,ShapeshiftExclude,sql:spell_template.stancesNot,
set,61182,Targets,sql:spell_template.targets,
set,61182,TargetCreatureType,sql:spell_template.targetCreatureType,
set,61182,RequiresSpellFocus,sql:spell_template.requiresSpellFocus,
set,61182,CasterAuraState,sql:spell_template.casterAuraState,
set,61182,TargetAuraState,sql:spell_template.targetAuraState,
set,61182,InterruptFlags,sql:spell_template.interruptFlags,
set,61182,AuraInterruptFlags,sql:spell_template.auraInterruptFlags,
set,61182,ChannelInterruptFlags,sql:spell_template.channelInterruptFlags,
set,61182,ProcFlags,sql:spell_template.procFlags,
set,61182,MaxLevel,sql:spell_template.maxLevel,
set,61182,BaseLevel,sql:spell_template.baseLevel,
set,61182,SpellLevel,sql:spell_template.spellLevel,
set,61182,ManaCostPerLevel,sql:spell_template.manCostPerLevel,
set,61182,ManaPerSecond,sql:spell_template.manaPerSecond,
set,61182,ManaPerSecondPerLevel,sql:spell_template.manaPerSecondPerLevel,
set,61182,ModalNextSpell,sql:spell_template.modelNextSpell,
set,61182,Totem[0],sql:spell_template.totem1,
set,61182,Totem[1],sql:spell_template.totem2,
set,61182,Reagent[0],sql:spell_template.reagent1,
set,61182,Reagent[1],sql:spell_template.reagent2,
set,61182,Reagent[2],sql:spell_template.reagent3,
set,61182,Reagent[3],sql:spell_template.reagent4,
set,61182,Reagent[4],sql:spell_template.reagent5,
set,61182,Reagent[5],sql:spell_template.reagent6,
set,61182,Reagent[6],sql:spell_template.reagent7,
set,61182,Reagent[7],sql:spell_template.reagent8,
set,61182,ReagentCount[0],sql:spell_template.reagentCount1,
set,61182,ReagentCount[1],sql:spell_template.reagentCount2,
set,61182,ReagentCount[2],sql:spell_template.reagentCount3,
set,61182,ReagentCount[3],sql:spell_template.reagentCount4,
set,61182,ReagentCount[4],sql:spell_template.reagentCount5,
set,61182,ReagentCount[5],sql:spell_template.reagentCount6,
set,61182,ReagentCount[6],sql:spell_template.reagentCount7,
set,61182,ReagentCount[7],sql:spell_template.reagentCount8,
set,61182,EquippedItemClass,sql:spell_template.equippedItemClass,
set,61182,EquippedItemSubclass,sql:spell_template.equippedItemSubClassMask,
set,61182,EquippedItemInvTypes,sql:spell_template.equippedItemInventoryTypeMask,
set,61182,EffectMechanic[0],sql:spell_template.effectMechanic1,
set,61182,EffectMechanic[1],sql:spell_template.effectMechanic2,
set,61182,EffectMechanic[2],sql:spell_template.effectMechanic3,
set,61182,SpellVisualID[0],sql:spell_template.spellVisual1,
set,61182,SpellVisualID[1],sql:spell_template.spellVisual2,
set,61182,ActiveIconID,sql:spell_template.activeIconId,
set,61182,SpellPriority,sql:spell_template.spellPriority,
set,61182,Name_lang_enUS,sql:spell_template.name,
set,61182,NameSubtext_lang_enUS,sql:spell_template.nameSubtext,
set,61182,Description_lang_enUS,sql:spell_template.description,
set,61182,AuraDescription_lang_enUS,sql:spell_template.auraDescription,
set,61182,MaxTargetLevel,sql:spell_template.maxTargetLevel,
set,61182,SpellClassSet,sql:spell_template.spellFamilyName,
set,61182,MaxTargets,sql:spell_template.maxAffectedTargets,
set,61182,DefenseType,sql:spell_template.dmgClass,
set,61182,PreventionType,sql:spell_template.preventionType,
set,61182,StanceBarOrder,sql:spell_template.stanceBarOrder,
set,61182,EffectChainAmplitude[0],sql:spell_template.dmgMultiplier1,
set,61182,EffectChainAmplitude[1],sql:spell_template.dmgMultiplier2,
set,61182,EffectChainAmplitude[2],sql:spell_template.dmgMultiplier3,
set,61182,MinFactionID,sql:spell_template.minFactionId,
set,61182,MinReputation,sql:spell_template.minReputation,
set,61182,RequiredAuraVision,sql:spell_template.requiredAuraVision,
set,61182,SpellClassMask[0],0,spellFamilyFlags low
set,61182,SpellClassMask[1],0,spellFamilyFlags high
insert,61183,,copy:12297,#367 talent rank (core#194)
set,61183,CastingTimeIndex,sql:spell_template.castingTimeIndex,
set,61183,RecoveryTime,sql:spell_template.recoveryTime,
set,61183,CategoryRecoveryTime,sql:spell_template.categoryRecoveryTime,
set,61183,ProcChance,sql:spell_template.procChance,
set,61183,ProcCharges,sql:spell_template.procCharges,
set,61183,DurationIndex,sql:spell_template.durationIndex,
set,61183,PowerType,sql:spell_template.powerType,
set,61183,ManaCost,sql:spell_template.manaCost,
set,61183,RangeIndex,sql:spell_template.rangeIndex,
set,61183,Speed,sql:spell_template.speed,
set,61183,CumulativeAura,sql:spell_template.stackAmount,
set,61183,SpellIconID,sql:spell_template.spellIconId,
set,61183,ManaCostPct,sql:spell_template.manaCostPercentage,
set,61183,StartRecoveryCategory,sql:spell_template.startRecoveryCategory,
set,61183,StartRecoveryTime,sql:spell_template.startRecoveryTime,
set,61183,Effect[0],sql:spell_template.effect1,
set,61183,EffectDieSides[0],sql:spell_template.effectDieSides1,
set,61183,EffectBaseDice[0],sql:spell_template.effectBaseDice1,
set,61183,EffectDicePerLevel[0],sql:spell_template.effectDicePerLevel1,
set,61183,EffectRealPointsPerLevel[0],sql:spell_template.effectRealPointsPerLevel1,
set,61183,EffectBasePoints[0],sql:spell_template.effectBasePoints1,
set,61183,EffectAura[0],sql:spell_template.effectApplyAuraName1,
set,61183,EffectRadiusIndex[0],sql:spell_template.effectRadiusIndex1,
set,61183,EffectChainTargets[0],sql:spell_template.effectChainTarget1,
set,61183,EffectMiscValue[0],sql:spell_template.effectMiscValue1,
set,61183,EffectTriggerSpell[0],sql:spell_template.effectTriggerSpell1,
set,61183,EffectPointsPerCombo[0],sql:spell_template.effectPointsPerComboPoint1,
set,61183,Effect[1],sql:spell_template.effect2,
set,61183,EffectDieSides[1],sql:spell_template.effectDieSides2,
set,61183,EffectBaseDice[1],sql:spell_template.effectBaseDice2,
set,61183,EffectDicePerLevel[1],sql:spell_template.effectDicePerLevel2,
set,61183,EffectRealPointsPerLevel[1],sql:spell_template.effectRealPointsPerLevel2,
set,61183,EffectBasePoints[1],sql:spell_template.effectBasePoints2,
set,61183,EffectAura[1],sql:spell_template.effectApplyAuraName2,
set,61183,EffectRadiusIndex[1],sql:spell_template.effectRadiusIndex2,
set,61183,EffectChainTargets[1],sql:spell_template.effectChainTarget2,
set,61183,EffectMiscValue[1],sql:spell_template.effectMiscValue2,
set,61183,EffectTriggerSpell[1],sql:spell_template.effectTriggerSpell2,
set,61183,EffectPointsPerCombo[1],sql:spell_template.effectPointsPerComboPoint2,
set,61183,Effect[2],sql:spell_template.effect3,
set,61183,EffectDieSides[2],sql:spell_template.effectDieSides3,
set,61183,EffectBaseDice[2],sql:spell_template.effectBaseDice3,
set,61183,EffectDicePerLevel[2],sql:spell_template.effectDicePerLevel3,
set,61183,EffectRealPointsPerLevel[2],sql:spell_template.effectRealPointsPerLevel3,
set,61183,EffectBasePoints[2],sql:spell_template.effectBasePoints3,
set,61183,EffectAura[2],sql:spell_template.effectApplyAuraName3,
set,61183,EffectRadiusIndex[2],sql:spell_template.effectRadiusIndex3,
set,61183,EffectChainTargets[2],sql:spell_template.effectChainTarget3,
set,61183,EffectMiscValue[2],sql:spell_template.effectMiscValue3,
set,61183,EffectTriggerSpell[2],sql:spell_template.effectTriggerSpell3,
set,61183,EffectPointsPerCombo[2],sql:spell_template.effectPointsPerComboPoint3,
set,61183,EffectAuraPeriod[0],sql:spell_template.effectAmplitude1,
set,61183,EffectAmplitude[0],sql:spell_template.effectMultipleValue1,
set,61183,ImplicitTargetA[0],sql:spell_template.effectImplicitTargetA1,
set,61183,ImplicitTargetB[0],sql:spell_template.effectImplicitTargetB1,
set,61183,EffectItemType[0],sql:spell_template.effectItemType1,
set,61183,EffectAuraPeriod[1],sql:spell_template.effectAmplitude2,
set,61183,EffectAmplitude[1],sql:spell_template.effectMultipleValue2,
set,61183,ImplicitTargetA[1],sql:spell_template.effectImplicitTargetA2,
set,61183,ImplicitTargetB[1],sql:spell_template.effectImplicitTargetB2,
set,61183,EffectItemType[1],sql:spell_template.effectItemType2,
set,61183,EffectAuraPeriod[2],sql:spell_template.effectAmplitude3,
set,61183,EffectAmplitude[2],sql:spell_template.effectMultipleValue3,
set,61183,ImplicitTargetA[2],sql:spell_template.effectImplicitTargetA3,
set,61183,ImplicitTargetB[2],sql:spell_template.effectImplicitTargetB3,
set,61183,EffectItemType[2],sql:spell_template.effectItemType3,
set,61183,School,sql:spell_template.school,
set,61183,Attributes,sql:spell_template.attributes,
set,61183,AttributesEx,sql:spell_template.attributesEx,
set,61183,AttributesExB,sql:spell_template.attributesEx2,
set,61183,AttributesExC,sql:spell_template.attributesEx3,
set,61183,AttributesExD,sql:spell_template.attributesEx4,
set,61183,Category,sql:spell_template.category,
set,61183,CastUI,sql:spell_template.castUI,
set,61183,DispelType,sql:spell_template.dispel,
set,61183,Mechanic,sql:spell_template.mechanic,
set,61183,ShapeshiftMask,sql:spell_template.stances,
set,61183,ShapeshiftExclude,sql:spell_template.stancesNot,
set,61183,Targets,sql:spell_template.targets,
set,61183,TargetCreatureType,sql:spell_template.targetCreatureType,
set,61183,RequiresSpellFocus,sql:spell_template.requiresSpellFocus,
set,61183,CasterAuraState,sql:spell_template.casterAuraState,
set,61183,TargetAuraState,sql:spell_template.targetAuraState,
set,61183,InterruptFlags,sql:spell_template.interruptFlags,
set,61183,AuraInterruptFlags,sql:spell_template.auraInterruptFlags,
set,61183,ChannelInterruptFlags,sql:spell_template.channelInterruptFlags,
set,61183,ProcFlags,sql:spell_template.procFlags,
set,61183,MaxLevel,sql:spell_template.maxLevel,
set,61183,BaseLevel,sql:spell_template.baseLevel,
set,61183,SpellLevel,sql:spell_template.spellLevel,
set,61183,ManaCostPerLevel,sql:spell_template.manCostPerLevel,
set,61183,ManaPerSecond,sql:spell_template.manaPerSecond,
set,61183,ManaPerSecondPerLevel,sql:spell_template.manaPerSecondPerLevel,
set,61183,ModalNextSpell,sql:spell_template.modelNextSpell,
set,61183,Totem[0],sql:spell_template.totem1,
set,61183,Totem[1],sql:spell_template.totem2,
set,61183,Reagent[0],sql:spell_template.reagent1,
set,61183,Reagent[1],sql:spell_template.reagent2,
set,61183,Reagent[2],sql:spell_template.reagent3,
set,61183,Reagent[3],sql:spell_template.reagent4,
set,61183,Reagent[4],sql:spell_template.reagent5,
set,61183,Reagent[5],sql:spell_template.reagent6,
set,61183,Reagent[6],sql:spell_template.reagent7,
set,61183,Reagent[7],sql:spell_template.reagent8,
set,61183,ReagentCount[0],sql:spell_template.reagentCount1,
set,61183,ReagentCount[1],sql:spell_template.reagentCount2,
set,61183,ReagentCount[2],sql:spell_template.reagentCount3,
set,61183,ReagentCount[3],sql:spell_template.reagentCount4,
set,61183,ReagentCount[4],sql:spell_template.reagentCount5,
set,61183,ReagentCount[5],sql:spell_template.reagentCount6,
set,61183,ReagentCount[6],sql:spell_template.reagentCount7,
set,61183,ReagentCount[7],sql:spell_template.reagentCount8,
set,61183,EquippedItemClass,sql:spell_template.equippedItemClass,
set,61183,EquippedItemSubclass,sql:spell_template.equippedItemSubClassMask,
set,61183,EquippedItemInvTypes,sql:spell_template.equippedItemInventoryTypeMask,
set,61183,EffectMechanic[0],sql:spell_template.effectMechanic1,
set,61183,EffectMechanic[1],sql:spell_template.effectMechanic2,
set,61183,EffectMechanic[2],sql:spell_template.effectMechanic3,
set,61183,SpellVisualID[0],sql:spell_template.spellVisual1,
set,61183,SpellVisualID[1],sql:spell_template.spellVisual2,
set,61183,ActiveIconID,sql:spell_template.activeIconId,
set,61183,SpellPriority,sql:spell_template.spellPriority,
set,61183,Name_lang_enUS,sql:spell_template.name,
set,61183,NameSubtext_lang_enUS,sql:spell_template.nameSubtext,
set,61183,Description_lang_enUS,sql:spell_template.description,
set,61183,AuraDescription_lang_enUS,sql:spell_template.auraDescription,
set,61183,MaxTargetLevel,sql:spell_template.maxTargetLevel,
set,61183,SpellClassSet,sql:spell_template.spellFamilyName,
set,61183,MaxTargets,sql:spell_template.maxAffectedTargets,
set,61183,DefenseType,sql:spell_template.dmgClass,
set,61183,PreventionType,sql:spell_template.preventionType,
set,61183,StanceBarOrder,sql:spell_template.stanceBarOrder,
set,61183,EffectChainAmplitude[0],sql:spell_template.dmgMultiplier1,
set,61183,EffectChainAmplitude[1],sql:spell_template.dmgMultiplier2,
set,61183,EffectChainAmplitude[2],sql:spell_template.dmgMultiplier3,
set,61183,MinFactionID,sql:spell_template.minFactionId,
set,61183,MinReputation,sql:spell_template.minReputation,
set,61183,RequiredAuraVision,sql:spell_template.requiredAuraVision,
set,61183,SpellClassMask[0],0,spellFamilyFlags low
set,61183,SpellClassMask[1],0,spellFamilyFlags high
insert,61184,,copy:12297,#367 talent rank (core#194)
set,61184,CastingTimeIndex,sql:spell_template.castingTimeIndex,
set,61184,RecoveryTime,sql:spell_template.recoveryTime,
set,61184,CategoryRecoveryTime,sql:spell_template.categoryRecoveryTime,
set,61184,ProcChance,sql:spell_template.procChance,
set,61184,ProcCharges,sql:spell_template.procCharges,
set,61184,DurationIndex,sql:spell_template.durationIndex,
set,61184,PowerType,sql:spell_template.powerType,
set,61184,ManaCost,sql:spell_template.manaCost,
set,61184,RangeIndex,sql:spell_template.rangeIndex,
set,61184,Speed,sql:spell_template.speed,
set,61184,CumulativeAura,sql:spell_template.stackAmount,
set,61184,SpellIconID,sql:spell_template.spellIconId,
set,61184,ManaCostPct,sql:spell_template.manaCostPercentage,
set,61184,StartRecoveryCategory,sql:spell_template.startRecoveryCategory,
set,61184,StartRecoveryTime,sql:spell_template.startRecoveryTime,
set,61184,Effect[0],sql:spell_template.effect1,
set,61184,EffectDieSides[0],sql:spell_template.effectDieSides1,
set,61184,EffectBaseDice[0],sql:spell_template.effectBaseDice1,
set,61184,EffectDicePerLevel[0],sql:spell_template.effectDicePerLevel1,
set,61184,EffectRealPointsPerLevel[0],sql:spell_template.effectRealPointsPerLevel1,
set,61184,EffectBasePoints[0],sql:spell_template.effectBasePoints1,
set,61184,EffectAura[0],sql:spell_template.effectApplyAuraName1,
set,61184,EffectRadiusIndex[0],sql:spell_template.effectRadiusIndex1,
set,61184,EffectChainTargets[0],sql:spell_template.effectChainTarget1,
set,61184,EffectMiscValue[0],sql:spell_template.effectMiscValue1,
set,61184,EffectTriggerSpell[0],sql:spell_template.effectTriggerSpell1,
set,61184,EffectPointsPerCombo[0],sql:spell_template.effectPointsPerComboPoint1,
set,61184,Effect[1],sql:spell_template.effect2,
set,61184,EffectDieSides[1],sql:spell_template.effectDieSides2,
set,61184,EffectBaseDice[1],sql:spell_template.effectBaseDice2,
set,61184,EffectDicePerLevel[1],sql:spell_template.effectDicePerLevel2,
set,61184,EffectRealPointsPerLevel[1],sql:spell_template.effectRealPointsPerLevel2,
set,61184,EffectBasePoints[1],sql:spell_template.effectBasePoints2,
set,61184,EffectAura[1],sql:spell_template.effectApplyAuraName2,
set,61184,EffectRadiusIndex[1],sql:spell_template.effectRadiusIndex2,
set,61184,EffectChainTargets[1],sql:spell_template.effectChainTarget2,
set,61184,EffectMiscValue[1],sql:spell_template.effectMiscValue2,
set,61184,EffectTriggerSpell[1],sql:spell_template.effectTriggerSpell2,
set,61184,EffectPointsPerCombo[1],sql:spell_template.effectPointsPerComboPoint2,
set,61184,Effect[2],sql:spell_template.effect3,
set,61184,EffectDieSides[2],sql:spell_template.effectDieSides3,
set,61184,EffectBaseDice[2],sql:spell_template.effectBaseDice3,
set,61184,EffectDicePerLevel[2],sql:spell_template.effectDicePerLevel3,
set,61184,EffectRealPointsPerLevel[2],sql:spell_template.effectRealPointsPerLevel3,
set,61184,EffectBasePoints[2],sql:spell_template.effectBasePoints3,
set,61184,EffectAura[2],sql:spell_template.effectApplyAuraName3,
set,61184,EffectRadiusIndex[2],sql:spell_template.effectRadiusIndex3,
set,61184,EffectChainTargets[2],sql:spell_template.effectChainTarget3,
set,61184,EffectMiscValue[2],sql:spell_template.effectMiscValue3,
set,61184,EffectTriggerSpell[2],sql:spell_template.effectTriggerSpell3,
set,61184,EffectPointsPerCombo[2],sql:spell_template.effectPointsPerComboPoint3,
set,61184,EffectAuraPeriod[0],sql:spell_template.effectAmplitude1,
set,61184,EffectAmplitude[0],sql:spell_template.effectMultipleValue1,
set,61184,ImplicitTargetA[0],sql:spell_template.effectImplicitTargetA1,
set,61184,ImplicitTargetB[0],sql:spell_template.effectImplicitTargetB1,
set,61184,EffectItemType[0],sql:spell_template.effectItemType1,
set,61184,EffectAuraPeriod[1],sql:spell_template.effectAmplitude2,
set,61184,EffectAmplitude[1],sql:spell_template.effectMultipleValue2,
set,61184,ImplicitTargetA[1],sql:spell_template.effectImplicitTargetA2,
set,61184,ImplicitTargetB[1],sql:spell_template.effectImplicitTargetB2,
set,61184,EffectItemType[1],sql:spell_template.effectItemType2,
set,61184,EffectAuraPeriod[2],sql:spell_template.effectAmplitude3,
set,61184,EffectAmplitude[2],sql:spell_template.effectMultipleValue3,
set,61184,ImplicitTargetA[2],sql:spell_template.effectImplicitTargetA3,
set,61184,ImplicitTargetB[2],sql:spell_template.effectImplicitTargetB3,
set,61184,EffectItemType[2],sql:spell_template.effectItemType3,
set,61184,School,sql:spell_template.school,
set,61184,Attributes,sql:spell_template.attributes,
set,61184,AttributesEx,sql:spell_template.attributesEx,
set,61184,AttributesExB,sql:spell_template.attributesEx2,
set,61184,AttributesExC,sql:spell_template.attributesEx3,
set,61184,AttributesExD,sql:spell_template.attributesEx4,
set,61184,Category,sql:spell_template.category,
set,61184,CastUI,sql:spell_template.castUI,
set,61184,DispelType,sql:spell_template.dispel,
set,61184,Mechanic,sql:spell_template.mechanic,
set,61184,ShapeshiftMask,sql:spell_template.stances,
set,61184,ShapeshiftExclude,sql:spell_template.stancesNot,
set,61184,Targets,sql:spell_template.targets,
set,61184,TargetCreatureType,sql:spell_template.targetCreatureType,
set,61184,RequiresSpellFocus,sql:spell_template.requiresSpellFocus,
set,61184,CasterAuraState,sql:spell_template.casterAuraState,
set,61184,TargetAuraState,sql:spell_template.targetAuraState,
set,61184,InterruptFlags,sql:spell_template.interruptFlags,
set,61184,AuraInterruptFlags,sql:spell_template.auraInterruptFlags,
set,61184,ChannelInterruptFlags,sql:spell_template.channelInterruptFlags,
set,61184,ProcFlags,sql:spell_template.procFlags,
set,61184,MaxLevel,sql:spell_template.maxLevel,
set,61184,BaseLevel,sql:spell_template.baseLevel,
set,61184,SpellLevel,sql:spell_template.spellLevel,
set,61184,ManaCostPerLevel,sql:spell_template.manCostPerLevel,
set,61184,ManaPerSecond,sql:spell_template.manaPerSecond,
set,61184,ManaPerSecondPerLevel,sql:spell_template.manaPerSecondPerLevel,
set,61184,ModalNextSpell,sql:spell_template.modelNextSpell,
set,61184,Totem[0],sql:spell_template.totem1,
set,61184,Totem[1],sql:spell_template.totem2,
set,61184,Reagent[0],sql:spell_template.reagent1,
set,61184,Reagent[1],sql:spell_template.reagent2,
set,61184,Reagent[2],sql:spell_template.reagent3,
set,61184,Reagent[3],sql:spell_template.reagent4,
set,61184,Reagent[4],sql:spell_template.reagent5,
set,61184,Reagent[5],sql:spell_template.reagent6,
set,61184,Reagent[6],sql:spell_template.reagent7,
set,61184,Reagent[7],sql:spell_template.reagent8,
set,61184,ReagentCount[0],sql:spell_template.reagentCount1,
set,61184,ReagentCount[1],sql:spell_template.reagentCount2,
set,61184,ReagentCount[2],sql:spell_template.reagentCount3,
set,61184,ReagentCount[3],sql:spell_template.reagentCount4,
set,61184,ReagentCount[4],sql:spell_template.reagentCount5,
set,61184,ReagentCount[5],sql:spell_template.reagentCount6,
set,61184,ReagentCount[6],sql:spell_template.reagentCount7,
set,61184,ReagentCount[7],sql:spell_template.reagentCount8,
set,61184,EquippedItemClass,sql:spell_template.equippedItemClass,
set,61184,EquippedItemSubclass,sql:spell_template.equippedItemSubClassMask,
set,61184,EquippedItemInvTypes,sql:spell_template.equippedItemInventoryTypeMask,
set,61184,EffectMechanic[0],sql:spell_template.effectMechanic1,
set,61184,EffectMechanic[1],sql:spell_template.effectMechanic2,
set,61184,EffectMechanic[2],sql:spell_template.effectMechanic3,
set,61184,SpellVisualID[0],sql:spell_template.spellVisual1,
set,61184,SpellVisualID[1],sql:spell_template.spellVisual2,
set,61184,ActiveIconID,sql:spell_template.activeIconId,
set,61184,SpellPriority,sql:spell_template.spellPriority,
set,61184,Name_lang_enUS,sql:spell_template.name,
set,61184,NameSubtext_lang_enUS,sql:spell_template.nameSubtext,
set,61184,Description_lang_enUS,sql:spell_template.description,
set,61184,AuraDescription_lang_enUS,sql:spell_template.auraDescription,
set,61184,MaxTargetLevel,sql:spell_template.maxTargetLevel,
set,61184,SpellClassSet,sql:spell_template.spellFamilyName,
set,61184,MaxTargets,sql:spell_template.maxAffectedTargets,
set,61184,DefenseType,sql:spell_template.dmgClass,
set,61184,PreventionType,sql:spell_template.preventionType,
set,61184,StanceBarOrder,sql:spell_template.stanceBarOrder,
set,61184,EffectChainAmplitude[0],sql:spell_template.dmgMultiplier1,
set,61184,EffectChainAmplitude[1],sql:spell_template.dmgMultiplier2,
set,61184,EffectChainAmplitude[2],sql:spell_template.dmgMultiplier3,
set,61184,MinFactionID,sql:spell_template.minFactionId,
set,61184,MinReputation,sql:spell_template.minReputation,
set,61184,RequiredAuraVision,sql:spell_template.requiredAuraVision,
set,61184,SpellClassMask[0],0,spellFamilyFlags low
set,61184,SpellClassMask[1],0,spellFamilyFlags high
insert,61185,,copy:12297,#367 talent rank (core#194)
set,61185,CastingTimeIndex,sql:spell_template.castingTimeIndex,
set,61185,RecoveryTime,sql:spell_template.recoveryTime,
set,61185,CategoryRecoveryTime,sql:spell_template.categoryRecoveryTime,
set,61185,ProcChance,sql:spell_template.procChance,
set,61185,ProcCharges,sql:spell_template.procCharges,
set,61185,DurationIndex,sql:spell_template.durationIndex,
set,61185,PowerType,sql:spell_template.powerType,
set,61185,ManaCost,sql:spell_template.manaCost,
set,61185,RangeIndex,sql:spell_template.rangeIndex,
set,61185,Speed,sql:spell_template.speed,
set,61185,CumulativeAura,sql:spell_template.stackAmount,
set,61185,SpellIconID,sql:spell_template.spellIconId,
set,61185,ManaCostPct,sql:spell_template.manaCostPercentage,
set,61185,StartRecoveryCategory,sql:spell_template.startRecoveryCategory,
set,61185,StartRecoveryTime,sql:spell_template.startRecoveryTime,
set,61185,Effect[0],sql:spell_template.effect1,
set,61185,EffectDieSides[0],sql:spell_template.effectDieSides1,
set,61185,EffectBaseDice[0],sql:spell_template.effectBaseDice1,
set,61185,EffectDicePerLevel[0],sql:spell_template.effectDicePerLevel1,
set,61185,EffectRealPointsPerLevel[0],sql:spell_template.effectRealPointsPerLevel1,
set,61185,EffectBasePoints[0],sql:spell_template.effectBasePoints1,
set,61185,EffectAura[0],sql:spell_template.effectApplyAuraName1,
set,61185,EffectRadiusIndex[0],sql:spell_template.effectRadiusIndex1,
set,61185,EffectChainTargets[0],sql:spell_template.effectChainTarget1,
set,61185,EffectMiscValue[0],sql:spell_template.effectMiscValue1,
set,61185,EffectTriggerSpell[0],sql:spell_template.effectTriggerSpell1,
set,61185,EffectPointsPerCombo[0],sql:spell_template.effectPointsPerComboPoint1,
set,61185,Effect[1],sql:spell_template.effect2,
set,61185,EffectDieSides[1],sql:spell_template.effectDieSides2,
set,61185,EffectBaseDice[1],sql:spell_template.effectBaseDice2,
set,61185,EffectDicePerLevel[1],sql:spell_template.effectDicePerLevel2,
set,61185,EffectRealPointsPerLevel[1],sql:spell_template.effectRealPointsPerLevel2,
set,61185,EffectBasePoints[1],sql:spell_template.effectBasePoints2,
set,61185,EffectAura[1],sql:spell_template.effectApplyAuraName2,
set,61185,EffectRadiusIndex[1],sql:spell_template.effectRadiusIndex2,
set,61185,EffectChainTargets[1],sql:spell_template.effectChainTarget2,
set,61185,EffectMiscValue[1],sql:spell_template.effectMiscValue2,
set,61185,EffectTriggerSpell[1],sql:spell_template.effectTriggerSpell2,
set,61185,EffectPointsPerCombo[1],sql:spell_template.effectPointsPerComboPoint2,
set,61185,Effect[2],sql:spell_template.effect3,
set,61185,EffectDieSides[2],sql:spell_template.effectDieSides3,
set,61185,EffectBaseDice[2],sql:spell_template.effectBaseDice3,
set,61185,EffectDicePerLevel[2],sql:spell_template.effectDicePerLevel3,
set,61185,EffectRealPointsPerLevel[2],sql:spell_template.effectRealPointsPerLevel3,
set,61185,EffectBasePoints[2],sql:spell_template.effectBasePoints3,
set,61185,EffectAura[2],sql:spell_template.effectApplyAuraName3,
set,61185,EffectRadiusIndex[2],sql:spell_template.effectRadiusIndex3,
set,61185,EffectChainTargets[2],sql:spell_template.effectChainTarget3,
set,61185,EffectMiscValue[2],sql:spell_template.effectMiscValue3,
set,61185,EffectTriggerSpell[2],sql:spell_template.effectTriggerSpell3,
set,61185,EffectPointsPerCombo[2],sql:spell_template.effectPointsPerComboPoint3,
set,61185,EffectAuraPeriod[0],sql:spell_template.effectAmplitude1,
set,61185,EffectAmplitude[0],sql:spell_template.effectMultipleValue1,
set,61185,ImplicitTargetA[0],sql:spell_template.effectImplicitTargetA1,
set,61185,ImplicitTargetB[0],sql:spell_template.effectImplicitTargetB1,
set,61185,EffectItemType[0],sql:spell_template.effectItemType1,
set,61185,EffectAuraPeriod[1],sql:spell_template.effectAmplitude2,
set,61185,EffectAmplitude[1],sql:spell_template.effectMultipleValue2,
set,61185,ImplicitTargetA[1],sql:spell_template.effectImplicitTargetA2,
set,61185,ImplicitTargetB[1],sql:spell_template.effectImplicitTargetB2,
set,61185,EffectItemType[1],sql:spell_template.effectItemType2,
set,61185,EffectAuraPeriod[2],sql:spell_template.effectAmplitude3,
set,61185,EffectAmplitude[2],sql:spell_template.effectMultipleValue3,
set,61185,ImplicitTargetA[2],sql:spell_template.effectImplicitTargetA3,
set,61185,ImplicitTargetB[2],sql:spell_template.effectImplicitTargetB3,
set,61185,EffectItemType[2],sql:spell_template.effectItemType3,
set,61185,School,sql:spell_template.school,
set,61185,Attributes,sql:spell_template.attributes,
set,61185,AttributesEx,sql:spell_template.attributesEx,
set,61185,AttributesExB,sql:spell_template.attributesEx2,
set,61185,AttributesExC,sql:spell_template.attributesEx3,
set,61185,AttributesExD,sql:spell_template.attributesEx4,
set,61185,Category,sql:spell_template.category,
set,61185,CastUI,sql:spell_template.castUI,
set,61185,DispelType,sql:spell_template.dispel,
set,61185,Mechanic,sql:spell_template.mechanic,
set,61185,ShapeshiftMask,sql:spell_template.stances,
set,61185,ShapeshiftExclude,sql:spell_template.stancesNot,
set,61185,Targets,sql:spell_template.targets,
set,61185,TargetCreatureType,sql:spell_template.targetCreatureType,
set,61185,RequiresSpellFocus,sql:spell_template.requiresSpellFocus,
set,61185,CasterAuraState,sql:spell_template.casterAuraState,
set,61185,TargetAuraState,sql:spell_template.targetAuraState,
set,61185,InterruptFlags,sql:spell_template.interruptFlags,
set,61185,AuraInterruptFlags,sql:spell_template.auraInterruptFlags,
set,61185,ChannelInterruptFlags,sql:spell_template.channelInterruptFlags,
set,61185,ProcFlags,sql:spell_template.procFlags,
set,61185,MaxLevel,sql:spell_template.maxLevel,
set,61185,BaseLevel,sql:spell_template.baseLevel,
set,61185,SpellLevel,sql:spell_template.spellLevel,
set,61185,ManaCostPerLevel,sql:spell_template.manCostPerLevel,
set,61185,ManaPerSecond,sql:spell_template.manaPerSecond,
set,61185,ManaPerSecondPerLevel,sql:spell_template.manaPerSecondPerLevel,
set,61185,ModalNextSpell,sql:spell_template.modelNextSpell,
set,61185,Totem[0],sql:spell_template.totem1,
set,61185,Totem[1],sql:spell_template.totem2,
set,61185,Reagent[0],sql:spell_template.reagent1,
set,61185,Reagent[1],sql:spell_template.reagent2,
set,61185,Reagent[2],sql:spell_template.reagent3,
set,61185,Reagent[3],sql:spell_template.reagent4,
set,61185,Reagent[4],sql:spell_template.reagent5,
set,61185,Reagent[5],sql:spell_template.reagent6,
set,61185,Reagent[6],sql:spell_template.reagent7,
set,61185,Reagent[7],sql:spell_template.reagent8,
set,61185,ReagentCount[0],sql:spell_template.reagentCount1,
set,61185,ReagentCount[1],sql:spell_template.reagentCount2,
set,61185,ReagentCount[2],sql:spell_template.reagentCount3,
set,61185,ReagentCount[3],sql:spell_template.reagentCount4,
set,61185,ReagentCount[4],sql:spell_template.reagentCount5,
set,61185,ReagentCount[5],sql:spell_template.reagentCount6,
set,61185,ReagentCount[6],sql:spell_template.reagentCount7,
set,61185,ReagentCount[7],sql:spell_template.reagentCount8,
set,61185,EquippedItemClass,sql:spell_template.equippedItemClass,
set,61185,EquippedItemSubclass,sql:spell_template.equippedItemSubClassMask,
set,61185,EquippedItemInvTypes,sql:spell_template.equippedItemInventoryTypeMask,
set,61185,EffectMechanic[0],sql:spell_template.effectMechanic1,
set,61185,EffectMechanic[1],sql:spell_template.effectMechanic2,
set,61185,EffectMechanic[2],sql:spell_template.effectMechanic3,
set,61185,SpellVisualID[0],sql:spell_template.spellVisual1,
set,61185,SpellVisualID[1],sql:spell_template.spellVisual2,
set,61185,ActiveIconID,sql:spell_template.activeIconId,
set,61185,SpellPriority,sql:spell_template.spellPriority,
set,61185,Name_lang_enUS,sql:spell_template.name,
set,61185,NameSubtext_lang_enUS,sql:spell_template.nameSubtext,
set,61185,Description_lang_enUS,sql:spell_template.description,
set,61185,AuraDescription_lang_enUS,sql:spell_template.auraDescription,
set,61185,MaxTargetLevel,sql:spell_template.maxTargetLevel,
set,61185,SpellClassSet,sql:spell_template.spellFamilyName,
set,61185,MaxTargets,sql:spell_template.maxAffectedTargets,
set,61185,DefenseType,sql:spell_template.dmgClass,
set,61185,PreventionType,sql:spell_template.preventionType,
set,61185,StanceBarOrder,sql:spell_template.stanceBarOrder,
set,61185,EffectChainAmplitude[0],sql:spell_template.dmgMultiplier1,
set,61185,EffectChainAmplitude[1],sql:spell_template.dmgMultiplier2,
set,61185,EffectChainAmplitude[2],sql:spell_template.dmgMultiplier3,
set,61185,MinFactionID,sql:spell_template.minFactionId,
set,61185,MinReputation,sql:spell_template.minReputation,
set,61185,RequiredAuraVision,sql:spell_template.requiredAuraVision,
set,61185,SpellClassMask[0],0,spellFamilyFlags low
set,61185,SpellClassMask[1],0,spellFamilyFlags high
insert,61186,,copy:12297,#367 talent rank (core#194)
set,61186,CastingTimeIndex,sql:spell_template.castingTimeIndex,
set,61186,RecoveryTime,sql:spell_template.recoveryTime,
set,61186,CategoryRecoveryTime,sql:spell_template.categoryRecoveryTime,
set,61186,ProcChance,sql:spell_template.procChance,
set,61186,ProcCharges,sql:spell_template.procCharges,
set,61186,DurationIndex,sql:spell_template.durationIndex,
set,61186,PowerType,sql:spell_template.powerType,
set,61186,ManaCost,sql:spell_template.manaCost,
set,61186,RangeIndex,sql:spell_template.rangeIndex,
set,61186,Speed,sql:spell_template.speed,
set,61186,CumulativeAura,sql:spell_template.stackAmount,
set,61186,SpellIconID,sql:spell_template.spellIconId,
set,61186,ManaCostPct,sql:spell_template.manaCostPercentage,
set,61186,StartRecoveryCategory,sql:spell_template.startRecoveryCategory,
set,61186,StartRecoveryTime,sql:spell_template.startRecoveryTime,
set,61186,Effect[0],sql:spell_template.effect1,
set,61186,EffectDieSides[0],sql:spell_template.effectDieSides1,
set,61186,EffectBaseDice[0],sql:spell_template.effectBaseDice1,
set,61186,EffectDicePerLevel[0],sql:spell_template.effectDicePerLevel1,
set,61186,EffectRealPointsPerLevel[0],sql:spell_template.effectRealPointsPerLevel1,
set,61186,EffectBasePoints[0],sql:spell_template.effectBasePoints1,
set,61186,EffectAura[0],sql:spell_template.effectApplyAuraName1,
set,61186,EffectRadiusIndex[0],sql:spell_template.effectRadiusIndex1,
set,61186,EffectChainTargets[0],sql:spell_template.effectChainTarget1,
set,61186,EffectMiscValue[0],sql:spell_template.effectMiscValue1,
set,61186,EffectTriggerSpell[0],sql:spell_template.effectTriggerSpell1,
set,61186,EffectPointsPerCombo[0],sql:spell_template.effectPointsPerComboPoint1,
set,61186,Effect[1],sql:spell_template.effect2,
set,61186,EffectDieSides[1],sql:spell_template.effectDieSides2,
set,61186,EffectBaseDice[1],sql:spell_template.effectBaseDice2,
set,61186,EffectDicePerLevel[1],sql:spell_template.effectDicePerLevel2,
set,61186,EffectRealPointsPerLevel[1],sql:spell_template.effectRealPointsPerLevel2,
set,61186,EffectBasePoints[1],sql:spell_template.effectBasePoints2,
set,61186,EffectAura[1],sql:spell_template.effectApplyAuraName2,
set,61186,EffectRadiusIndex[1],sql:spell_template.effectRadiusIndex2,
set,61186,EffectChainTargets[1],sql:spell_template.effectChainTarget2,
set,61186,EffectMiscValue[1],sql:spell_template.effectMiscValue2,
set,61186,EffectTriggerSpell[1],sql:spell_template.effectTriggerSpell2,
set,61186,EffectPointsPerCombo[1],sql:spell_template.effectPointsPerComboPoint2,
set,61186,Effect[2],sql:spell_template.effect3,
set,61186,EffectDieSides[2],sql:spell_template.effectDieSides3,
set,61186,EffectBaseDice[2],sql:spell_template.effectBaseDice3,
set,61186,EffectDicePerLevel[2],sql:spell_template.effectDicePerLevel3,
set,61186,EffectRealPointsPerLevel[2],sql:spell_template.effectRealPointsPerLevel3,
set,61186,EffectBasePoints[2],sql:spell_template.effectBasePoints3,
set,61186,EffectAura[2],sql:spell_template.effectApplyAuraName3,
set,61186,EffectRadiusIndex[2],sql:spell_template.effectRadiusIndex3,
set,61186,EffectChainTargets[2],sql:spell_template.effectChainTarget3,
set,61186,EffectMiscValue[2],sql:spell_template.effectMiscValue3,
set,61186,EffectTriggerSpell[2],sql:spell_template.effectTriggerSpell3,
set,61186,EffectPointsPerCombo[2],sql:spell_template.effectPointsPerComboPoint3,
set,61186,EffectAuraPeriod[0],sql:spell_template.effectAmplitude1,
set,61186,EffectAmplitude[0],sql:spell_template.effectMultipleValue1,
set,61186,ImplicitTargetA[0],sql:spell_template.effectImplicitTargetA1,
set,61186,ImplicitTargetB[0],sql:spell_template.effectImplicitTargetB1,
set,61186,EffectItemType[0],sql:spell_template.effectItemType1,
set,61186,EffectAuraPeriod[1],sql:spell_template.effectAmplitude2,
set,61186,EffectAmplitude[1],sql:spell_template.effectMultipleValue2,
set,61186,ImplicitTargetA[1],sql:spell_template.effectImplicitTargetA2,
set,61186,ImplicitTargetB[1],sql:spell_template.effectImplicitTargetB2,
set,61186,EffectItemType[1],sql:spell_template.effectItemType2,
set,61186,EffectAuraPeriod[2],sql:spell_template.effectAmplitude3,
set,61186,EffectAmplitude[2],sql:spell_template.effectMultipleValue3,
set,61186,ImplicitTargetA[2],sql:spell_template.effectImplicitTargetA3,
set,61186,ImplicitTargetB[2],sql:spell_template.effectImplicitTargetB3,
set,61186,EffectItemType[2],sql:spell_template.effectItemType3,
set,61186,School,sql:spell_template.school,
set,61186,Attributes,sql:spell_template.attributes,
set,61186,AttributesEx,sql:spell_template.attributesEx,
set,61186,AttributesExB,sql:spell_template.attributesEx2,
set,61186,AttributesExC,sql:spell_template.attributesEx3,
set,61186,AttributesExD,sql:spell_template.attributesEx4,
set,61186,Category,sql:spell_template.category,
set,61186,CastUI,sql:spell_template.castUI,
set,61186,DispelType,sql:spell_template.dispel,
set,61186,Mechanic,sql:spell_template.mechanic,
set,61186,ShapeshiftMask,sql:spell_template.stances,
set,61186,ShapeshiftExclude,sql:spell_template.stancesNot,
set,61186,Targets,sql:spell_template.targets,
set,61186,TargetCreatureType,sql:spell_template.targetCreatureType,
set,61186,RequiresSpellFocus,sql:spell_template.requiresSpellFocus,
set,61186,CasterAuraState,sql:spell_template.casterAuraState,
set,61186,TargetAuraState,sql:spell_template.targetAuraState,
set,61186,InterruptFlags,sql:spell_template.interruptFlags,
set,61186,AuraInterruptFlags,sql:spell_template.auraInterruptFlags,
set,61186,ChannelInterruptFlags,sql:spell_template.channelInterruptFlags,
set,61186,ProcFlags,sql:spell_template.procFlags,
set,61186,MaxLevel,sql:spell_template.maxLevel,
set,61186,BaseLevel,sql:spell_template.baseLevel,
set,61186,SpellLevel,sql:spell_template.spellLevel,
set,61186,ManaCostPerLevel,sql:spell_template.manCostPerLevel,
set,61186,ManaPerSecond,sql:spell_template.manaPerSecond,
set,61186,ManaPerSecondPerLevel,sql:spell_template.manaPerSecondPerLevel,
set,61186,ModalNextSpell,sql:spell_template.modelNextSpell,
set,61186,Totem[0],sql:spell_template.totem1,
set,61186,Totem[1],sql:spell_template.totem2,
set,61186,Reagent[0],sql:spell_template.reagent1,
set,61186,Reagent[1],sql:spell_template.reagent2,
set,61186,Reagent[2],sql:spell_template.reagent3,
set,61186,Reagent[3],sql:spell_template.reagent4,
set,61186,Reagent[4],sql:spell_template.reagent5,
set,61186,Reagent[5],sql:spell_template.reagent6,
set,61186,Reagent[6],sql:spell_template.reagent7,
set,61186,Reagent[7],sql:spell_template.reagent8,
set,61186,ReagentCount[0],sql:spell_template.reagentCount1,
set,61186,ReagentCount[1],sql:spell_template.reagentCount2,
set,61186,ReagentCount[2],sql:spell_template.reagentCount3,
set,61186,ReagentCount[3],sql:spell_template.reagentCount4,
set,61186,ReagentCount[4],sql:spell_template.reagentCount5,
set,61186,ReagentCount[5],sql:spell_template.reagentCount6,
set,61186,ReagentCount[6],sql:spell_template.reagentCount7,
set,61186,ReagentCount[7],sql:spell_template.reagentCount8,
set,61186,EquippedItemClass,sql:spell_template.equippedItemClass,
set,61186,EquippedItemSubclass,sql:spell_template.equippedItemSubClassMask,
set,61186,EquippedItemInvTypes,sql:spell_template.equippedItemInventoryTypeMask,
set,61186,EffectMechanic[0],sql:spell_template.effectMechanic1,
set,61186,EffectMechanic[1],sql:spell_template.effectMechanic2,
set,61186,EffectMechanic[2],sql:spell_template.effectMechanic3,
set,61186,SpellVisualID[0],sql:spell_template.spellVisual1,
set,61186,SpellVisualID[1],sql:spell_template.spellVisual2,
set,61186,ActiveIconID,sql:spell_template.activeIconId,
set,61186,SpellPriority,sql:spell_template.spellPriority,
set,61186,Name_lang_enUS,sql:spell_template.name,
set,61186,NameSubtext_lang_enUS,sql:spell_template.nameSubtext,
set,61186,Description_lang_enUS,sql:spell_template.description,
set,61186,AuraDescription_lang_enUS,sql:spell_template.auraDescription,
set,61186,MaxTargetLevel,sql:spell_template.maxTargetLevel,
set,61186,SpellClassSet,sql:spell_template.spellFamilyName,
set,61186,MaxTargets,sql:spell_template.maxAffectedTargets,
set,61186,DefenseType,sql:spell_template.dmgClass,
set,61186,PreventionType,sql:spell_template.preventionType,
set,61186,StanceBarOrder,sql:spell_template.stanceBarOrder,
set,61186,EffectChainAmplitude[0],sql:spell_template.dmgMultiplier1,
set,61186,EffectChainAmplitude[1],sql:spell_template.dmgMultiplier2,
set,61186,EffectChainAmplitude[2],sql:spell_template.dmgMultiplier3,
set,61186,MinFactionID,sql:spell_template.minFactionId,
set,61186,MinReputation,sql:spell_template.minReputation,
set,61186,RequiredAuraVision,sql:spell_template.requiredAuraVision,
set,61186,SpellClassMask[0],0,spellFamilyFlags low
set,61186,SpellClassMask[1],0,spellFamilyFlags high
insert,61187,,copy:12297,#367 talent rank (core#194)
set,61187,CastingTimeIndex,sql:spell_template.castingTimeIndex,
set,61187,RecoveryTime,sql:spell_template.recoveryTime,
set,61187,CategoryRecoveryTime,sql:spell_template.categoryRecoveryTime,
set,61187,ProcChance,sql:spell_template.procChance,
set,61187,ProcCharges,sql:spell_template.procCharges,
set,61187,DurationIndex,sql:spell_template.durationIndex,
set,61187,PowerType,sql:spell_template.powerType,
set,61187,ManaCost,sql:spell_template.manaCost,
set,61187,RangeIndex,sql:spell_template.rangeIndex,
set,61187,Speed,sql:spell_template.speed,
set,61187,CumulativeAura,sql:spell_template.stackAmount,
set,61187,SpellIconID,sql:spell_template.spellIconId,
set,61187,ManaCostPct,sql:spell_template.manaCostPercentage,
set,61187,StartRecoveryCategory,sql:spell_template.startRecoveryCategory,
set,61187,StartRecoveryTime,sql:spell_template.startRecoveryTime,
set,61187,Effect[0],sql:spell_template.effect1,
set,61187,EffectDieSides[0],sql:spell_template.effectDieSides1,
set,61187,EffectBaseDice[0],sql:spell_template.effectBaseDice1,
set,61187,EffectDicePerLevel[0],sql:spell_template.effectDicePerLevel1,
set,61187,EffectRealPointsPerLevel[0],sql:spell_template.effectRealPointsPerLevel1,
set,61187,EffectBasePoints[0],sql:spell_template.effectBasePoints1,
set,61187,EffectAura[0],sql:spell_template.effectApplyAuraName1,
set,61187,EffectRadiusIndex[0],sql:spell_template.effectRadiusIndex1,
set,61187,EffectChainTargets[0],sql:spell_template.effectChainTarget1,
set,61187,EffectMiscValue[0],sql:spell_template.effectMiscValue1,
set,61187,EffectTriggerSpell[0],sql:spell_template.effectTriggerSpell1,
set,61187,EffectPointsPerCombo[0],sql:spell_template.effectPointsPerComboPoint1,
set,61187,Effect[1],sql:spell_template.effect2,
set,61187,EffectDieSides[1],sql:spell_template.effectDieSides2,
set,61187,EffectBaseDice[1],sql:spell_template.effectBaseDice2,
set,61187,EffectDicePerLevel[1],sql:spell_template.effectDicePerLevel2,
set,61187,EffectRealPointsPerLevel[1],sql:spell_template.effectRealPointsPerLevel2,
set,61187,EffectBasePoints[1],sql:spell_template.effectBasePoints2,
set,61187,EffectAura[1],sql:spell_template.effectApplyAuraName2,
set,61187,EffectRadiusIndex[1],sql:spell_template.effectRadiusIndex2,
set,61187,EffectChainTargets[1],sql:spell_template.effectChainTarget2,
set,61187,EffectMiscValue[1],sql:spell_template.effectMiscValue2,
set,61187,EffectTriggerSpell[1],sql:spell_template.effectTriggerSpell2,
set,61187,EffectPointsPerCombo[1],sql:spell_template.effectPointsPerComboPoint2,
set,61187,Effect[2],sql:spell_template.effect3,
set,61187,EffectDieSides[2],sql:spell_template.effectDieSides3,
set,61187,EffectBaseDice[2],sql:spell_template.effectBaseDice3,
set,61187,EffectDicePerLevel[2],sql:spell_template.effectDicePerLevel3,
set,61187,EffectRealPointsPerLevel[2],sql:spell_template.effectRealPointsPerLevel3,
set,61187,EffectBasePoints[2],sql:spell_template.effectBasePoints3,
set,61187,EffectAura[2],sql:spell_template.effectApplyAuraName3,
set,61187,EffectRadiusIndex[2],sql:spell_template.effectRadiusIndex3,
set,61187,EffectChainTargets[2],sql:spell_template.effectChainTarget3,
set,61187,EffectMiscValue[2],sql:spell_template.effectMiscValue3,
set,61187,EffectTriggerSpell[2],sql:spell_template.effectTriggerSpell3,
set,61187,EffectPointsPerCombo[2],sql:spell_template.effectPointsPerComboPoint3,
set,61187,EffectAuraPeriod[0],sql:spell_template.effectAmplitude1,
set,61187,EffectAmplitude[0],sql:spell_template.effectMultipleValue1,
set,61187,ImplicitTargetA[0],sql:spell_template.effectImplicitTargetA1,
set,61187,ImplicitTargetB[0],sql:spell_template.effectImplicitTargetB1,
set,61187,EffectItemType[0],sql:spell_template.effectItemType1,
set,61187,EffectAuraPeriod[1],sql:spell_template.effectAmplitude2,
set,61187,EffectAmplitude[1],sql:spell_template.effectMultipleValue2,
set,61187,ImplicitTargetA[1],sql:spell_template.effectImplicitTargetA2,
set,61187,ImplicitTargetB[1],sql:spell_template.effectImplicitTargetB2,
set,61187,EffectItemType[1],sql:spell_template.effectItemType2,
set,61187,EffectAuraPeriod[2],sql:spell_template.effectAmplitude3,
set,61187,EffectAmplitude[2],sql:spell_template.effectMultipleValue3,
set,61187,ImplicitTargetA[2],sql:spell_template.effectImplicitTargetA3,
set,61187,ImplicitTargetB[2],sql:spell_template.effectImplicitTargetB3,
set,61187,EffectItemType[2],sql:spell_template.effectItemType3,
set,61187,School,sql:spell_template.school,
set,61187,Attributes,sql:spell_template.attributes,
set,61187,AttributesEx,sql:spell_template.attributesEx,
set,61187,AttributesExB,sql:spell_template.attributesEx2,
set,61187,AttributesExC,sql:spell_template.attributesEx3,
set,61187,AttributesExD,sql:spell_template.attributesEx4,
set,61187,Category,sql:spell_template.category,
set,61187,CastUI,sql:spell_template.castUI,
set,61187,DispelType,sql:spell_template.dispel,
set,61187,Mechanic,sql:spell_template.mechanic,
set,61187,ShapeshiftMask,sql:spell_template.stances,
set,61187,ShapeshiftExclude,sql:spell_template.stancesNot,
set,61187,Targets,sql:spell_template.targets,
set,61187,TargetCreatureType,sql:spell_template.targetCreatureType,
set,61187,RequiresSpellFocus,sql:spell_template.requiresSpellFocus,
set,61187,CasterAuraState,sql:spell_template.casterAuraState,
set,61187,TargetAuraState,sql:spell_template.targetAuraState,
set,61187,InterruptFlags,sql:spell_template.interruptFlags,
set,61187,AuraInterruptFlags,sql:spell_template.auraInterruptFlags,
set,61187,ChannelInterruptFlags,sql:spell_template.channelInterruptFlags,
set,61187,ProcFlags,sql:spell_template.procFlags,
set,61187,MaxLevel,sql:spell_template.maxLevel,
set,61187,BaseLevel,sql:spell_template.baseLevel,
set,61187,SpellLevel,sql:spell_template.spellLevel,
set,61187,ManaCostPerLevel,sql:spell_template.manCostPerLevel,
set,61187,ManaPerSecond,sql:spell_template.manaPerSecond,
set,61187,ManaPerSecondPerLevel,sql:spell_template.manaPerSecondPerLevel,
set,61187,ModalNextSpell,sql:spell_template.modelNextSpell,
set,61187,Totem[0],sql:spell_template.totem1,
set,61187,Totem[1],sql:spell_template.totem2,
set,61187,Reagent[0],sql:spell_template.reagent1,
set,61187,Reagent[1],sql:spell_template.reagent2,
set,61187,Reagent[2],sql:spell_template.reagent3,
set,61187,Reagent[3],sql:spell_template.reagent4,
set,61187,Reagent[4],sql:spell_template.reagent5,
set,61187,Reagent[5],sql:spell_template.reagent6,
set,61187,Reagent[6],sql:spell_template.reagent7,
set,61187,Reagent[7],sql:spell_template.reagent8,
set,61187,ReagentCount[0],sql:spell_template.reagentCount1,
set,61187,ReagentCount[1],sql:spell_template.reagentCount2,
set,61187,ReagentCount[2],sql:spell_template.reagentCount3,
set,61187,ReagentCount[3],sql:spell_template.reagentCount4,
set,61187,ReagentCount[4],sql:spell_template.reagentCount5,
set,61187,ReagentCount[5],sql:spell_template.reagentCount6,
set,61187,ReagentCount[6],sql:spell_template.reagentCount7,
set,61187,ReagentCount[7],sql:spell_template.reagentCount8,
set,61187,EquippedItemClass,sql:spell_template.equippedItemClass,
set,61187,EquippedItemSubclass,sql:spell_template.equippedItemSubClassMask,
set,61187,EquippedItemInvTypes,sql:spell_template.equippedItemInventoryTypeMask,
set,61187,EffectMechanic[0],sql:spell_template.effectMechanic1,
set,61187,EffectMechanic[1],sql:spell_template.effectMechanic2,
set,61187,EffectMechanic[2],sql:spell_template.effectMechanic3,
set,61187,SpellVisualID[0],sql:spell_template.spellVisual1,
set,61187,SpellVisualID[1],sql:spell_template.spellVisual2,
set,61187,ActiveIconID,sql:spell_template.activeIconId,
set,61187,SpellPriority,sql:spell_template.spellPriority,
set,61187,Name_lang_enUS,sql:spell_template.name,
set,61187,NameSubtext_lang_enUS,sql:spell_template.nameSubtext,
set,61187,Description_lang_enUS,sql:spell_template.description,
set,61187,AuraDescription_lang_enUS,sql:spell_template.auraDescription,
set,61187,MaxTargetLevel,sql:spell_template.maxTargetLevel,
set,61187,SpellClassSet,sql:spell_template.spellFamilyName,
set,61187,MaxTargets,sql:spell_template.maxAffectedTargets,
set,61187,DefenseType,sql:spell_template.dmgClass,
set,61187,PreventionType,sql:spell_template.preventionType,
set,61187,StanceBarOrder,sql:spell_template.stanceBarOrder,
set,61187,EffectChainAmplitude[0],sql:spell_template.dmgMultiplier1,
set,61187,EffectChainAmplitude[1],sql:spell_template.dmgMultiplier2,
set,61187,EffectChainAmplitude[2],sql:spell_template.dmgMultiplier3,
set,61187,MinFactionID,sql:spell_template.minFactionId,
set,61187,MinReputation,sql:spell_template.minReputation,
set,61187,RequiredAuraVision,sql:spell_template.requiredAuraVision,
set,61187,SpellClassMask[0],0,spellFamilyFlags low
set,61187,SpellClassMask[1],0,spellFamilyFlags high
insert,61188,,copy:12297,"#367 talent rank (core#194), CV-10"
set,61188,CastingTimeIndex,sql:spell_template.castingTimeIndex,
set,61188,RecoveryTime,sql:spell_template.recoveryTime,
set,61188,CategoryRecoveryTime,sql:spell_template.categoryRecoveryTime,
set,61188,ProcChance,sql:spell_template.procChance,
set,61188,ProcCharges,sql:spell_template.procCharges,
set,61188,DurationIndex,sql:spell_template.durationIndex,
set,61188,PowerType,sql:spell_template.powerType,
set,61188,ManaCost,sql:spell_template.manaCost,
set,61188,RangeIndex,sql:spell_template.rangeIndex,
set,61188,Speed,sql:spell_template.speed,
set,61188,CumulativeAura,sql:spell_template.stackAmount,
set,61188,SpellIconID,sql:spell_template.spellIconId,
set,61188,ManaCostPct,sql:spell_template.manaCostPercentage,
set,61188,StartRecoveryCategory,sql:spell_template.startRecoveryCategory,
set,61188,StartRecoveryTime,sql:spell_template.startRecoveryTime,
set,61188,Effect[0],sql:spell_template.effect1,
set,61188,EffectDieSides[0],sql:spell_template.effectDieSides1,
set,61188,EffectBaseDice[0],sql:spell_template.effectBaseDice1,
set,61188,EffectDicePerLevel[0],sql:spell_template.effectDicePerLevel1,
set,61188,EffectRealPointsPerLevel[0],sql:spell_template.effectRealPointsPerLevel1,
set,61188,EffectBasePoints[0],sql:spell_template.effectBasePoints1,
set,61188,EffectAura[0],sql:spell_template.effectApplyAuraName1,
set,61188,EffectRadiusIndex[0],sql:spell_template.effectRadiusIndex1,
set,61188,EffectChainTargets[0],sql:spell_template.effectChainTarget1,
set,61188,EffectMiscValue[0],sql:spell_template.effectMiscValue1,
set,61188,EffectTriggerSpell[0],sql:spell_template.effectTriggerSpell1,
set,61188,EffectPointsPerCombo[0],sql:spell_template.effectPointsPerComboPoint1,
set,61188,Effect[1],sql:spell_template.effect2,
set,61188,EffectDieSides[1],sql:spell_template.effectDieSides2,
set,61188,EffectBaseDice[1],sql:spell_template.effectBaseDice2,
set,61188,EffectDicePerLevel[1],sql:spell_template.effectDicePerLevel2,
set,61188,EffectRealPointsPerLevel[1],sql:spell_template.effectRealPointsPerLevel2,
set,61188,EffectBasePoints[1],sql:spell_template.effectBasePoints2,
set,61188,EffectAura[1],sql:spell_template.effectApplyAuraName2,
set,61188,EffectRadiusIndex[1],sql:spell_template.effectRadiusIndex2,
set,61188,EffectChainTargets[1],sql:spell_template.effectChainTarget2,
set,61188,EffectMiscValue[1],sql:spell_template.effectMiscValue2,
set,61188,EffectTriggerSpell[1],sql:spell_template.effectTriggerSpell2,
set,61188,EffectPointsPerCombo[1],sql:spell_template.effectPointsPerComboPoint2,
set,61188,Effect[2],sql:spell_template.effect3,
set,61188,EffectDieSides[2],sql:spell_template.effectDieSides3,
set,61188,EffectBaseDice[2],sql:spell_template.effectBaseDice3,
set,61188,EffectDicePerLevel[2],sql:spell_template.effectDicePerLevel3,
set,61188,EffectRealPointsPerLevel[2],sql:spell_template.effectRealPointsPerLevel3,
set,61188,EffectBasePoints[2],sql:spell_template.effectBasePoints3,
set,61188,EffectAura[2],sql:spell_template.effectApplyAuraName3,
set,61188,EffectRadiusIndex[2],sql:spell_template.effectRadiusIndex3,
set,61188,EffectChainTargets[2],sql:spell_template.effectChainTarget3,
set,61188,EffectMiscValue[2],sql:spell_template.effectMiscValue3,
set,61188,EffectTriggerSpell[2],sql:spell_template.effectTriggerSpell3,
set,61188,EffectPointsPerCombo[2],sql:spell_template.effectPointsPerComboPoint3,
set,61188,EffectAuraPeriod[0],sql:spell_template.effectAmplitude1,
set,61188,EffectAmplitude[0],sql:spell_template.effectMultipleValue1,
set,61188,ImplicitTargetA[0],sql:spell_template.effectImplicitTargetA1,
set,61188,ImplicitTargetB[0],sql:spell_template.effectImplicitTargetB1,
set,61188,EffectItemType[0],sql:spell_template.effectItemType1,
set,61188,EffectAuraPeriod[1],sql:spell_template.effectAmplitude2,
set,61188,EffectAmplitude[1],sql:spell_template.effectMultipleValue2,
set,61188,ImplicitTargetA[1],sql:spell_template.effectImplicitTargetA2,
set,61188,ImplicitTargetB[1],sql:spell_template.effectImplicitTargetB2,
set,61188,EffectItemType[1],sql:spell_template.effectItemType2,
set,61188,EffectAuraPeriod[2],sql:spell_template.effectAmplitude3,
set,61188,EffectAmplitude[2],sql:spell_template.effectMultipleValue3,
set,61188,ImplicitTargetA[2],sql:spell_template.effectImplicitTargetA3,
set,61188,ImplicitTargetB[2],sql:spell_template.effectImplicitTargetB3,
set,61188,EffectItemType[2],sql:spell_template.effectItemType3,
set,61188,School,sql:spell_template.school,
set,61188,Attributes,sql:spell_template.attributes,
set,61188,AttributesEx,sql:spell_template.attributesEx,
set,61188,AttributesExB,sql:spell_template.attributesEx2,
set,61188,AttributesExC,sql:spell_template.attributesEx3,
set,61188,AttributesExD,sql:spell_template.attributesEx4,
set,61188,Category,sql:spell_template.category,
set,61188,CastUI,sql:spell_template.castUI,
set,61188,DispelType,sql:spell_template.dispel,
set,61188,Mechanic,sql:spell_template.mechanic,
set,61188,ShapeshiftMask,sql:spell_template.stances,
set,61188,ShapeshiftExclude,sql:spell_template.stancesNot,
set,61188,Targets,sql:spell_template.targets,
set,61188,TargetCreatureType,sql:spell_template.targetCreatureType,
set,61188,RequiresSpellFocus,sql:spell_template.requiresSpellFocus,
set,61188,CasterAuraState,sql:spell_template.casterAuraState,
set,61188,TargetAuraState,sql:spell_template.targetAuraState,
set,61188,InterruptFlags,sql:spell_template.interruptFlags,
set,61188,AuraInterruptFlags,sql:spell_template.auraInterruptFlags,
set,61188,ChannelInterruptFlags,sql:spell_template.channelInterruptFlags,
set,61188,ProcFlags,sql:spell_template.procFlags,
set,61188,MaxLevel,sql:spell_template.maxLevel,
set,61188,BaseLevel,sql:spell_template.baseLevel,
set,61188,SpellLevel,sql:spell_template.spellLevel,
set,61188,ManaCostPerLevel,sql:spell_template.manCostPerLevel,
set,61188,ManaPerSecond,sql:spell_template.manaPerSecond,
set,61188,ManaPerSecondPerLevel,sql:spell_template.manaPerSecondPerLevel,
set,61188,ModalNextSpell,sql:spell_template.modelNextSpell,
set,61188,Totem[0],sql:spell_template.totem1,
set,61188,Totem[1],sql:spell_template.totem2,
set,61188,Reagent[0],sql:spell_template.reagent1,
set,61188,Reagent[1],sql:spell_template.reagent2,
set,61188,Reagent[2],sql:spell_template.reagent3,
set,61188,Reagent[3],sql:spell_template.reagent4,
set,61188,Reagent[4],sql:spell_template.reagent5,
set,61188,Reagent[5],sql:spell_template.reagent6,
set,61188,Reagent[6],sql:spell_template.reagent7,
set,61188,Reagent[7],sql:spell_template.reagent8,
set,61188,ReagentCount[0],sql:spell_template.reagentCount1,
set,61188,ReagentCount[1],sql:spell_template.reagentCount2,
set,61188,ReagentCount[2],sql:spell_template.reagentCount3,
set,61188,ReagentCount[3],sql:spell_template.reagentCount4,
set,61188,ReagentCount[4],sql:spell_template.reagentCount5,
set,61188,ReagentCount[5],sql:spell_template.reagentCount6,
set,61188,ReagentCount[6],sql:spell_template.reagentCount7,
set,61188,ReagentCount[7],sql:spell_template.reagentCount8,
set,61188,EquippedItemClass,sql:spell_template.equippedItemClass,
set,61188,EquippedItemSubclass,sql:spell_template.equippedItemSubClassMask,
set,61188,EquippedItemInvTypes,sql:spell_template.equippedItemInventoryTypeMask,
set,61188,EffectMechanic[0],sql:spell_template.effectMechanic1,
set,61188,EffectMechanic[1],sql:spell_template.effectMechanic2,
set,61188,EffectMechanic[2],sql:spell_template.effectMechanic3,
set,61188,SpellVisualID[0],sql:spell_template.spellVisual1,
set,61188,SpellVisualID[1],sql:spell_template.spellVisual2,
set,61188,ActiveIconID,sql:spell_template.activeIconId,
set,61188,SpellPriority,sql:spell_template.spellPriority,
set,61188,Name_lang_enUS,sql:spell_template.name,
set,61188,NameSubtext_lang_enUS,sql:spell_template.nameSubtext,
set,61188,Description_lang_enUS,sql:spell_template.description,
set,61188,AuraDescription_lang_enUS,sql:spell_template.auraDescription,
set,61188,MaxTargetLevel,sql:spell_template.maxTargetLevel,
set,61188,SpellClassSet,sql:spell_template.spellFamilyName,
set,61188,MaxTargets,sql:spell_template.maxAffectedTargets,
set,61188,DefenseType,sql:spell_template.dmgClass,
set,61188,PreventionType,sql:spell_template.preventionType,
set,61188,StanceBarOrder,sql:spell_template.stanceBarOrder,
set,61188,EffectChainAmplitude[0],sql:spell_template.dmgMultiplier1,
set,61188,EffectChainAmplitude[1],sql:spell_template.dmgMultiplier2,
set,61188,EffectChainAmplitude[2],sql:spell_template.dmgMultiplier3,
set,61188,MinFactionID,sql:spell_template.minFactionId,
set,61188,MinReputation,sql:spell_template.minReputation,
set,61188,RequiredAuraVision,sql:spell_template.requiredAuraVision,
set,61188,SpellClassMask[0],0,spellFamilyFlags low
set,61188,SpellClassMask[1],0,spellFamilyFlags high
insert,61189,,copy:12298,#367 talent rank (core#194)
set,61189,CastingTimeIndex,sql:spell_template.castingTimeIndex,
set,61189,RecoveryTime,sql:spell_template.recoveryTime,
set,61189,CategoryRecoveryTime,sql:spell_template.categoryRecoveryTime,
set,61189,ProcChance,sql:spell_template.procChance,
set,61189,ProcCharges,sql:spell_template.procCharges,
set,61189,DurationIndex,sql:spell_template.durationIndex,
set,61189,PowerType,sql:spell_template.powerType,
set,61189,ManaCost,sql:spell_template.manaCost,
set,61189,RangeIndex,sql:spell_template.rangeIndex,
set,61189,Speed,sql:spell_template.speed,
set,61189,CumulativeAura,sql:spell_template.stackAmount,
set,61189,SpellIconID,sql:spell_template.spellIconId,
set,61189,ManaCostPct,sql:spell_template.manaCostPercentage,
set,61189,StartRecoveryCategory,sql:spell_template.startRecoveryCategory,
set,61189,StartRecoveryTime,sql:spell_template.startRecoveryTime,
set,61189,Effect[0],sql:spell_template.effect1,
set,61189,EffectDieSides[0],sql:spell_template.effectDieSides1,
set,61189,EffectBaseDice[0],sql:spell_template.effectBaseDice1,
set,61189,EffectDicePerLevel[0],sql:spell_template.effectDicePerLevel1,
set,61189,EffectRealPointsPerLevel[0],sql:spell_template.effectRealPointsPerLevel1,
set,61189,EffectBasePoints[0],sql:spell_template.effectBasePoints1,
set,61189,EffectAura[0],sql:spell_template.effectApplyAuraName1,
set,61189,EffectRadiusIndex[0],sql:spell_template.effectRadiusIndex1,
set,61189,EffectChainTargets[0],sql:spell_template.effectChainTarget1,
set,61189,EffectMiscValue[0],sql:spell_template.effectMiscValue1,
set,61189,EffectTriggerSpell[0],sql:spell_template.effectTriggerSpell1,
set,61189,EffectPointsPerCombo[0],sql:spell_template.effectPointsPerComboPoint1,
set,61189,Effect[1],sql:spell_template.effect2,
set,61189,EffectDieSides[1],sql:spell_template.effectDieSides2,
set,61189,EffectBaseDice[1],sql:spell_template.effectBaseDice2,
set,61189,EffectDicePerLevel[1],sql:spell_template.effectDicePerLevel2,
set,61189,EffectRealPointsPerLevel[1],sql:spell_template.effectRealPointsPerLevel2,
set,61189,EffectBasePoints[1],sql:spell_template.effectBasePoints2,
set,61189,EffectAura[1],sql:spell_template.effectApplyAuraName2,
set,61189,EffectRadiusIndex[1],sql:spell_template.effectRadiusIndex2,
set,61189,EffectChainTargets[1],sql:spell_template.effectChainTarget2,
set,61189,EffectMiscValue[1],sql:spell_template.effectMiscValue2,
set,61189,EffectTriggerSpell[1],sql:spell_template.effectTriggerSpell2,
set,61189,EffectPointsPerCombo[1],sql:spell_template.effectPointsPerComboPoint2,
set,61189,Effect[2],sql:spell_template.effect3,
set,61189,EffectDieSides[2],sql:spell_template.effectDieSides3,
set,61189,EffectBaseDice[2],sql:spell_template.effectBaseDice3,
set,61189,EffectDicePerLevel[2],sql:spell_template.effectDicePerLevel3,
set,61189,EffectRealPointsPerLevel[2],sql:spell_template.effectRealPointsPerLevel3,
set,61189,EffectBasePoints[2],sql:spell_template.effectBasePoints3,
set,61189,EffectAura[2],sql:spell_template.effectApplyAuraName3,
set,61189,EffectRadiusIndex[2],sql:spell_template.effectRadiusIndex3,
set,61189,EffectChainTargets[2],sql:spell_template.effectChainTarget3,
set,61189,EffectMiscValue[2],sql:spell_template.effectMiscValue3,
set,61189,EffectTriggerSpell[2],sql:spell_template.effectTriggerSpell3,
set,61189,EffectPointsPerCombo[2],sql:spell_template.effectPointsPerComboPoint3,
set,61189,EffectAuraPeriod[0],sql:spell_template.effectAmplitude1,
set,61189,EffectAmplitude[0],sql:spell_template.effectMultipleValue1,
set,61189,ImplicitTargetA[0],sql:spell_template.effectImplicitTargetA1,
set,61189,ImplicitTargetB[0],sql:spell_template.effectImplicitTargetB1,
set,61189,EffectItemType[0],sql:spell_template.effectItemType1,
set,61189,EffectAuraPeriod[1],sql:spell_template.effectAmplitude2,
set,61189,EffectAmplitude[1],sql:spell_template.effectMultipleValue2,
set,61189,ImplicitTargetA[1],sql:spell_template.effectImplicitTargetA2,
set,61189,ImplicitTargetB[1],sql:spell_template.effectImplicitTargetB2,
set,61189,EffectItemType[1],sql:spell_template.effectItemType2,
set,61189,EffectAuraPeriod[2],sql:spell_template.effectAmplitude3,
set,61189,EffectAmplitude[2],sql:spell_template.effectMultipleValue3,
set,61189,ImplicitTargetA[2],sql:spell_template.effectImplicitTargetA3,
set,61189,ImplicitTargetB[2],sql:spell_template.effectImplicitTargetB3,
set,61189,EffectItemType[2],sql:spell_template.effectItemType3,
set,61189,School,sql:spell_template.school,
set,61189,Attributes,sql:spell_template.attributes,
set,61189,AttributesEx,sql:spell_template.attributesEx,
set,61189,AttributesExB,sql:spell_template.attributesEx2,
set,61189,AttributesExC,sql:spell_template.attributesEx3,
set,61189,AttributesExD,sql:spell_template.attributesEx4,
set,61189,Category,sql:spell_template.category,
set,61189,CastUI,sql:spell_template.castUI,
set,61189,DispelType,sql:spell_template.dispel,
set,61189,Mechanic,sql:spell_template.mechanic,
set,61189,ShapeshiftMask,sql:spell_template.stances,
set,61189,ShapeshiftExclude,sql:spell_template.stancesNot,
set,61189,Targets,sql:spell_template.targets,
set,61189,TargetCreatureType,sql:spell_template.targetCreatureType,
set,61189,RequiresSpellFocus,sql:spell_template.requiresSpellFocus,
set,61189,CasterAuraState,sql:spell_template.casterAuraState,
set,61189,TargetAuraState,sql:spell_template.targetAuraState,
set,61189,InterruptFlags,sql:spell_template.interruptFlags,
set,61189,AuraInterruptFlags,sql:spell_template.auraInterruptFlags,
set,61189,ChannelInterruptFlags,sql:spell_template.channelInterruptFlags,
set,61189,ProcFlags,sql:spell_template.procFlags,
set,61189,MaxLevel,sql:spell_template.maxLevel,
set,61189,BaseLevel,sql:spell_template.baseLevel,
set,61189,SpellLevel,sql:spell_template.spellLevel,
set,61189,ManaCostPerLevel,sql:spell_template.manCostPerLevel,
set,61189,ManaPerSecond,sql:spell_template.manaPerSecond,
set,61189,ManaPerSecondPerLevel,sql:spell_template.manaPerSecondPerLevel,
set,61189,ModalNextSpell,sql:spell_template.modelNextSpell,
set,61189,Totem[0],sql:spell_template.totem1,
set,61189,Totem[1],sql:spell_template.totem2,
set,61189,Reagent[0],sql:spell_template.reagent1,
set,61189,Reagent[1],sql:spell_template.reagent2,
set,61189,Reagent[2],sql:spell_template.reagent3,
set,61189,Reagent[3],sql:spell_template.reagent4,
set,61189,Reagent[4],sql:spell_template.reagent5,
set,61189,Reagent[5],sql:spell_template.reagent6,
set,61189,Reagent[6],sql:spell_template.reagent7,
set,61189,Reagent[7],sql:spell_template.reagent8,
set,61189,ReagentCount[0],sql:spell_template.reagentCount1,
set,61189,ReagentCount[1],sql:spell_template.reagentCount2,
set,61189,ReagentCount[2],sql:spell_template.reagentCount3,
set,61189,ReagentCount[3],sql:spell_template.reagentCount4,
set,61189,ReagentCount[4],sql:spell_template.reagentCount5,
set,61189,ReagentCount[5],sql:spell_template.reagentCount6,
set,61189,ReagentCount[6],sql:spell_template.reagentCount7,
set,61189,ReagentCount[7],sql:spell_template.reagentCount8,
set,61189,EquippedItemClass,sql:spell_template.equippedItemClass,
set,61189,EquippedItemSubclass,sql:spell_template.equippedItemSubClassMask,
set,61189,EquippedItemInvTypes,sql:spell_template.equippedItemInventoryTypeMask,
set,61189,EffectMechanic[0],sql:spell_template.effectMechanic1,
set,61189,EffectMechanic[1],sql:spell_template.effectMechanic2,
set,61189,EffectMechanic[2],sql:spell_template.effectMechanic3,
set,61189,SpellVisualID[0],sql:spell_template.spellVisual1,
set,61189,SpellVisualID[1],sql:spell_template.spellVisual2,
set,61189,ActiveIconID,sql:spell_template.activeIconId,
set,61189,SpellPriority,sql:spell_template.spellPriority,
set,61189,Name_lang_enUS,sql:spell_template.name,
set,61189,NameSubtext_lang_enUS,sql:spell_template.nameSubtext,
set,61189,Description_lang_enUS,sql:spell_template.description,
set,61189,AuraDescription_lang_enUS,sql:spell_template.auraDescription,
set,61189,MaxTargetLevel,sql:spell_template.maxTargetLevel,
set,61189,SpellClassSet,sql:spell_template.spellFamilyName,
set,61189,MaxTargets,sql:spell_template.maxAffectedTargets,
set,61189,DefenseType,sql:spell_template.dmgClass,
set,61189,PreventionType,sql:spell_template.preventionType,
set,61189,StanceBarOrder,sql:spell_template.stanceBarOrder,
set,61189,EffectChainAmplitude[0],sql:spell_template.dmgMultiplier1,
set,61189,EffectChainAmplitude[1],sql:spell_template.dmgMultiplier2,
set,61189,EffectChainAmplitude[2],sql:spell_template.dmgMultiplier3,
set,61189,MinFactionID,sql:spell_template.minFactionId,
set,61189,MinReputation,sql:spell_template.minReputation,
set,61189,RequiredAuraVision,sql:spell_template.requiredAuraVision,
set,61189,SpellClassMask[0],0,spellFamilyFlags low
set,61189,SpellClassMask[1],0,spellFamilyFlags high
insert,61190,,copy:12298,#367 talent rank (core#194)
set,61190,CastingTimeIndex,sql:spell_template.castingTimeIndex,
set,61190,RecoveryTime,sql:spell_template.recoveryTime,
set,61190,CategoryRecoveryTime,sql:spell_template.categoryRecoveryTime,
set,61190,ProcChance,sql:spell_template.procChance,
set,61190,ProcCharges,sql:spell_template.procCharges,
set,61190,DurationIndex,sql:spell_template.durationIndex,
set,61190,PowerType,sql:spell_template.powerType,
set,61190,ManaCost,sql:spell_template.manaCost,
set,61190,RangeIndex,sql:spell_template.rangeIndex,
set,61190,Speed,sql:spell_template.speed,
set,61190,CumulativeAura,sql:spell_template.stackAmount,
set,61190,SpellIconID,sql:spell_template.spellIconId,
set,61190,ManaCostPct,sql:spell_template.manaCostPercentage,
set,61190,StartRecoveryCategory,sql:spell_template.startRecoveryCategory,
set,61190,StartRecoveryTime,sql:spell_template.startRecoveryTime,
set,61190,Effect[0],sql:spell_template.effect1,
set,61190,EffectDieSides[0],sql:spell_template.effectDieSides1,
set,61190,EffectBaseDice[0],sql:spell_template.effectBaseDice1,
set,61190,EffectDicePerLevel[0],sql:spell_template.effectDicePerLevel1,
set,61190,EffectRealPointsPerLevel[0],sql:spell_template.effectRealPointsPerLevel1,
set,61190,EffectBasePoints[0],sql:spell_template.effectBasePoints1,
set,61190,EffectAura[0],sql:spell_template.effectApplyAuraName1,
set,61190,EffectRadiusIndex[0],sql:spell_template.effectRadiusIndex1,
set,61190,EffectChainTargets[0],sql:spell_template.effectChainTarget1,
set,61190,EffectMiscValue[0],sql:spell_template.effectMiscValue1,
set,61190,EffectTriggerSpell[0],sql:spell_template.effectTriggerSpell1,
set,61190,EffectPointsPerCombo[0],sql:spell_template.effectPointsPerComboPoint1,
set,61190,Effect[1],sql:spell_template.effect2,
set,61190,EffectDieSides[1],sql:spell_template.effectDieSides2,
set,61190,EffectBaseDice[1],sql:spell_template.effectBaseDice2,
set,61190,EffectDicePerLevel[1],sql:spell_template.effectDicePerLevel2,
set,61190,EffectRealPointsPerLevel[1],sql:spell_template.effectRealPointsPerLevel2,
set,61190,EffectBasePoints[1],sql:spell_template.effectBasePoints2,
set,61190,EffectAura[1],sql:spell_template.effectApplyAuraName2,
set,61190,EffectRadiusIndex[1],sql:spell_template.effectRadiusIndex2,
set,61190,EffectChainTargets[1],sql:spell_template.effectChainTarget2,
set,61190,EffectMiscValue[1],sql:spell_template.effectMiscValue2,
set,61190,EffectTriggerSpell[1],sql:spell_template.effectTriggerSpell2,
set,61190,EffectPointsPerCombo[1],sql:spell_template.effectPointsPerComboPoint2,
set,61190,Effect[2],sql:spell_template.effect3,
set,61190,EffectDieSides[2],sql:spell_template.effectDieSides3,
set,61190,EffectBaseDice[2],sql:spell_template.effectBaseDice3,
set,61190,EffectDicePerLevel[2],sql:spell_template.effectDicePerLevel3,
set,61190,EffectRealPointsPerLevel[2],sql:spell_template.effectRealPointsPerLevel3,
set,61190,EffectBasePoints[2],sql:spell_template.effectBasePoints3,
set,61190,EffectAura[2],sql:spell_template.effectApplyAuraName3,
set,61190,EffectRadiusIndex[2],sql:spell_template.effectRadiusIndex3,
set,61190,EffectChainTargets[2],sql:spell_template.effectChainTarget3,
set,61190,EffectMiscValue[2],sql:spell_template.effectMiscValue3,
set,61190,EffectTriggerSpell[2],sql:spell_template.effectTriggerSpell3,
set,61190,EffectPointsPerCombo[2],sql:spell_template.effectPointsPerComboPoint3,
set,61190,EffectAuraPeriod[0],sql:spell_template.effectAmplitude1,
set,61190,EffectAmplitude[0],sql:spell_template.effectMultipleValue1,
set,61190,ImplicitTargetA[0],sql:spell_template.effectImplicitTargetA1,
set,61190,ImplicitTargetB[0],sql:spell_template.effectImplicitTargetB1,
set,61190,EffectItemType[0],sql:spell_template.effectItemType1,
set,61190,EffectAuraPeriod[1],sql:spell_template.effectAmplitude2,
set,61190,EffectAmplitude[1],sql:spell_template.effectMultipleValue2,
set,61190,ImplicitTargetA[1],sql:spell_template.effectImplicitTargetA2,
set,61190,ImplicitTargetB[1],sql:spell_template.effectImplicitTargetB2,
set,61190,EffectItemType[1],sql:spell_template.effectItemType2,
set,61190,EffectAuraPeriod[2],sql:spell_template.effectAmplitude3,
set,61190,EffectAmplitude[2],sql:spell_template.effectMultipleValue3,
set,61190,ImplicitTargetA[2],sql:spell_template.effectImplicitTargetA3,
set,61190,ImplicitTargetB[2],sql:spell_template.effectImplicitTargetB3,
set,61190,EffectItemType[2],sql:spell_template.effectItemType3,
set,61190,School,sql:spell_template.school,
set,61190,Attributes,sql:spell_template.attributes,
set,61190,AttributesEx,sql:spell_template.attributesEx,
set,61190,AttributesExB,sql:spell_template.attributesEx2,
set,61190,AttributesExC,sql:spell_template.attributesEx3,
set,61190,AttributesExD,sql:spell_template.attributesEx4,
set,61190,Category,sql:spell_template.category,
set,61190,CastUI,sql:spell_template.castUI,
set,61190,DispelType,sql:spell_template.dispel,
set,61190,Mechanic,sql:spell_template.mechanic,
set,61190,ShapeshiftMask,sql:spell_template.stances,
set,61190,ShapeshiftExclude,sql:spell_template.stancesNot,
set,61190,Targets,sql:spell_template.targets,
set,61190,TargetCreatureType,sql:spell_template.targetCreatureType,
set,61190,RequiresSpellFocus,sql:spell_template.requiresSpellFocus,
set,61190,CasterAuraState,sql:spell_template.casterAuraState,
set,61190,TargetAuraState,sql:spell_template.targetAuraState,
set,61190,InterruptFlags,sql:spell_template.interruptFlags,
set,61190,AuraInterruptFlags,sql:spell_template.auraInterruptFlags,
set,61190,ChannelInterruptFlags,sql:spell_template.channelInterruptFlags,
set,61190,ProcFlags,sql:spell_template.procFlags,
set,61190,MaxLevel,sql:spell_template.maxLevel,
set,61190,BaseLevel,sql:spell_template.baseLevel,
set,61190,SpellLevel,sql:spell_template.spellLevel,
set,61190,ManaCostPerLevel,sql:spell_template.manCostPerLevel,
set,61190,ManaPerSecond,sql:spell_template.manaPerSecond,
set,61190,ManaPerSecondPerLevel,sql:spell_template.manaPerSecondPerLevel,
set,61190,ModalNextSpell,sql:spell_template.modelNextSpell,
set,61190,Totem[0],sql:spell_template.totem1,
set,61190,Totem[1],sql:spell_template.totem2,
set,61190,Reagent[0],sql:spell_template.reagent1,
set,61190,Reagent[1],sql:spell_template.reagent2,
set,61190,Reagent[2],sql:spell_template.reagent3,
set,61190,Reagent[3],sql:spell_template.reagent4,
set,61190,Reagent[4],sql:spell_template.reagent5,
set,61190,Reagent[5],sql:spell_template.reagent6,
set,61190,Reagent[6],sql:spell_template.reagent7,
set,61190,Reagent[7],sql:spell_template.reagent8,
set,61190,ReagentCount[0],sql:spell_template.reagentCount1,
set,61190,ReagentCount[1],sql:spell_template.reagentCount2,
set,61190,ReagentCount[2],sql:spell_template.reagentCount3,
set,61190,ReagentCount[3],sql:spell_template.reagentCount4,
set,61190,ReagentCount[4],sql:spell_template.reagentCount5,
set,61190,ReagentCount[5],sql:spell_template.reagentCount6,
set,61190,ReagentCount[6],sql:spell_template.reagentCount7,
set,61190,ReagentCount[7],sql:spell_template.reagentCount8,
set,61190,EquippedItemClass,sql:spell_template.equippedItemClass,
set,61190,EquippedItemSubclass,sql:spell_template.equippedItemSubClassMask,
set,61190,EquippedItemInvTypes,sql:spell_template.equippedItemInventoryTypeMask,
set,61190,EffectMechanic[0],sql:spell_template.effectMechanic1,
set,61190,EffectMechanic[1],sql:spell_template.effectMechanic2,
set,61190,EffectMechanic[2],sql:spell_template.effectMechanic3,
set,61190,SpellVisualID[0],sql:spell_template.spellVisual1,
set,61190,SpellVisualID[1],sql:spell_template.spellVisual2,
set,61190,ActiveIconID,sql:spell_template.activeIconId,
set,61190,SpellPriority,sql:spell_template.spellPriority,
set,61190,Name_lang_enUS,sql:spell_template.name,
set,61190,NameSubtext_lang_enUS,sql:spell_template.nameSubtext,
set,61190,Description_lang_enUS,sql:spell_template.description,
set,61190,AuraDescription_lang_enUS,sql:spell_template.auraDescription,
set,61190,MaxTargetLevel,sql:spell_template.maxTargetLevel,
set,61190,SpellClassSet,sql:spell_template.spellFamilyName,
set,61190,MaxTargets,sql:spell_template.maxAffectedTargets,
set,61190,DefenseType,sql:spell_template.dmgClass,
set,61190,PreventionType,sql:spell_template.preventionType,
set,61190,StanceBarOrder,sql:spell_template.stanceBarOrder,
set,61190,EffectChainAmplitude[0],sql:spell_template.dmgMultiplier1,
set,61190,EffectChainAmplitude[1],sql:spell_template.dmgMultiplier2,
set,61190,EffectChainAmplitude[2],sql:spell_template.dmgMultiplier3,
set,61190,MinFactionID,sql:spell_template.minFactionId,
set,61190,MinReputation,sql:spell_template.minReputation,
set,61190,RequiredAuraVision,sql:spell_template.requiredAuraVision,
set,61190,SpellClassMask[0],0,spellFamilyFlags low
set,61190,SpellClassMask[1],0,spellFamilyFlags high
insert,61191,,copy:12298,#367 talent rank (core#194)
set,61191,CastingTimeIndex,sql:spell_template.castingTimeIndex,
set,61191,RecoveryTime,sql:spell_template.recoveryTime,
set,61191,CategoryRecoveryTime,sql:spell_template.categoryRecoveryTime,
set,61191,ProcChance,sql:spell_template.procChance,
set,61191,ProcCharges,sql:spell_template.procCharges,
set,61191,DurationIndex,sql:spell_template.durationIndex,
set,61191,PowerType,sql:spell_template.powerType,
set,61191,ManaCost,sql:spell_template.manaCost,
set,61191,RangeIndex,sql:spell_template.rangeIndex,
set,61191,Speed,sql:spell_template.speed,
set,61191,CumulativeAura,sql:spell_template.stackAmount,
set,61191,SpellIconID,sql:spell_template.spellIconId,
set,61191,ManaCostPct,sql:spell_template.manaCostPercentage,
set,61191,StartRecoveryCategory,sql:spell_template.startRecoveryCategory,
set,61191,StartRecoveryTime,sql:spell_template.startRecoveryTime,
set,61191,Effect[0],sql:spell_template.effect1,
set,61191,EffectDieSides[0],sql:spell_template.effectDieSides1,
set,61191,EffectBaseDice[0],sql:spell_template.effectBaseDice1,
set,61191,EffectDicePerLevel[0],sql:spell_template.effectDicePerLevel1,
set,61191,EffectRealPointsPerLevel[0],sql:spell_template.effectRealPointsPerLevel1,
set,61191,EffectBasePoints[0],sql:spell_template.effectBasePoints1,
set,61191,EffectAura[0],sql:spell_template.effectApplyAuraName1,
set,61191,EffectRadiusIndex[0],sql:spell_template.effectRadiusIndex1,
set,61191,EffectChainTargets[0],sql:spell_template.effectChainTarget1,
set,61191,EffectMiscValue[0],sql:spell_template.effectMiscValue1,
set,61191,EffectTriggerSpell[0],sql:spell_template.effectTriggerSpell1,
set,61191,EffectPointsPerCombo[0],sql:spell_template.effectPointsPerComboPoint1,
set,61191,Effect[1],sql:spell_template.effect2,
set,61191,EffectDieSides[1],sql:spell_template.effectDieSides2,
set,61191,EffectBaseDice[1],sql:spell_template.effectBaseDice2,
set,61191,EffectDicePerLevel[1],sql:spell_template.effectDicePerLevel2,
set,61191,EffectRealPointsPerLevel[1],sql:spell_template.effectRealPointsPerLevel2,
set,61191,EffectBasePoints[1],sql:spell_template.effectBasePoints2,
set,61191,EffectAura[1],sql:spell_template.effectApplyAuraName2,
set,61191,EffectRadiusIndex[1],sql:spell_template.effectRadiusIndex2,
set,61191,EffectChainTargets[1],sql:spell_template.effectChainTarget2,
set,61191,EffectMiscValue[1],sql:spell_template.effectMiscValue2,
set,61191,EffectTriggerSpell[1],sql:spell_template.effectTriggerSpell2,
set,61191,EffectPointsPerCombo[1],sql:spell_template.effectPointsPerComboPoint2,
set,61191,Effect[2],sql:spell_template.effect3,
set,61191,EffectDieSides[2],sql:spell_template.effectDieSides3,
set,61191,EffectBaseDice[2],sql:spell_template.effectBaseDice3,
set,61191,EffectDicePerLevel[2],sql:spell_template.effectDicePerLevel3,
set,61191,EffectRealPointsPerLevel[2],sql:spell_template.effectRealPointsPerLevel3,
set,61191,EffectBasePoints[2],sql:spell_template.effectBasePoints3,
set,61191,EffectAura[2],sql:spell_template.effectApplyAuraName3,
set,61191,EffectRadiusIndex[2],sql:spell_template.effectRadiusIndex3,
set,61191,EffectChainTargets[2],sql:spell_template.effectChainTarget3,
set,61191,EffectMiscValue[2],sql:spell_template.effectMiscValue3,
set,61191,EffectTriggerSpell[2],sql:spell_template.effectTriggerSpell3,
set,61191,EffectPointsPerCombo[2],sql:spell_template.effectPointsPerComboPoint3,
set,61191,EffectAuraPeriod[0],sql:spell_template.effectAmplitude1,
set,61191,EffectAmplitude[0],sql:spell_template.effectMultipleValue1,
set,61191,ImplicitTargetA[0],sql:spell_template.effectImplicitTargetA1,
set,61191,ImplicitTargetB[0],sql:spell_template.effectImplicitTargetB1,
set,61191,EffectItemType[0],sql:spell_template.effectItemType1,
set,61191,EffectAuraPeriod[1],sql:spell_template.effectAmplitude2,
set,61191,EffectAmplitude[1],sql:spell_template.effectMultipleValue2,
set,61191,ImplicitTargetA[1],sql:spell_template.effectImplicitTargetA2,
set,61191,ImplicitTargetB[1],sql:spell_template.effectImplicitTargetB2,
set,61191,EffectItemType[1],sql:spell_template.effectItemType2,
set,61191,EffectAuraPeriod[2],sql:spell_template.effectAmplitude3,
set,61191,EffectAmplitude[2],sql:spell_template.effectMultipleValue3,
set,61191,ImplicitTargetA[2],sql:spell_template.effectImplicitTargetA3,
set,61191,ImplicitTargetB[2],sql:spell_template.effectImplicitTargetB3,
set,61191,EffectItemType[2],sql:spell_template.effectItemType3,
set,61191,School,sql:spell_template.school,
set,61191,Attributes,sql:spell_template.attributes,
set,61191,AttributesEx,sql:spell_template.attributesEx,
set,61191,AttributesExB,sql:spell_template.attributesEx2,
set,61191,AttributesExC,sql:spell_template.attributesEx3,
set,61191,AttributesExD,sql:spell_template.attributesEx4,
set,61191,Category,sql:spell_template.category,
set,61191,CastUI,sql:spell_template.castUI,
set,61191,DispelType,sql:spell_template.dispel,
set,61191,Mechanic,sql:spell_template.mechanic,
set,61191,ShapeshiftMask,sql:spell_template.stances,
set,61191,ShapeshiftExclude,sql:spell_template.stancesNot,
set,61191,Targets,sql:spell_template.targets,
set,61191,TargetCreatureType,sql:spell_template.targetCreatureType,
set,61191,RequiresSpellFocus,sql:spell_template.requiresSpellFocus,
set,61191,CasterAuraState,sql:spell_template.casterAuraState,
set,61191,TargetAuraState,sql:spell_template.targetAuraState,
set,61191,InterruptFlags,sql:spell_template.interruptFlags,
set,61191,AuraInterruptFlags,sql:spell_template.auraInterruptFlags,
set,61191,ChannelInterruptFlags,sql:spell_template.channelInterruptFlags,
set,61191,ProcFlags,sql:spell_template.procFlags,
set,61191,MaxLevel,sql:spell_template.maxLevel,
set,61191,BaseLevel,sql:spell_template.baseLevel,
set,61191,SpellLevel,sql:spell_template.spellLevel,
set,61191,ManaCostPerLevel,sql:spell_template.manCostPerLevel,
set,61191,ManaPerSecond,sql:spell_template.manaPerSecond,
set,61191,ManaPerSecondPerLevel,sql:spell_template.manaPerSecondPerLevel,
set,61191,ModalNextSpell,sql:spell_template.modelNextSpell,
set,61191,Totem[0],sql:spell_template.totem1,
set,61191,Totem[1],sql:spell_template.totem2,
set,61191,Reagent[0],sql:spell_template.reagent1,
set,61191,Reagent[1],sql:spell_template.reagent2,
set,61191,Reagent[2],sql:spell_template.reagent3,
set,61191,Reagent[3],sql:spell_template.reagent4,
set,61191,Reagent[4],sql:spell_template.reagent5,
set,61191,Reagent[5],sql:spell_template.reagent6,
set,61191,Reagent[6],sql:spell_template.reagent7,
set,61191,Reagent[7],sql:spell_template.reagent8,
set,61191,ReagentCount[0],sql:spell_template.reagentCount1,
set,61191,ReagentCount[1],sql:spell_template.reagentCount2,
set,61191,ReagentCount[2],sql:spell_template.reagentCount3,
set,61191,ReagentCount[3],sql:spell_template.reagentCount4,
set,61191,ReagentCount[4],sql:spell_template.reagentCount5,
set,61191,ReagentCount[5],sql:spell_template.reagentCount6,
set,61191,ReagentCount[6],sql:spell_template.reagentCount7,
set,61191,ReagentCount[7],sql:spell_template.reagentCount8,
set,61191,EquippedItemClass,sql:spell_template.equippedItemClass,
set,61191,EquippedItemSubclass,sql:spell_template.equippedItemSubClassMask,
set,61191,EquippedItemInvTypes,sql:spell_template.equippedItemInventoryTypeMask,
set,61191,EffectMechanic[0],sql:spell_template.effectMechanic1,
set,61191,EffectMechanic[1],sql:spell_template.effectMechanic2,
set,61191,EffectMechanic[2],sql:spell_template.effectMechanic3,
set,61191,SpellVisualID[0],sql:spell_template.spellVisual1,
set,61191,SpellVisualID[1],sql:spell_template.spellVisual2,
set,61191,ActiveIconID,sql:spell_template.activeIconId,
set,61191,SpellPriority,sql:spell_template.spellPriority,
set,61191,Name_lang_enUS,sql:spell_template.name,
set,61191,NameSubtext_lang_enUS,sql:spell_template.nameSubtext,
set,61191,Description_lang_enUS,sql:spell_template.description,
set,61191,AuraDescription_lang_enUS,sql:spell_template.auraDescription,
set,61191,MaxTargetLevel,sql:spell_template.maxTargetLevel,
set,61191,SpellClassSet,sql:spell_template.spellFamilyName,
set,61191,MaxTargets,sql:spell_template.maxAffectedTargets,
set,61191,DefenseType,sql:spell_template.dmgClass,
set,61191,PreventionType,sql:spell_template.preventionType,
set,61191,StanceBarOrder,sql:spell_template.stanceBarOrder,
set,61191,EffectChainAmplitude[0],sql:spell_template.dmgMultiplier1,
set,61191,EffectChainAmplitude[1],sql:spell_template.dmgMultiplier2,
set,61191,EffectChainAmplitude[2],sql:spell_template.dmgMultiplier3,
set,61191,MinFactionID,sql:spell_template.minFactionId,
set,61191,MinReputation,sql:spell_template.minReputation,
set,61191,RequiredAuraVision,sql:spell_template.requiredAuraVision,
set,61191,SpellClassMask[0],0,spellFamilyFlags low
set,61191,SpellClassMask[1],0,spellFamilyFlags high
insert,61192,,copy:23547,#367 talent helper (core#194)
set,61192,CastingTimeIndex,sql:spell_template.castingTimeIndex,
set,61192,RecoveryTime,sql:spell_template.recoveryTime,
set,61192,CategoryRecoveryTime,sql:spell_template.categoryRecoveryTime,
set,61192,ProcChance,sql:spell_template.procChance,
set,61192,ProcCharges,sql:spell_template.procCharges,
set,61192,DurationIndex,sql:spell_template.durationIndex,
set,61192,PowerType,sql:spell_template.powerType,
set,61192,ManaCost,sql:spell_template.manaCost,
set,61192,RangeIndex,sql:spell_template.rangeIndex,
set,61192,Speed,sql:spell_template.speed,
set,61192,CumulativeAura,sql:spell_template.stackAmount,
set,61192,SpellIconID,sql:spell_template.spellIconId,
set,61192,ManaCostPct,sql:spell_template.manaCostPercentage,
set,61192,StartRecoveryCategory,sql:spell_template.startRecoveryCategory,
set,61192,StartRecoveryTime,sql:spell_template.startRecoveryTime,
set,61192,Effect[0],sql:spell_template.effect1,
set,61192,EffectDieSides[0],sql:spell_template.effectDieSides1,
set,61192,EffectBaseDice[0],sql:spell_template.effectBaseDice1,
set,61192,EffectDicePerLevel[0],sql:spell_template.effectDicePerLevel1,
set,61192,EffectRealPointsPerLevel[0],sql:spell_template.effectRealPointsPerLevel1,
set,61192,EffectBasePoints[0],sql:spell_template.effectBasePoints1,
set,61192,EffectAura[0],sql:spell_template.effectApplyAuraName1,
set,61192,EffectRadiusIndex[0],sql:spell_template.effectRadiusIndex1,
set,61192,EffectChainTargets[0],sql:spell_template.effectChainTarget1,
set,61192,EffectMiscValue[0],sql:spell_template.effectMiscValue1,
set,61192,EffectTriggerSpell[0],sql:spell_template.effectTriggerSpell1,
set,61192,EffectPointsPerCombo[0],sql:spell_template.effectPointsPerComboPoint1,
set,61192,Effect[1],sql:spell_template.effect2,
set,61192,EffectDieSides[1],sql:spell_template.effectDieSides2,
set,61192,EffectBaseDice[1],sql:spell_template.effectBaseDice2,
set,61192,EffectDicePerLevel[1],sql:spell_template.effectDicePerLevel2,
set,61192,EffectRealPointsPerLevel[1],sql:spell_template.effectRealPointsPerLevel2,
set,61192,EffectBasePoints[1],sql:spell_template.effectBasePoints2,
set,61192,EffectAura[1],sql:spell_template.effectApplyAuraName2,
set,61192,EffectRadiusIndex[1],sql:spell_template.effectRadiusIndex2,
set,61192,EffectChainTargets[1],sql:spell_template.effectChainTarget2,
set,61192,EffectMiscValue[1],sql:spell_template.effectMiscValue2,
set,61192,EffectTriggerSpell[1],sql:spell_template.effectTriggerSpell2,
set,61192,EffectPointsPerCombo[1],sql:spell_template.effectPointsPerComboPoint2,
set,61192,Effect[2],sql:spell_template.effect3,
set,61192,EffectDieSides[2],sql:spell_template.effectDieSides3,
set,61192,EffectBaseDice[2],sql:spell_template.effectBaseDice3,
set,61192,EffectDicePerLevel[2],sql:spell_template.effectDicePerLevel3,
set,61192,EffectRealPointsPerLevel[2],sql:spell_template.effectRealPointsPerLevel3,
set,61192,EffectBasePoints[2],sql:spell_template.effectBasePoints3,
set,61192,EffectAura[2],sql:spell_template.effectApplyAuraName3,
set,61192,EffectRadiusIndex[2],sql:spell_template.effectRadiusIndex3,
set,61192,EffectChainTargets[2],sql:spell_template.effectChainTarget3,
set,61192,EffectMiscValue[2],sql:spell_template.effectMiscValue3,
set,61192,EffectTriggerSpell[2],sql:spell_template.effectTriggerSpell3,
set,61192,EffectPointsPerCombo[2],sql:spell_template.effectPointsPerComboPoint3,
set,61192,EffectAuraPeriod[0],sql:spell_template.effectAmplitude1,
set,61192,EffectAmplitude[0],sql:spell_template.effectMultipleValue1,
set,61192,ImplicitTargetA[0],sql:spell_template.effectImplicitTargetA1,
set,61192,ImplicitTargetB[0],sql:spell_template.effectImplicitTargetB1,
set,61192,EffectItemType[0],sql:spell_template.effectItemType1,
set,61192,EffectAuraPeriod[1],sql:spell_template.effectAmplitude2,
set,61192,EffectAmplitude[1],sql:spell_template.effectMultipleValue2,
set,61192,ImplicitTargetA[1],sql:spell_template.effectImplicitTargetA2,
set,61192,ImplicitTargetB[1],sql:spell_template.effectImplicitTargetB2,
set,61192,EffectItemType[1],sql:spell_template.effectItemType2,
set,61192,EffectAuraPeriod[2],sql:spell_template.effectAmplitude3,
set,61192,EffectAmplitude[2],sql:spell_template.effectMultipleValue3,
set,61192,ImplicitTargetA[2],sql:spell_template.effectImplicitTargetA3,
set,61192,ImplicitTargetB[2],sql:spell_template.effectImplicitTargetB3,
set,61192,EffectItemType[2],sql:spell_template.effectItemType3,
set,61192,School,sql:spell_template.school,
set,61192,Attributes,sql:spell_template.attributes,
set,61192,AttributesEx,sql:spell_template.attributesEx,
set,61192,AttributesExB,sql:spell_template.attributesEx2,
set,61192,AttributesExC,sql:spell_template.attributesEx3,
set,61192,AttributesExD,sql:spell_template.attributesEx4,
set,61192,Category,sql:spell_template.category,
set,61192,CastUI,sql:spell_template.castUI,
set,61192,DispelType,sql:spell_template.dispel,
set,61192,Mechanic,sql:spell_template.mechanic,
set,61192,ShapeshiftMask,sql:spell_template.stances,
set,61192,ShapeshiftExclude,sql:spell_template.stancesNot,
set,61192,Targets,sql:spell_template.targets,
set,61192,TargetCreatureType,sql:spell_template.targetCreatureType,
set,61192,RequiresSpellFocus,sql:spell_template.requiresSpellFocus,
set,61192,CasterAuraState,sql:spell_template.casterAuraState,
set,61192,TargetAuraState,sql:spell_template.targetAuraState,
set,61192,InterruptFlags,sql:spell_template.interruptFlags,
set,61192,AuraInterruptFlags,sql:spell_template.auraInterruptFlags,
set,61192,ChannelInterruptFlags,sql:spell_template.channelInterruptFlags,
set,61192,ProcFlags,sql:spell_template.procFlags,
set,61192,MaxLevel,sql:spell_template.maxLevel,
set,61192,BaseLevel,sql:spell_template.baseLevel,
set,61192,SpellLevel,sql:spell_template.spellLevel,
set,61192,ManaCostPerLevel,sql:spell_template.manCostPerLevel,
set,61192,ManaPerSecond,sql:spell_template.manaPerSecond,
set,61192,ManaPerSecondPerLevel,sql:spell_template.manaPerSecondPerLevel,
set,61192,ModalNextSpell,sql:spell_template.modelNextSpell,
set,61192,Totem[0],sql:spell_template.totem1,
set,61192,Totem[1],sql:spell_template.totem2,
set,61192,Reagent[0],sql:spell_template.reagent1,
set,61192,Reagent[1],sql:spell_template.reagent2,
set,61192,Reagent[2],sql:spell_template.reagent3,
set,61192,Reagent[3],sql:spell_template.reagent4,
set,61192,Reagent[4],sql:spell_template.reagent5,
set,61192,Reagent[5],sql:spell_template.reagent6,
set,61192,Reagent[6],sql:spell_template.reagent7,
set,61192,Reagent[7],sql:spell_template.reagent8,
set,61192,ReagentCount[0],sql:spell_template.reagentCount1,
set,61192,ReagentCount[1],sql:spell_template.reagentCount2,
set,61192,ReagentCount[2],sql:spell_template.reagentCount3,
set,61192,ReagentCount[3],sql:spell_template.reagentCount4,
set,61192,ReagentCount[4],sql:spell_template.reagentCount5,
set,61192,ReagentCount[5],sql:spell_template.reagentCount6,
set,61192,ReagentCount[6],sql:spell_template.reagentCount7,
set,61192,ReagentCount[7],sql:spell_template.reagentCount8,
set,61192,EquippedItemClass,sql:spell_template.equippedItemClass,
set,61192,EquippedItemSubclass,sql:spell_template.equippedItemSubClassMask,
set,61192,EquippedItemInvTypes,sql:spell_template.equippedItemInventoryTypeMask,
set,61192,EffectMechanic[0],sql:spell_template.effectMechanic1,
set,61192,EffectMechanic[1],sql:spell_template.effectMechanic2,
set,61192,EffectMechanic[2],sql:spell_template.effectMechanic3,
set,61192,SpellVisualID[0],sql:spell_template.spellVisual1,
set,61192,SpellVisualID[1],sql:spell_template.spellVisual2,
set,61192,ActiveIconID,sql:spell_template.activeIconId,
set,61192,SpellPriority,sql:spell_template.spellPriority,
set,61192,Name_lang_enUS,sql:spell_template.name,
set,61192,NameSubtext_lang_enUS,sql:spell_template.nameSubtext,
set,61192,Description_lang_enUS,sql:spell_template.description,
set,61192,AuraDescription_lang_enUS,sql:spell_template.auraDescription,
set,61192,MaxTargetLevel,sql:spell_template.maxTargetLevel,
set,61192,SpellClassSet,sql:spell_template.spellFamilyName,
set,61192,MaxTargets,sql:spell_template.maxAffectedTargets,
set,61192,DefenseType,sql:spell_template.dmgClass,
set,61192,PreventionType,sql:spell_template.preventionType,
set,61192,StanceBarOrder,sql:spell_template.stanceBarOrder,
set,61192,EffectChainAmplitude[0],sql:spell_template.dmgMultiplier1,
set,61192,EffectChainAmplitude[1],sql:spell_template.dmgMultiplier2,
set,61192,EffectChainAmplitude[2],sql:spell_template.dmgMultiplier3,
set,61192,MinFactionID,sql:spell_template.minFactionId,
set,61192,MinReputation,sql:spell_template.minReputation,
set,61192,RequiredAuraVision,sql:spell_template.requiredAuraVision,
set,61192,SpellClassMask[0],0,spellFamilyFlags low
set,61192,SpellClassMask[1],0,spellFamilyFlags high
insert,61193,,copy:45613,#367 talent helper (core#194)
set,61193,CastingTimeIndex,sql:spell_template.castingTimeIndex,
set,61193,RecoveryTime,sql:spell_template.recoveryTime,
set,61193,CategoryRecoveryTime,sql:spell_template.categoryRecoveryTime,
set,61193,ProcChance,sql:spell_template.procChance,
set,61193,ProcCharges,sql:spell_template.procCharges,
set,61193,DurationIndex,sql:spell_template.durationIndex,
set,61193,PowerType,sql:spell_template.powerType,
set,61193,ManaCost,sql:spell_template.manaCost,
set,61193,RangeIndex,sql:spell_template.rangeIndex,
set,61193,Speed,sql:spell_template.speed,
set,61193,CumulativeAura,sql:spell_template.stackAmount,
set,61193,SpellIconID,sql:spell_template.spellIconId,
set,61193,ManaCostPct,sql:spell_template.manaCostPercentage,
set,61193,StartRecoveryCategory,sql:spell_template.startRecoveryCategory,
set,61193,StartRecoveryTime,sql:spell_template.startRecoveryTime,
set,61193,Effect[0],sql:spell_template.effect1,
set,61193,EffectDieSides[0],sql:spell_template.effectDieSides1,
set,61193,EffectBaseDice[0],sql:spell_template.effectBaseDice1,
set,61193,EffectDicePerLevel[0],sql:spell_template.effectDicePerLevel1,
set,61193,EffectRealPointsPerLevel[0],sql:spell_template.effectRealPointsPerLevel1,
set,61193,EffectBasePoints[0],sql:spell_template.effectBasePoints1,
set,61193,EffectAura[0],sql:spell_template.effectApplyAuraName1,
set,61193,EffectRadiusIndex[0],sql:spell_template.effectRadiusIndex1,
set,61193,EffectChainTargets[0],sql:spell_template.effectChainTarget1,
set,61193,EffectMiscValue[0],sql:spell_template.effectMiscValue1,
set,61193,EffectTriggerSpell[0],sql:spell_template.effectTriggerSpell1,
set,61193,EffectPointsPerCombo[0],sql:spell_template.effectPointsPerComboPoint1,
set,61193,Effect[1],sql:spell_template.effect2,
set,61193,EffectDieSides[1],sql:spell_template.effectDieSides2,
set,61193,EffectBaseDice[1],sql:spell_template.effectBaseDice2,
set,61193,EffectDicePerLevel[1],sql:spell_template.effectDicePerLevel2,
set,61193,EffectRealPointsPerLevel[1],sql:spell_template.effectRealPointsPerLevel2,
set,61193,EffectBasePoints[1],sql:spell_template.effectBasePoints2,
set,61193,EffectAura[1],sql:spell_template.effectApplyAuraName2,
set,61193,EffectRadiusIndex[1],sql:spell_template.effectRadiusIndex2,
set,61193,EffectChainTargets[1],sql:spell_template.effectChainTarget2,
set,61193,EffectMiscValue[1],sql:spell_template.effectMiscValue2,
set,61193,EffectTriggerSpell[1],sql:spell_template.effectTriggerSpell2,
set,61193,EffectPointsPerCombo[1],sql:spell_template.effectPointsPerComboPoint2,
set,61193,Effect[2],sql:spell_template.effect3,
set,61193,EffectDieSides[2],sql:spell_template.effectDieSides3,
set,61193,EffectBaseDice[2],sql:spell_template.effectBaseDice3,
set,61193,EffectDicePerLevel[2],sql:spell_template.effectDicePerLevel3,
set,61193,EffectRealPointsPerLevel[2],sql:spell_template.effectRealPointsPerLevel3,
set,61193,EffectBasePoints[2],sql:spell_template.effectBasePoints3,
set,61193,EffectAura[2],sql:spell_template.effectApplyAuraName3,
set,61193,EffectRadiusIndex[2],sql:spell_template.effectRadiusIndex3,
set,61193,EffectChainTargets[2],sql:spell_template.effectChainTarget3,
set,61193,EffectMiscValue[2],sql:spell_template.effectMiscValue3,
set,61193,EffectTriggerSpell[2],sql:spell_template.effectTriggerSpell3,
set,61193,EffectPointsPerCombo[2],sql:spell_template.effectPointsPerComboPoint3,
set,61193,EffectAuraPeriod[0],sql:spell_template.effectAmplitude1,
set,61193,EffectAmplitude[0],sql:spell_template.effectMultipleValue1,
set,61193,ImplicitTargetA[0],sql:spell_template.effectImplicitTargetA1,
set,61193,ImplicitTargetB[0],sql:spell_template.effectImplicitTargetB1,
set,61193,EffectItemType[0],sql:spell_template.effectItemType1,
set,61193,EffectAuraPeriod[1],sql:spell_template.effectAmplitude2,
set,61193,EffectAmplitude[1],sql:spell_template.effectMultipleValue2,
set,61193,ImplicitTargetA[1],sql:spell_template.effectImplicitTargetA2,
set,61193,ImplicitTargetB[1],sql:spell_template.effectImplicitTargetB2,
set,61193,EffectItemType[1],sql:spell_template.effectItemType2,
set,61193,EffectAuraPeriod[2],sql:spell_template.effectAmplitude3,
set,61193,EffectAmplitude[2],sql:spell_template.effectMultipleValue3,
set,61193,ImplicitTargetA[2],sql:spell_template.effectImplicitTargetA3,
set,61193,ImplicitTargetB[2],sql:spell_template.effectImplicitTargetB3,
set,61193,EffectItemType[2],sql:spell_template.effectItemType3,
set,61193,School,sql:spell_template.school,
set,61193,Attributes,sql:spell_template.attributes,
set,61193,AttributesEx,sql:spell_template.attributesEx,
set,61193,AttributesExB,sql:spell_template.attributesEx2,
set,61193,AttributesExC,sql:spell_template.attributesEx3,
set,61193,AttributesExD,sql:spell_template.attributesEx4,
set,61193,Category,sql:spell_template.category,
set,61193,CastUI,sql:spell_template.castUI,
set,61193,DispelType,sql:spell_template.dispel,
set,61193,Mechanic,sql:spell_template.mechanic,
set,61193,ShapeshiftMask,sql:spell_template.stances,
set,61193,ShapeshiftExclude,sql:spell_template.stancesNot,
set,61193,Targets,sql:spell_template.targets,
set,61193,TargetCreatureType,sql:spell_template.targetCreatureType,
set,61193,RequiresSpellFocus,sql:spell_template.requiresSpellFocus,
set,61193,CasterAuraState,sql:spell_template.casterAuraState,
set,61193,TargetAuraState,sql:spell_template.targetAuraState,
set,61193,InterruptFlags,sql:spell_template.interruptFlags,
set,61193,AuraInterruptFlags,sql:spell_template.auraInterruptFlags,
set,61193,ChannelInterruptFlags,sql:spell_template.channelInterruptFlags,
set,61193,ProcFlags,sql:spell_template.procFlags,
set,61193,MaxLevel,sql:spell_template.maxLevel,
set,61193,BaseLevel,sql:spell_template.baseLevel,
set,61193,SpellLevel,sql:spell_template.spellLevel,
set,61193,ManaCostPerLevel,sql:spell_template.manCostPerLevel,
set,61193,ManaPerSecond,sql:spell_template.manaPerSecond,
set,61193,ManaPerSecondPerLevel,sql:spell_template.manaPerSecondPerLevel,
set,61193,ModalNextSpell,sql:spell_template.modelNextSpell,
set,61193,Totem[0],sql:spell_template.totem1,
set,61193,Totem[1],sql:spell_template.totem2,
set,61193,Reagent[0],sql:spell_template.reagent1,
set,61193,Reagent[1],sql:spell_template.reagent2,
set,61193,Reagent[2],sql:spell_template.reagent3,
set,61193,Reagent[3],sql:spell_template.reagent4,
set,61193,Reagent[4],sql:spell_template.reagent5,
set,61193,Reagent[5],sql:spell_template.reagent6,
set,61193,Reagent[6],sql:spell_template.reagent7,
set,61193,Reagent[7],sql:spell_template.reagent8,
set,61193,ReagentCount[0],sql:spell_template.reagentCount1,
set,61193,ReagentCount[1],sql:spell_template.reagentCount2,
set,61193,ReagentCount[2],sql:spell_template.reagentCount3,
set,61193,ReagentCount[3],sql:spell_template.reagentCount4,
set,61193,ReagentCount[4],sql:spell_template.reagentCount5,
set,61193,ReagentCount[5],sql:spell_template.reagentCount6,
set,61193,ReagentCount[6],sql:spell_template.reagentCount7,
set,61193,ReagentCount[7],sql:spell_template.reagentCount8,
set,61193,EquippedItemClass,sql:spell_template.equippedItemClass,
set,61193,EquippedItemSubclass,sql:spell_template.equippedItemSubClassMask,
set,61193,EquippedItemInvTypes,sql:spell_template.equippedItemInventoryTypeMask,
set,61193,EffectMechanic[0],sql:spell_template.effectMechanic1,
set,61193,EffectMechanic[1],sql:spell_template.effectMechanic2,
set,61193,EffectMechanic[2],sql:spell_template.effectMechanic3,
set,61193,SpellVisualID[0],sql:spell_template.spellVisual1,
set,61193,SpellVisualID[1],sql:spell_template.spellVisual2,
set,61193,ActiveIconID,sql:spell_template.activeIconId,
set,61193,SpellPriority,sql:spell_template.spellPriority,
set,61193,Name_lang_enUS,sql:spell_template.name,
set,61193,NameSubtext_lang_enUS,sql:spell_template.nameSubtext,
set,61193,Description_lang_enUS,sql:spell_template.description,
set,61193,AuraDescription_lang_enUS,sql:spell_template.auraDescription,
set,61193,MaxTargetLevel,sql:spell_template.maxTargetLevel,
set,61193,SpellClassSet,sql:spell_template.spellFamilyName,
set,61193,MaxTargets,sql:spell_template.maxAffectedTargets,
set,61193,DefenseType,sql:spell_template.dmgClass,
set,61193,PreventionType,sql:spell_template.preventionType,
set,61193,StanceBarOrder,sql:spell_template.stanceBarOrder,
set,61193,EffectChainAmplitude[0],sql:spell_template.dmgMultiplier1,
set,61193,EffectChainAmplitude[1],sql:spell_template.dmgMultiplier2,
set,61193,EffectChainAmplitude[2],sql:spell_template.dmgMultiplier3,
set,61193,MinFactionID,sql:spell_template.minFactionId,
set,61193,MinReputation,sql:spell_template.minReputation,
set,61193,RequiredAuraVision,sql:spell_template.requiredAuraVision,
set,61193,SpellClassMask[0],0,spellFamilyFlags low
set,61193,SpellClassMask[1],0,spellFamilyFlags high
insert,61194,,copy:16511,"#367 talent helper (core#194), CV-10"
set,61194,CastingTimeIndex,sql:spell_template.castingTimeIndex,
set,61194,RecoveryTime,sql:spell_template.recoveryTime,
set,61194,CategoryRecoveryTime,sql:spell_template.categoryRecoveryTime,
set,61194,ProcChance,sql:spell_template.procChance,
set,61194,ProcCharges,sql:spell_template.procCharges,
set,61194,DurationIndex,sql:spell_template.durationIndex,
set,61194,PowerType,sql:spell_template.powerType,
set,61194,ManaCost,sql:spell_template.manaCost,
set,61194,RangeIndex,sql:spell_template.rangeIndex,
set,61194,Speed,sql:spell_template.speed,
set,61194,CumulativeAura,sql:spell_template.stackAmount,
set,61194,SpellIconID,sql:spell_template.spellIconId,
set,61194,ManaCostPct,sql:spell_template.manaCostPercentage,
set,61194,StartRecoveryCategory,sql:spell_template.startRecoveryCategory,
set,61194,StartRecoveryTime,sql:spell_template.startRecoveryTime,
set,61194,Effect[0],sql:spell_template.effect1,
set,61194,EffectDieSides[0],sql:spell_template.effectDieSides1,
set,61194,EffectBaseDice[0],sql:spell_template.effectBaseDice1,
set,61194,EffectDicePerLevel[0],sql:spell_template.effectDicePerLevel1,
set,61194,EffectRealPointsPerLevel[0],sql:spell_template.effectRealPointsPerLevel1,
set,61194,EffectBasePoints[0],sql:spell_template.effectBasePoints1,
set,61194,EffectAura[0],sql:spell_template.effectApplyAuraName1,
set,61194,EffectRadiusIndex[0],sql:spell_template.effectRadiusIndex1,
set,61194,EffectChainTargets[0],sql:spell_template.effectChainTarget1,
set,61194,EffectMiscValue[0],sql:spell_template.effectMiscValue1,
set,61194,EffectTriggerSpell[0],sql:spell_template.effectTriggerSpell1,
set,61194,EffectPointsPerCombo[0],sql:spell_template.effectPointsPerComboPoint1,
set,61194,Effect[1],sql:spell_template.effect2,
set,61194,EffectDieSides[1],sql:spell_template.effectDieSides2,
set,61194,EffectBaseDice[1],sql:spell_template.effectBaseDice2,
set,61194,EffectDicePerLevel[1],sql:spell_template.effectDicePerLevel2,
set,61194,EffectRealPointsPerLevel[1],sql:spell_template.effectRealPointsPerLevel2,
set,61194,EffectBasePoints[1],sql:spell_template.effectBasePoints2,
set,61194,EffectAura[1],sql:spell_template.effectApplyAuraName2,
set,61194,EffectRadiusIndex[1],sql:spell_template.effectRadiusIndex2,
set,61194,EffectChainTargets[1],sql:spell_template.effectChainTarget2,
set,61194,EffectMiscValue[1],sql:spell_template.effectMiscValue2,
set,61194,EffectTriggerSpell[1],sql:spell_template.effectTriggerSpell2,
set,61194,EffectPointsPerCombo[1],sql:spell_template.effectPointsPerComboPoint2,
set,61194,Effect[2],sql:spell_template.effect3,
set,61194,EffectDieSides[2],sql:spell_template.effectDieSides3,
set,61194,EffectBaseDice[2],sql:spell_template.effectBaseDice3,
set,61194,EffectDicePerLevel[2],sql:spell_template.effectDicePerLevel3,
set,61194,EffectRealPointsPerLevel[2],sql:spell_template.effectRealPointsPerLevel3,
set,61194,EffectBasePoints[2],sql:spell_template.effectBasePoints3,
set,61194,EffectAura[2],sql:spell_template.effectApplyAuraName3,
set,61194,EffectRadiusIndex[2],sql:spell_template.effectRadiusIndex3,
set,61194,EffectChainTargets[2],sql:spell_template.effectChainTarget3,
set,61194,EffectMiscValue[2],sql:spell_template.effectMiscValue3,
set,61194,EffectTriggerSpell[2],sql:spell_template.effectTriggerSpell3,
set,61194,EffectPointsPerCombo[2],sql:spell_template.effectPointsPerComboPoint3,
set,61194,EffectAuraPeriod[0],sql:spell_template.effectAmplitude1,
set,61194,EffectAmplitude[0],sql:spell_template.effectMultipleValue1,
set,61194,ImplicitTargetA[0],sql:spell_template.effectImplicitTargetA1,
set,61194,ImplicitTargetB[0],sql:spell_template.effectImplicitTargetB1,
set,61194,EffectItemType[0],sql:spell_template.effectItemType1,
set,61194,EffectAuraPeriod[1],sql:spell_template.effectAmplitude2,
set,61194,EffectAmplitude[1],sql:spell_template.effectMultipleValue2,
set,61194,ImplicitTargetA[1],sql:spell_template.effectImplicitTargetA2,
set,61194,ImplicitTargetB[1],sql:spell_template.effectImplicitTargetB2,
set,61194,EffectItemType[1],sql:spell_template.effectItemType2,
set,61194,EffectAuraPeriod[2],sql:spell_template.effectAmplitude3,
set,61194,EffectAmplitude[2],sql:spell_template.effectMultipleValue3,
set,61194,ImplicitTargetA[2],sql:spell_template.effectImplicitTargetA3,
set,61194,ImplicitTargetB[2],sql:spell_template.effectImplicitTargetB3,
set,61194,EffectItemType[2],sql:spell_template.effectItemType3,
set,61194,School,sql:spell_template.school,
set,61194,Attributes,sql:spell_template.attributes,
set,61194,AttributesEx,sql:spell_template.attributesEx,
set,61194,AttributesExB,sql:spell_template.attributesEx2,
set,61194,AttributesExC,sql:spell_template.attributesEx3,
set,61194,AttributesExD,sql:spell_template.attributesEx4,
set,61194,Category,sql:spell_template.category,
set,61194,CastUI,sql:spell_template.castUI,
set,61194,DispelType,sql:spell_template.dispel,
set,61194,Mechanic,sql:spell_template.mechanic,
set,61194,ShapeshiftMask,sql:spell_template.stances,
set,61194,ShapeshiftExclude,sql:spell_template.stancesNot,
set,61194,Targets,sql:spell_template.targets,
set,61194,TargetCreatureType,sql:spell_template.targetCreatureType,
set,61194,RequiresSpellFocus,sql:spell_template.requiresSpellFocus,
set,61194,CasterAuraState,sql:spell_template.casterAuraState,
set,61194,TargetAuraState,sql:spell_template.targetAuraState,
set,61194,InterruptFlags,sql:spell_template.interruptFlags,
set,61194,AuraInterruptFlags,sql:spell_template.auraInterruptFlags,
set,61194,ChannelInterruptFlags,sql:spell_template.channelInterruptFlags,
set,61194,ProcFlags,sql:spell_template.procFlags,
set,61194,MaxLevel,sql:spell_template.maxLevel,
set,61194,BaseLevel,sql:spell_template.baseLevel,
set,61194,SpellLevel,sql:spell_template.spellLevel,
set,61194,ManaCostPerLevel,sql:spell_template.manCostPerLevel,
set,61194,ManaPerSecond,sql:spell_template.manaPerSecond,
set,61194,ManaPerSecondPerLevel,sql:spell_template.manaPerSecondPerLevel,
set,61194,ModalNextSpell,sql:spell_template.modelNextSpell,
set,61194,Totem[0],sql:spell_template.totem1,
set,61194,Totem[1],sql:spell_template.totem2,
set,61194,Reagent[0],sql:spell_template.reagent1,
set,61194,Reagent[1],sql:spell_template.reagent2,
set,61194,Reagent[2],sql:spell_template.reagent3,
set,61194,Reagent[3],sql:spell_template.reagent4,
set,61194,Reagent[4],sql:spell_template.reagent5,
set,61194,Reagent[5],sql:spell_template.reagent6,
set,61194,Reagent[6],sql:spell_template.reagent7,
set,61194,Reagent[7],sql:spell_template.reagent8,
set,61194,ReagentCount[0],sql:spell_template.reagentCount1,
set,61194,ReagentCount[1],sql:spell_template.reagentCount2,
set,61194,ReagentCount[2],sql:spell_template.reagentCount3,
set,61194,ReagentCount[3],sql:spell_template.reagentCount4,
set,61194,ReagentCount[4],sql:spell_template.reagentCount5,
set,61194,ReagentCount[5],sql:spell_template.reagentCount6,
set,61194,ReagentCount[6],sql:spell_template.reagentCount7,
set,61194,ReagentCount[7],sql:spell_template.reagentCount8,
set,61194,EquippedItemClass,sql:spell_template.equippedItemClass,
set,61194,EquippedItemSubclass,sql:spell_template.equippedItemSubClassMask,
set,61194,EquippedItemInvTypes,sql:spell_template.equippedItemInventoryTypeMask,
set,61194,EffectMechanic[0],sql:spell_template.effectMechanic1,
set,61194,EffectMechanic[1],sql:spell_template.effectMechanic2,
set,61194,EffectMechanic[2],sql:spell_template.effectMechanic3,
set,61194,SpellVisualID[0],sql:spell_template.spellVisual1,
set,61194,SpellVisualID[1],sql:spell_template.spellVisual2,
set,61194,ActiveIconID,sql:spell_template.activeIconId,
set,61194,SpellPriority,sql:spell_template.spellPriority,
set,61194,Name_lang_enUS,sql:spell_template.name,
set,61194,NameSubtext_lang_enUS,sql:spell_template.nameSubtext,
set,61194,Description_lang_enUS,sql:spell_template.description,
set,61194,AuraDescription_lang_enUS,sql:spell_template.auraDescription,
set,61194,MaxTargetLevel,sql:spell_template.maxTargetLevel,
set,61194,SpellClassSet,sql:spell_template.spellFamilyName,
set,61194,MaxTargets,sql:spell_template.maxAffectedTargets,
set,61194,DefenseType,sql:spell_template.dmgClass,
set,61194,PreventionType,sql:spell_template.preventionType,
set,61194,StanceBarOrder,sql:spell_template.stanceBarOrder,
set,61194,EffectChainAmplitude[0],sql:spell_template.dmgMultiplier1,
set,61194,EffectChainAmplitude[1],sql:spell_template.dmgMultiplier2,
set,61194,EffectChainAmplitude[2],sql:spell_template.dmgMultiplier3,
set,61194,MinFactionID,sql:spell_template.minFactionId,
set,61194,MinReputation,sql:spell_template.minReputation,
set,61194,RequiredAuraVision,sql:spell_template.requiredAuraVision,
set,61194,SpellClassMask[0],0,spellFamilyFlags low
set,61194,SpellClassMask[1],0,spellFamilyFlags high
insert,61201,,copy:45613,"#367 player poison rank (own values, no CV)"
set,61201,CastingTimeIndex,sql:spell_template.castingTimeIndex,
set,61201,RecoveryTime,sql:spell_template.recoveryTime,
set,61201,CategoryRecoveryTime,sql:spell_template.categoryRecoveryTime,
set,61201,ProcChance,sql:spell_template.procChance,
set,61201,ProcCharges,sql:spell_template.procCharges,
set,61201,DurationIndex,sql:spell_template.durationIndex,
set,61201,PowerType,sql:spell_template.powerType,
set,61201,ManaCost,sql:spell_template.manaCost,
set,61201,RangeIndex,sql:spell_template.rangeIndex,
set,61201,Speed,sql:spell_template.speed,
set,61201,CumulativeAura,sql:spell_template.stackAmount,
set,61201,SpellIconID,sql:spell_template.spellIconId,
set,61201,ManaCostPct,sql:spell_template.manaCostPercentage,
set,61201,StartRecoveryCategory,sql:spell_template.startRecoveryCategory,
set,61201,StartRecoveryTime,sql:spell_template.startRecoveryTime,
set,61201,Effect[0],sql:spell_template.effect1,
set,61201,EffectDieSides[0],sql:spell_template.effectDieSides1,
set,61201,EffectBaseDice[0],sql:spell_template.effectBaseDice1,
set,61201,EffectDicePerLevel[0],sql:spell_template.effectDicePerLevel1,
set,61201,EffectRealPointsPerLevel[0],sql:spell_template.effectRealPointsPerLevel1,
set,61201,EffectBasePoints[0],sql:spell_template.effectBasePoints1,
set,61201,EffectAura[0],sql:spell_template.effectApplyAuraName1,
set,61201,EffectRadiusIndex[0],sql:spell_template.effectRadiusIndex1,
set,61201,EffectChainTargets[0],sql:spell_template.effectChainTarget1,
set,61201,EffectMiscValue[0],sql:spell_template.effectMiscValue1,
set,61201,EffectTriggerSpell[0],sql:spell_template.effectTriggerSpell1,
set,61201,EffectPointsPerCombo[0],sql:spell_template.effectPointsPerComboPoint1,
set,61201,Effect[1],sql:spell_template.effect2,
set,61201,EffectDieSides[1],sql:spell_template.effectDieSides2,
set,61201,EffectBaseDice[1],sql:spell_template.effectBaseDice2,
set,61201,EffectDicePerLevel[1],sql:spell_template.effectDicePerLevel2,
set,61201,EffectRealPointsPerLevel[1],sql:spell_template.effectRealPointsPerLevel2,
set,61201,EffectBasePoints[1],sql:spell_template.effectBasePoints2,
set,61201,EffectAura[1],sql:spell_template.effectApplyAuraName2,
set,61201,EffectRadiusIndex[1],sql:spell_template.effectRadiusIndex2,
set,61201,EffectChainTargets[1],sql:spell_template.effectChainTarget2,
set,61201,EffectMiscValue[1],sql:spell_template.effectMiscValue2,
set,61201,EffectTriggerSpell[1],sql:spell_template.effectTriggerSpell2,
set,61201,EffectPointsPerCombo[1],sql:spell_template.effectPointsPerComboPoint2,
set,61201,Effect[2],sql:spell_template.effect3,
set,61201,EffectDieSides[2],sql:spell_template.effectDieSides3,
set,61201,EffectBaseDice[2],sql:spell_template.effectBaseDice3,
set,61201,EffectDicePerLevel[2],sql:spell_template.effectDicePerLevel3,
set,61201,EffectRealPointsPerLevel[2],sql:spell_template.effectRealPointsPerLevel3,
set,61201,EffectBasePoints[2],sql:spell_template.effectBasePoints3,
set,61201,EffectAura[2],sql:spell_template.effectApplyAuraName3,
set,61201,EffectRadiusIndex[2],sql:spell_template.effectRadiusIndex3,
set,61201,EffectChainTargets[2],sql:spell_template.effectChainTarget3,
set,61201,EffectMiscValue[2],sql:spell_template.effectMiscValue3,
set,61201,EffectTriggerSpell[2],sql:spell_template.effectTriggerSpell3,
set,61201,EffectPointsPerCombo[2],sql:spell_template.effectPointsPerComboPoint3,
set,61201,EffectAuraPeriod[0],sql:spell_template.effectAmplitude1,
set,61201,EffectAmplitude[0],sql:spell_template.effectMultipleValue1,
set,61201,ImplicitTargetA[0],sql:spell_template.effectImplicitTargetA1,
set,61201,ImplicitTargetB[0],sql:spell_template.effectImplicitTargetB1,
set,61201,EffectItemType[0],sql:spell_template.effectItemType1,
set,61201,EffectAuraPeriod[1],sql:spell_template.effectAmplitude2,
set,61201,EffectAmplitude[1],sql:spell_template.effectMultipleValue2,
set,61201,ImplicitTargetA[1],sql:spell_template.effectImplicitTargetA2,
set,61201,ImplicitTargetB[1],sql:spell_template.effectImplicitTargetB2,
set,61201,EffectItemType[1],sql:spell_template.effectItemType2,
set,61201,EffectAuraPeriod[2],sql:spell_template.effectAmplitude3,
set,61201,EffectAmplitude[2],sql:spell_template.effectMultipleValue3,
set,61201,ImplicitTargetA[2],sql:spell_template.effectImplicitTargetA3,
set,61201,ImplicitTargetB[2],sql:spell_template.effectImplicitTargetB3,
set,61201,EffectItemType[2],sql:spell_template.effectItemType3,
set,61201,School,sql:spell_template.school,
set,61201,Attributes,sql:spell_template.attributes,
set,61201,AttributesEx,sql:spell_template.attributesEx,
set,61201,AttributesExB,sql:spell_template.attributesEx2,
set,61201,AttributesExC,sql:spell_template.attributesEx3,
set,61201,AttributesExD,sql:spell_template.attributesEx4,
set,61201,Category,sql:spell_template.category,
set,61201,CastUI,sql:spell_template.castUI,
set,61201,DispelType,sql:spell_template.dispel,
set,61201,Mechanic,sql:spell_template.mechanic,
set,61201,ShapeshiftMask,sql:spell_template.stances,
set,61201,ShapeshiftExclude,sql:spell_template.stancesNot,
set,61201,Targets,sql:spell_template.targets,
set,61201,TargetCreatureType,sql:spell_template.targetCreatureType,
set,61201,RequiresSpellFocus,sql:spell_template.requiresSpellFocus,
set,61201,CasterAuraState,sql:spell_template.casterAuraState,
set,61201,TargetAuraState,sql:spell_template.targetAuraState,
set,61201,InterruptFlags,sql:spell_template.interruptFlags,
set,61201,AuraInterruptFlags,sql:spell_template.auraInterruptFlags,
set,61201,ChannelInterruptFlags,sql:spell_template.channelInterruptFlags,
set,61201,ProcFlags,sql:spell_template.procFlags,
set,61201,MaxLevel,sql:spell_template.maxLevel,
set,61201,BaseLevel,sql:spell_template.baseLevel,
set,61201,SpellLevel,sql:spell_template.spellLevel,
set,61201,ManaCostPerLevel,sql:spell_template.manCostPerLevel,
set,61201,ManaPerSecond,sql:spell_template.manaPerSecond,
set,61201,ManaPerSecondPerLevel,sql:spell_template.manaPerSecondPerLevel,
set,61201,ModalNextSpell,sql:spell_template.modelNextSpell,
set,61201,Totem[0],sql:spell_template.totem1,
set,61201,Totem[1],sql:spell_template.totem2,
set,61201,Reagent[0],sql:spell_template.reagent1,
set,61201,Reagent[1],sql:spell_template.reagent2,
set,61201,Reagent[2],sql:spell_template.reagent3,
set,61201,Reagent[3],sql:spell_template.reagent4,
set,61201,Reagent[4],sql:spell_template.reagent5,
set,61201,Reagent[5],sql:spell_template.reagent6,
set,61201,Reagent[6],sql:spell_template.reagent7,
set,61201,Reagent[7],sql:spell_template.reagent8,
set,61201,ReagentCount[0],sql:spell_template.reagentCount1,
set,61201,ReagentCount[1],sql:spell_template.reagentCount2,
set,61201,ReagentCount[2],sql:spell_template.reagentCount3,
set,61201,ReagentCount[3],sql:spell_template.reagentCount4,
set,61201,ReagentCount[4],sql:spell_template.reagentCount5,
set,61201,ReagentCount[5],sql:spell_template.reagentCount6,
set,61201,ReagentCount[6],sql:spell_template.reagentCount7,
set,61201,ReagentCount[7],sql:spell_template.reagentCount8,
set,61201,EquippedItemClass,sql:spell_template.equippedItemClass,
set,61201,EquippedItemSubclass,sql:spell_template.equippedItemSubClassMask,
set,61201,EquippedItemInvTypes,sql:spell_template.equippedItemInventoryTypeMask,
set,61201,EffectMechanic[0],sql:spell_template.effectMechanic1,
set,61201,EffectMechanic[1],sql:spell_template.effectMechanic2,
set,61201,EffectMechanic[2],sql:spell_template.effectMechanic3,
set,61201,SpellVisualID[0],sql:spell_template.spellVisual1,
set,61201,SpellVisualID[1],sql:spell_template.spellVisual2,
set,61201,ActiveIconID,sql:spell_template.activeIconId,
set,61201,SpellPriority,sql:spell_template.spellPriority,
set,61201,Name_lang_enUS,sql:spell_template.name,
set,61201,NameSubtext_lang_enUS,sql:spell_template.nameSubtext,
set,61201,Description_lang_enUS,sql:spell_template.description,
set,61201,AuraDescription_lang_enUS,sql:spell_template.auraDescription,
set,61201,MaxTargetLevel,sql:spell_template.maxTargetLevel,
set,61201,SpellClassSet,sql:spell_template.spellFamilyName,
set,61201,MaxTargets,sql:spell_template.maxAffectedTargets,
set,61201,DefenseType,sql:spell_template.dmgClass,
set,61201,PreventionType,sql:spell_template.preventionType,
set,61201,StanceBarOrder,sql:spell_template.stanceBarOrder,
set,61201,EffectChainAmplitude[0],sql:spell_template.dmgMultiplier1,
set,61201,EffectChainAmplitude[1],sql:spell_template.dmgMultiplier2,
set,61201,EffectChainAmplitude[2],sql:spell_template.dmgMultiplier3,
set,61201,MinFactionID,sql:spell_template.minFactionId,
set,61201,MinReputation,sql:spell_template.minReputation,
set,61201,RequiredAuraVision,sql:spell_template.requiredAuraVision,
insert,61202,,copy:45613,"#367 player poison rank (own values, no CV)"
set,61202,CastingTimeIndex,sql:spell_template.castingTimeIndex,
set,61202,RecoveryTime,sql:spell_template.recoveryTime,
set,61202,CategoryRecoveryTime,sql:spell_template.categoryRecoveryTime,
set,61202,ProcChance,sql:spell_template.procChance,
set,61202,ProcCharges,sql:spell_template.procCharges,
set,61202,DurationIndex,sql:spell_template.durationIndex,
set,61202,PowerType,sql:spell_template.powerType,
set,61202,ManaCost,sql:spell_template.manaCost,
set,61202,RangeIndex,sql:spell_template.rangeIndex,
set,61202,Speed,sql:spell_template.speed,
set,61202,CumulativeAura,sql:spell_template.stackAmount,
set,61202,SpellIconID,sql:spell_template.spellIconId,
set,61202,ManaCostPct,sql:spell_template.manaCostPercentage,
set,61202,StartRecoveryCategory,sql:spell_template.startRecoveryCategory,
set,61202,StartRecoveryTime,sql:spell_template.startRecoveryTime,
set,61202,Effect[0],sql:spell_template.effect1,
set,61202,EffectDieSides[0],sql:spell_template.effectDieSides1,
set,61202,EffectBaseDice[0],sql:spell_template.effectBaseDice1,
set,61202,EffectDicePerLevel[0],sql:spell_template.effectDicePerLevel1,
set,61202,EffectRealPointsPerLevel[0],sql:spell_template.effectRealPointsPerLevel1,
set,61202,EffectBasePoints[0],sql:spell_template.effectBasePoints1,
set,61202,EffectAura[0],sql:spell_template.effectApplyAuraName1,
set,61202,EffectRadiusIndex[0],sql:spell_template.effectRadiusIndex1,
set,61202,EffectChainTargets[0],sql:spell_template.effectChainTarget1,
set,61202,EffectMiscValue[0],sql:spell_template.effectMiscValue1,
set,61202,EffectTriggerSpell[0],sql:spell_template.effectTriggerSpell1,
set,61202,EffectPointsPerCombo[0],sql:spell_template.effectPointsPerComboPoint1,
set,61202,Effect[1],sql:spell_template.effect2,
set,61202,EffectDieSides[1],sql:spell_template.effectDieSides2,
set,61202,EffectBaseDice[1],sql:spell_template.effectBaseDice2,
set,61202,EffectDicePerLevel[1],sql:spell_template.effectDicePerLevel2,
set,61202,EffectRealPointsPerLevel[1],sql:spell_template.effectRealPointsPerLevel2,
set,61202,EffectBasePoints[1],sql:spell_template.effectBasePoints2,
set,61202,EffectAura[1],sql:spell_template.effectApplyAuraName2,
set,61202,EffectRadiusIndex[1],sql:spell_template.effectRadiusIndex2,
set,61202,EffectChainTargets[1],sql:spell_template.effectChainTarget2,
set,61202,EffectMiscValue[1],sql:spell_template.effectMiscValue2,
set,61202,EffectTriggerSpell[1],sql:spell_template.effectTriggerSpell2,
set,61202,EffectPointsPerCombo[1],sql:spell_template.effectPointsPerComboPoint2,
set,61202,Effect[2],sql:spell_template.effect3,
set,61202,EffectDieSides[2],sql:spell_template.effectDieSides3,
set,61202,EffectBaseDice[2],sql:spell_template.effectBaseDice3,
set,61202,EffectDicePerLevel[2],sql:spell_template.effectDicePerLevel3,
set,61202,EffectRealPointsPerLevel[2],sql:spell_template.effectRealPointsPerLevel3,
set,61202,EffectBasePoints[2],sql:spell_template.effectBasePoints3,
set,61202,EffectAura[2],sql:spell_template.effectApplyAuraName3,
set,61202,EffectRadiusIndex[2],sql:spell_template.effectRadiusIndex3,
set,61202,EffectChainTargets[2],sql:spell_template.effectChainTarget3,
set,61202,EffectMiscValue[2],sql:spell_template.effectMiscValue3,
set,61202,EffectTriggerSpell[2],sql:spell_template.effectTriggerSpell3,
set,61202,EffectPointsPerCombo[2],sql:spell_template.effectPointsPerComboPoint3,
set,61202,EffectAuraPeriod[0],sql:spell_template.effectAmplitude1,
set,61202,EffectAmplitude[0],sql:spell_template.effectMultipleValue1,
set,61202,ImplicitTargetA[0],sql:spell_template.effectImplicitTargetA1,
set,61202,ImplicitTargetB[0],sql:spell_template.effectImplicitTargetB1,
set,61202,EffectItemType[0],sql:spell_template.effectItemType1,
set,61202,EffectAuraPeriod[1],sql:spell_template.effectAmplitude2,
set,61202,EffectAmplitude[1],sql:spell_template.effectMultipleValue2,
set,61202,ImplicitTargetA[1],sql:spell_template.effectImplicitTargetA2,
set,61202,ImplicitTargetB[1],sql:spell_template.effectImplicitTargetB2,
set,61202,EffectItemType[1],sql:spell_template.effectItemType2,
set,61202,EffectAuraPeriod[2],sql:spell_template.effectAmplitude3,
set,61202,EffectAmplitude[2],sql:spell_template.effectMultipleValue3,
set,61202,ImplicitTargetA[2],sql:spell_template.effectImplicitTargetA3,
set,61202,ImplicitTargetB[2],sql:spell_template.effectImplicitTargetB3,
set,61202,EffectItemType[2],sql:spell_template.effectItemType3,
set,61202,School,sql:spell_template.school,
set,61202,Attributes,sql:spell_template.attributes,
set,61202,AttributesEx,sql:spell_template.attributesEx,
set,61202,AttributesExB,sql:spell_template.attributesEx2,
set,61202,AttributesExC,sql:spell_template.attributesEx3,
set,61202,AttributesExD,sql:spell_template.attributesEx4,
set,61202,Category,sql:spell_template.category,
set,61202,CastUI,sql:spell_template.castUI,
set,61202,DispelType,sql:spell_template.dispel,
set,61202,Mechanic,sql:spell_template.mechanic,
set,61202,ShapeshiftMask,sql:spell_template.stances,
set,61202,ShapeshiftExclude,sql:spell_template.stancesNot,
set,61202,Targets,sql:spell_template.targets,
set,61202,TargetCreatureType,sql:spell_template.targetCreatureType,
set,61202,RequiresSpellFocus,sql:spell_template.requiresSpellFocus,
set,61202,CasterAuraState,sql:spell_template.casterAuraState,
set,61202,TargetAuraState,sql:spell_template.targetAuraState,
set,61202,InterruptFlags,sql:spell_template.interruptFlags,
set,61202,AuraInterruptFlags,sql:spell_template.auraInterruptFlags,
set,61202,ChannelInterruptFlags,sql:spell_template.channelInterruptFlags,
set,61202,ProcFlags,sql:spell_template.procFlags,
set,61202,MaxLevel,sql:spell_template.maxLevel,
set,61202,BaseLevel,sql:spell_template.baseLevel,
set,61202,SpellLevel,sql:spell_template.spellLevel,
set,61202,ManaCostPerLevel,sql:spell_template.manCostPerLevel,
set,61202,ManaPerSecond,sql:spell_template.manaPerSecond,
set,61202,ManaPerSecondPerLevel,sql:spell_template.manaPerSecondPerLevel,
set,61202,ModalNextSpell,sql:spell_template.modelNextSpell,
set,61202,Totem[0],sql:spell_template.totem1,
set,61202,Totem[1],sql:spell_template.totem2,
set,61202,Reagent[0],sql:spell_template.reagent1,
set,61202,Reagent[1],sql:spell_template.reagent2,
set,61202,Reagent[2],sql:spell_template.reagent3,
set,61202,Reagent[3],sql:spell_template.reagent4,
set,61202,Reagent[4],sql:spell_template.reagent5,
set,61202,Reagent[5],sql:spell_template.reagent6,
set,61202,Reagent[6],sql:spell_template.reagent7,
set,61202,Reagent[7],sql:spell_template.reagent8,
set,61202,ReagentCount[0],sql:spell_template.reagentCount1,
set,61202,ReagentCount[1],sql:spell_template.reagentCount2,
set,61202,ReagentCount[2],sql:spell_template.reagentCount3,
set,61202,ReagentCount[3],sql:spell_template.reagentCount4,
set,61202,ReagentCount[4],sql:spell_template.reagentCount5,
set,61202,ReagentCount[5],sql:spell_template.reagentCount6,
set,61202,ReagentCount[6],sql:spell_template.reagentCount7,
set,61202,ReagentCount[7],sql:spell_template.reagentCount8,
set,61202,EquippedItemClass,sql:spell_template.equippedItemClass,
set,61202,EquippedItemSubclass,sql:spell_template.equippedItemSubClassMask,
set,61202,EquippedItemInvTypes,sql:spell_template.equippedItemInventoryTypeMask,
set,61202,EffectMechanic[0],sql:spell_template.effectMechanic1,
set,61202,EffectMechanic[1],sql:spell_template.effectMechanic2,
set,61202,EffectMechanic[2],sql:spell_template.effectMechanic3,
set,61202,SpellVisualID[0],sql:spell_template.spellVisual1,
set,61202,SpellVisualID[1],sql:spell_template.spellVisual2,
set,61202,ActiveIconID,sql:spell_template.activeIconId,
set,61202,SpellPriority,sql:spell_template.spellPriority,
set,61202,Name_lang_enUS,sql:spell_template.name,
set,61202,NameSubtext_lang_enUS,sql:spell_template.nameSubtext,
set,61202,Description_lang_enUS,sql:spell_template.description,
set,61202,AuraDescription_lang_enUS,sql:spell_template.auraDescription,
set,61202,MaxTargetLevel,sql:spell_template.maxTargetLevel,
set,61202,SpellClassSet,sql:spell_template.spellFamilyName,
set,61202,MaxTargets,sql:spell_template.maxAffectedTargets,
set,61202,DefenseType,sql:spell_template.dmgClass,
set,61202,PreventionType,sql:spell_template.preventionType,
set,61202,StanceBarOrder,sql:spell_template.stanceBarOrder,
set,61202,EffectChainAmplitude[0],sql:spell_template.dmgMultiplier1,
set,61202,EffectChainAmplitude[1],sql:spell_template.dmgMultiplier2,
set,61202,EffectChainAmplitude[2],sql:spell_template.dmgMultiplier3,
set,61202,MinFactionID,sql:spell_template.minFactionId,
set,61202,MinReputation,sql:spell_template.minReputation,
set,61202,RequiredAuraVision,sql:spell_template.requiredAuraVision,
insert,61203,,copy:45613,"#367 player poison rank (own values, no CV)"
set,61203,CastingTimeIndex,sql:spell_template.castingTimeIndex,
set,61203,RecoveryTime,sql:spell_template.recoveryTime,
set,61203,CategoryRecoveryTime,sql:spell_template.categoryRecoveryTime,
set,61203,ProcChance,sql:spell_template.procChance,
set,61203,ProcCharges,sql:spell_template.procCharges,
set,61203,DurationIndex,sql:spell_template.durationIndex,
set,61203,PowerType,sql:spell_template.powerType,
set,61203,ManaCost,sql:spell_template.manaCost,
set,61203,RangeIndex,sql:spell_template.rangeIndex,
set,61203,Speed,sql:spell_template.speed,
set,61203,CumulativeAura,sql:spell_template.stackAmount,
set,61203,SpellIconID,sql:spell_template.spellIconId,
set,61203,ManaCostPct,sql:spell_template.manaCostPercentage,
set,61203,StartRecoveryCategory,sql:spell_template.startRecoveryCategory,
set,61203,StartRecoveryTime,sql:spell_template.startRecoveryTime,
set,61203,Effect[0],sql:spell_template.effect1,
set,61203,EffectDieSides[0],sql:spell_template.effectDieSides1,
set,61203,EffectBaseDice[0],sql:spell_template.effectBaseDice1,
set,61203,EffectDicePerLevel[0],sql:spell_template.effectDicePerLevel1,
set,61203,EffectRealPointsPerLevel[0],sql:spell_template.effectRealPointsPerLevel1,
set,61203,EffectBasePoints[0],sql:spell_template.effectBasePoints1,
set,61203,EffectAura[0],sql:spell_template.effectApplyAuraName1,
set,61203,EffectRadiusIndex[0],sql:spell_template.effectRadiusIndex1,
set,61203,EffectChainTargets[0],sql:spell_template.effectChainTarget1,
set,61203,EffectMiscValue[0],sql:spell_template.effectMiscValue1,
set,61203,EffectTriggerSpell[0],sql:spell_template.effectTriggerSpell1,
set,61203,EffectPointsPerCombo[0],sql:spell_template.effectPointsPerComboPoint1,
set,61203,Effect[1],sql:spell_template.effect2,
set,61203,EffectDieSides[1],sql:spell_template.effectDieSides2,
set,61203,EffectBaseDice[1],sql:spell_template.effectBaseDice2,
set,61203,EffectDicePerLevel[1],sql:spell_template.effectDicePerLevel2,
set,61203,EffectRealPointsPerLevel[1],sql:spell_template.effectRealPointsPerLevel2,
set,61203,EffectBasePoints[1],sql:spell_template.effectBasePoints2,
set,61203,EffectAura[1],sql:spell_template.effectApplyAuraName2,
set,61203,EffectRadiusIndex[1],sql:spell_template.effectRadiusIndex2,
set,61203,EffectChainTargets[1],sql:spell_template.effectChainTarget2,
set,61203,EffectMiscValue[1],sql:spell_template.effectMiscValue2,
set,61203,EffectTriggerSpell[1],sql:spell_template.effectTriggerSpell2,
set,61203,EffectPointsPerCombo[1],sql:spell_template.effectPointsPerComboPoint2,
set,61203,Effect[2],sql:spell_template.effect3,
set,61203,EffectDieSides[2],sql:spell_template.effectDieSides3,
set,61203,EffectBaseDice[2],sql:spell_template.effectBaseDice3,
set,61203,EffectDicePerLevel[2],sql:spell_template.effectDicePerLevel3,
set,61203,EffectRealPointsPerLevel[2],sql:spell_template.effectRealPointsPerLevel3,
set,61203,EffectBasePoints[2],sql:spell_template.effectBasePoints3,
set,61203,EffectAura[2],sql:spell_template.effectApplyAuraName3,
set,61203,EffectRadiusIndex[2],sql:spell_template.effectRadiusIndex3,
set,61203,EffectChainTargets[2],sql:spell_template.effectChainTarget3,
set,61203,EffectMiscValue[2],sql:spell_template.effectMiscValue3,
set,61203,EffectTriggerSpell[2],sql:spell_template.effectTriggerSpell3,
set,61203,EffectPointsPerCombo[2],sql:spell_template.effectPointsPerComboPoint3,
set,61203,EffectAuraPeriod[0],sql:spell_template.effectAmplitude1,
set,61203,EffectAmplitude[0],sql:spell_template.effectMultipleValue1,
set,61203,ImplicitTargetA[0],sql:spell_template.effectImplicitTargetA1,
set,61203,ImplicitTargetB[0],sql:spell_template.effectImplicitTargetB1,
set,61203,EffectItemType[0],sql:spell_template.effectItemType1,
set,61203,EffectAuraPeriod[1],sql:spell_template.effectAmplitude2,
set,61203,EffectAmplitude[1],sql:spell_template.effectMultipleValue2,
set,61203,ImplicitTargetA[1],sql:spell_template.effectImplicitTargetA2,
set,61203,ImplicitTargetB[1],sql:spell_template.effectImplicitTargetB2,
set,61203,EffectItemType[1],sql:spell_template.effectItemType2,
set,61203,EffectAuraPeriod[2],sql:spell_template.effectAmplitude3,
set,61203,EffectAmplitude[2],sql:spell_template.effectMultipleValue3,
set,61203,ImplicitTargetA[2],sql:spell_template.effectImplicitTargetA3,
set,61203,ImplicitTargetB[2],sql:spell_template.effectImplicitTargetB3,
set,61203,EffectItemType[2],sql:spell_template.effectItemType3,
set,61203,School,sql:spell_template.school,
set,61203,Attributes,sql:spell_template.attributes,
set,61203,AttributesEx,sql:spell_template.attributesEx,
set,61203,AttributesExB,sql:spell_template.attributesEx2,
set,61203,AttributesExC,sql:spell_template.attributesEx3,
set,61203,AttributesExD,sql:spell_template.attributesEx4,
set,61203,Category,sql:spell_template.category,
set,61203,CastUI,sql:spell_template.castUI,
set,61203,DispelType,sql:spell_template.dispel,
set,61203,Mechanic,sql:spell_template.mechanic,
set,61203,ShapeshiftMask,sql:spell_template.stances,
set,61203,ShapeshiftExclude,sql:spell_template.stancesNot,
set,61203,Targets,sql:spell_template.targets,
set,61203,TargetCreatureType,sql:spell_template.targetCreatureType,
set,61203,RequiresSpellFocus,sql:spell_template.requiresSpellFocus,
set,61203,CasterAuraState,sql:spell_template.casterAuraState,
set,61203,TargetAuraState,sql:spell_template.targetAuraState,
set,61203,InterruptFlags,sql:spell_template.interruptFlags,
set,61203,AuraInterruptFlags,sql:spell_template.auraInterruptFlags,
set,61203,ChannelInterruptFlags,sql:spell_template.channelInterruptFlags,
set,61203,ProcFlags,sql:spell_template.procFlags,
set,61203,MaxLevel,sql:spell_template.maxLevel,
set,61203,BaseLevel,sql:spell_template.baseLevel,
set,61203,SpellLevel,sql:spell_template.spellLevel,
set,61203,ManaCostPerLevel,sql:spell_template.manCostPerLevel,
set,61203,ManaPerSecond,sql:spell_template.manaPerSecond,
set,61203,ManaPerSecondPerLevel,sql:spell_template.manaPerSecondPerLevel,
set,61203,ModalNextSpell,sql:spell_template.modelNextSpell,
set,61203,Totem[0],sql:spell_template.totem1,
set,61203,Totem[1],sql:spell_template.totem2,
set,61203,Reagent[0],sql:spell_template.reagent1,
set,61203,Reagent[1],sql:spell_template.reagent2,
set,61203,Reagent[2],sql:spell_template.reagent3,
set,61203,Reagent[3],sql:spell_template.reagent4,
set,61203,Reagent[4],sql:spell_template.reagent5,
set,61203,Reagent[5],sql:spell_template.reagent6,
set,61203,Reagent[6],sql:spell_template.reagent7,
set,61203,Reagent[7],sql:spell_template.reagent8,
set,61203,ReagentCount[0],sql:spell_template.reagentCount1,
set,61203,ReagentCount[1],sql:spell_template.reagentCount2,
set,61203,ReagentCount[2],sql:spell_template.reagentCount3,
set,61203,ReagentCount[3],sql:spell_template.reagentCount4,
set,61203,ReagentCount[4],sql:spell_template.reagentCount5,
set,61203,ReagentCount[5],sql:spell_template.reagentCount6,
set,61203,ReagentCount[6],sql:spell_template.reagentCount7,
set,61203,ReagentCount[7],sql:spell_template.reagentCount8,
set,61203,EquippedItemClass,sql:spell_template.equippedItemClass,
set,61203,EquippedItemSubclass,sql:spell_template.equippedItemSubClassMask,
set,61203,EquippedItemInvTypes,sql:spell_template.equippedItemInventoryTypeMask,
set,61203,EffectMechanic[0],sql:spell_template.effectMechanic1,
set,61203,EffectMechanic[1],sql:spell_template.effectMechanic2,
set,61203,EffectMechanic[2],sql:spell_template.effectMechanic3,
set,61203,SpellVisualID[0],sql:spell_template.spellVisual1,
set,61203,SpellVisualID[1],sql:spell_template.spellVisual2,
set,61203,ActiveIconID,sql:spell_template.activeIconId,
set,61203,SpellPriority,sql:spell_template.spellPriority,
set,61203,Name_lang_enUS,sql:spell_template.name,
set,61203,NameSubtext_lang_enUS,sql:spell_template.nameSubtext,
set,61203,Description_lang_enUS,sql:spell_template.description,
set,61203,AuraDescription_lang_enUS,sql:spell_template.auraDescription,
set,61203,MaxTargetLevel,sql:spell_template.maxTargetLevel,
set,61203,SpellClassSet,sql:spell_template.spellFamilyName,
set,61203,MaxTargets,sql:spell_template.maxAffectedTargets,
set,61203,DefenseType,sql:spell_template.dmgClass,
set,61203,PreventionType,sql:spell_template.preventionType,
set,61203,StanceBarOrder,sql:spell_template.stanceBarOrder,
set,61203,EffectChainAmplitude[0],sql:spell_template.dmgMultiplier1,
set,61203,EffectChainAmplitude[1],sql:spell_template.dmgMultiplier2,
set,61203,EffectChainAmplitude[2],sql:spell_template.dmgMultiplier3,
set,61203,MinFactionID,sql:spell_template.minFactionId,
set,61203,MinReputation,sql:spell_template.minReputation,
set,61203,RequiredAuraVision,sql:spell_template.requiredAuraVision,
insert,61204,,copy:45613,"#367 player poison rank (own values, no CV)"
set,61204,CastingTimeIndex,sql:spell_template.castingTimeIndex,
set,61204,RecoveryTime,sql:spell_template.recoveryTime,
set,61204,CategoryRecoveryTime,sql:spell_template.categoryRecoveryTime,
set,61204,ProcChance,sql:spell_template.procChance,
set,61204,ProcCharges,sql:spell_template.procCharges,
set,61204,DurationIndex,sql:spell_template.durationIndex,
set,61204,PowerType,sql:spell_template.powerType,
set,61204,ManaCost,sql:spell_template.manaCost,
set,61204,RangeIndex,sql:spell_template.rangeIndex,
set,61204,Speed,sql:spell_template.speed,
set,61204,CumulativeAura,sql:spell_template.stackAmount,
set,61204,SpellIconID,sql:spell_template.spellIconId,
set,61204,ManaCostPct,sql:spell_template.manaCostPercentage,
set,61204,StartRecoveryCategory,sql:spell_template.startRecoveryCategory,
set,61204,StartRecoveryTime,sql:spell_template.startRecoveryTime,
set,61204,Effect[0],sql:spell_template.effect1,
set,61204,EffectDieSides[0],sql:spell_template.effectDieSides1,
set,61204,EffectBaseDice[0],sql:spell_template.effectBaseDice1,
set,61204,EffectDicePerLevel[0],sql:spell_template.effectDicePerLevel1,
set,61204,EffectRealPointsPerLevel[0],sql:spell_template.effectRealPointsPerLevel1,
set,61204,EffectBasePoints[0],sql:spell_template.effectBasePoints1,
set,61204,EffectAura[0],sql:spell_template.effectApplyAuraName1,
set,61204,EffectRadiusIndex[0],sql:spell_template.effectRadiusIndex1,
set,61204,EffectChainTargets[0],sql:spell_template.effectChainTarget1,
set,61204,EffectMiscValue[0],sql:spell_template.effectMiscValue1,
set,61204,EffectTriggerSpell[0],sql:spell_template.effectTriggerSpell1,
set,61204,EffectPointsPerCombo[0],sql:spell_template.effectPointsPerComboPoint1,
set,61204,Effect[1],sql:spell_template.effect2,
set,61204,EffectDieSides[1],sql:spell_template.effectDieSides2,
set,61204,EffectBaseDice[1],sql:spell_template.effectBaseDice2,
set,61204,EffectDicePerLevel[1],sql:spell_template.effectDicePerLevel2,
set,61204,EffectRealPointsPerLevel[1],sql:spell_template.effectRealPointsPerLevel2,
set,61204,EffectBasePoints[1],sql:spell_template.effectBasePoints2,
set,61204,EffectAura[1],sql:spell_template.effectApplyAuraName2,
set,61204,EffectRadiusIndex[1],sql:spell_template.effectRadiusIndex2,
set,61204,EffectChainTargets[1],sql:spell_template.effectChainTarget2,
set,61204,EffectMiscValue[1],sql:spell_template.effectMiscValue2,
set,61204,EffectTriggerSpell[1],sql:spell_template.effectTriggerSpell2,
set,61204,EffectPointsPerCombo[1],sql:spell_template.effectPointsPerComboPoint2,
set,61204,Effect[2],sql:spell_template.effect3,
set,61204,EffectDieSides[2],sql:spell_template.effectDieSides3,
set,61204,EffectBaseDice[2],sql:spell_template.effectBaseDice3,
set,61204,EffectDicePerLevel[2],sql:spell_template.effectDicePerLevel3,
set,61204,EffectRealPointsPerLevel[2],sql:spell_template.effectRealPointsPerLevel3,
set,61204,EffectBasePoints[2],sql:spell_template.effectBasePoints3,
set,61204,EffectAura[2],sql:spell_template.effectApplyAuraName3,
set,61204,EffectRadiusIndex[2],sql:spell_template.effectRadiusIndex3,
set,61204,EffectChainTargets[2],sql:spell_template.effectChainTarget3,
set,61204,EffectMiscValue[2],sql:spell_template.effectMiscValue3,
set,61204,EffectTriggerSpell[2],sql:spell_template.effectTriggerSpell3,
set,61204,EffectPointsPerCombo[2],sql:spell_template.effectPointsPerComboPoint3,
set,61204,EffectAuraPeriod[0],sql:spell_template.effectAmplitude1,
set,61204,EffectAmplitude[0],sql:spell_template.effectMultipleValue1,
set,61204,ImplicitTargetA[0],sql:spell_template.effectImplicitTargetA1,
set,61204,ImplicitTargetB[0],sql:spell_template.effectImplicitTargetB1,
set,61204,EffectItemType[0],sql:spell_template.effectItemType1,
set,61204,EffectAuraPeriod[1],sql:spell_template.effectAmplitude2,
set,61204,EffectAmplitude[1],sql:spell_template.effectMultipleValue2,
set,61204,ImplicitTargetA[1],sql:spell_template.effectImplicitTargetA2,
set,61204,ImplicitTargetB[1],sql:spell_template.effectImplicitTargetB2,
set,61204,EffectItemType[1],sql:spell_template.effectItemType2,
set,61204,EffectAuraPeriod[2],sql:spell_template.effectAmplitude3,
set,61204,EffectAmplitude[2],sql:spell_template.effectMultipleValue3,
set,61204,ImplicitTargetA[2],sql:spell_template.effectImplicitTargetA3,
set,61204,ImplicitTargetB[2],sql:spell_template.effectImplicitTargetB3,
set,61204,EffectItemType[2],sql:spell_template.effectItemType3,
set,61204,School,sql:spell_template.school,
set,61204,Attributes,sql:spell_template.attributes,
set,61204,AttributesEx,sql:spell_template.attributesEx,
set,61204,AttributesExB,sql:spell_template.attributesEx2,
set,61204,AttributesExC,sql:spell_template.attributesEx3,
set,61204,AttributesExD,sql:spell_template.attributesEx4,
set,61204,Category,sql:spell_template.category,
set,61204,CastUI,sql:spell_template.castUI,
set,61204,DispelType,sql:spell_template.dispel,
set,61204,Mechanic,sql:spell_template.mechanic,
set,61204,ShapeshiftMask,sql:spell_template.stances,
set,61204,ShapeshiftExclude,sql:spell_template.stancesNot,
set,61204,Targets,sql:spell_template.targets,
set,61204,TargetCreatureType,sql:spell_template.targetCreatureType,
set,61204,RequiresSpellFocus,sql:spell_template.requiresSpellFocus,
set,61204,CasterAuraState,sql:spell_template.casterAuraState,
set,61204,TargetAuraState,sql:spell_template.targetAuraState,
set,61204,InterruptFlags,sql:spell_template.interruptFlags,
set,61204,AuraInterruptFlags,sql:spell_template.auraInterruptFlags,
set,61204,ChannelInterruptFlags,sql:spell_template.channelInterruptFlags,
set,61204,ProcFlags,sql:spell_template.procFlags,
set,61204,MaxLevel,sql:spell_template.maxLevel,
set,61204,BaseLevel,sql:spell_template.baseLevel,
set,61204,SpellLevel,sql:spell_template.spellLevel,
set,61204,ManaCostPerLevel,sql:spell_template.manCostPerLevel,
set,61204,ManaPerSecond,sql:spell_template.manaPerSecond,
set,61204,ManaPerSecondPerLevel,sql:spell_template.manaPerSecondPerLevel,
set,61204,ModalNextSpell,sql:spell_template.modelNextSpell,
set,61204,Totem[0],sql:spell_template.totem1,
set,61204,Totem[1],sql:spell_template.totem2,
set,61204,Reagent[0],sql:spell_template.reagent1,
set,61204,Reagent[1],sql:spell_template.reagent2,
set,61204,Reagent[2],sql:spell_template.reagent3,
set,61204,Reagent[3],sql:spell_template.reagent4,
set,61204,Reagent[4],sql:spell_template.reagent5,
set,61204,Reagent[5],sql:spell_template.reagent6,
set,61204,Reagent[6],sql:spell_template.reagent7,
set,61204,Reagent[7],sql:spell_template.reagent8,
set,61204,ReagentCount[0],sql:spell_template.reagentCount1,
set,61204,ReagentCount[1],sql:spell_template.reagentCount2,
set,61204,ReagentCount[2],sql:spell_template.reagentCount3,
set,61204,ReagentCount[3],sql:spell_template.reagentCount4,
set,61204,ReagentCount[4],sql:spell_template.reagentCount5,
set,61204,ReagentCount[5],sql:spell_template.reagentCount6,
set,61204,ReagentCount[6],sql:spell_template.reagentCount7,
set,61204,ReagentCount[7],sql:spell_template.reagentCount8,
set,61204,EquippedItemClass,sql:spell_template.equippedItemClass,
set,61204,EquippedItemSubclass,sql:spell_template.equippedItemSubClassMask,
set,61204,EquippedItemInvTypes,sql:spell_template.equippedItemInventoryTypeMask,
set,61204,EffectMechanic[0],sql:spell_template.effectMechanic1,
set,61204,EffectMechanic[1],sql:spell_template.effectMechanic2,
set,61204,EffectMechanic[2],sql:spell_template.effectMechanic3,
set,61204,SpellVisualID[0],sql:spell_template.spellVisual1,
set,61204,SpellVisualID[1],sql:spell_template.spellVisual2,
set,61204,ActiveIconID,sql:spell_template.activeIconId,
set,61204,SpellPriority,sql:spell_template.spellPriority,
set,61204,Name_lang_enUS,sql:spell_template.name,
set,61204,NameSubtext_lang_enUS,sql:spell_template.nameSubtext,
set,61204,Description_lang_enUS,sql:spell_template.description,
set,61204,AuraDescription_lang_enUS,sql:spell_template.auraDescription,
set,61204,MaxTargetLevel,sql:spell_template.maxTargetLevel,
set,61204,SpellClassSet,sql:spell_template.spellFamilyName,
set,61204,MaxTargets,sql:spell_template.maxAffectedTargets,
set,61204,DefenseType,sql:spell_template.dmgClass,
set,61204,PreventionType,sql:spell_template.preventionType,
set,61204,StanceBarOrder,sql:spell_template.stanceBarOrder,
set,61204,EffectChainAmplitude[0],sql:spell_template.dmgMultiplier1,
set,61204,EffectChainAmplitude[1],sql:spell_template.dmgMultiplier2,
set,61204,EffectChainAmplitude[2],sql:spell_template.dmgMultiplier3,
set,61204,MinFactionID,sql:spell_template.minFactionId,
set,61204,MinReputation,sql:spell_template.minReputation,
set,61204,RequiredAuraVision,sql:spell_template.requiredAuraVision,
insert,61205,,copy:45612,"#367 player poison rank (own values, no CV)"
set,61205,CastingTimeIndex,sql:spell_template.castingTimeIndex,
set,61205,RecoveryTime,sql:spell_template.recoveryTime,
set,61205,CategoryRecoveryTime,sql:spell_template.categoryRecoveryTime,
set,61205,ProcChance,sql:spell_template.procChance,
set,61205,ProcCharges,sql:spell_template.procCharges,
set,61205,DurationIndex,sql:spell_template.durationIndex,
set,61205,PowerType,sql:spell_template.powerType,
set,61205,ManaCost,sql:spell_template.manaCost,
set,61205,RangeIndex,sql:spell_template.rangeIndex,
set,61205,Speed,sql:spell_template.speed,
set,61205,CumulativeAura,sql:spell_template.stackAmount,
set,61205,SpellIconID,sql:spell_template.spellIconId,
set,61205,ManaCostPct,sql:spell_template.manaCostPercentage,
set,61205,StartRecoveryCategory,sql:spell_template.startRecoveryCategory,
set,61205,StartRecoveryTime,sql:spell_template.startRecoveryTime,
set,61205,Effect[0],sql:spell_template.effect1,
set,61205,EffectDieSides[0],sql:spell_template.effectDieSides1,
set,61205,EffectBaseDice[0],sql:spell_template.effectBaseDice1,
set,61205,EffectDicePerLevel[0],sql:spell_template.effectDicePerLevel1,
set,61205,EffectRealPointsPerLevel[0],sql:spell_template.effectRealPointsPerLevel1,
set,61205,EffectBasePoints[0],sql:spell_template.effectBasePoints1,
set,61205,EffectAura[0],sql:spell_template.effectApplyAuraName1,
set,61205,EffectRadiusIndex[0],sql:spell_template.effectRadiusIndex1,
set,61205,EffectChainTargets[0],sql:spell_template.effectChainTarget1,
set,61205,EffectMiscValue[0],sql:spell_template.effectMiscValue1,
set,61205,EffectTriggerSpell[0],sql:spell_template.effectTriggerSpell1,
set,61205,EffectPointsPerCombo[0],sql:spell_template.effectPointsPerComboPoint1,
set,61205,Effect[1],sql:spell_template.effect2,
set,61205,EffectDieSides[1],sql:spell_template.effectDieSides2,
set,61205,EffectBaseDice[1],sql:spell_template.effectBaseDice2,
set,61205,EffectDicePerLevel[1],sql:spell_template.effectDicePerLevel2,
set,61205,EffectRealPointsPerLevel[1],sql:spell_template.effectRealPointsPerLevel2,
set,61205,EffectBasePoints[1],sql:spell_template.effectBasePoints2,
set,61205,EffectAura[1],sql:spell_template.effectApplyAuraName2,
set,61205,EffectRadiusIndex[1],sql:spell_template.effectRadiusIndex2,
set,61205,EffectChainTargets[1],sql:spell_template.effectChainTarget2,
set,61205,EffectMiscValue[1],sql:spell_template.effectMiscValue2,
set,61205,EffectTriggerSpell[1],sql:spell_template.effectTriggerSpell2,
set,61205,EffectPointsPerCombo[1],sql:spell_template.effectPointsPerComboPoint2,
set,61205,Effect[2],sql:spell_template.effect3,
set,61205,EffectDieSides[2],sql:spell_template.effectDieSides3,
set,61205,EffectBaseDice[2],sql:spell_template.effectBaseDice3,
set,61205,EffectDicePerLevel[2],sql:spell_template.effectDicePerLevel3,
set,61205,EffectRealPointsPerLevel[2],sql:spell_template.effectRealPointsPerLevel3,
set,61205,EffectBasePoints[2],sql:spell_template.effectBasePoints3,
set,61205,EffectAura[2],sql:spell_template.effectApplyAuraName3,
set,61205,EffectRadiusIndex[2],sql:spell_template.effectRadiusIndex3,
set,61205,EffectChainTargets[2],sql:spell_template.effectChainTarget3,
set,61205,EffectMiscValue[2],sql:spell_template.effectMiscValue3,
set,61205,EffectTriggerSpell[2],sql:spell_template.effectTriggerSpell3,
set,61205,EffectPointsPerCombo[2],sql:spell_template.effectPointsPerComboPoint3,
set,61205,EffectAuraPeriod[0],sql:spell_template.effectAmplitude1,
set,61205,EffectAmplitude[0],sql:spell_template.effectMultipleValue1,
set,61205,ImplicitTargetA[0],sql:spell_template.effectImplicitTargetA1,
set,61205,ImplicitTargetB[0],sql:spell_template.effectImplicitTargetB1,
set,61205,EffectItemType[0],sql:spell_template.effectItemType1,
set,61205,EffectAuraPeriod[1],sql:spell_template.effectAmplitude2,
set,61205,EffectAmplitude[1],sql:spell_template.effectMultipleValue2,
set,61205,ImplicitTargetA[1],sql:spell_template.effectImplicitTargetA2,
set,61205,ImplicitTargetB[1],sql:spell_template.effectImplicitTargetB2,
set,61205,EffectItemType[1],sql:spell_template.effectItemType2,
set,61205,EffectAuraPeriod[2],sql:spell_template.effectAmplitude3,
set,61205,EffectAmplitude[2],sql:spell_template.effectMultipleValue3,
set,61205,ImplicitTargetA[2],sql:spell_template.effectImplicitTargetA3,
set,61205,ImplicitTargetB[2],sql:spell_template.effectImplicitTargetB3,
set,61205,EffectItemType[2],sql:spell_template.effectItemType3,
set,61205,School,sql:spell_template.school,
set,61205,Attributes,sql:spell_template.attributes,
set,61205,AttributesEx,sql:spell_template.attributesEx,
set,61205,AttributesExB,sql:spell_template.attributesEx2,
set,61205,AttributesExC,sql:spell_template.attributesEx3,
set,61205,AttributesExD,sql:spell_template.attributesEx4,
set,61205,Category,sql:spell_template.category,
set,61205,CastUI,sql:spell_template.castUI,
set,61205,DispelType,sql:spell_template.dispel,
set,61205,Mechanic,sql:spell_template.mechanic,
set,61205,ShapeshiftMask,sql:spell_template.stances,
set,61205,ShapeshiftExclude,sql:spell_template.stancesNot,
set,61205,Targets,sql:spell_template.targets,
set,61205,TargetCreatureType,sql:spell_template.targetCreatureType,
set,61205,RequiresSpellFocus,sql:spell_template.requiresSpellFocus,
set,61205,CasterAuraState,sql:spell_template.casterAuraState,
set,61205,TargetAuraState,sql:spell_template.targetAuraState,
set,61205,InterruptFlags,sql:spell_template.interruptFlags,
set,61205,AuraInterruptFlags,sql:spell_template.auraInterruptFlags,
set,61205,ChannelInterruptFlags,sql:spell_template.channelInterruptFlags,
set,61205,ProcFlags,sql:spell_template.procFlags,
set,61205,MaxLevel,sql:spell_template.maxLevel,
set,61205,BaseLevel,sql:spell_template.baseLevel,
set,61205,SpellLevel,sql:spell_template.spellLevel,
set,61205,ManaCostPerLevel,sql:spell_template.manCostPerLevel,
set,61205,ManaPerSecond,sql:spell_template.manaPerSecond,
set,61205,ManaPerSecondPerLevel,sql:spell_template.manaPerSecondPerLevel,
set,61205,ModalNextSpell,sql:spell_template.modelNextSpell,
set,61205,Totem[0],sql:spell_template.totem1,
set,61205,Totem[1],sql:spell_template.totem2,
set,61205,Reagent[0],sql:spell_template.reagent1,
set,61205,Reagent[1],sql:spell_template.reagent2,
set,61205,Reagent[2],sql:spell_template.reagent3,
set,61205,Reagent[3],sql:spell_template.reagent4,
set,61205,Reagent[4],sql:spell_template.reagent5,
set,61205,Reagent[5],sql:spell_template.reagent6,
set,61205,Reagent[6],sql:spell_template.reagent7,
set,61205,Reagent[7],sql:spell_template.reagent8,
set,61205,ReagentCount[0],sql:spell_template.reagentCount1,
set,61205,ReagentCount[1],sql:spell_template.reagentCount2,
set,61205,ReagentCount[2],sql:spell_template.reagentCount3,
set,61205,ReagentCount[3],sql:spell_template.reagentCount4,
set,61205,ReagentCount[4],sql:spell_template.reagentCount5,
set,61205,ReagentCount[5],sql:spell_template.reagentCount6,
set,61205,ReagentCount[6],sql:spell_template.reagentCount7,
set,61205,ReagentCount[7],sql:spell_template.reagentCount8,
set,61205,EquippedItemClass,sql:spell_template.equippedItemClass,
set,61205,EquippedItemSubclass,sql:spell_template.equippedItemSubClassMask,
set,61205,EquippedItemInvTypes,sql:spell_template.equippedItemInventoryTypeMask,
set,61205,EffectMechanic[0],sql:spell_template.effectMechanic1,
set,61205,EffectMechanic[1],sql:spell_template.effectMechanic2,
set,61205,EffectMechanic[2],sql:spell_template.effectMechanic3,
set,61205,SpellVisualID[0],sql:spell_template.spellVisual1,
set,61205,SpellVisualID[1],sql:spell_template.spellVisual2,
set,61205,ActiveIconID,sql:spell_template.activeIconId,
set,61205,SpellPriority,sql:spell_template.spellPriority,
set,61205,Name_lang_enUS,sql:spell_template.name,
set,61205,NameSubtext_lang_enUS,sql:spell_template.nameSubtext,
set,61205,Description_lang_enUS,sql:spell_template.description,
set,61205,AuraDescription_lang_enUS,sql:spell_template.auraDescription,
set,61205,MaxTargetLevel,sql:spell_template.maxTargetLevel,
set,61205,SpellClassSet,sql:spell_template.spellFamilyName,
set,61205,MaxTargets,sql:spell_template.maxAffectedTargets,
set,61205,DefenseType,sql:spell_template.dmgClass,
set,61205,PreventionType,sql:spell_template.preventionType,
set,61205,StanceBarOrder,sql:spell_template.stanceBarOrder,
set,61205,EffectChainAmplitude[0],sql:spell_template.dmgMultiplier1,
set,61205,EffectChainAmplitude[1],sql:spell_template.dmgMultiplier2,
set,61205,EffectChainAmplitude[2],sql:spell_template.dmgMultiplier3,
set,61205,MinFactionID,sql:spell_template.minFactionId,
set,61205,MinReputation,sql:spell_template.minReputation,
set,61205,RequiredAuraVision,sql:spell_template.requiredAuraVision,
insert,61206,,copy:45612,"#367 player poison rank (own values, no CV)"
set,61206,CastingTimeIndex,sql:spell_template.castingTimeIndex,
set,61206,RecoveryTime,sql:spell_template.recoveryTime,
set,61206,CategoryRecoveryTime,sql:spell_template.categoryRecoveryTime,
set,61206,ProcChance,sql:spell_template.procChance,
set,61206,ProcCharges,sql:spell_template.procCharges,
set,61206,DurationIndex,sql:spell_template.durationIndex,
set,61206,PowerType,sql:spell_template.powerType,
set,61206,ManaCost,sql:spell_template.manaCost,
set,61206,RangeIndex,sql:spell_template.rangeIndex,
set,61206,Speed,sql:spell_template.speed,
set,61206,CumulativeAura,sql:spell_template.stackAmount,
set,61206,SpellIconID,sql:spell_template.spellIconId,
set,61206,ManaCostPct,sql:spell_template.manaCostPercentage,
set,61206,StartRecoveryCategory,sql:spell_template.startRecoveryCategory,
set,61206,StartRecoveryTime,sql:spell_template.startRecoveryTime,
set,61206,Effect[0],sql:spell_template.effect1,
set,61206,EffectDieSides[0],sql:spell_template.effectDieSides1,
set,61206,EffectBaseDice[0],sql:spell_template.effectBaseDice1,
set,61206,EffectDicePerLevel[0],sql:spell_template.effectDicePerLevel1,
set,61206,EffectRealPointsPerLevel[0],sql:spell_template.effectRealPointsPerLevel1,
set,61206,EffectBasePoints[0],sql:spell_template.effectBasePoints1,
set,61206,EffectAura[0],sql:spell_template.effectApplyAuraName1,
set,61206,EffectRadiusIndex[0],sql:spell_template.effectRadiusIndex1,
set,61206,EffectChainTargets[0],sql:spell_template.effectChainTarget1,
set,61206,EffectMiscValue[0],sql:spell_template.effectMiscValue1,
set,61206,EffectTriggerSpell[0],sql:spell_template.effectTriggerSpell1,
set,61206,EffectPointsPerCombo[0],sql:spell_template.effectPointsPerComboPoint1,
set,61206,Effect[1],sql:spell_template.effect2,
set,61206,EffectDieSides[1],sql:spell_template.effectDieSides2,
set,61206,EffectBaseDice[1],sql:spell_template.effectBaseDice2,
set,61206,EffectDicePerLevel[1],sql:spell_template.effectDicePerLevel2,
set,61206,EffectRealPointsPerLevel[1],sql:spell_template.effectRealPointsPerLevel2,
set,61206,EffectBasePoints[1],sql:spell_template.effectBasePoints2,
set,61206,EffectAura[1],sql:spell_template.effectApplyAuraName2,
set,61206,EffectRadiusIndex[1],sql:spell_template.effectRadiusIndex2,
set,61206,EffectChainTargets[1],sql:spell_template.effectChainTarget2,
set,61206,EffectMiscValue[1],sql:spell_template.effectMiscValue2,
set,61206,EffectTriggerSpell[1],sql:spell_template.effectTriggerSpell2,
set,61206,EffectPointsPerCombo[1],sql:spell_template.effectPointsPerComboPoint2,
set,61206,Effect[2],sql:spell_template.effect3,
set,61206,EffectDieSides[2],sql:spell_template.effectDieSides3,
set,61206,EffectBaseDice[2],sql:spell_template.effectBaseDice3,
set,61206,EffectDicePerLevel[2],sql:spell_template.effectDicePerLevel3,
set,61206,EffectRealPointsPerLevel[2],sql:spell_template.effectRealPointsPerLevel3,
set,61206,EffectBasePoints[2],sql:spell_template.effectBasePoints3,
set,61206,EffectAura[2],sql:spell_template.effectApplyAuraName3,
set,61206,EffectRadiusIndex[2],sql:spell_template.effectRadiusIndex3,
set,61206,EffectChainTargets[2],sql:spell_template.effectChainTarget3,
set,61206,EffectMiscValue[2],sql:spell_template.effectMiscValue3,
set,61206,EffectTriggerSpell[2],sql:spell_template.effectTriggerSpell3,
set,61206,EffectPointsPerCombo[2],sql:spell_template.effectPointsPerComboPoint3,
set,61206,EffectAuraPeriod[0],sql:spell_template.effectAmplitude1,
set,61206,EffectAmplitude[0],sql:spell_template.effectMultipleValue1,
set,61206,ImplicitTargetA[0],sql:spell_template.effectImplicitTargetA1,
set,61206,ImplicitTargetB[0],sql:spell_template.effectImplicitTargetB1,
set,61206,EffectItemType[0],sql:spell_template.effectItemType1,
set,61206,EffectAuraPeriod[1],sql:spell_template.effectAmplitude2,
set,61206,EffectAmplitude[1],sql:spell_template.effectMultipleValue2,
set,61206,ImplicitTargetA[1],sql:spell_template.effectImplicitTargetA2,
set,61206,ImplicitTargetB[1],sql:spell_template.effectImplicitTargetB2,
set,61206,EffectItemType[1],sql:spell_template.effectItemType2,
set,61206,EffectAuraPeriod[2],sql:spell_template.effectAmplitude3,
set,61206,EffectAmplitude[2],sql:spell_template.effectMultipleValue3,
set,61206,ImplicitTargetA[2],sql:spell_template.effectImplicitTargetA3,
set,61206,ImplicitTargetB[2],sql:spell_template.effectImplicitTargetB3,
set,61206,EffectItemType[2],sql:spell_template.effectItemType3,
set,61206,School,sql:spell_template.school,
set,61206,Attributes,sql:spell_template.attributes,
set,61206,AttributesEx,sql:spell_template.attributesEx,
set,61206,AttributesExB,sql:spell_template.attributesEx2,
set,61206,AttributesExC,sql:spell_template.attributesEx3,
set,61206,AttributesExD,sql:spell_template.attributesEx4,
set,61206,Category,sql:spell_template.category,
set,61206,CastUI,sql:spell_template.castUI,
set,61206,DispelType,sql:spell_template.dispel,
set,61206,Mechanic,sql:spell_template.mechanic,
set,61206,ShapeshiftMask,sql:spell_template.stances,
set,61206,ShapeshiftExclude,sql:spell_template.stancesNot,
set,61206,Targets,sql:spell_template.targets,
set,61206,TargetCreatureType,sql:spell_template.targetCreatureType,
set,61206,RequiresSpellFocus,sql:spell_template.requiresSpellFocus,
set,61206,CasterAuraState,sql:spell_template.casterAuraState,
set,61206,TargetAuraState,sql:spell_template.targetAuraState,
set,61206,InterruptFlags,sql:spell_template.interruptFlags,
set,61206,AuraInterruptFlags,sql:spell_template.auraInterruptFlags,
set,61206,ChannelInterruptFlags,sql:spell_template.channelInterruptFlags,
set,61206,ProcFlags,sql:spell_template.procFlags,
set,61206,MaxLevel,sql:spell_template.maxLevel,
set,61206,BaseLevel,sql:spell_template.baseLevel,
set,61206,SpellLevel,sql:spell_template.spellLevel,
set,61206,ManaCostPerLevel,sql:spell_template.manCostPerLevel,
set,61206,ManaPerSecond,sql:spell_template.manaPerSecond,
set,61206,ManaPerSecondPerLevel,sql:spell_template.manaPerSecondPerLevel,
set,61206,ModalNextSpell,sql:spell_template.modelNextSpell,
set,61206,Totem[0],sql:spell_template.totem1,
set,61206,Totem[1],sql:spell_template.totem2,
set,61206,Reagent[0],sql:spell_template.reagent1,
set,61206,Reagent[1],sql:spell_template.reagent2,
set,61206,Reagent[2],sql:spell_template.reagent3,
set,61206,Reagent[3],sql:spell_template.reagent4,
set,61206,Reagent[4],sql:spell_template.reagent5,
set,61206,Reagent[5],sql:spell_template.reagent6,
set,61206,Reagent[6],sql:spell_template.reagent7,
set,61206,Reagent[7],sql:spell_template.reagent8,
set,61206,ReagentCount[0],sql:spell_template.reagentCount1,
set,61206,ReagentCount[1],sql:spell_template.reagentCount2,
set,61206,ReagentCount[2],sql:spell_template.reagentCount3,
set,61206,ReagentCount[3],sql:spell_template.reagentCount4,
set,61206,ReagentCount[4],sql:spell_template.reagentCount5,
set,61206,ReagentCount[5],sql:spell_template.reagentCount6,
set,61206,ReagentCount[6],sql:spell_template.reagentCount7,
set,61206,ReagentCount[7],sql:spell_template.reagentCount8,
set,61206,EquippedItemClass,sql:spell_template.equippedItemClass,
set,61206,EquippedItemSubclass,sql:spell_template.equippedItemSubClassMask,
set,61206,EquippedItemInvTypes,sql:spell_template.equippedItemInventoryTypeMask,
set,61206,EffectMechanic[0],sql:spell_template.effectMechanic1,
set,61206,EffectMechanic[1],sql:spell_template.effectMechanic2,
set,61206,EffectMechanic[2],sql:spell_template.effectMechanic3,
set,61206,SpellVisualID[0],sql:spell_template.spellVisual1,
set,61206,SpellVisualID[1],sql:spell_template.spellVisual2,
set,61206,ActiveIconID,sql:spell_template.activeIconId,
set,61206,SpellPriority,sql:spell_template.spellPriority,
set,61206,Name_lang_enUS,sql:spell_template.name,
set,61206,NameSubtext_lang_enUS,sql:spell_template.nameSubtext,
set,61206,Description_lang_enUS,sql:spell_template.description,
set,61206,AuraDescription_lang_enUS,sql:spell_template.auraDescription,
set,61206,MaxTargetLevel,sql:spell_template.maxTargetLevel,
set,61206,SpellClassSet,sql:spell_template.spellFamilyName,
set,61206,MaxTargets,sql:spell_template.maxAffectedTargets,
set,61206,DefenseType,sql:spell_template.dmgClass,
set,61206,PreventionType,sql:spell_template.preventionType,
set,61206,StanceBarOrder,sql:spell_template.stanceBarOrder,
set,61206,EffectChainAmplitude[0],sql:spell_template.dmgMultiplier1,
set,61206,EffectChainAmplitude[1],sql:spell_template.dmgMultiplier2,
set,61206,EffectChainAmplitude[2],sql:spell_template.dmgMultiplier3,
set,61206,MinFactionID,sql:spell_template.minFactionId,
set,61206,MinReputation,sql:spell_template.minReputation,
set,61206,RequiredAuraVision,sql:spell_template.requiredAuraVision,
insert,61207,,copy:45612,"#367 player poison rank (own values, no CV)"
set,61207,CastingTimeIndex,sql:spell_template.castingTimeIndex,
set,61207,RecoveryTime,sql:spell_template.recoveryTime,
set,61207,CategoryRecoveryTime,sql:spell_template.categoryRecoveryTime,
set,61207,ProcChance,sql:spell_template.procChance,
set,61207,ProcCharges,sql:spell_template.procCharges,
set,61207,DurationIndex,sql:spell_template.durationIndex,
set,61207,PowerType,sql:spell_template.powerType,
set,61207,ManaCost,sql:spell_template.manaCost,
set,61207,RangeIndex,sql:spell_template.rangeIndex,
set,61207,Speed,sql:spell_template.speed,
set,61207,CumulativeAura,sql:spell_template.stackAmount,
set,61207,SpellIconID,sql:spell_template.spellIconId,
set,61207,ManaCostPct,sql:spell_template.manaCostPercentage,
set,61207,StartRecoveryCategory,sql:spell_template.startRecoveryCategory,
set,61207,StartRecoveryTime,sql:spell_template.startRecoveryTime,
set,61207,Effect[0],sql:spell_template.effect1,
set,61207,EffectDieSides[0],sql:spell_template.effectDieSides1,
set,61207,EffectBaseDice[0],sql:spell_template.effectBaseDice1,
set,61207,EffectDicePerLevel[0],sql:spell_template.effectDicePerLevel1,
set,61207,EffectRealPointsPerLevel[0],sql:spell_template.effectRealPointsPerLevel1,
set,61207,EffectBasePoints[0],sql:spell_template.effectBasePoints1,
set,61207,EffectAura[0],sql:spell_template.effectApplyAuraName1,
set,61207,EffectRadiusIndex[0],sql:spell_template.effectRadiusIndex1,
set,61207,EffectChainTargets[0],sql:spell_template.effectChainTarget1,
set,61207,EffectMiscValue[0],sql:spell_template.effectMiscValue1,
set,61207,EffectTriggerSpell[0],sql:spell_template.effectTriggerSpell1,
set,61207,EffectPointsPerCombo[0],sql:spell_template.effectPointsPerComboPoint1,
set,61207,Effect[1],sql:spell_template.effect2,
set,61207,EffectDieSides[1],sql:spell_template.effectDieSides2,
set,61207,EffectBaseDice[1],sql:spell_template.effectBaseDice2,
set,61207,EffectDicePerLevel[1],sql:spell_template.effectDicePerLevel2,
set,61207,EffectRealPointsPerLevel[1],sql:spell_template.effectRealPointsPerLevel2,
set,61207,EffectBasePoints[1],sql:spell_template.effectBasePoints2,
set,61207,EffectAura[1],sql:spell_template.effectApplyAuraName2,
set,61207,EffectRadiusIndex[1],sql:spell_template.effectRadiusIndex2,
set,61207,EffectChainTargets[1],sql:spell_template.effectChainTarget2,
set,61207,EffectMiscValue[1],sql:spell_template.effectMiscValue2,
set,61207,EffectTriggerSpell[1],sql:spell_template.effectTriggerSpell2,
set,61207,EffectPointsPerCombo[1],sql:spell_template.effectPointsPerComboPoint2,
set,61207,Effect[2],sql:spell_template.effect3,
set,61207,EffectDieSides[2],sql:spell_template.effectDieSides3,
set,61207,EffectBaseDice[2],sql:spell_template.effectBaseDice3,
set,61207,EffectDicePerLevel[2],sql:spell_template.effectDicePerLevel3,
set,61207,EffectRealPointsPerLevel[2],sql:spell_template.effectRealPointsPerLevel3,
set,61207,EffectBasePoints[2],sql:spell_template.effectBasePoints3,
set,61207,EffectAura[2],sql:spell_template.effectApplyAuraName3,
set,61207,EffectRadiusIndex[2],sql:spell_template.effectRadiusIndex3,
set,61207,EffectChainTargets[2],sql:spell_template.effectChainTarget3,
set,61207,EffectMiscValue[2],sql:spell_template.effectMiscValue3,
set,61207,EffectTriggerSpell[2],sql:spell_template.effectTriggerSpell3,
set,61207,EffectPointsPerCombo[2],sql:spell_template.effectPointsPerComboPoint3,
set,61207,EffectAuraPeriod[0],sql:spell_template.effectAmplitude1,
set,61207,EffectAmplitude[0],sql:spell_template.effectMultipleValue1,
set,61207,ImplicitTargetA[0],sql:spell_template.effectImplicitTargetA1,
set,61207,ImplicitTargetB[0],sql:spell_template.effectImplicitTargetB1,
set,61207,EffectItemType[0],sql:spell_template.effectItemType1,
set,61207,EffectAuraPeriod[1],sql:spell_template.effectAmplitude2,
set,61207,EffectAmplitude[1],sql:spell_template.effectMultipleValue2,
set,61207,ImplicitTargetA[1],sql:spell_template.effectImplicitTargetA2,
set,61207,ImplicitTargetB[1],sql:spell_template.effectImplicitTargetB2,
set,61207,EffectItemType[1],sql:spell_template.effectItemType2,
set,61207,EffectAuraPeriod[2],sql:spell_template.effectAmplitude3,
set,61207,EffectAmplitude[2],sql:spell_template.effectMultipleValue3,
set,61207,ImplicitTargetA[2],sql:spell_template.effectImplicitTargetA3,
set,61207,ImplicitTargetB[2],sql:spell_template.effectImplicitTargetB3,
set,61207,EffectItemType[2],sql:spell_template.effectItemType3,
set,61207,School,sql:spell_template.school,
set,61207,Attributes,sql:spell_template.attributes,
set,61207,AttributesEx,sql:spell_template.attributesEx,
set,61207,AttributesExB,sql:spell_template.attributesEx2,
set,61207,AttributesExC,sql:spell_template.attributesEx3,
set,61207,AttributesExD,sql:spell_template.attributesEx4,
set,61207,Category,sql:spell_template.category,
set,61207,CastUI,sql:spell_template.castUI,
set,61207,DispelType,sql:spell_template.dispel,
set,61207,Mechanic,sql:spell_template.mechanic,
set,61207,ShapeshiftMask,sql:spell_template.stances,
set,61207,ShapeshiftExclude,sql:spell_template.stancesNot,
set,61207,Targets,sql:spell_template.targets,
set,61207,TargetCreatureType,sql:spell_template.targetCreatureType,
set,61207,RequiresSpellFocus,sql:spell_template.requiresSpellFocus,
set,61207,CasterAuraState,sql:spell_template.casterAuraState,
set,61207,TargetAuraState,sql:spell_template.targetAuraState,
set,61207,InterruptFlags,sql:spell_template.interruptFlags,
set,61207,AuraInterruptFlags,sql:spell_template.auraInterruptFlags,
set,61207,ChannelInterruptFlags,sql:spell_template.channelInterruptFlags,
set,61207,ProcFlags,sql:spell_template.procFlags,
set,61207,MaxLevel,sql:spell_template.maxLevel,
set,61207,BaseLevel,sql:spell_template.baseLevel,
set,61207,SpellLevel,sql:spell_template.spellLevel,
set,61207,ManaCostPerLevel,sql:spell_template.manCostPerLevel,
set,61207,ManaPerSecond,sql:spell_template.manaPerSecond,
set,61207,ManaPerSecondPerLevel,sql:spell_template.manaPerSecondPerLevel,
set,61207,ModalNextSpell,sql:spell_template.modelNextSpell,
set,61207,Totem[0],sql:spell_template.totem1,
set,61207,Totem[1],sql:spell_template.totem2,
set,61207,Reagent[0],sql:spell_template.reagent1,
set,61207,Reagent[1],sql:spell_template.reagent2,
set,61207,Reagent[2],sql:spell_template.reagent3,
set,61207,Reagent[3],sql:spell_template.reagent4,
set,61207,Reagent[4],sql:spell_template.reagent5,
set,61207,Reagent[5],sql:spell_template.reagent6,
set,61207,Reagent[6],sql:spell_template.reagent7,
set,61207,Reagent[7],sql:spell_template.reagent8,
set,61207,ReagentCount[0],sql:spell_template.reagentCount1,
set,61207,ReagentCount[1],sql:spell_template.reagentCount2,
set,61207,ReagentCount[2],sql:spell_template.reagentCount3,
set,61207,ReagentCount[3],sql:spell_template.reagentCount4,
set,61207,ReagentCount[4],sql:spell_template.reagentCount5,
set,61207,ReagentCount[5],sql:spell_template.reagentCount6,
set,61207,ReagentCount[6],sql:spell_template.reagentCount7,
set,61207,ReagentCount[7],sql:spell_template.reagentCount8,
set,61207,EquippedItemClass,sql:spell_template.equippedItemClass,
set,61207,EquippedItemSubclass,sql:spell_template.equippedItemSubClassMask,
set,61207,EquippedItemInvTypes,sql:spell_template.equippedItemInventoryTypeMask,
set,61207,EffectMechanic[0],sql:spell_template.effectMechanic1,
set,61207,EffectMechanic[1],sql:spell_template.effectMechanic2,
set,61207,EffectMechanic[2],sql:spell_template.effectMechanic3,
set,61207,SpellVisualID[0],sql:spell_template.spellVisual1,
set,61207,SpellVisualID[1],sql:spell_template.spellVisual2,
set,61207,ActiveIconID,sql:spell_template.activeIconId,
set,61207,SpellPriority,sql:spell_template.spellPriority,
set,61207,Name_lang_enUS,sql:spell_template.name,
set,61207,NameSubtext_lang_enUS,sql:spell_template.nameSubtext,
set,61207,Description_lang_enUS,sql:spell_template.description,
set,61207,AuraDescription_lang_enUS,sql:spell_template.auraDescription,
set,61207,MaxTargetLevel,sql:spell_template.maxTargetLevel,
set,61207,SpellClassSet,sql:spell_template.spellFamilyName,
set,61207,MaxTargets,sql:spell_template.maxAffectedTargets,
set,61207,DefenseType,sql:spell_template.dmgClass,
set,61207,PreventionType,sql:spell_template.preventionType,
set,61207,StanceBarOrder,sql:spell_template.stanceBarOrder,
set,61207,EffectChainAmplitude[0],sql:spell_template.dmgMultiplier1,
set,61207,EffectChainAmplitude[1],sql:spell_template.dmgMultiplier2,
set,61207,EffectChainAmplitude[2],sql:spell_template.dmgMultiplier3,
set,61207,MinFactionID,sql:spell_template.minFactionId,
set,61207,MinReputation,sql:spell_template.minReputation,
set,61207,RequiredAuraVision,sql:spell_template.requiredAuraVision,
insert,61208,,copy:45612,"#367 player poison rank (own values, no CV)"
set,61208,CastingTimeIndex,sql:spell_template.castingTimeIndex,
set,61208,RecoveryTime,sql:spell_template.recoveryTime,
set,61208,CategoryRecoveryTime,sql:spell_template.categoryRecoveryTime,
set,61208,ProcChance,sql:spell_template.procChance,
set,61208,ProcCharges,sql:spell_template.procCharges,
set,61208,DurationIndex,sql:spell_template.durationIndex,
set,61208,PowerType,sql:spell_template.powerType,
set,61208,ManaCost,sql:spell_template.manaCost,
set,61208,RangeIndex,sql:spell_template.rangeIndex,
set,61208,Speed,sql:spell_template.speed,
set,61208,CumulativeAura,sql:spell_template.stackAmount,
set,61208,SpellIconID,sql:spell_template.spellIconId,
set,61208,ManaCostPct,sql:spell_template.manaCostPercentage,
set,61208,StartRecoveryCategory,sql:spell_template.startRecoveryCategory,
set,61208,StartRecoveryTime,sql:spell_template.startRecoveryTime,
set,61208,Effect[0],sql:spell_template.effect1,
set,61208,EffectDieSides[0],sql:spell_template.effectDieSides1,
set,61208,EffectBaseDice[0],sql:spell_template.effectBaseDice1,
set,61208,EffectDicePerLevel[0],sql:spell_template.effectDicePerLevel1,
set,61208,EffectRealPointsPerLevel[0],sql:spell_template.effectRealPointsPerLevel1,
set,61208,EffectBasePoints[0],sql:spell_template.effectBasePoints1,
set,61208,EffectAura[0],sql:spell_template.effectApplyAuraName1,
set,61208,EffectRadiusIndex[0],sql:spell_template.effectRadiusIndex1,
set,61208,EffectChainTargets[0],sql:spell_template.effectChainTarget1,
set,61208,EffectMiscValue[0],sql:spell_template.effectMiscValue1,
set,61208,EffectTriggerSpell[0],sql:spell_template.effectTriggerSpell1,
set,61208,EffectPointsPerCombo[0],sql:spell_template.effectPointsPerComboPoint1,
set,61208,Effect[1],sql:spell_template.effect2,
set,61208,EffectDieSides[1],sql:spell_template.effectDieSides2,
set,61208,EffectBaseDice[1],sql:spell_template.effectBaseDice2,
set,61208,EffectDicePerLevel[1],sql:spell_template.effectDicePerLevel2,
set,61208,EffectRealPointsPerLevel[1],sql:spell_template.effectRealPointsPerLevel2,
set,61208,EffectBasePoints[1],sql:spell_template.effectBasePoints2,
set,61208,EffectAura[1],sql:spell_template.effectApplyAuraName2,
set,61208,EffectRadiusIndex[1],sql:spell_template.effectRadiusIndex2,
set,61208,EffectChainTargets[1],sql:spell_template.effectChainTarget2,
set,61208,EffectMiscValue[1],sql:spell_template.effectMiscValue2,
set,61208,EffectTriggerSpell[1],sql:spell_template.effectTriggerSpell2,
set,61208,EffectPointsPerCombo[1],sql:spell_template.effectPointsPerComboPoint2,
set,61208,Effect[2],sql:spell_template.effect3,
set,61208,EffectDieSides[2],sql:spell_template.effectDieSides3,
set,61208,EffectBaseDice[2],sql:spell_template.effectBaseDice3,
set,61208,EffectDicePerLevel[2],sql:spell_template.effectDicePerLevel3,
set,61208,EffectRealPointsPerLevel[2],sql:spell_template.effectRealPointsPerLevel3,
set,61208,EffectBasePoints[2],sql:spell_template.effectBasePoints3,
set,61208,EffectAura[2],sql:spell_template.effectApplyAuraName3,
set,61208,EffectRadiusIndex[2],sql:spell_template.effectRadiusIndex3,
set,61208,EffectChainTargets[2],sql:spell_template.effectChainTarget3,
set,61208,EffectMiscValue[2],sql:spell_template.effectMiscValue3,
set,61208,EffectTriggerSpell[2],sql:spell_template.effectTriggerSpell3,
set,61208,EffectPointsPerCombo[2],sql:spell_template.effectPointsPerComboPoint3,
set,61208,EffectAuraPeriod[0],sql:spell_template.effectAmplitude1,
set,61208,EffectAmplitude[0],sql:spell_template.effectMultipleValue1,
set,61208,ImplicitTargetA[0],sql:spell_template.effectImplicitTargetA1,
set,61208,ImplicitTargetB[0],sql:spell_template.effectImplicitTargetB1,
set,61208,EffectItemType[0],sql:spell_template.effectItemType1,
set,61208,EffectAuraPeriod[1],sql:spell_template.effectAmplitude2,
set,61208,EffectAmplitude[1],sql:spell_template.effectMultipleValue2,
set,61208,ImplicitTargetA[1],sql:spell_template.effectImplicitTargetA2,
set,61208,ImplicitTargetB[1],sql:spell_template.effectImplicitTargetB2,
set,61208,EffectItemType[1],sql:spell_template.effectItemType2,
set,61208,EffectAuraPeriod[2],sql:spell_template.effectAmplitude3,
set,61208,EffectAmplitude[2],sql:spell_template.effectMultipleValue3,
set,61208,ImplicitTargetA[2],sql:spell_template.effectImplicitTargetA3,
set,61208,ImplicitTargetB[2],sql:spell_template.effectImplicitTargetB3,
set,61208,EffectItemType[2],sql:spell_template.effectItemType3,
set,61208,School,sql:spell_template.school,
set,61208,Attributes,sql:spell_template.attributes,
set,61208,AttributesEx,sql:spell_template.attributesEx,
set,61208,AttributesExB,sql:spell_template.attributesEx2,
set,61208,AttributesExC,sql:spell_template.attributesEx3,
set,61208,AttributesExD,sql:spell_template.attributesEx4,
set,61208,Category,sql:spell_template.category,
set,61208,CastUI,sql:spell_template.castUI,
set,61208,DispelType,sql:spell_template.dispel,
set,61208,Mechanic,sql:spell_template.mechanic,
set,61208,ShapeshiftMask,sql:spell_template.stances,
set,61208,ShapeshiftExclude,sql:spell_template.stancesNot,
set,61208,Targets,sql:spell_template.targets,
set,61208,TargetCreatureType,sql:spell_template.targetCreatureType,
set,61208,RequiresSpellFocus,sql:spell_template.requiresSpellFocus,
set,61208,CasterAuraState,sql:spell_template.casterAuraState,
set,61208,TargetAuraState,sql:spell_template.targetAuraState,
set,61208,InterruptFlags,sql:spell_template.interruptFlags,
set,61208,AuraInterruptFlags,sql:spell_template.auraInterruptFlags,
set,61208,ChannelInterruptFlags,sql:spell_template.channelInterruptFlags,
set,61208,ProcFlags,sql:spell_template.procFlags,
set,61208,MaxLevel,sql:spell_template.maxLevel,
set,61208,BaseLevel,sql:spell_template.baseLevel,
set,61208,SpellLevel,sql:spell_template.spellLevel,
set,61208,ManaCostPerLevel,sql:spell_template.manCostPerLevel,
set,61208,ManaPerSecond,sql:spell_template.manaPerSecond,
set,61208,ManaPerSecondPerLevel,sql:spell_template.manaPerSecondPerLevel,
set,61208,ModalNextSpell,sql:spell_template.modelNextSpell,
set,61208,Totem[0],sql:spell_template.totem1,
set,61208,Totem[1],sql:spell_template.totem2,
set,61208,Reagent[0],sql:spell_template.reagent1,
set,61208,Reagent[1],sql:spell_template.reagent2,
set,61208,Reagent[2],sql:spell_template.reagent3,
set,61208,Reagent[3],sql:spell_template.reagent4,
set,61208,Reagent[4],sql:spell_template.reagent5,
set,61208,Reagent[5],sql:spell_template.reagent6,
set,61208,Reagent[6],sql:spell_template.reagent7,
set,61208,Reagent[7],sql:spell_template.reagent8,
set,61208,ReagentCount[0],sql:spell_template.reagentCount1,
set,61208,ReagentCount[1],sql:spell_template.reagentCount2,
set,61208,ReagentCount[2],sql:spell_template.reagentCount3,
set,61208,ReagentCount[3],sql:spell_template.reagentCount4,
set,61208,ReagentCount[4],sql:spell_template.reagentCount5,
set,61208,ReagentCount[5],sql:spell_template.reagentCount6,
set,61208,ReagentCount[6],sql:spell_template.reagentCount7,
set,61208,ReagentCount[7],sql:spell_template.reagentCount8,
set,61208,EquippedItemClass,sql:spell_template.equippedItemClass,
set,61208,EquippedItemSubclass,sql:spell_template.equippedItemSubClassMask,
set,61208,EquippedItemInvTypes,sql:spell_template.equippedItemInventoryTypeMask,
set,61208,EffectMechanic[0],sql:spell_template.effectMechanic1,
set,61208,EffectMechanic[1],sql:spell_template.effectMechanic2,
set,61208,EffectMechanic[2],sql:spell_template.effectMechanic3,
set,61208,SpellVisualID[0],sql:spell_template.spellVisual1,
set,61208,SpellVisualID[1],sql:spell_template.spellVisual2,
set,61208,ActiveIconID,sql:spell_template.activeIconId,
set,61208,SpellPriority,sql:spell_template.spellPriority,
set,61208,Name_lang_enUS,sql:spell_template.name,
set,61208,NameSubtext_lang_enUS,sql:spell_template.nameSubtext,
set,61208,Description_lang_enUS,sql:spell_template.description,
set,61208,AuraDescription_lang_enUS,sql:spell_template.auraDescription,
set,61208,MaxTargetLevel,sql:spell_template.maxTargetLevel,
set,61208,SpellClassSet,sql:spell_template.spellFamilyName,
set,61208,MaxTargets,sql:spell_template.maxAffectedTargets,
set,61208,DefenseType,sql:spell_template.dmgClass,
set,61208,PreventionType,sql:spell_template.preventionType,
set,61208,StanceBarOrder,sql:spell_template.stanceBarOrder,
set,61208,EffectChainAmplitude[0],sql:spell_template.dmgMultiplier1,
set,61208,EffectChainAmplitude[1],sql:spell_template.dmgMultiplier2,
set,61208,EffectChainAmplitude[2],sql:spell_template.dmgMultiplier3,
set,61208,MinFactionID,sql:spell_template.minFactionId,
set,61208,MinReputation,sql:spell_template.minReputation,
set,61208,RequiredAuraVision,sql:spell_template.requiredAuraVision,
insert,61209,,copy:45611,#367 P-2 poison recipe rank 1
set,61209,CastingTimeIndex,sql:spell_template.castingTimeIndex,
set,61209,RecoveryTime,sql:spell_template.recoveryTime,
set,61209,CategoryRecoveryTime,sql:spell_template.categoryRecoveryTime,
set,61209,ProcChance,sql:spell_template.procChance,
set,61209,ProcCharges,sql:spell_template.procCharges,
set,61209,DurationIndex,sql:spell_template.durationIndex,
set,61209,PowerType,sql:spell_template.powerType,
set,61209,ManaCost,sql:spell_template.manaCost,
set,61209,RangeIndex,sql:spell_template.rangeIndex,
set,61209,Speed,sql:spell_template.speed,
set,61209,CumulativeAura,sql:spell_template.stackAmount,
set,61209,SpellIconID,sql:spell_template.spellIconId,
set,61209,ManaCostPct,sql:spell_template.manaCostPercentage,
set,61209,StartRecoveryCategory,sql:spell_template.startRecoveryCategory,
set,61209,StartRecoveryTime,sql:spell_template.startRecoveryTime,
set,61209,Effect[0],sql:spell_template.effect1,
set,61209,EffectDieSides[0],sql:spell_template.effectDieSides1,
set,61209,EffectBaseDice[0],sql:spell_template.effectBaseDice1,
set,61209,EffectDicePerLevel[0],sql:spell_template.effectDicePerLevel1,
set,61209,EffectRealPointsPerLevel[0],sql:spell_template.effectRealPointsPerLevel1,
set,61209,EffectBasePoints[0],sql:spell_template.effectBasePoints1,
set,61209,EffectAura[0],sql:spell_template.effectApplyAuraName1,
set,61209,EffectRadiusIndex[0],sql:spell_template.effectRadiusIndex1,
set,61209,EffectChainTargets[0],sql:spell_template.effectChainTarget1,
set,61209,EffectMiscValue[0],sql:spell_template.effectMiscValue1,
set,61209,EffectTriggerSpell[0],sql:spell_template.effectTriggerSpell1,
set,61209,EffectPointsPerCombo[0],sql:spell_template.effectPointsPerComboPoint1,
set,61209,Effect[1],sql:spell_template.effect2,
set,61209,EffectDieSides[1],sql:spell_template.effectDieSides2,
set,61209,EffectBaseDice[1],sql:spell_template.effectBaseDice2,
set,61209,EffectDicePerLevel[1],sql:spell_template.effectDicePerLevel2,
set,61209,EffectRealPointsPerLevel[1],sql:spell_template.effectRealPointsPerLevel2,
set,61209,EffectBasePoints[1],sql:spell_template.effectBasePoints2,
set,61209,EffectAura[1],sql:spell_template.effectApplyAuraName2,
set,61209,EffectRadiusIndex[1],sql:spell_template.effectRadiusIndex2,
set,61209,EffectChainTargets[1],sql:spell_template.effectChainTarget2,
set,61209,EffectMiscValue[1],sql:spell_template.effectMiscValue2,
set,61209,EffectTriggerSpell[1],sql:spell_template.effectTriggerSpell2,
set,61209,EffectPointsPerCombo[1],sql:spell_template.effectPointsPerComboPoint2,
set,61209,Effect[2],sql:spell_template.effect3,
set,61209,EffectDieSides[2],sql:spell_template.effectDieSides3,
set,61209,EffectBaseDice[2],sql:spell_template.effectBaseDice3,
set,61209,EffectDicePerLevel[2],sql:spell_template.effectDicePerLevel3,
set,61209,EffectRealPointsPerLevel[2],sql:spell_template.effectRealPointsPerLevel3,
set,61209,EffectBasePoints[2],sql:spell_template.effectBasePoints3,
set,61209,EffectAura[2],sql:spell_template.effectApplyAuraName3,
set,61209,EffectRadiusIndex[2],sql:spell_template.effectRadiusIndex3,
set,61209,EffectChainTargets[2],sql:spell_template.effectChainTarget3,
set,61209,EffectMiscValue[2],sql:spell_template.effectMiscValue3,
set,61209,EffectTriggerSpell[2],sql:spell_template.effectTriggerSpell3,
set,61209,EffectPointsPerCombo[2],sql:spell_template.effectPointsPerComboPoint3,
set,61209,EffectAuraPeriod[0],sql:spell_template.effectAmplitude1,
set,61209,EffectAmplitude[0],sql:spell_template.effectMultipleValue1,
set,61209,ImplicitTargetA[0],sql:spell_template.effectImplicitTargetA1,
set,61209,ImplicitTargetB[0],sql:spell_template.effectImplicitTargetB1,
set,61209,EffectItemType[0],sql:spell_template.effectItemType1,
set,61209,EffectAuraPeriod[1],sql:spell_template.effectAmplitude2,
set,61209,EffectAmplitude[1],sql:spell_template.effectMultipleValue2,
set,61209,ImplicitTargetA[1],sql:spell_template.effectImplicitTargetA2,
set,61209,ImplicitTargetB[1],sql:spell_template.effectImplicitTargetB2,
set,61209,EffectItemType[1],sql:spell_template.effectItemType2,
set,61209,EffectAuraPeriod[2],sql:spell_template.effectAmplitude3,
set,61209,EffectAmplitude[2],sql:spell_template.effectMultipleValue3,
set,61209,ImplicitTargetA[2],sql:spell_template.effectImplicitTargetA3,
set,61209,ImplicitTargetB[2],sql:spell_template.effectImplicitTargetB3,
set,61209,EffectItemType[2],sql:spell_template.effectItemType3,
set,61209,School,sql:spell_template.school,
set,61209,Attributes,sql:spell_template.attributes,
set,61209,AttributesEx,sql:spell_template.attributesEx,
set,61209,AttributesExB,sql:spell_template.attributesEx2,
set,61209,AttributesExC,sql:spell_template.attributesEx3,
set,61209,AttributesExD,sql:spell_template.attributesEx4,
set,61209,Category,sql:spell_template.category,
set,61209,CastUI,sql:spell_template.castUI,
set,61209,DispelType,sql:spell_template.dispel,
set,61209,Mechanic,sql:spell_template.mechanic,
set,61209,ShapeshiftMask,sql:spell_template.stances,
set,61209,ShapeshiftExclude,sql:spell_template.stancesNot,
set,61209,Targets,sql:spell_template.targets,
set,61209,TargetCreatureType,sql:spell_template.targetCreatureType,
set,61209,RequiresSpellFocus,sql:spell_template.requiresSpellFocus,
set,61209,CasterAuraState,sql:spell_template.casterAuraState,
set,61209,TargetAuraState,sql:spell_template.targetAuraState,
set,61209,InterruptFlags,sql:spell_template.interruptFlags,
set,61209,AuraInterruptFlags,sql:spell_template.auraInterruptFlags,
set,61209,ChannelInterruptFlags,sql:spell_template.channelInterruptFlags,
set,61209,ProcFlags,sql:spell_template.procFlags,
set,61209,MaxLevel,sql:spell_template.maxLevel,
set,61209,BaseLevel,sql:spell_template.baseLevel,
set,61209,SpellLevel,sql:spell_template.spellLevel,
set,61209,ManaCostPerLevel,sql:spell_template.manCostPerLevel,
set,61209,ManaPerSecond,sql:spell_template.manaPerSecond,
set,61209,ManaPerSecondPerLevel,sql:spell_template.manaPerSecondPerLevel,
set,61209,ModalNextSpell,sql:spell_template.modelNextSpell,
set,61209,Totem[0],sql:spell_template.totem1,
set,61209,Totem[1],sql:spell_template.totem2,
set,61209,Reagent[0],sql:spell_template.reagent1,
set,61209,Reagent[1],sql:spell_template.reagent2,
set,61209,Reagent[2],sql:spell_template.reagent3,
set,61209,Reagent[3],sql:spell_template.reagent4,
set,61209,Reagent[4],sql:spell_template.reagent5,
set,61209,Reagent[5],sql:spell_template.reagent6,
set,61209,Reagent[6],sql:spell_template.reagent7,
set,61209,Reagent[7],sql:spell_template.reagent8,
set,61209,ReagentCount[0],sql:spell_template.reagentCount1,
set,61209,ReagentCount[1],sql:spell_template.reagentCount2,
set,61209,ReagentCount[2],sql:spell_template.reagentCount3,
set,61209,ReagentCount[3],sql:spell_template.reagentCount4,
set,61209,ReagentCount[4],sql:spell_template.reagentCount5,
set,61209,ReagentCount[5],sql:spell_template.reagentCount6,
set,61209,ReagentCount[6],sql:spell_template.reagentCount7,
set,61209,ReagentCount[7],sql:spell_template.reagentCount8,
set,61209,EquippedItemClass,sql:spell_template.equippedItemClass,
set,61209,EquippedItemSubclass,sql:spell_template.equippedItemSubClassMask,
set,61209,EquippedItemInvTypes,sql:spell_template.equippedItemInventoryTypeMask,
set,61209,EffectMechanic[0],sql:spell_template.effectMechanic1,
set,61209,EffectMechanic[1],sql:spell_template.effectMechanic2,
set,61209,EffectMechanic[2],sql:spell_template.effectMechanic3,
set,61209,SpellVisualID[0],sql:spell_template.spellVisual1,
set,61209,SpellVisualID[1],sql:spell_template.spellVisual2,
set,61209,ActiveIconID,sql:spell_template.activeIconId,
set,61209,SpellPriority,sql:spell_template.spellPriority,
set,61209,Name_lang_enUS,sql:spell_template.name,
set,61209,NameSubtext_lang_enUS,sql:spell_template.nameSubtext,
set,61209,Description_lang_enUS,sql:spell_template.description,
set,61209,AuraDescription_lang_enUS,sql:spell_template.auraDescription,
set,61209,MaxTargetLevel,sql:spell_template.maxTargetLevel,
set,61209,SpellClassSet,sql:spell_template.spellFamilyName,
set,61209,MaxTargets,sql:spell_template.maxAffectedTargets,
set,61209,DefenseType,sql:spell_template.dmgClass,
set,61209,PreventionType,sql:spell_template.preventionType,
set,61209,StanceBarOrder,sql:spell_template.stanceBarOrder,
set,61209,EffectChainAmplitude[0],sql:spell_template.dmgMultiplier1,
set,61209,EffectChainAmplitude[1],sql:spell_template.dmgMultiplier2,
set,61209,EffectChainAmplitude[2],sql:spell_template.dmgMultiplier3,
set,61209,MinFactionID,sql:spell_template.minFactionId,
set,61209,MinReputation,sql:spell_template.minReputation,
set,61209,RequiredAuraVision,sql:spell_template.requiredAuraVision,
insert,61210,,copy:45611,#367 P-2 poison recipe rank 2
set,61210,CastingTimeIndex,sql:spell_template.castingTimeIndex,
set,61210,RecoveryTime,sql:spell_template.recoveryTime,
set,61210,CategoryRecoveryTime,sql:spell_template.categoryRecoveryTime,
set,61210,ProcChance,sql:spell_template.procChance,
set,61210,ProcCharges,sql:spell_template.procCharges,
set,61210,DurationIndex,sql:spell_template.durationIndex,
set,61210,PowerType,sql:spell_template.powerType,
set,61210,ManaCost,sql:spell_template.manaCost,
set,61210,RangeIndex,sql:spell_template.rangeIndex,
set,61210,Speed,sql:spell_template.speed,
set,61210,CumulativeAura,sql:spell_template.stackAmount,
set,61210,SpellIconID,sql:spell_template.spellIconId,
set,61210,ManaCostPct,sql:spell_template.manaCostPercentage,
set,61210,StartRecoveryCategory,sql:spell_template.startRecoveryCategory,
set,61210,StartRecoveryTime,sql:spell_template.startRecoveryTime,
set,61210,Effect[0],sql:spell_template.effect1,
set,61210,EffectDieSides[0],sql:spell_template.effectDieSides1,
set,61210,EffectBaseDice[0],sql:spell_template.effectBaseDice1,
set,61210,EffectDicePerLevel[0],sql:spell_template.effectDicePerLevel1,
set,61210,EffectRealPointsPerLevel[0],sql:spell_template.effectRealPointsPerLevel1,
set,61210,EffectBasePoints[0],sql:spell_template.effectBasePoints1,
set,61210,EffectAura[0],sql:spell_template.effectApplyAuraName1,
set,61210,EffectRadiusIndex[0],sql:spell_template.effectRadiusIndex1,
set,61210,EffectChainTargets[0],sql:spell_template.effectChainTarget1,
set,61210,EffectMiscValue[0],sql:spell_template.effectMiscValue1,
set,61210,EffectTriggerSpell[0],sql:spell_template.effectTriggerSpell1,
set,61210,EffectPointsPerCombo[0],sql:spell_template.effectPointsPerComboPoint1,
set,61210,Effect[1],sql:spell_template.effect2,
set,61210,EffectDieSides[1],sql:spell_template.effectDieSides2,
set,61210,EffectBaseDice[1],sql:spell_template.effectBaseDice2,
set,61210,EffectDicePerLevel[1],sql:spell_template.effectDicePerLevel2,
set,61210,EffectRealPointsPerLevel[1],sql:spell_template.effectRealPointsPerLevel2,
set,61210,EffectBasePoints[1],sql:spell_template.effectBasePoints2,
set,61210,EffectAura[1],sql:spell_template.effectApplyAuraName2,
set,61210,EffectRadiusIndex[1],sql:spell_template.effectRadiusIndex2,
set,61210,EffectChainTargets[1],sql:spell_template.effectChainTarget2,
set,61210,EffectMiscValue[1],sql:spell_template.effectMiscValue2,
set,61210,EffectTriggerSpell[1],sql:spell_template.effectTriggerSpell2,
set,61210,EffectPointsPerCombo[1],sql:spell_template.effectPointsPerComboPoint2,
set,61210,Effect[2],sql:spell_template.effect3,
set,61210,EffectDieSides[2],sql:spell_template.effectDieSides3,
set,61210,EffectBaseDice[2],sql:spell_template.effectBaseDice3,
set,61210,EffectDicePerLevel[2],sql:spell_template.effectDicePerLevel3,
set,61210,EffectRealPointsPerLevel[2],sql:spell_template.effectRealPointsPerLevel3,
set,61210,EffectBasePoints[2],sql:spell_template.effectBasePoints3,
set,61210,EffectAura[2],sql:spell_template.effectApplyAuraName3,
set,61210,EffectRadiusIndex[2],sql:spell_template.effectRadiusIndex3,
set,61210,EffectChainTargets[2],sql:spell_template.effectChainTarget3,
set,61210,EffectMiscValue[2],sql:spell_template.effectMiscValue3,
set,61210,EffectTriggerSpell[2],sql:spell_template.effectTriggerSpell3,
set,61210,EffectPointsPerCombo[2],sql:spell_template.effectPointsPerComboPoint3,
set,61210,EffectAuraPeriod[0],sql:spell_template.effectAmplitude1,
set,61210,EffectAmplitude[0],sql:spell_template.effectMultipleValue1,
set,61210,ImplicitTargetA[0],sql:spell_template.effectImplicitTargetA1,
set,61210,ImplicitTargetB[0],sql:spell_template.effectImplicitTargetB1,
set,61210,EffectItemType[0],sql:spell_template.effectItemType1,
set,61210,EffectAuraPeriod[1],sql:spell_template.effectAmplitude2,
set,61210,EffectAmplitude[1],sql:spell_template.effectMultipleValue2,
set,61210,ImplicitTargetA[1],sql:spell_template.effectImplicitTargetA2,
set,61210,ImplicitTargetB[1],sql:spell_template.effectImplicitTargetB2,
set,61210,EffectItemType[1],sql:spell_template.effectItemType2,
set,61210,EffectAuraPeriod[2],sql:spell_template.effectAmplitude3,
set,61210,EffectAmplitude[2],sql:spell_template.effectMultipleValue3,
set,61210,ImplicitTargetA[2],sql:spell_template.effectImplicitTargetA3,
set,61210,ImplicitTargetB[2],sql:spell_template.effectImplicitTargetB3,
set,61210,EffectItemType[2],sql:spell_template.effectItemType3,
set,61210,School,sql:spell_template.school,
set,61210,Attributes,sql:spell_template.attributes,
set,61210,AttributesEx,sql:spell_template.attributesEx,
set,61210,AttributesExB,sql:spell_template.attributesEx2,
set,61210,AttributesExC,sql:spell_template.attributesEx3,
set,61210,AttributesExD,sql:spell_template.attributesEx4,
set,61210,Category,sql:spell_template.category,
set,61210,CastUI,sql:spell_template.castUI,
set,61210,DispelType,sql:spell_template.dispel,
set,61210,Mechanic,sql:spell_template.mechanic,
set,61210,ShapeshiftMask,sql:spell_template.stances,
set,61210,ShapeshiftExclude,sql:spell_template.stancesNot,
set,61210,Targets,sql:spell_template.targets,
set,61210,TargetCreatureType,sql:spell_template.targetCreatureType,
set,61210,RequiresSpellFocus,sql:spell_template.requiresSpellFocus,
set,61210,CasterAuraState,sql:spell_template.casterAuraState,
set,61210,TargetAuraState,sql:spell_template.targetAuraState,
set,61210,InterruptFlags,sql:spell_template.interruptFlags,
set,61210,AuraInterruptFlags,sql:spell_template.auraInterruptFlags,
set,61210,ChannelInterruptFlags,sql:spell_template.channelInterruptFlags,
set,61210,ProcFlags,sql:spell_template.procFlags,
set,61210,MaxLevel,sql:spell_template.maxLevel,
set,61210,BaseLevel,sql:spell_template.baseLevel,
set,61210,SpellLevel,sql:spell_template.spellLevel,
set,61210,ManaCostPerLevel,sql:spell_template.manCostPerLevel,
set,61210,ManaPerSecond,sql:spell_template.manaPerSecond,
set,61210,ManaPerSecondPerLevel,sql:spell_template.manaPerSecondPerLevel,
set,61210,ModalNextSpell,sql:spell_template.modelNextSpell,
set,61210,Totem[0],sql:spell_template.totem1,
set,61210,Totem[1],sql:spell_template.totem2,
set,61210,Reagent[0],sql:spell_template.reagent1,
set,61210,Reagent[1],sql:spell_template.reagent2,
set,61210,Reagent[2],sql:spell_template.reagent3,
set,61210,Reagent[3],sql:spell_template.reagent4,
set,61210,Reagent[4],sql:spell_template.reagent5,
set,61210,Reagent[5],sql:spell_template.reagent6,
set,61210,Reagent[6],sql:spell_template.reagent7,
set,61210,Reagent[7],sql:spell_template.reagent8,
set,61210,ReagentCount[0],sql:spell_template.reagentCount1,
set,61210,ReagentCount[1],sql:spell_template.reagentCount2,
set,61210,ReagentCount[2],sql:spell_template.reagentCount3,
set,61210,ReagentCount[3],sql:spell_template.reagentCount4,
set,61210,ReagentCount[4],sql:spell_template.reagentCount5,
set,61210,ReagentCount[5],sql:spell_template.reagentCount6,
set,61210,ReagentCount[6],sql:spell_template.reagentCount7,
set,61210,ReagentCount[7],sql:spell_template.reagentCount8,
set,61210,EquippedItemClass,sql:spell_template.equippedItemClass,
set,61210,EquippedItemSubclass,sql:spell_template.equippedItemSubClassMask,
set,61210,EquippedItemInvTypes,sql:spell_template.equippedItemInventoryTypeMask,
set,61210,EffectMechanic[0],sql:spell_template.effectMechanic1,
set,61210,EffectMechanic[1],sql:spell_template.effectMechanic2,
set,61210,EffectMechanic[2],sql:spell_template.effectMechanic3,
set,61210,SpellVisualID[0],sql:spell_template.spellVisual1,
set,61210,SpellVisualID[1],sql:spell_template.spellVisual2,
set,61210,ActiveIconID,sql:spell_template.activeIconId,
set,61210,SpellPriority,sql:spell_template.spellPriority,
set,61210,Name_lang_enUS,sql:spell_template.name,
set,61210,NameSubtext_lang_enUS,sql:spell_template.nameSubtext,
set,61210,Description_lang_enUS,sql:spell_template.description,
set,61210,AuraDescription_lang_enUS,sql:spell_template.auraDescription,
set,61210,MaxTargetLevel,sql:spell_template.maxTargetLevel,
set,61210,SpellClassSet,sql:spell_template.spellFamilyName,
set,61210,MaxTargets,sql:spell_template.maxAffectedTargets,
set,61210,DefenseType,sql:spell_template.dmgClass,
set,61210,PreventionType,sql:spell_template.preventionType,
set,61210,StanceBarOrder,sql:spell_template.stanceBarOrder,
set,61210,EffectChainAmplitude[0],sql:spell_template.dmgMultiplier1,
set,61210,EffectChainAmplitude[1],sql:spell_template.dmgMultiplier2,
set,61210,EffectChainAmplitude[2],sql:spell_template.dmgMultiplier3,
set,61210,MinFactionID,sql:spell_template.minFactionId,
set,61210,MinReputation,sql:spell_template.minReputation,
set,61210,RequiredAuraVision,sql:spell_template.requiredAuraVision,
insert,61211,,copy:45611,#367 P-2 poison recipe rank 3
set,61211,CastingTimeIndex,sql:spell_template.castingTimeIndex,
set,61211,RecoveryTime,sql:spell_template.recoveryTime,
set,61211,CategoryRecoveryTime,sql:spell_template.categoryRecoveryTime,
set,61211,ProcChance,sql:spell_template.procChance,
set,61211,ProcCharges,sql:spell_template.procCharges,
set,61211,DurationIndex,sql:spell_template.durationIndex,
set,61211,PowerType,sql:spell_template.powerType,
set,61211,ManaCost,sql:spell_template.manaCost,
set,61211,RangeIndex,sql:spell_template.rangeIndex,
set,61211,Speed,sql:spell_template.speed,
set,61211,CumulativeAura,sql:spell_template.stackAmount,
set,61211,SpellIconID,sql:spell_template.spellIconId,
set,61211,ManaCostPct,sql:spell_template.manaCostPercentage,
set,61211,StartRecoveryCategory,sql:spell_template.startRecoveryCategory,
set,61211,StartRecoveryTime,sql:spell_template.startRecoveryTime,
set,61211,Effect[0],sql:spell_template.effect1,
set,61211,EffectDieSides[0],sql:spell_template.effectDieSides1,
set,61211,EffectBaseDice[0],sql:spell_template.effectBaseDice1,
set,61211,EffectDicePerLevel[0],sql:spell_template.effectDicePerLevel1,
set,61211,EffectRealPointsPerLevel[0],sql:spell_template.effectRealPointsPerLevel1,
set,61211,EffectBasePoints[0],sql:spell_template.effectBasePoints1,
set,61211,EffectAura[0],sql:spell_template.effectApplyAuraName1,
set,61211,EffectRadiusIndex[0],sql:spell_template.effectRadiusIndex1,
set,61211,EffectChainTargets[0],sql:spell_template.effectChainTarget1,
set,61211,EffectMiscValue[0],sql:spell_template.effectMiscValue1,
set,61211,EffectTriggerSpell[0],sql:spell_template.effectTriggerSpell1,
set,61211,EffectPointsPerCombo[0],sql:spell_template.effectPointsPerComboPoint1,
set,61211,Effect[1],sql:spell_template.effect2,
set,61211,EffectDieSides[1],sql:spell_template.effectDieSides2,
set,61211,EffectBaseDice[1],sql:spell_template.effectBaseDice2,
set,61211,EffectDicePerLevel[1],sql:spell_template.effectDicePerLevel2,
set,61211,EffectRealPointsPerLevel[1],sql:spell_template.effectRealPointsPerLevel2,
set,61211,EffectBasePoints[1],sql:spell_template.effectBasePoints2,
set,61211,EffectAura[1],sql:spell_template.effectApplyAuraName2,
set,61211,EffectRadiusIndex[1],sql:spell_template.effectRadiusIndex2,
set,61211,EffectChainTargets[1],sql:spell_template.effectChainTarget2,
set,61211,EffectMiscValue[1],sql:spell_template.effectMiscValue2,
set,61211,EffectTriggerSpell[1],sql:spell_template.effectTriggerSpell2,
set,61211,EffectPointsPerCombo[1],sql:spell_template.effectPointsPerComboPoint2,
set,61211,Effect[2],sql:spell_template.effect3,
set,61211,EffectDieSides[2],sql:spell_template.effectDieSides3,
set,61211,EffectBaseDice[2],sql:spell_template.effectBaseDice3,
set,61211,EffectDicePerLevel[2],sql:spell_template.effectDicePerLevel3,
set,61211,EffectRealPointsPerLevel[2],sql:spell_template.effectRealPointsPerLevel3,
set,61211,EffectBasePoints[2],sql:spell_template.effectBasePoints3,
set,61211,EffectAura[2],sql:spell_template.effectApplyAuraName3,
set,61211,EffectRadiusIndex[2],sql:spell_template.effectRadiusIndex3,
set,61211,EffectChainTargets[2],sql:spell_template.effectChainTarget3,
set,61211,EffectMiscValue[2],sql:spell_template.effectMiscValue3,
set,61211,EffectTriggerSpell[2],sql:spell_template.effectTriggerSpell3,
set,61211,EffectPointsPerCombo[2],sql:spell_template.effectPointsPerComboPoint3,
set,61211,EffectAuraPeriod[0],sql:spell_template.effectAmplitude1,
set,61211,EffectAmplitude[0],sql:spell_template.effectMultipleValue1,
set,61211,ImplicitTargetA[0],sql:spell_template.effectImplicitTargetA1,
set,61211,ImplicitTargetB[0],sql:spell_template.effectImplicitTargetB1,
set,61211,EffectItemType[0],sql:spell_template.effectItemType1,
set,61211,EffectAuraPeriod[1],sql:spell_template.effectAmplitude2,
set,61211,EffectAmplitude[1],sql:spell_template.effectMultipleValue2,
set,61211,ImplicitTargetA[1],sql:spell_template.effectImplicitTargetA2,
set,61211,ImplicitTargetB[1],sql:spell_template.effectImplicitTargetB2,
set,61211,EffectItemType[1],sql:spell_template.effectItemType2,
set,61211,EffectAuraPeriod[2],sql:spell_template.effectAmplitude3,
set,61211,EffectAmplitude[2],sql:spell_template.effectMultipleValue3,
set,61211,ImplicitTargetA[2],sql:spell_template.effectImplicitTargetA3,
set,61211,ImplicitTargetB[2],sql:spell_template.effectImplicitTargetB3,
set,61211,EffectItemType[2],sql:spell_template.effectItemType3,
set,61211,School,sql:spell_template.school,
set,61211,Attributes,sql:spell_template.attributes,
set,61211,AttributesEx,sql:spell_template.attributesEx,
set,61211,AttributesExB,sql:spell_template.attributesEx2,
set,61211,AttributesExC,sql:spell_template.attributesEx3,
set,61211,AttributesExD,sql:spell_template.attributesEx4,
set,61211,Category,sql:spell_template.category,
set,61211,CastUI,sql:spell_template.castUI,
set,61211,DispelType,sql:spell_template.dispel,
set,61211,Mechanic,sql:spell_template.mechanic,
set,61211,ShapeshiftMask,sql:spell_template.stances,
set,61211,ShapeshiftExclude,sql:spell_template.stancesNot,
set,61211,Targets,sql:spell_template.targets,
set,61211,TargetCreatureType,sql:spell_template.targetCreatureType,
set,61211,RequiresSpellFocus,sql:spell_template.requiresSpellFocus,
set,61211,CasterAuraState,sql:spell_template.casterAuraState,
set,61211,TargetAuraState,sql:spell_template.targetAuraState,
set,61211,InterruptFlags,sql:spell_template.interruptFlags,
set,61211,AuraInterruptFlags,sql:spell_template.auraInterruptFlags,
set,61211,ChannelInterruptFlags,sql:spell_template.channelInterruptFlags,
set,61211,ProcFlags,sql:spell_template.procFlags,
set,61211,MaxLevel,sql:spell_template.maxLevel,
set,61211,BaseLevel,sql:spell_template.baseLevel,
set,61211,SpellLevel,sql:spell_template.spellLevel,
set,61211,ManaCostPerLevel,sql:spell_template.manCostPerLevel,
set,61211,ManaPerSecond,sql:spell_template.manaPerSecond,
set,61211,ManaPerSecondPerLevel,sql:spell_template.manaPerSecondPerLevel,
set,61211,ModalNextSpell,sql:spell_template.modelNextSpell,
set,61211,Totem[0],sql:spell_template.totem1,
set,61211,Totem[1],sql:spell_template.totem2,
set,61211,Reagent[0],sql:spell_template.reagent1,
set,61211,Reagent[1],sql:spell_template.reagent2,
set,61211,Reagent[2],sql:spell_template.reagent3,
set,61211,Reagent[3],sql:spell_template.reagent4,
set,61211,Reagent[4],sql:spell_template.reagent5,
set,61211,Reagent[5],sql:spell_template.reagent6,
set,61211,Reagent[6],sql:spell_template.reagent7,
set,61211,Reagent[7],sql:spell_template.reagent8,
set,61211,ReagentCount[0],sql:spell_template.reagentCount1,
set,61211,ReagentCount[1],sql:spell_template.reagentCount2,
set,61211,ReagentCount[2],sql:spell_template.reagentCount3,
set,61211,ReagentCount[3],sql:spell_template.reagentCount4,
set,61211,ReagentCount[4],sql:spell_template.reagentCount5,
set,61211,ReagentCount[5],sql:spell_template.reagentCount6,
set,61211,ReagentCount[6],sql:spell_template.reagentCount7,
set,61211,ReagentCount[7],sql:spell_template.reagentCount8,
set,61211,EquippedItemClass,sql:spell_template.equippedItemClass,
set,61211,EquippedItemSubclass,sql:spell_template.equippedItemSubClassMask,
set,61211,EquippedItemInvTypes,sql:spell_template.equippedItemInventoryTypeMask,
set,61211,EffectMechanic[0],sql:spell_template.effectMechanic1,
set,61211,EffectMechanic[1],sql:spell_template.effectMechanic2,
set,61211,EffectMechanic[2],sql:spell_template.effectMechanic3,
set,61211,SpellVisualID[0],sql:spell_template.spellVisual1,
set,61211,SpellVisualID[1],sql:spell_template.spellVisual2,
set,61211,ActiveIconID,sql:spell_template.activeIconId,
set,61211,SpellPriority,sql:spell_template.spellPriority,
set,61211,Name_lang_enUS,sql:spell_template.name,
set,61211,NameSubtext_lang_enUS,sql:spell_template.nameSubtext,
set,61211,Description_lang_enUS,sql:spell_template.description,
set,61211,AuraDescription_lang_enUS,sql:spell_template.auraDescription,
set,61211,MaxTargetLevel,sql:spell_template.maxTargetLevel,
set,61211,SpellClassSet,sql:spell_template.spellFamilyName,
set,61211,MaxTargets,sql:spell_template.maxAffectedTargets,
set,61211,DefenseType,sql:spell_template.dmgClass,
set,61211,PreventionType,sql:spell_template.preventionType,
set,61211,StanceBarOrder,sql:spell_template.stanceBarOrder,
set,61211,EffectChainAmplitude[0],sql:spell_template.dmgMultiplier1,
set,61211,EffectChainAmplitude[1],sql:spell_template.dmgMultiplier2,
set,61211,EffectChainAmplitude[2],sql:spell_template.dmgMultiplier3,
set,61211,MinFactionID,sql:spell_template.minFactionId,
set,61211,MinReputation,sql:spell_template.minReputation,
set,61211,RequiredAuraVision,sql:spell_template.requiredAuraVision,
insert,61212,,copy:45611,#367 P-2 poison recipe rank 4
set,61212,CastingTimeIndex,sql:spell_template.castingTimeIndex,
set,61212,RecoveryTime,sql:spell_template.recoveryTime,
set,61212,CategoryRecoveryTime,sql:spell_template.categoryRecoveryTime,
set,61212,ProcChance,sql:spell_template.procChance,
set,61212,ProcCharges,sql:spell_template.procCharges,
set,61212,DurationIndex,sql:spell_template.durationIndex,
set,61212,PowerType,sql:spell_template.powerType,
set,61212,ManaCost,sql:spell_template.manaCost,
set,61212,RangeIndex,sql:spell_template.rangeIndex,
set,61212,Speed,sql:spell_template.speed,
set,61212,CumulativeAura,sql:spell_template.stackAmount,
set,61212,SpellIconID,sql:spell_template.spellIconId,
set,61212,ManaCostPct,sql:spell_template.manaCostPercentage,
set,61212,StartRecoveryCategory,sql:spell_template.startRecoveryCategory,
set,61212,StartRecoveryTime,sql:spell_template.startRecoveryTime,
set,61212,Effect[0],sql:spell_template.effect1,
set,61212,EffectDieSides[0],sql:spell_template.effectDieSides1,
set,61212,EffectBaseDice[0],sql:spell_template.effectBaseDice1,
set,61212,EffectDicePerLevel[0],sql:spell_template.effectDicePerLevel1,
set,61212,EffectRealPointsPerLevel[0],sql:spell_template.effectRealPointsPerLevel1,
set,61212,EffectBasePoints[0],sql:spell_template.effectBasePoints1,
set,61212,EffectAura[0],sql:spell_template.effectApplyAuraName1,
set,61212,EffectRadiusIndex[0],sql:spell_template.effectRadiusIndex1,
set,61212,EffectChainTargets[0],sql:spell_template.effectChainTarget1,
set,61212,EffectMiscValue[0],sql:spell_template.effectMiscValue1,
set,61212,EffectTriggerSpell[0],sql:spell_template.effectTriggerSpell1,
set,61212,EffectPointsPerCombo[0],sql:spell_template.effectPointsPerComboPoint1,
set,61212,Effect[1],sql:spell_template.effect2,
set,61212,EffectDieSides[1],sql:spell_template.effectDieSides2,
set,61212,EffectBaseDice[1],sql:spell_template.effectBaseDice2,
set,61212,EffectDicePerLevel[1],sql:spell_template.effectDicePerLevel2,
set,61212,EffectRealPointsPerLevel[1],sql:spell_template.effectRealPointsPerLevel2,
set,61212,EffectBasePoints[1],sql:spell_template.effectBasePoints2,
set,61212,EffectAura[1],sql:spell_template.effectApplyAuraName2,
set,61212,EffectRadiusIndex[1],sql:spell_template.effectRadiusIndex2,
set,61212,EffectChainTargets[1],sql:spell_template.effectChainTarget2,
set,61212,EffectMiscValue[1],sql:spell_template.effectMiscValue2,
set,61212,EffectTriggerSpell[1],sql:spell_template.effectTriggerSpell2,
set,61212,EffectPointsPerCombo[1],sql:spell_template.effectPointsPerComboPoint2,
set,61212,Effect[2],sql:spell_template.effect3,
set,61212,EffectDieSides[2],sql:spell_template.effectDieSides3,
set,61212,EffectBaseDice[2],sql:spell_template.effectBaseDice3,
set,61212,EffectDicePerLevel[2],sql:spell_template.effectDicePerLevel3,
set,61212,EffectRealPointsPerLevel[2],sql:spell_template.effectRealPointsPerLevel3,
set,61212,EffectBasePoints[2],sql:spell_template.effectBasePoints3,
set,61212,EffectAura[2],sql:spell_template.effectApplyAuraName3,
set,61212,EffectRadiusIndex[2],sql:spell_template.effectRadiusIndex3,
set,61212,EffectChainTargets[2],sql:spell_template.effectChainTarget3,
set,61212,EffectMiscValue[2],sql:spell_template.effectMiscValue3,
set,61212,EffectTriggerSpell[2],sql:spell_template.effectTriggerSpell3,
set,61212,EffectPointsPerCombo[2],sql:spell_template.effectPointsPerComboPoint3,
set,61212,EffectAuraPeriod[0],sql:spell_template.effectAmplitude1,
set,61212,EffectAmplitude[0],sql:spell_template.effectMultipleValue1,
set,61212,ImplicitTargetA[0],sql:spell_template.effectImplicitTargetA1,
set,61212,ImplicitTargetB[0],sql:spell_template.effectImplicitTargetB1,
set,61212,EffectItemType[0],sql:spell_template.effectItemType1,
set,61212,EffectAuraPeriod[1],sql:spell_template.effectAmplitude2,
set,61212,EffectAmplitude[1],sql:spell_template.effectMultipleValue2,
set,61212,ImplicitTargetA[1],sql:spell_template.effectImplicitTargetA2,
set,61212,ImplicitTargetB[1],sql:spell_template.effectImplicitTargetB2,
set,61212,EffectItemType[1],sql:spell_template.effectItemType2,
set,61212,EffectAuraPeriod[2],sql:spell_template.effectAmplitude3,
set,61212,EffectAmplitude[2],sql:spell_template.effectMultipleValue3,
set,61212,ImplicitTargetA[2],sql:spell_template.effectImplicitTargetA3,
set,61212,ImplicitTargetB[2],sql:spell_template.effectImplicitTargetB3,
set,61212,EffectItemType[2],sql:spell_template.effectItemType3,
set,61212,School,sql:spell_template.school,
set,61212,Attributes,sql:spell_template.attributes,
set,61212,AttributesEx,sql:spell_template.attributesEx,
set,61212,AttributesExB,sql:spell_template.attributesEx2,
set,61212,AttributesExC,sql:spell_template.attributesEx3,
set,61212,AttributesExD,sql:spell_template.attributesEx4,
set,61212,Category,sql:spell_template.category,
set,61212,CastUI,sql:spell_template.castUI,
set,61212,DispelType,sql:spell_template.dispel,
set,61212,Mechanic,sql:spell_template.mechanic,
set,61212,ShapeshiftMask,sql:spell_template.stances,
set,61212,ShapeshiftExclude,sql:spell_template.stancesNot,
set,61212,Targets,sql:spell_template.targets,
set,61212,TargetCreatureType,sql:spell_template.targetCreatureType,
set,61212,RequiresSpellFocus,sql:spell_template.requiresSpellFocus,
set,61212,CasterAuraState,sql:spell_template.casterAuraState,
set,61212,TargetAuraState,sql:spell_template.targetAuraState,
set,61212,InterruptFlags,sql:spell_template.interruptFlags,
set,61212,AuraInterruptFlags,sql:spell_template.auraInterruptFlags,
set,61212,ChannelInterruptFlags,sql:spell_template.channelInterruptFlags,
set,61212,ProcFlags,sql:spell_template.procFlags,
set,61212,MaxLevel,sql:spell_template.maxLevel,
set,61212,BaseLevel,sql:spell_template.baseLevel,
set,61212,SpellLevel,sql:spell_template.spellLevel,
set,61212,ManaCostPerLevel,sql:spell_template.manCostPerLevel,
set,61212,ManaPerSecond,sql:spell_template.manaPerSecond,
set,61212,ManaPerSecondPerLevel,sql:spell_template.manaPerSecondPerLevel,
set,61212,ModalNextSpell,sql:spell_template.modelNextSpell,
set,61212,Totem[0],sql:spell_template.totem1,
set,61212,Totem[1],sql:spell_template.totem2,
set,61212,Reagent[0],sql:spell_template.reagent1,
set,61212,Reagent[1],sql:spell_template.reagent2,
set,61212,Reagent[2],sql:spell_template.reagent3,
set,61212,Reagent[3],sql:spell_template.reagent4,
set,61212,Reagent[4],sql:spell_template.reagent5,
set,61212,Reagent[5],sql:spell_template.reagent6,
set,61212,Reagent[6],sql:spell_template.reagent7,
set,61212,Reagent[7],sql:spell_template.reagent8,
set,61212,ReagentCount[0],sql:spell_template.reagentCount1,
set,61212,ReagentCount[1],sql:spell_template.reagentCount2,
set,61212,ReagentCount[2],sql:spell_template.reagentCount3,
set,61212,ReagentCount[3],sql:spell_template.reagentCount4,
set,61212,ReagentCount[4],sql:spell_template.reagentCount5,
set,61212,ReagentCount[5],sql:spell_template.reagentCount6,
set,61212,ReagentCount[6],sql:spell_template.reagentCount7,
set,61212,ReagentCount[7],sql:spell_template.reagentCount8,
set,61212,EquippedItemClass,sql:spell_template.equippedItemClass,
set,61212,EquippedItemSubclass,sql:spell_template.equippedItemSubClassMask,
set,61212,EquippedItemInvTypes,sql:spell_template.equippedItemInventoryTypeMask,
set,61212,EffectMechanic[0],sql:spell_template.effectMechanic1,
set,61212,EffectMechanic[1],sql:spell_template.effectMechanic2,
set,61212,EffectMechanic[2],sql:spell_template.effectMechanic3,
set,61212,SpellVisualID[0],sql:spell_template.spellVisual1,
set,61212,SpellVisualID[1],sql:spell_template.spellVisual2,
set,61212,ActiveIconID,sql:spell_template.activeIconId,
set,61212,SpellPriority,sql:spell_template.spellPriority,
set,61212,Name_lang_enUS,sql:spell_template.name,
set,61212,NameSubtext_lang_enUS,sql:spell_template.nameSubtext,
set,61212,Description_lang_enUS,sql:spell_template.description,
set,61212,AuraDescription_lang_enUS,sql:spell_template.auraDescription,
set,61212,MaxTargetLevel,sql:spell_template.maxTargetLevel,
set,61212,SpellClassSet,sql:spell_template.spellFamilyName,
set,61212,MaxTargets,sql:spell_template.maxAffectedTargets,
set,61212,DefenseType,sql:spell_template.dmgClass,
set,61212,PreventionType,sql:spell_template.preventionType,
set,61212,StanceBarOrder,sql:spell_template.stanceBarOrder,
set,61212,EffectChainAmplitude[0],sql:spell_template.dmgMultiplier1,
set,61212,EffectChainAmplitude[1],sql:spell_template.dmgMultiplier2,
set,61212,EffectChainAmplitude[2],sql:spell_template.dmgMultiplier3,
set,61212,MinFactionID,sql:spell_template.minFactionId,
set,61212,MinReputation,sql:spell_template.minReputation,
set,61212,RequiredAuraVision,sql:spell_template.requiredAuraVision,
insert,61213,,copy:47312,#367 P-2 trainer spell for recipe rank 1
set,61213,CastingTimeIndex,sql:spell_template.castingTimeIndex,
set,61213,RecoveryTime,sql:spell_template.recoveryTime,
set,61213,CategoryRecoveryTime,sql:spell_template.categoryRecoveryTime,
set,61213,ProcChance,sql:spell_template.procChance,
set,61213,ProcCharges,sql:spell_template.procCharges,
set,61213,DurationIndex,sql:spell_template.durationIndex,
set,61213,PowerType,sql:spell_template.powerType,
set,61213,ManaCost,sql:spell_template.manaCost,
set,61213,RangeIndex,sql:spell_template.rangeIndex,
set,61213,Speed,sql:spell_template.speed,
set,61213,CumulativeAura,sql:spell_template.stackAmount,
set,61213,SpellIconID,sql:spell_template.spellIconId,
set,61213,ManaCostPct,sql:spell_template.manaCostPercentage,
set,61213,StartRecoveryCategory,sql:spell_template.startRecoveryCategory,
set,61213,StartRecoveryTime,sql:spell_template.startRecoveryTime,
set,61213,Effect[0],sql:spell_template.effect1,
set,61213,EffectDieSides[0],sql:spell_template.effectDieSides1,
set,61213,EffectBaseDice[0],sql:spell_template.effectBaseDice1,
set,61213,EffectDicePerLevel[0],sql:spell_template.effectDicePerLevel1,
set,61213,EffectRealPointsPerLevel[0],sql:spell_template.effectRealPointsPerLevel1,
set,61213,EffectBasePoints[0],sql:spell_template.effectBasePoints1,
set,61213,EffectAura[0],sql:spell_template.effectApplyAuraName1,
set,61213,EffectRadiusIndex[0],sql:spell_template.effectRadiusIndex1,
set,61213,EffectChainTargets[0],sql:spell_template.effectChainTarget1,
set,61213,EffectMiscValue[0],sql:spell_template.effectMiscValue1,
set,61213,EffectTriggerSpell[0],sql:spell_template.effectTriggerSpell1,
set,61213,EffectPointsPerCombo[0],sql:spell_template.effectPointsPerComboPoint1,
set,61213,Effect[1],sql:spell_template.effect2,
set,61213,EffectDieSides[1],sql:spell_template.effectDieSides2,
set,61213,EffectBaseDice[1],sql:spell_template.effectBaseDice2,
set,61213,EffectDicePerLevel[1],sql:spell_template.effectDicePerLevel2,
set,61213,EffectRealPointsPerLevel[1],sql:spell_template.effectRealPointsPerLevel2,
set,61213,EffectBasePoints[1],sql:spell_template.effectBasePoints2,
set,61213,EffectAura[1],sql:spell_template.effectApplyAuraName2,
set,61213,EffectRadiusIndex[1],sql:spell_template.effectRadiusIndex2,
set,61213,EffectChainTargets[1],sql:spell_template.effectChainTarget2,
set,61213,EffectMiscValue[1],sql:spell_template.effectMiscValue2,
set,61213,EffectTriggerSpell[1],sql:spell_template.effectTriggerSpell2,
set,61213,EffectPointsPerCombo[1],sql:spell_template.effectPointsPerComboPoint2,
set,61213,Effect[2],sql:spell_template.effect3,
set,61213,EffectDieSides[2],sql:spell_template.effectDieSides3,
set,61213,EffectBaseDice[2],sql:spell_template.effectBaseDice3,
set,61213,EffectDicePerLevel[2],sql:spell_template.effectDicePerLevel3,
set,61213,EffectRealPointsPerLevel[2],sql:spell_template.effectRealPointsPerLevel3,
set,61213,EffectBasePoints[2],sql:spell_template.effectBasePoints3,
set,61213,EffectAura[2],sql:spell_template.effectApplyAuraName3,
set,61213,EffectRadiusIndex[2],sql:spell_template.effectRadiusIndex3,
set,61213,EffectChainTargets[2],sql:spell_template.effectChainTarget3,
set,61213,EffectMiscValue[2],sql:spell_template.effectMiscValue3,
set,61213,EffectTriggerSpell[2],sql:spell_template.effectTriggerSpell3,
set,61213,EffectPointsPerCombo[2],sql:spell_template.effectPointsPerComboPoint3,
set,61213,EffectAuraPeriod[0],sql:spell_template.effectAmplitude1,
set,61213,EffectAmplitude[0],sql:spell_template.effectMultipleValue1,
set,61213,ImplicitTargetA[0],sql:spell_template.effectImplicitTargetA1,
set,61213,ImplicitTargetB[0],sql:spell_template.effectImplicitTargetB1,
set,61213,EffectItemType[0],sql:spell_template.effectItemType1,
set,61213,EffectAuraPeriod[1],sql:spell_template.effectAmplitude2,
set,61213,EffectAmplitude[1],sql:spell_template.effectMultipleValue2,
set,61213,ImplicitTargetA[1],sql:spell_template.effectImplicitTargetA2,
set,61213,ImplicitTargetB[1],sql:spell_template.effectImplicitTargetB2,
set,61213,EffectItemType[1],sql:spell_template.effectItemType2,
set,61213,EffectAuraPeriod[2],sql:spell_template.effectAmplitude3,
set,61213,EffectAmplitude[2],sql:spell_template.effectMultipleValue3,
set,61213,ImplicitTargetA[2],sql:spell_template.effectImplicitTargetA3,
set,61213,ImplicitTargetB[2],sql:spell_template.effectImplicitTargetB3,
set,61213,EffectItemType[2],sql:spell_template.effectItemType3,
set,61213,School,sql:spell_template.school,
set,61213,Attributes,sql:spell_template.attributes,
set,61213,AttributesEx,sql:spell_template.attributesEx,
set,61213,AttributesExB,sql:spell_template.attributesEx2,
set,61213,AttributesExC,sql:spell_template.attributesEx3,
set,61213,AttributesExD,sql:spell_template.attributesEx4,
set,61213,Category,sql:spell_template.category,
set,61213,CastUI,sql:spell_template.castUI,
set,61213,DispelType,sql:spell_template.dispel,
set,61213,Mechanic,sql:spell_template.mechanic,
set,61213,ShapeshiftMask,sql:spell_template.stances,
set,61213,ShapeshiftExclude,sql:spell_template.stancesNot,
set,61213,Targets,sql:spell_template.targets,
set,61213,TargetCreatureType,sql:spell_template.targetCreatureType,
set,61213,RequiresSpellFocus,sql:spell_template.requiresSpellFocus,
set,61213,CasterAuraState,sql:spell_template.casterAuraState,
set,61213,TargetAuraState,sql:spell_template.targetAuraState,
set,61213,InterruptFlags,sql:spell_template.interruptFlags,
set,61213,AuraInterruptFlags,sql:spell_template.auraInterruptFlags,
set,61213,ChannelInterruptFlags,sql:spell_template.channelInterruptFlags,
set,61213,ProcFlags,sql:spell_template.procFlags,
set,61213,MaxLevel,sql:spell_template.maxLevel,
set,61213,BaseLevel,sql:spell_template.baseLevel,
set,61213,SpellLevel,sql:spell_template.spellLevel,
set,61213,ManaCostPerLevel,sql:spell_template.manCostPerLevel,
set,61213,ManaPerSecond,sql:spell_template.manaPerSecond,
set,61213,ManaPerSecondPerLevel,sql:spell_template.manaPerSecondPerLevel,
set,61213,ModalNextSpell,sql:spell_template.modelNextSpell,
set,61213,Totem[0],sql:spell_template.totem1,
set,61213,Totem[1],sql:spell_template.totem2,
set,61213,Reagent[0],sql:spell_template.reagent1,
set,61213,Reagent[1],sql:spell_template.reagent2,
set,61213,Reagent[2],sql:spell_template.reagent3,
set,61213,Reagent[3],sql:spell_template.reagent4,
set,61213,Reagent[4],sql:spell_template.reagent5,
set,61213,Reagent[5],sql:spell_template.reagent6,
set,61213,Reagent[6],sql:spell_template.reagent7,
set,61213,Reagent[7],sql:spell_template.reagent8,
set,61213,ReagentCount[0],sql:spell_template.reagentCount1,
set,61213,ReagentCount[1],sql:spell_template.reagentCount2,
set,61213,ReagentCount[2],sql:spell_template.reagentCount3,
set,61213,ReagentCount[3],sql:spell_template.reagentCount4,
set,61213,ReagentCount[4],sql:spell_template.reagentCount5,
set,61213,ReagentCount[5],sql:spell_template.reagentCount6,
set,61213,ReagentCount[6],sql:spell_template.reagentCount7,
set,61213,ReagentCount[7],sql:spell_template.reagentCount8,
set,61213,EquippedItemClass,sql:spell_template.equippedItemClass,
set,61213,EquippedItemSubclass,sql:spell_template.equippedItemSubClassMask,
set,61213,EquippedItemInvTypes,sql:spell_template.equippedItemInventoryTypeMask,
set,61213,EffectMechanic[0],sql:spell_template.effectMechanic1,
set,61213,EffectMechanic[1],sql:spell_template.effectMechanic2,
set,61213,EffectMechanic[2],sql:spell_template.effectMechanic3,
set,61213,SpellVisualID[0],sql:spell_template.spellVisual1,
set,61213,SpellVisualID[1],sql:spell_template.spellVisual2,
set,61213,ActiveIconID,sql:spell_template.activeIconId,
set,61213,SpellPriority,sql:spell_template.spellPriority,
set,61213,Name_lang_enUS,sql:spell_template.name,
set,61213,NameSubtext_lang_enUS,sql:spell_template.nameSubtext,
set,61213,Description_lang_enUS,sql:spell_template.description,
set,61213,AuraDescription_lang_enUS,sql:spell_template.auraDescription,
set,61213,MaxTargetLevel,sql:spell_template.maxTargetLevel,
set,61213,SpellClassSet,sql:spell_template.spellFamilyName,
set,61213,MaxTargets,sql:spell_template.maxAffectedTargets,
set,61213,DefenseType,sql:spell_template.dmgClass,
set,61213,PreventionType,sql:spell_template.preventionType,
set,61213,StanceBarOrder,sql:spell_template.stanceBarOrder,
set,61213,EffectChainAmplitude[0],sql:spell_template.dmgMultiplier1,
set,61213,EffectChainAmplitude[1],sql:spell_template.dmgMultiplier2,
set,61213,EffectChainAmplitude[2],sql:spell_template.dmgMultiplier3,
set,61213,MinFactionID,sql:spell_template.minFactionId,
set,61213,MinReputation,sql:spell_template.minReputation,
set,61213,RequiredAuraVision,sql:spell_template.requiredAuraVision,
insert,61214,,copy:47312,#367 P-2 trainer spell for recipe rank 2
set,61214,CastingTimeIndex,sql:spell_template.castingTimeIndex,
set,61214,RecoveryTime,sql:spell_template.recoveryTime,
set,61214,CategoryRecoveryTime,sql:spell_template.categoryRecoveryTime,
set,61214,ProcChance,sql:spell_template.procChance,
set,61214,ProcCharges,sql:spell_template.procCharges,
set,61214,DurationIndex,sql:spell_template.durationIndex,
set,61214,PowerType,sql:spell_template.powerType,
set,61214,ManaCost,sql:spell_template.manaCost,
set,61214,RangeIndex,sql:spell_template.rangeIndex,
set,61214,Speed,sql:spell_template.speed,
set,61214,CumulativeAura,sql:spell_template.stackAmount,
set,61214,SpellIconID,sql:spell_template.spellIconId,
set,61214,ManaCostPct,sql:spell_template.manaCostPercentage,
set,61214,StartRecoveryCategory,sql:spell_template.startRecoveryCategory,
set,61214,StartRecoveryTime,sql:spell_template.startRecoveryTime,
set,61214,Effect[0],sql:spell_template.effect1,
set,61214,EffectDieSides[0],sql:spell_template.effectDieSides1,
set,61214,EffectBaseDice[0],sql:spell_template.effectBaseDice1,
set,61214,EffectDicePerLevel[0],sql:spell_template.effectDicePerLevel1,
set,61214,EffectRealPointsPerLevel[0],sql:spell_template.effectRealPointsPerLevel1,
set,61214,EffectBasePoints[0],sql:spell_template.effectBasePoints1,
set,61214,EffectAura[0],sql:spell_template.effectApplyAuraName1,
set,61214,EffectRadiusIndex[0],sql:spell_template.effectRadiusIndex1,
set,61214,EffectChainTargets[0],sql:spell_template.effectChainTarget1,
set,61214,EffectMiscValue[0],sql:spell_template.effectMiscValue1,
set,61214,EffectTriggerSpell[0],sql:spell_template.effectTriggerSpell1,
set,61214,EffectPointsPerCombo[0],sql:spell_template.effectPointsPerComboPoint1,
set,61214,Effect[1],sql:spell_template.effect2,
set,61214,EffectDieSides[1],sql:spell_template.effectDieSides2,
set,61214,EffectBaseDice[1],sql:spell_template.effectBaseDice2,
set,61214,EffectDicePerLevel[1],sql:spell_template.effectDicePerLevel2,
set,61214,EffectRealPointsPerLevel[1],sql:spell_template.effectRealPointsPerLevel2,
set,61214,EffectBasePoints[1],sql:spell_template.effectBasePoints2,
set,61214,EffectAura[1],sql:spell_template.effectApplyAuraName2,
set,61214,EffectRadiusIndex[1],sql:spell_template.effectRadiusIndex2,
set,61214,EffectChainTargets[1],sql:spell_template.effectChainTarget2,
set,61214,EffectMiscValue[1],sql:spell_template.effectMiscValue2,
set,61214,EffectTriggerSpell[1],sql:spell_template.effectTriggerSpell2,
set,61214,EffectPointsPerCombo[1],sql:spell_template.effectPointsPerComboPoint2,
set,61214,Effect[2],sql:spell_template.effect3,
set,61214,EffectDieSides[2],sql:spell_template.effectDieSides3,
set,61214,EffectBaseDice[2],sql:spell_template.effectBaseDice3,
set,61214,EffectDicePerLevel[2],sql:spell_template.effectDicePerLevel3,
set,61214,EffectRealPointsPerLevel[2],sql:spell_template.effectRealPointsPerLevel3,
set,61214,EffectBasePoints[2],sql:spell_template.effectBasePoints3,
set,61214,EffectAura[2],sql:spell_template.effectApplyAuraName3,
set,61214,EffectRadiusIndex[2],sql:spell_template.effectRadiusIndex3,
set,61214,EffectChainTargets[2],sql:spell_template.effectChainTarget3,
set,61214,EffectMiscValue[2],sql:spell_template.effectMiscValue3,
set,61214,EffectTriggerSpell[2],sql:spell_template.effectTriggerSpell3,
set,61214,EffectPointsPerCombo[2],sql:spell_template.effectPointsPerComboPoint3,
set,61214,EffectAuraPeriod[0],sql:spell_template.effectAmplitude1,
set,61214,EffectAmplitude[0],sql:spell_template.effectMultipleValue1,
set,61214,ImplicitTargetA[0],sql:spell_template.effectImplicitTargetA1,
set,61214,ImplicitTargetB[0],sql:spell_template.effectImplicitTargetB1,
set,61214,EffectItemType[0],sql:spell_template.effectItemType1,
set,61214,EffectAuraPeriod[1],sql:spell_template.effectAmplitude2,
set,61214,EffectAmplitude[1],sql:spell_template.effectMultipleValue2,
set,61214,ImplicitTargetA[1],sql:spell_template.effectImplicitTargetA2,
set,61214,ImplicitTargetB[1],sql:spell_template.effectImplicitTargetB2,
set,61214,EffectItemType[1],sql:spell_template.effectItemType2,
set,61214,EffectAuraPeriod[2],sql:spell_template.effectAmplitude3,
set,61214,EffectAmplitude[2],sql:spell_template.effectMultipleValue3,
set,61214,ImplicitTargetA[2],sql:spell_template.effectImplicitTargetA3,
set,61214,ImplicitTargetB[2],sql:spell_template.effectImplicitTargetB3,
set,61214,EffectItemType[2],sql:spell_template.effectItemType3,
set,61214,School,sql:spell_template.school,
set,61214,Attributes,sql:spell_template.attributes,
set,61214,AttributesEx,sql:spell_template.attributesEx,
set,61214,AttributesExB,sql:spell_template.attributesEx2,
set,61214,AttributesExC,sql:spell_template.attributesEx3,
set,61214,AttributesExD,sql:spell_template.attributesEx4,
set,61214,Category,sql:spell_template.category,
set,61214,CastUI,sql:spell_template.castUI,
set,61214,DispelType,sql:spell_template.dispel,
set,61214,Mechanic,sql:spell_template.mechanic,
set,61214,ShapeshiftMask,sql:spell_template.stances,
set,61214,ShapeshiftExclude,sql:spell_template.stancesNot,
set,61214,Targets,sql:spell_template.targets,
set,61214,TargetCreatureType,sql:spell_template.targetCreatureType,
set,61214,RequiresSpellFocus,sql:spell_template.requiresSpellFocus,
set,61214,CasterAuraState,sql:spell_template.casterAuraState,
set,61214,TargetAuraState,sql:spell_template.targetAuraState,
set,61214,InterruptFlags,sql:spell_template.interruptFlags,
set,61214,AuraInterruptFlags,sql:spell_template.auraInterruptFlags,
set,61214,ChannelInterruptFlags,sql:spell_template.channelInterruptFlags,
set,61214,ProcFlags,sql:spell_template.procFlags,
set,61214,MaxLevel,sql:spell_template.maxLevel,
set,61214,BaseLevel,sql:spell_template.baseLevel,
set,61214,SpellLevel,sql:spell_template.spellLevel,
set,61214,ManaCostPerLevel,sql:spell_template.manCostPerLevel,
set,61214,ManaPerSecond,sql:spell_template.manaPerSecond,
set,61214,ManaPerSecondPerLevel,sql:spell_template.manaPerSecondPerLevel,
set,61214,ModalNextSpell,sql:spell_template.modelNextSpell,
set,61214,Totem[0],sql:spell_template.totem1,
set,61214,Totem[1],sql:spell_template.totem2,
set,61214,Reagent[0],sql:spell_template.reagent1,
set,61214,Reagent[1],sql:spell_template.reagent2,
set,61214,Reagent[2],sql:spell_template.reagent3,
set,61214,Reagent[3],sql:spell_template.reagent4,
set,61214,Reagent[4],sql:spell_template.reagent5,
set,61214,Reagent[5],sql:spell_template.reagent6,
set,61214,Reagent[6],sql:spell_template.reagent7,
set,61214,Reagent[7],sql:spell_template.reagent8,
set,61214,ReagentCount[0],sql:spell_template.reagentCount1,
set,61214,ReagentCount[1],sql:spell_template.reagentCount2,
set,61214,ReagentCount[2],sql:spell_template.reagentCount3,
set,61214,ReagentCount[3],sql:spell_template.reagentCount4,
set,61214,ReagentCount[4],sql:spell_template.reagentCount5,
set,61214,ReagentCount[5],sql:spell_template.reagentCount6,
set,61214,ReagentCount[6],sql:spell_template.reagentCount7,
set,61214,ReagentCount[7],sql:spell_template.reagentCount8,
set,61214,EquippedItemClass,sql:spell_template.equippedItemClass,
set,61214,EquippedItemSubclass,sql:spell_template.equippedItemSubClassMask,
set,61214,EquippedItemInvTypes,sql:spell_template.equippedItemInventoryTypeMask,
set,61214,EffectMechanic[0],sql:spell_template.effectMechanic1,
set,61214,EffectMechanic[1],sql:spell_template.effectMechanic2,
set,61214,EffectMechanic[2],sql:spell_template.effectMechanic3,
set,61214,SpellVisualID[0],sql:spell_template.spellVisual1,
set,61214,SpellVisualID[1],sql:spell_template.spellVisual2,
set,61214,ActiveIconID,sql:spell_template.activeIconId,
set,61214,SpellPriority,sql:spell_template.spellPriority,
set,61214,Name_lang_enUS,sql:spell_template.name,
set,61214,NameSubtext_lang_enUS,sql:spell_template.nameSubtext,
set,61214,Description_lang_enUS,sql:spell_template.description,
set,61214,AuraDescription_lang_enUS,sql:spell_template.auraDescription,
set,61214,MaxTargetLevel,sql:spell_template.maxTargetLevel,
set,61214,SpellClassSet,sql:spell_template.spellFamilyName,
set,61214,MaxTargets,sql:spell_template.maxAffectedTargets,
set,61214,DefenseType,sql:spell_template.dmgClass,
set,61214,PreventionType,sql:spell_template.preventionType,
set,61214,StanceBarOrder,sql:spell_template.stanceBarOrder,
set,61214,EffectChainAmplitude[0],sql:spell_template.dmgMultiplier1,
set,61214,EffectChainAmplitude[1],sql:spell_template.dmgMultiplier2,
set,61214,EffectChainAmplitude[2],sql:spell_template.dmgMultiplier3,
set,61214,MinFactionID,sql:spell_template.minFactionId,
set,61214,MinReputation,sql:spell_template.minReputation,
set,61214,RequiredAuraVision,sql:spell_template.requiredAuraVision,
insert,61215,,copy:47312,#367 P-2 trainer spell for recipe rank 3
set,61215,CastingTimeIndex,sql:spell_template.castingTimeIndex,
set,61215,RecoveryTime,sql:spell_template.recoveryTime,
set,61215,CategoryRecoveryTime,sql:spell_template.categoryRecoveryTime,
set,61215,ProcChance,sql:spell_template.procChance,
set,61215,ProcCharges,sql:spell_template.procCharges,
set,61215,DurationIndex,sql:spell_template.durationIndex,
set,61215,PowerType,sql:spell_template.powerType,
set,61215,ManaCost,sql:spell_template.manaCost,
set,61215,RangeIndex,sql:spell_template.rangeIndex,
set,61215,Speed,sql:spell_template.speed,
set,61215,CumulativeAura,sql:spell_template.stackAmount,
set,61215,SpellIconID,sql:spell_template.spellIconId,
set,61215,ManaCostPct,sql:spell_template.manaCostPercentage,
set,61215,StartRecoveryCategory,sql:spell_template.startRecoveryCategory,
set,61215,StartRecoveryTime,sql:spell_template.startRecoveryTime,
set,61215,Effect[0],sql:spell_template.effect1,
set,61215,EffectDieSides[0],sql:spell_template.effectDieSides1,
set,61215,EffectBaseDice[0],sql:spell_template.effectBaseDice1,
set,61215,EffectDicePerLevel[0],sql:spell_template.effectDicePerLevel1,
set,61215,EffectRealPointsPerLevel[0],sql:spell_template.effectRealPointsPerLevel1,
set,61215,EffectBasePoints[0],sql:spell_template.effectBasePoints1,
set,61215,EffectAura[0],sql:spell_template.effectApplyAuraName1,
set,61215,EffectRadiusIndex[0],sql:spell_template.effectRadiusIndex1,
set,61215,EffectChainTargets[0],sql:spell_template.effectChainTarget1,
set,61215,EffectMiscValue[0],sql:spell_template.effectMiscValue1,
set,61215,EffectTriggerSpell[0],sql:spell_template.effectTriggerSpell1,
set,61215,EffectPointsPerCombo[0],sql:spell_template.effectPointsPerComboPoint1,
set,61215,Effect[1],sql:spell_template.effect2,
set,61215,EffectDieSides[1],sql:spell_template.effectDieSides2,
set,61215,EffectBaseDice[1],sql:spell_template.effectBaseDice2,
set,61215,EffectDicePerLevel[1],sql:spell_template.effectDicePerLevel2,
set,61215,EffectRealPointsPerLevel[1],sql:spell_template.effectRealPointsPerLevel2,
set,61215,EffectBasePoints[1],sql:spell_template.effectBasePoints2,
set,61215,EffectAura[1],sql:spell_template.effectApplyAuraName2,
set,61215,EffectRadiusIndex[1],sql:spell_template.effectRadiusIndex2,
set,61215,EffectChainTargets[1],sql:spell_template.effectChainTarget2,
set,61215,EffectMiscValue[1],sql:spell_template.effectMiscValue2,
set,61215,EffectTriggerSpell[1],sql:spell_template.effectTriggerSpell2,
set,61215,EffectPointsPerCombo[1],sql:spell_template.effectPointsPerComboPoint2,
set,61215,Effect[2],sql:spell_template.effect3,
set,61215,EffectDieSides[2],sql:spell_template.effectDieSides3,
set,61215,EffectBaseDice[2],sql:spell_template.effectBaseDice3,
set,61215,EffectDicePerLevel[2],sql:spell_template.effectDicePerLevel3,
set,61215,EffectRealPointsPerLevel[2],sql:spell_template.effectRealPointsPerLevel3,
set,61215,EffectBasePoints[2],sql:spell_template.effectBasePoints3,
set,61215,EffectAura[2],sql:spell_template.effectApplyAuraName3,
set,61215,EffectRadiusIndex[2],sql:spell_template.effectRadiusIndex3,
set,61215,EffectChainTargets[2],sql:spell_template.effectChainTarget3,
set,61215,EffectMiscValue[2],sql:spell_template.effectMiscValue3,
set,61215,EffectTriggerSpell[2],sql:spell_template.effectTriggerSpell3,
set,61215,EffectPointsPerCombo[2],sql:spell_template.effectPointsPerComboPoint3,
set,61215,EffectAuraPeriod[0],sql:spell_template.effectAmplitude1,
set,61215,EffectAmplitude[0],sql:spell_template.effectMultipleValue1,
set,61215,ImplicitTargetA[0],sql:spell_template.effectImplicitTargetA1,
set,61215,ImplicitTargetB[0],sql:spell_template.effectImplicitTargetB1,
set,61215,EffectItemType[0],sql:spell_template.effectItemType1,
set,61215,EffectAuraPeriod[1],sql:spell_template.effectAmplitude2,
set,61215,EffectAmplitude[1],sql:spell_template.effectMultipleValue2,
set,61215,ImplicitTargetA[1],sql:spell_template.effectImplicitTargetA2,
set,61215,ImplicitTargetB[1],sql:spell_template.effectImplicitTargetB2,
set,61215,EffectItemType[1],sql:spell_template.effectItemType2,
set,61215,EffectAuraPeriod[2],sql:spell_template.effectAmplitude3,
set,61215,EffectAmplitude[2],sql:spell_template.effectMultipleValue3,
set,61215,ImplicitTargetA[2],sql:spell_template.effectImplicitTargetA3,
set,61215,ImplicitTargetB[2],sql:spell_template.effectImplicitTargetB3,
set,61215,EffectItemType[2],sql:spell_template.effectItemType3,
set,61215,School,sql:spell_template.school,
set,61215,Attributes,sql:spell_template.attributes,
set,61215,AttributesEx,sql:spell_template.attributesEx,
set,61215,AttributesExB,sql:spell_template.attributesEx2,
set,61215,AttributesExC,sql:spell_template.attributesEx3,
set,61215,AttributesExD,sql:spell_template.attributesEx4,
set,61215,Category,sql:spell_template.category,
set,61215,CastUI,sql:spell_template.castUI,
set,61215,DispelType,sql:spell_template.dispel,
set,61215,Mechanic,sql:spell_template.mechanic,
set,61215,ShapeshiftMask,sql:spell_template.stances,
set,61215,ShapeshiftExclude,sql:spell_template.stancesNot,
set,61215,Targets,sql:spell_template.targets,
set,61215,TargetCreatureType,sql:spell_template.targetCreatureType,
set,61215,RequiresSpellFocus,sql:spell_template.requiresSpellFocus,
set,61215,CasterAuraState,sql:spell_template.casterAuraState,
set,61215,TargetAuraState,sql:spell_template.targetAuraState,
set,61215,InterruptFlags,sql:spell_template.interruptFlags,
set,61215,AuraInterruptFlags,sql:spell_template.auraInterruptFlags,
set,61215,ChannelInterruptFlags,sql:spell_template.channelInterruptFlags,
set,61215,ProcFlags,sql:spell_template.procFlags,
set,61215,MaxLevel,sql:spell_template.maxLevel,
set,61215,BaseLevel,sql:spell_template.baseLevel,
set,61215,SpellLevel,sql:spell_template.spellLevel,
set,61215,ManaCostPerLevel,sql:spell_template.manCostPerLevel,
set,61215,ManaPerSecond,sql:spell_template.manaPerSecond,
set,61215,ManaPerSecondPerLevel,sql:spell_template.manaPerSecondPerLevel,
set,61215,ModalNextSpell,sql:spell_template.modelNextSpell,
set,61215,Totem[0],sql:spell_template.totem1,
set,61215,Totem[1],sql:spell_template.totem2,
set,61215,Reagent[0],sql:spell_template.reagent1,
set,61215,Reagent[1],sql:spell_template.reagent2,
set,61215,Reagent[2],sql:spell_template.reagent3,
set,61215,Reagent[3],sql:spell_template.reagent4,
set,61215,Reagent[4],sql:spell_template.reagent5,
set,61215,Reagent[5],sql:spell_template.reagent6,
set,61215,Reagent[6],sql:spell_template.reagent7,
set,61215,Reagent[7],sql:spell_template.reagent8,
set,61215,ReagentCount[0],sql:spell_template.reagentCount1,
set,61215,ReagentCount[1],sql:spell_template.reagentCount2,
set,61215,ReagentCount[2],sql:spell_template.reagentCount3,
set,61215,ReagentCount[3],sql:spell_template.reagentCount4,
set,61215,ReagentCount[4],sql:spell_template.reagentCount5,
set,61215,ReagentCount[5],sql:spell_template.reagentCount6,
set,61215,ReagentCount[6],sql:spell_template.reagentCount7,
set,61215,ReagentCount[7],sql:spell_template.reagentCount8,
set,61215,EquippedItemClass,sql:spell_template.equippedItemClass,
set,61215,EquippedItemSubclass,sql:spell_template.equippedItemSubClassMask,
set,61215,EquippedItemInvTypes,sql:spell_template.equippedItemInventoryTypeMask,
set,61215,EffectMechanic[0],sql:spell_template.effectMechanic1,
set,61215,EffectMechanic[1],sql:spell_template.effectMechanic2,
set,61215,EffectMechanic[2],sql:spell_template.effectMechanic3,
set,61215,SpellVisualID[0],sql:spell_template.spellVisual1,
set,61215,SpellVisualID[1],sql:spell_template.spellVisual2,
set,61215,ActiveIconID,sql:spell_template.activeIconId,
set,61215,SpellPriority,sql:spell_template.spellPriority,
set,61215,Name_lang_enUS,sql:spell_template.name,
set,61215,NameSubtext_lang_enUS,sql:spell_template.nameSubtext,
set,61215,Description_lang_enUS,sql:spell_template.description,
set,61215,AuraDescription_lang_enUS,sql:spell_template.auraDescription,
set,61215,MaxTargetLevel,sql:spell_template.maxTargetLevel,
set,61215,SpellClassSet,sql:spell_template.spellFamilyName,
set,61215,MaxTargets,sql:spell_template.maxAffectedTargets,
set,61215,DefenseType,sql:spell_template.dmgClass,
set,61215,PreventionType,sql:spell_template.preventionType,
set,61215,StanceBarOrder,sql:spell_template.stanceBarOrder,
set,61215,EffectChainAmplitude[0],sql:spell_template.dmgMultiplier1,
set,61215,EffectChainAmplitude[1],sql:spell_template.dmgMultiplier2,
set,61215,EffectChainAmplitude[2],sql:spell_template.dmgMultiplier3,
set,61215,MinFactionID,sql:spell_template.minFactionId,
set,61215,MinReputation,sql:spell_template.minReputation,
set,61215,RequiredAuraVision,sql:spell_template.requiredAuraVision,
insert,61216,,copy:47312,#367 P-2 trainer spell for recipe rank 4
set,61216,CastingTimeIndex,sql:spell_template.castingTimeIndex,
set,61216,RecoveryTime,sql:spell_template.recoveryTime,
set,61216,CategoryRecoveryTime,sql:spell_template.categoryRecoveryTime,
set,61216,ProcChance,sql:spell_template.procChance,
set,61216,ProcCharges,sql:spell_template.procCharges,
set,61216,DurationIndex,sql:spell_template.durationIndex,
set,61216,PowerType,sql:spell_template.powerType,
set,61216,ManaCost,sql:spell_template.manaCost,
set,61216,RangeIndex,sql:spell_template.rangeIndex,
set,61216,Speed,sql:spell_template.speed,
set,61216,CumulativeAura,sql:spell_template.stackAmount,
set,61216,SpellIconID,sql:spell_template.spellIconId,
set,61216,ManaCostPct,sql:spell_template.manaCostPercentage,
set,61216,StartRecoveryCategory,sql:spell_template.startRecoveryCategory,
set,61216,StartRecoveryTime,sql:spell_template.startRecoveryTime,
set,61216,Effect[0],sql:spell_template.effect1,
set,61216,EffectDieSides[0],sql:spell_template.effectDieSides1,
set,61216,EffectBaseDice[0],sql:spell_template.effectBaseDice1,
set,61216,EffectDicePerLevel[0],sql:spell_template.effectDicePerLevel1,
set,61216,EffectRealPointsPerLevel[0],sql:spell_template.effectRealPointsPerLevel1,
set,61216,EffectBasePoints[0],sql:spell_template.effectBasePoints1,
set,61216,EffectAura[0],sql:spell_template.effectApplyAuraName1,
set,61216,EffectRadiusIndex[0],sql:spell_template.effectRadiusIndex1,
set,61216,EffectChainTargets[0],sql:spell_template.effectChainTarget1,
set,61216,EffectMiscValue[0],sql:spell_template.effectMiscValue1,
set,61216,EffectTriggerSpell[0],sql:spell_template.effectTriggerSpell1,
set,61216,EffectPointsPerCombo[0],sql:spell_template.effectPointsPerComboPoint1,
set,61216,Effect[1],sql:spell_template.effect2,
set,61216,EffectDieSides[1],sql:spell_template.effectDieSides2,
set,61216,EffectBaseDice[1],sql:spell_template.effectBaseDice2,
set,61216,EffectDicePerLevel[1],sql:spell_template.effectDicePerLevel2,
set,61216,EffectRealPointsPerLevel[1],sql:spell_template.effectRealPointsPerLevel2,
set,61216,EffectBasePoints[1],sql:spell_template.effectBasePoints2,
set,61216,EffectAura[1],sql:spell_template.effectApplyAuraName2,
set,61216,EffectRadiusIndex[1],sql:spell_template.effectRadiusIndex2,
set,61216,EffectChainTargets[1],sql:spell_template.effectChainTarget2,
set,61216,EffectMiscValue[1],sql:spell_template.effectMiscValue2,
set,61216,EffectTriggerSpell[1],sql:spell_template.effectTriggerSpell2,
set,61216,EffectPointsPerCombo[1],sql:spell_template.effectPointsPerComboPoint2,
set,61216,Effect[2],sql:spell_template.effect3,
set,61216,EffectDieSides[2],sql:spell_template.effectDieSides3,
set,61216,EffectBaseDice[2],sql:spell_template.effectBaseDice3,
set,61216,EffectDicePerLevel[2],sql:spell_template.effectDicePerLevel3,
set,61216,EffectRealPointsPerLevel[2],sql:spell_template.effectRealPointsPerLevel3,
set,61216,EffectBasePoints[2],sql:spell_template.effectBasePoints3,
set,61216,EffectAura[2],sql:spell_template.effectApplyAuraName3,
set,61216,EffectRadiusIndex[2],sql:spell_template.effectRadiusIndex3,
set,61216,EffectChainTargets[2],sql:spell_template.effectChainTarget3,
set,61216,EffectMiscValue[2],sql:spell_template.effectMiscValue3,
set,61216,EffectTriggerSpell[2],sql:spell_template.effectTriggerSpell3,
set,61216,EffectPointsPerCombo[2],sql:spell_template.effectPointsPerComboPoint3,
set,61216,EffectAuraPeriod[0],sql:spell_template.effectAmplitude1,
set,61216,EffectAmplitude[0],sql:spell_template.effectMultipleValue1,
set,61216,ImplicitTargetA[0],sql:spell_template.effectImplicitTargetA1,
set,61216,ImplicitTargetB[0],sql:spell_template.effectImplicitTargetB1,
set,61216,EffectItemType[0],sql:spell_template.effectItemType1,
set,61216,EffectAuraPeriod[1],sql:spell_template.effectAmplitude2,
set,61216,EffectAmplitude[1],sql:spell_template.effectMultipleValue2,
set,61216,ImplicitTargetA[1],sql:spell_template.effectImplicitTargetA2,
set,61216,ImplicitTargetB[1],sql:spell_template.effectImplicitTargetB2,
set,61216,EffectItemType[1],sql:spell_template.effectItemType2,
set,61216,EffectAuraPeriod[2],sql:spell_template.effectAmplitude3,
set,61216,EffectAmplitude[2],sql:spell_template.effectMultipleValue3,
set,61216,ImplicitTargetA[2],sql:spell_template.effectImplicitTargetA3,
set,61216,ImplicitTargetB[2],sql:spell_template.effectImplicitTargetB3,
set,61216,EffectItemType[2],sql:spell_template.effectItemType3,
set,61216,School,sql:spell_template.school,
set,61216,Attributes,sql:spell_template.attributes,
set,61216,AttributesEx,sql:spell_template.attributesEx,
set,61216,AttributesExB,sql:spell_template.attributesEx2,
set,61216,AttributesExC,sql:spell_template.attributesEx3,
set,61216,AttributesExD,sql:spell_template.attributesEx4,
set,61216,Category,sql:spell_template.category,
set,61216,CastUI,sql:spell_template.castUI,
set,61216,DispelType,sql:spell_template.dispel,
set,61216,Mechanic,sql:spell_template.mechanic,
set,61216,ShapeshiftMask,sql:spell_template.stances,
set,61216,ShapeshiftExclude,sql:spell_template.stancesNot,
set,61216,Targets,sql:spell_template.targets,
set,61216,TargetCreatureType,sql:spell_template.targetCreatureType,
set,61216,RequiresSpellFocus,sql:spell_template.requiresSpellFocus,
set,61216,CasterAuraState,sql:spell_template.casterAuraState,
set,61216,TargetAuraState,sql:spell_template.targetAuraState,
set,61216,InterruptFlags,sql:spell_template.interruptFlags,
set,61216,AuraInterruptFlags,sql:spell_template.auraInterruptFlags,
set,61216,ChannelInterruptFlags,sql:spell_template.channelInterruptFlags,
set,61216,ProcFlags,sql:spell_template.procFlags,
set,61216,MaxLevel,sql:spell_template.maxLevel,
set,61216,BaseLevel,sql:spell_template.baseLevel,
set,61216,SpellLevel,sql:spell_template.spellLevel,
set,61216,ManaCostPerLevel,sql:spell_template.manCostPerLevel,
set,61216,ManaPerSecond,sql:spell_template.manaPerSecond,
set,61216,ManaPerSecondPerLevel,sql:spell_template.manaPerSecondPerLevel,
set,61216,ModalNextSpell,sql:spell_template.modelNextSpell,
set,61216,Totem[0],sql:spell_template.totem1,
set,61216,Totem[1],sql:spell_template.totem2,
set,61216,Reagent[0],sql:spell_template.reagent1,
set,61216,Reagent[1],sql:spell_template.reagent2,
set,61216,Reagent[2],sql:spell_template.reagent3,
set,61216,Reagent[3],sql:spell_template.reagent4,
set,61216,Reagent[4],sql:spell_template.reagent5,
set,61216,Reagent[5],sql:spell_template.reagent6,
set,61216,Reagent[6],sql:spell_template.reagent7,
set,61216,Reagent[7],sql:spell_template.reagent8,
set,61216,ReagentCount[0],sql:spell_template.reagentCount1,
set,61216,ReagentCount[1],sql:spell_template.reagentCount2,
set,61216,ReagentCount[2],sql:spell_template.reagentCount3,
set,61216,ReagentCount[3],sql:spell_template.reagentCount4,
set,61216,ReagentCount[4],sql:spell_template.reagentCount5,
set,61216,ReagentCount[5],sql:spell_template.reagentCount6,
set,61216,ReagentCount[6],sql:spell_template.reagentCount7,
set,61216,ReagentCount[7],sql:spell_template.reagentCount8,
set,61216,EquippedItemClass,sql:spell_template.equippedItemClass,
set,61216,EquippedItemSubclass,sql:spell_template.equippedItemSubClassMask,
set,61216,EquippedItemInvTypes,sql:spell_template.equippedItemInventoryTypeMask,
set,61216,EffectMechanic[0],sql:spell_template.effectMechanic1,
set,61216,EffectMechanic[1],sql:spell_template.effectMechanic2,
set,61216,EffectMechanic[2],sql:spell_template.effectMechanic3,
set,61216,SpellVisualID[0],sql:spell_template.spellVisual1,
set,61216,SpellVisualID[1],sql:spell_template.spellVisual2,
set,61216,ActiveIconID,sql:spell_template.activeIconId,
set,61216,SpellPriority,sql:spell_template.spellPriority,
set,61216,Name_lang_enUS,sql:spell_template.name,
set,61216,NameSubtext_lang_enUS,sql:spell_template.nameSubtext,
set,61216,Description_lang_enUS,sql:spell_template.description,
set,61216,AuraDescription_lang_enUS,sql:spell_template.auraDescription,
set,61216,MaxTargetLevel,sql:spell_template.maxTargetLevel,
set,61216,SpellClassSet,sql:spell_template.spellFamilyName,
set,61216,MaxTargets,sql:spell_template.maxAffectedTargets,
set,61216,DefenseType,sql:spell_template.dmgClass,
set,61216,PreventionType,sql:spell_template.preventionType,
set,61216,StanceBarOrder,sql:spell_template.stanceBarOrder,
set,61216,EffectChainAmplitude[0],sql:spell_template.dmgMultiplier1,
set,61216,EffectChainAmplitude[1],sql:spell_template.dmgMultiplier2,
set,61216,EffectChainAmplitude[2],sql:spell_template.dmgMultiplier3,
set,61216,MinFactionID,sql:spell_template.minFactionId,
set,61216,MinReputation,sql:spell_template.minReputation,
set,61216,RequiredAuraVision,sql:spell_template.requiredAuraVision,
insert,61217,,copy:47312,#367 P-1 trainer spell Spit
set,61217,CastingTimeIndex,sql:spell_template.castingTimeIndex,
set,61217,RecoveryTime,sql:spell_template.recoveryTime,
set,61217,CategoryRecoveryTime,sql:spell_template.categoryRecoveryTime,
set,61217,ProcChance,sql:spell_template.procChance,
set,61217,ProcCharges,sql:spell_template.procCharges,
set,61217,DurationIndex,sql:spell_template.durationIndex,
set,61217,PowerType,sql:spell_template.powerType,
set,61217,ManaCost,sql:spell_template.manaCost,
set,61217,RangeIndex,sql:spell_template.rangeIndex,
set,61217,Speed,sql:spell_template.speed,
set,61217,CumulativeAura,sql:spell_template.stackAmount,
set,61217,SpellIconID,sql:spell_template.spellIconId,
set,61217,ManaCostPct,sql:spell_template.manaCostPercentage,
set,61217,StartRecoveryCategory,sql:spell_template.startRecoveryCategory,
set,61217,StartRecoveryTime,sql:spell_template.startRecoveryTime,
set,61217,Effect[0],sql:spell_template.effect1,
set,61217,EffectDieSides[0],sql:spell_template.effectDieSides1,
set,61217,EffectBaseDice[0],sql:spell_template.effectBaseDice1,
set,61217,EffectDicePerLevel[0],sql:spell_template.effectDicePerLevel1,
set,61217,EffectRealPointsPerLevel[0],sql:spell_template.effectRealPointsPerLevel1,
set,61217,EffectBasePoints[0],sql:spell_template.effectBasePoints1,
set,61217,EffectAura[0],sql:spell_template.effectApplyAuraName1,
set,61217,EffectRadiusIndex[0],sql:spell_template.effectRadiusIndex1,
set,61217,EffectChainTargets[0],sql:spell_template.effectChainTarget1,
set,61217,EffectMiscValue[0],sql:spell_template.effectMiscValue1,
set,61217,EffectTriggerSpell[0],sql:spell_template.effectTriggerSpell1,
set,61217,EffectPointsPerCombo[0],sql:spell_template.effectPointsPerComboPoint1,
set,61217,Effect[1],sql:spell_template.effect2,
set,61217,EffectDieSides[1],sql:spell_template.effectDieSides2,
set,61217,EffectBaseDice[1],sql:spell_template.effectBaseDice2,
set,61217,EffectDicePerLevel[1],sql:spell_template.effectDicePerLevel2,
set,61217,EffectRealPointsPerLevel[1],sql:spell_template.effectRealPointsPerLevel2,
set,61217,EffectBasePoints[1],sql:spell_template.effectBasePoints2,
set,61217,EffectAura[1],sql:spell_template.effectApplyAuraName2,
set,61217,EffectRadiusIndex[1],sql:spell_template.effectRadiusIndex2,
set,61217,EffectChainTargets[1],sql:spell_template.effectChainTarget2,
set,61217,EffectMiscValue[1],sql:spell_template.effectMiscValue2,
set,61217,EffectTriggerSpell[1],sql:spell_template.effectTriggerSpell2,
set,61217,EffectPointsPerCombo[1],sql:spell_template.effectPointsPerComboPoint2,
set,61217,Effect[2],sql:spell_template.effect3,
set,61217,EffectDieSides[2],sql:spell_template.effectDieSides3,
set,61217,EffectBaseDice[2],sql:spell_template.effectBaseDice3,
set,61217,EffectDicePerLevel[2],sql:spell_template.effectDicePerLevel3,
set,61217,EffectRealPointsPerLevel[2],sql:spell_template.effectRealPointsPerLevel3,
set,61217,EffectBasePoints[2],sql:spell_template.effectBasePoints3,
set,61217,EffectAura[2],sql:spell_template.effectApplyAuraName3,
set,61217,EffectRadiusIndex[2],sql:spell_template.effectRadiusIndex3,
set,61217,EffectChainTargets[2],sql:spell_template.effectChainTarget3,
set,61217,EffectMiscValue[2],sql:spell_template.effectMiscValue3,
set,61217,EffectTriggerSpell[2],sql:spell_template.effectTriggerSpell3,
set,61217,EffectPointsPerCombo[2],sql:spell_template.effectPointsPerComboPoint3,
set,61217,EffectAuraPeriod[0],sql:spell_template.effectAmplitude1,
set,61217,EffectAmplitude[0],sql:spell_template.effectMultipleValue1,
set,61217,ImplicitTargetA[0],sql:spell_template.effectImplicitTargetA1,
set,61217,ImplicitTargetB[0],sql:spell_template.effectImplicitTargetB1,
set,61217,EffectItemType[0],sql:spell_template.effectItemType1,
set,61217,EffectAuraPeriod[1],sql:spell_template.effectAmplitude2,
set,61217,EffectAmplitude[1],sql:spell_template.effectMultipleValue2,
set,61217,ImplicitTargetA[1],sql:spell_template.effectImplicitTargetA2,
set,61217,ImplicitTargetB[1],sql:spell_template.effectImplicitTargetB2,
set,61217,EffectItemType[1],sql:spell_template.effectItemType2,
set,61217,EffectAuraPeriod[2],sql:spell_template.effectAmplitude3,
set,61217,EffectAmplitude[2],sql:spell_template.effectMultipleValue3,
set,61217,ImplicitTargetA[2],sql:spell_template.effectImplicitTargetA3,
set,61217,ImplicitTargetB[2],sql:spell_template.effectImplicitTargetB3,
set,61217,EffectItemType[2],sql:spell_template.effectItemType3,
set,61217,School,sql:spell_template.school,
set,61217,Attributes,sql:spell_template.attributes,
set,61217,AttributesEx,sql:spell_template.attributesEx,
set,61217,AttributesExB,sql:spell_template.attributesEx2,
set,61217,AttributesExC,sql:spell_template.attributesEx3,
set,61217,AttributesExD,sql:spell_template.attributesEx4,
set,61217,Category,sql:spell_template.category,
set,61217,CastUI,sql:spell_template.castUI,
set,61217,DispelType,sql:spell_template.dispel,
set,61217,Mechanic,sql:spell_template.mechanic,
set,61217,ShapeshiftMask,sql:spell_template.stances,
set,61217,ShapeshiftExclude,sql:spell_template.stancesNot,
set,61217,Targets,sql:spell_template.targets,
set,61217,TargetCreatureType,sql:spell_template.targetCreatureType,
set,61217,RequiresSpellFocus,sql:spell_template.requiresSpellFocus,
set,61217,CasterAuraState,sql:spell_template.casterAuraState,
set,61217,TargetAuraState,sql:spell_template.targetAuraState,
set,61217,InterruptFlags,sql:spell_template.interruptFlags,
set,61217,AuraInterruptFlags,sql:spell_template.auraInterruptFlags,
set,61217,ChannelInterruptFlags,sql:spell_template.channelInterruptFlags,
set,61217,ProcFlags,sql:spell_template.procFlags,
set,61217,MaxLevel,sql:spell_template.maxLevel,
set,61217,BaseLevel,sql:spell_template.baseLevel,
set,61217,SpellLevel,sql:spell_template.spellLevel,
set,61217,ManaCostPerLevel,sql:spell_template.manCostPerLevel,
set,61217,ManaPerSecond,sql:spell_template.manaPerSecond,
set,61217,ManaPerSecondPerLevel,sql:spell_template.manaPerSecondPerLevel,
set,61217,ModalNextSpell,sql:spell_template.modelNextSpell,
set,61217,Totem[0],sql:spell_template.totem1,
set,61217,Totem[1],sql:spell_template.totem2,
set,61217,Reagent[0],sql:spell_template.reagent1,
set,61217,Reagent[1],sql:spell_template.reagent2,
set,61217,Reagent[2],sql:spell_template.reagent3,
set,61217,Reagent[3],sql:spell_template.reagent4,
set,61217,Reagent[4],sql:spell_template.reagent5,
set,61217,Reagent[5],sql:spell_template.reagent6,
set,61217,Reagent[6],sql:spell_template.reagent7,
set,61217,Reagent[7],sql:spell_template.reagent8,
set,61217,ReagentCount[0],sql:spell_template.reagentCount1,
set,61217,ReagentCount[1],sql:spell_template.reagentCount2,
set,61217,ReagentCount[2],sql:spell_template.reagentCount3,
set,61217,ReagentCount[3],sql:spell_template.reagentCount4,
set,61217,ReagentCount[4],sql:spell_template.reagentCount5,
set,61217,ReagentCount[5],sql:spell_template.reagentCount6,
set,61217,ReagentCount[6],sql:spell_template.reagentCount7,
set,61217,ReagentCount[7],sql:spell_template.reagentCount8,
set,61217,EquippedItemClass,sql:spell_template.equippedItemClass,
set,61217,EquippedItemSubclass,sql:spell_template.equippedItemSubClassMask,
set,61217,EquippedItemInvTypes,sql:spell_template.equippedItemInventoryTypeMask,
set,61217,EffectMechanic[0],sql:spell_template.effectMechanic1,
set,61217,EffectMechanic[1],sql:spell_template.effectMechanic2,
set,61217,EffectMechanic[2],sql:spell_template.effectMechanic3,
set,61217,SpellVisualID[0],sql:spell_template.spellVisual1,
set,61217,SpellVisualID[1],sql:spell_template.spellVisual2,
set,61217,ActiveIconID,sql:spell_template.activeIconId,
set,61217,SpellPriority,sql:spell_template.spellPriority,
set,61217,Name_lang_enUS,sql:spell_template.name,
set,61217,NameSubtext_lang_enUS,sql:spell_template.nameSubtext,
set,61217,Description_lang_enUS,sql:spell_template.description,
set,61217,AuraDescription_lang_enUS,sql:spell_template.auraDescription,
set,61217,MaxTargetLevel,sql:spell_template.maxTargetLevel,
set,61217,SpellClassSet,sql:spell_template.spellFamilyName,
set,61217,MaxTargets,sql:spell_template.maxAffectedTargets,
set,61217,DefenseType,sql:spell_template.dmgClass,
set,61217,PreventionType,sql:spell_template.preventionType,
set,61217,StanceBarOrder,sql:spell_template.stanceBarOrder,
set,61217,EffectChainAmplitude[0],sql:spell_template.dmgMultiplier1,
set,61217,EffectChainAmplitude[1],sql:spell_template.dmgMultiplier2,
set,61217,EffectChainAmplitude[2],sql:spell_template.dmgMultiplier3,
set,61217,MinFactionID,sql:spell_template.minFactionId,
set,61217,MinReputation,sql:spell_template.minReputation,
set,61217,RequiredAuraVision,sql:spell_template.requiredAuraVision,
insert,61218,,copy:47312,#367 P-1 trainer spell Shadow Dance rank 1
set,61218,CastingTimeIndex,sql:spell_template.castingTimeIndex,
set,61218,RecoveryTime,sql:spell_template.recoveryTime,
set,61218,CategoryRecoveryTime,sql:spell_template.categoryRecoveryTime,
set,61218,ProcChance,sql:spell_template.procChance,
set,61218,ProcCharges,sql:spell_template.procCharges,
set,61218,DurationIndex,sql:spell_template.durationIndex,
set,61218,PowerType,sql:spell_template.powerType,
set,61218,ManaCost,sql:spell_template.manaCost,
set,61218,RangeIndex,sql:spell_template.rangeIndex,
set,61218,Speed,sql:spell_template.speed,
set,61218,CumulativeAura,sql:spell_template.stackAmount,
set,61218,SpellIconID,sql:spell_template.spellIconId,
set,61218,ManaCostPct,sql:spell_template.manaCostPercentage,
set,61218,StartRecoveryCategory,sql:spell_template.startRecoveryCategory,
set,61218,StartRecoveryTime,sql:spell_template.startRecoveryTime,
set,61218,Effect[0],sql:spell_template.effect1,
set,61218,EffectDieSides[0],sql:spell_template.effectDieSides1,
set,61218,EffectBaseDice[0],sql:spell_template.effectBaseDice1,
set,61218,EffectDicePerLevel[0],sql:spell_template.effectDicePerLevel1,
set,61218,EffectRealPointsPerLevel[0],sql:spell_template.effectRealPointsPerLevel1,
set,61218,EffectBasePoints[0],sql:spell_template.effectBasePoints1,
set,61218,EffectAura[0],sql:spell_template.effectApplyAuraName1,
set,61218,EffectRadiusIndex[0],sql:spell_template.effectRadiusIndex1,
set,61218,EffectChainTargets[0],sql:spell_template.effectChainTarget1,
set,61218,EffectMiscValue[0],sql:spell_template.effectMiscValue1,
set,61218,EffectTriggerSpell[0],sql:spell_template.effectTriggerSpell1,
set,61218,EffectPointsPerCombo[0],sql:spell_template.effectPointsPerComboPoint1,
set,61218,Effect[1],sql:spell_template.effect2,
set,61218,EffectDieSides[1],sql:spell_template.effectDieSides2,
set,61218,EffectBaseDice[1],sql:spell_template.effectBaseDice2,
set,61218,EffectDicePerLevel[1],sql:spell_template.effectDicePerLevel2,
set,61218,EffectRealPointsPerLevel[1],sql:spell_template.effectRealPointsPerLevel2,
set,61218,EffectBasePoints[1],sql:spell_template.effectBasePoints2,
set,61218,EffectAura[1],sql:spell_template.effectApplyAuraName2,
set,61218,EffectRadiusIndex[1],sql:spell_template.effectRadiusIndex2,
set,61218,EffectChainTargets[1],sql:spell_template.effectChainTarget2,
set,61218,EffectMiscValue[1],sql:spell_template.effectMiscValue2,
set,61218,EffectTriggerSpell[1],sql:spell_template.effectTriggerSpell2,
set,61218,EffectPointsPerCombo[1],sql:spell_template.effectPointsPerComboPoint2,
set,61218,Effect[2],sql:spell_template.effect3,
set,61218,EffectDieSides[2],sql:spell_template.effectDieSides3,
set,61218,EffectBaseDice[2],sql:spell_template.effectBaseDice3,
set,61218,EffectDicePerLevel[2],sql:spell_template.effectDicePerLevel3,
set,61218,EffectRealPointsPerLevel[2],sql:spell_template.effectRealPointsPerLevel3,
set,61218,EffectBasePoints[2],sql:spell_template.effectBasePoints3,
set,61218,EffectAura[2],sql:spell_template.effectApplyAuraName3,
set,61218,EffectRadiusIndex[2],sql:spell_template.effectRadiusIndex3,
set,61218,EffectChainTargets[2],sql:spell_template.effectChainTarget3,
set,61218,EffectMiscValue[2],sql:spell_template.effectMiscValue3,
set,61218,EffectTriggerSpell[2],sql:spell_template.effectTriggerSpell3,
set,61218,EffectPointsPerCombo[2],sql:spell_template.effectPointsPerComboPoint3,
set,61218,EffectAuraPeriod[0],sql:spell_template.effectAmplitude1,
set,61218,EffectAmplitude[0],sql:spell_template.effectMultipleValue1,
set,61218,ImplicitTargetA[0],sql:spell_template.effectImplicitTargetA1,
set,61218,ImplicitTargetB[0],sql:spell_template.effectImplicitTargetB1,
set,61218,EffectItemType[0],sql:spell_template.effectItemType1,
set,61218,EffectAuraPeriod[1],sql:spell_template.effectAmplitude2,
set,61218,EffectAmplitude[1],sql:spell_template.effectMultipleValue2,
set,61218,ImplicitTargetA[1],sql:spell_template.effectImplicitTargetA2,
set,61218,ImplicitTargetB[1],sql:spell_template.effectImplicitTargetB2,
set,61218,EffectItemType[1],sql:spell_template.effectItemType2,
set,61218,EffectAuraPeriod[2],sql:spell_template.effectAmplitude3,
set,61218,EffectAmplitude[2],sql:spell_template.effectMultipleValue3,
set,61218,ImplicitTargetA[2],sql:spell_template.effectImplicitTargetA3,
set,61218,ImplicitTargetB[2],sql:spell_template.effectImplicitTargetB3,
set,61218,EffectItemType[2],sql:spell_template.effectItemType3,
set,61218,School,sql:spell_template.school,
set,61218,Attributes,sql:spell_template.attributes,
set,61218,AttributesEx,sql:spell_template.attributesEx,
set,61218,AttributesExB,sql:spell_template.attributesEx2,
set,61218,AttributesExC,sql:spell_template.attributesEx3,
set,61218,AttributesExD,sql:spell_template.attributesEx4,
set,61218,Category,sql:spell_template.category,
set,61218,CastUI,sql:spell_template.castUI,
set,61218,DispelType,sql:spell_template.dispel,
set,61218,Mechanic,sql:spell_template.mechanic,
set,61218,ShapeshiftMask,sql:spell_template.stances,
set,61218,ShapeshiftExclude,sql:spell_template.stancesNot,
set,61218,Targets,sql:spell_template.targets,
set,61218,TargetCreatureType,sql:spell_template.targetCreatureType,
set,61218,RequiresSpellFocus,sql:spell_template.requiresSpellFocus,
set,61218,CasterAuraState,sql:spell_template.casterAuraState,
set,61218,TargetAuraState,sql:spell_template.targetAuraState,
set,61218,InterruptFlags,sql:spell_template.interruptFlags,
set,61218,AuraInterruptFlags,sql:spell_template.auraInterruptFlags,
set,61218,ChannelInterruptFlags,sql:spell_template.channelInterruptFlags,
set,61218,ProcFlags,sql:spell_template.procFlags,
set,61218,MaxLevel,sql:spell_template.maxLevel,
set,61218,BaseLevel,sql:spell_template.baseLevel,
set,61218,SpellLevel,sql:spell_template.spellLevel,
set,61218,ManaCostPerLevel,sql:spell_template.manCostPerLevel,
set,61218,ManaPerSecond,sql:spell_template.manaPerSecond,
set,61218,ManaPerSecondPerLevel,sql:spell_template.manaPerSecondPerLevel,
set,61218,ModalNextSpell,sql:spell_template.modelNextSpell,
set,61218,Totem[0],sql:spell_template.totem1,
set,61218,Totem[1],sql:spell_template.totem2,
set,61218,Reagent[0],sql:spell_template.reagent1,
set,61218,Reagent[1],sql:spell_template.reagent2,
set,61218,Reagent[2],sql:spell_template.reagent3,
set,61218,Reagent[3],sql:spell_template.reagent4,
set,61218,Reagent[4],sql:spell_template.reagent5,
set,61218,Reagent[5],sql:spell_template.reagent6,
set,61218,Reagent[6],sql:spell_template.reagent7,
set,61218,Reagent[7],sql:spell_template.reagent8,
set,61218,ReagentCount[0],sql:spell_template.reagentCount1,
set,61218,ReagentCount[1],sql:spell_template.reagentCount2,
set,61218,ReagentCount[2],sql:spell_template.reagentCount3,
set,61218,ReagentCount[3],sql:spell_template.reagentCount4,
set,61218,ReagentCount[4],sql:spell_template.reagentCount5,
set,61218,ReagentCount[5],sql:spell_template.reagentCount6,
set,61218,ReagentCount[6],sql:spell_template.reagentCount7,
set,61218,ReagentCount[7],sql:spell_template.reagentCount8,
set,61218,EquippedItemClass,sql:spell_template.equippedItemClass,
set,61218,EquippedItemSubclass,sql:spell_template.equippedItemSubClassMask,
set,61218,EquippedItemInvTypes,sql:spell_template.equippedItemInventoryTypeMask,
set,61218,EffectMechanic[0],sql:spell_template.effectMechanic1,
set,61218,EffectMechanic[1],sql:spell_template.effectMechanic2,
set,61218,EffectMechanic[2],sql:spell_template.effectMechanic3,
set,61218,SpellVisualID[0],sql:spell_template.spellVisual1,
set,61218,SpellVisualID[1],sql:spell_template.spellVisual2,
set,61218,ActiveIconID,sql:spell_template.activeIconId,
set,61218,SpellPriority,sql:spell_template.spellPriority,
set,61218,Name_lang_enUS,sql:spell_template.name,
set,61218,NameSubtext_lang_enUS,sql:spell_template.nameSubtext,
set,61218,Description_lang_enUS,sql:spell_template.description,
set,61218,AuraDescription_lang_enUS,sql:spell_template.auraDescription,
set,61218,MaxTargetLevel,sql:spell_template.maxTargetLevel,
set,61218,SpellClassSet,sql:spell_template.spellFamilyName,
set,61218,MaxTargets,sql:spell_template.maxAffectedTargets,
set,61218,DefenseType,sql:spell_template.dmgClass,
set,61218,PreventionType,sql:spell_template.preventionType,
set,61218,StanceBarOrder,sql:spell_template.stanceBarOrder,
set,61218,EffectChainAmplitude[0],sql:spell_template.dmgMultiplier1,
set,61218,EffectChainAmplitude[1],sql:spell_template.dmgMultiplier2,
set,61218,EffectChainAmplitude[2],sql:spell_template.dmgMultiplier3,
set,61218,MinFactionID,sql:spell_template.minFactionId,
set,61218,MinReputation,sql:spell_template.minReputation,
set,61218,RequiredAuraVision,sql:spell_template.requiredAuraVision,
insert,61219,,copy:47312,#367 P-1 trainer spell Shadow Dance rank 2
set,61219,CastingTimeIndex,sql:spell_template.castingTimeIndex,
set,61219,RecoveryTime,sql:spell_template.recoveryTime,
set,61219,CategoryRecoveryTime,sql:spell_template.categoryRecoveryTime,
set,61219,ProcChance,sql:spell_template.procChance,
set,61219,ProcCharges,sql:spell_template.procCharges,
set,61219,DurationIndex,sql:spell_template.durationIndex,
set,61219,PowerType,sql:spell_template.powerType,
set,61219,ManaCost,sql:spell_template.manaCost,
set,61219,RangeIndex,sql:spell_template.rangeIndex,
set,61219,Speed,sql:spell_template.speed,
set,61219,CumulativeAura,sql:spell_template.stackAmount,
set,61219,SpellIconID,sql:spell_template.spellIconId,
set,61219,ManaCostPct,sql:spell_template.manaCostPercentage,
set,61219,StartRecoveryCategory,sql:spell_template.startRecoveryCategory,
set,61219,StartRecoveryTime,sql:spell_template.startRecoveryTime,
set,61219,Effect[0],sql:spell_template.effect1,
set,61219,EffectDieSides[0],sql:spell_template.effectDieSides1,
set,61219,EffectBaseDice[0],sql:spell_template.effectBaseDice1,
set,61219,EffectDicePerLevel[0],sql:spell_template.effectDicePerLevel1,
set,61219,EffectRealPointsPerLevel[0],sql:spell_template.effectRealPointsPerLevel1,
set,61219,EffectBasePoints[0],sql:spell_template.effectBasePoints1,
set,61219,EffectAura[0],sql:spell_template.effectApplyAuraName1,
set,61219,EffectRadiusIndex[0],sql:spell_template.effectRadiusIndex1,
set,61219,EffectChainTargets[0],sql:spell_template.effectChainTarget1,
set,61219,EffectMiscValue[0],sql:spell_template.effectMiscValue1,
set,61219,EffectTriggerSpell[0],sql:spell_template.effectTriggerSpell1,
set,61219,EffectPointsPerCombo[0],sql:spell_template.effectPointsPerComboPoint1,
set,61219,Effect[1],sql:spell_template.effect2,
set,61219,EffectDieSides[1],sql:spell_template.effectDieSides2,
set,61219,EffectBaseDice[1],sql:spell_template.effectBaseDice2,
set,61219,EffectDicePerLevel[1],sql:spell_template.effectDicePerLevel2,
set,61219,EffectRealPointsPerLevel[1],sql:spell_template.effectRealPointsPerLevel2,
set,61219,EffectBasePoints[1],sql:spell_template.effectBasePoints2,
set,61219,EffectAura[1],sql:spell_template.effectApplyAuraName2,
set,61219,EffectRadiusIndex[1],sql:spell_template.effectRadiusIndex2,
set,61219,EffectChainTargets[1],sql:spell_template.effectChainTarget2,
set,61219,EffectMiscValue[1],sql:spell_template.effectMiscValue2,
set,61219,EffectTriggerSpell[1],sql:spell_template.effectTriggerSpell2,
set,61219,EffectPointsPerCombo[1],sql:spell_template.effectPointsPerComboPoint2,
set,61219,Effect[2],sql:spell_template.effect3,
set,61219,EffectDieSides[2],sql:spell_template.effectDieSides3,
set,61219,EffectBaseDice[2],sql:spell_template.effectBaseDice3,
set,61219,EffectDicePerLevel[2],sql:spell_template.effectDicePerLevel3,
set,61219,EffectRealPointsPerLevel[2],sql:spell_template.effectRealPointsPerLevel3,
set,61219,EffectBasePoints[2],sql:spell_template.effectBasePoints3,
set,61219,EffectAura[2],sql:spell_template.effectApplyAuraName3,
set,61219,EffectRadiusIndex[2],sql:spell_template.effectRadiusIndex3,
set,61219,EffectChainTargets[2],sql:spell_template.effectChainTarget3,
set,61219,EffectMiscValue[2],sql:spell_template.effectMiscValue3,
set,61219,EffectTriggerSpell[2],sql:spell_template.effectTriggerSpell3,
set,61219,EffectPointsPerCombo[2],sql:spell_template.effectPointsPerComboPoint3,
set,61219,EffectAuraPeriod[0],sql:spell_template.effectAmplitude1,
set,61219,EffectAmplitude[0],sql:spell_template.effectMultipleValue1,
set,61219,ImplicitTargetA[0],sql:spell_template.effectImplicitTargetA1,
set,61219,ImplicitTargetB[0],sql:spell_template.effectImplicitTargetB1,
set,61219,EffectItemType[0],sql:spell_template.effectItemType1,
set,61219,EffectAuraPeriod[1],sql:spell_template.effectAmplitude2,
set,61219,EffectAmplitude[1],sql:spell_template.effectMultipleValue2,
set,61219,ImplicitTargetA[1],sql:spell_template.effectImplicitTargetA2,
set,61219,ImplicitTargetB[1],sql:spell_template.effectImplicitTargetB2,
set,61219,EffectItemType[1],sql:spell_template.effectItemType2,
set,61219,EffectAuraPeriod[2],sql:spell_template.effectAmplitude3,
set,61219,EffectAmplitude[2],sql:spell_template.effectMultipleValue3,
set,61219,ImplicitTargetA[2],sql:spell_template.effectImplicitTargetA3,
set,61219,ImplicitTargetB[2],sql:spell_template.effectImplicitTargetB3,
set,61219,EffectItemType[2],sql:spell_template.effectItemType3,
set,61219,School,sql:spell_template.school,
set,61219,Attributes,sql:spell_template.attributes,
set,61219,AttributesEx,sql:spell_template.attributesEx,
set,61219,AttributesExB,sql:spell_template.attributesEx2,
set,61219,AttributesExC,sql:spell_template.attributesEx3,
set,61219,AttributesExD,sql:spell_template.attributesEx4,
set,61219,Category,sql:spell_template.category,
set,61219,CastUI,sql:spell_template.castUI,
set,61219,DispelType,sql:spell_template.dispel,
set,61219,Mechanic,sql:spell_template.mechanic,
set,61219,ShapeshiftMask,sql:spell_template.stances,
set,61219,ShapeshiftExclude,sql:spell_template.stancesNot,
set,61219,Targets,sql:spell_template.targets,
set,61219,TargetCreatureType,sql:spell_template.targetCreatureType,
set,61219,RequiresSpellFocus,sql:spell_template.requiresSpellFocus,
set,61219,CasterAuraState,sql:spell_template.casterAuraState,
set,61219,TargetAuraState,sql:spell_template.targetAuraState,
set,61219,InterruptFlags,sql:spell_template.interruptFlags,
set,61219,AuraInterruptFlags,sql:spell_template.auraInterruptFlags,
set,61219,ChannelInterruptFlags,sql:spell_template.channelInterruptFlags,
set,61219,ProcFlags,sql:spell_template.procFlags,
set,61219,MaxLevel,sql:spell_template.maxLevel,
set,61219,BaseLevel,sql:spell_template.baseLevel,
set,61219,SpellLevel,sql:spell_template.spellLevel,
set,61219,ManaCostPerLevel,sql:spell_template.manCostPerLevel,
set,61219,ManaPerSecond,sql:spell_template.manaPerSecond,
set,61219,ManaPerSecondPerLevel,sql:spell_template.manaPerSecondPerLevel,
set,61219,ModalNextSpell,sql:spell_template.modelNextSpell,
set,61219,Totem[0],sql:spell_template.totem1,
set,61219,Totem[1],sql:spell_template.totem2,
set,61219,Reagent[0],sql:spell_template.reagent1,
set,61219,Reagent[1],sql:spell_template.reagent2,
set,61219,Reagent[2],sql:spell_template.reagent3,
set,61219,Reagent[3],sql:spell_template.reagent4,
set,61219,Reagent[4],sql:spell_template.reagent5,
set,61219,Reagent[5],sql:spell_template.reagent6,
set,61219,Reagent[6],sql:spell_template.reagent7,
set,61219,Reagent[7],sql:spell_template.reagent8,
set,61219,ReagentCount[0],sql:spell_template.reagentCount1,
set,61219,ReagentCount[1],sql:spell_template.reagentCount2,
set,61219,ReagentCount[2],sql:spell_template.reagentCount3,
set,61219,ReagentCount[3],sql:spell_template.reagentCount4,
set,61219,ReagentCount[4],sql:spell_template.reagentCount5,
set,61219,ReagentCount[5],sql:spell_template.reagentCount6,
set,61219,ReagentCount[6],sql:spell_template.reagentCount7,
set,61219,ReagentCount[7],sql:spell_template.reagentCount8,
set,61219,EquippedItemClass,sql:spell_template.equippedItemClass,
set,61219,EquippedItemSubclass,sql:spell_template.equippedItemSubClassMask,
set,61219,EquippedItemInvTypes,sql:spell_template.equippedItemInventoryTypeMask,
set,61219,EffectMechanic[0],sql:spell_template.effectMechanic1,
set,61219,EffectMechanic[1],sql:spell_template.effectMechanic2,
set,61219,EffectMechanic[2],sql:spell_template.effectMechanic3,
set,61219,SpellVisualID[0],sql:spell_template.spellVisual1,
set,61219,SpellVisualID[1],sql:spell_template.spellVisual2,
set,61219,ActiveIconID,sql:spell_template.activeIconId,
set,61219,SpellPriority,sql:spell_template.spellPriority,
set,61219,Name_lang_enUS,sql:spell_template.name,
set,61219,NameSubtext_lang_enUS,sql:spell_template.nameSubtext,
set,61219,Description_lang_enUS,sql:spell_template.description,
set,61219,AuraDescription_lang_enUS,sql:spell_template.auraDescription,
set,61219,MaxTargetLevel,sql:spell_template.maxTargetLevel,
set,61219,SpellClassSet,sql:spell_template.spellFamilyName,
set,61219,MaxTargets,sql:spell_template.maxAffectedTargets,
set,61219,DefenseType,sql:spell_template.dmgClass,
set,61219,PreventionType,sql:spell_template.preventionType,
set,61219,StanceBarOrder,sql:spell_template.stanceBarOrder,
set,61219,EffectChainAmplitude[0],sql:spell_template.dmgMultiplier1,
set,61219,EffectChainAmplitude[1],sql:spell_template.dmgMultiplier2,
set,61219,EffectChainAmplitude[2],sql:spell_template.dmgMultiplier3,
set,61219,MinFactionID,sql:spell_template.minFactionId,
set,61219,MinReputation,sql:spell_template.minReputation,
set,61219,RequiredAuraVision,sql:spell_template.requiredAuraVision,
insert,61220,,copy:47312,#367 P-1 trainer spell Shadow Dance rank 3
set,61220,CastingTimeIndex,sql:spell_template.castingTimeIndex,
set,61220,RecoveryTime,sql:spell_template.recoveryTime,
set,61220,CategoryRecoveryTime,sql:spell_template.categoryRecoveryTime,
set,61220,ProcChance,sql:spell_template.procChance,
set,61220,ProcCharges,sql:spell_template.procCharges,
set,61220,DurationIndex,sql:spell_template.durationIndex,
set,61220,PowerType,sql:spell_template.powerType,
set,61220,ManaCost,sql:spell_template.manaCost,
set,61220,RangeIndex,sql:spell_template.rangeIndex,
set,61220,Speed,sql:spell_template.speed,
set,61220,CumulativeAura,sql:spell_template.stackAmount,
set,61220,SpellIconID,sql:spell_template.spellIconId,
set,61220,ManaCostPct,sql:spell_template.manaCostPercentage,
set,61220,StartRecoveryCategory,sql:spell_template.startRecoveryCategory,
set,61220,StartRecoveryTime,sql:spell_template.startRecoveryTime,
set,61220,Effect[0],sql:spell_template.effect1,
set,61220,EffectDieSides[0],sql:spell_template.effectDieSides1,
set,61220,EffectBaseDice[0],sql:spell_template.effectBaseDice1,
set,61220,EffectDicePerLevel[0],sql:spell_template.effectDicePerLevel1,
set,61220,EffectRealPointsPerLevel[0],sql:spell_template.effectRealPointsPerLevel1,
set,61220,EffectBasePoints[0],sql:spell_template.effectBasePoints1,
set,61220,EffectAura[0],sql:spell_template.effectApplyAuraName1,
set,61220,EffectRadiusIndex[0],sql:spell_template.effectRadiusIndex1,
set,61220,EffectChainTargets[0],sql:spell_template.effectChainTarget1,
set,61220,EffectMiscValue[0],sql:spell_template.effectMiscValue1,
set,61220,EffectTriggerSpell[0],sql:spell_template.effectTriggerSpell1,
set,61220,EffectPointsPerCombo[0],sql:spell_template.effectPointsPerComboPoint1,
set,61220,Effect[1],sql:spell_template.effect2,
set,61220,EffectDieSides[1],sql:spell_template.effectDieSides2,
set,61220,EffectBaseDice[1],sql:spell_template.effectBaseDice2,
set,61220,EffectDicePerLevel[1],sql:spell_template.effectDicePerLevel2,
set,61220,EffectRealPointsPerLevel[1],sql:spell_template.effectRealPointsPerLevel2,
set,61220,EffectBasePoints[1],sql:spell_template.effectBasePoints2,
set,61220,EffectAura[1],sql:spell_template.effectApplyAuraName2,
set,61220,EffectRadiusIndex[1],sql:spell_template.effectRadiusIndex2,
set,61220,EffectChainTargets[1],sql:spell_template.effectChainTarget2,
set,61220,EffectMiscValue[1],sql:spell_template.effectMiscValue2,
set,61220,EffectTriggerSpell[1],sql:spell_template.effectTriggerSpell2,
set,61220,EffectPointsPerCombo[1],sql:spell_template.effectPointsPerComboPoint2,
set,61220,Effect[2],sql:spell_template.effect3,
set,61220,EffectDieSides[2],sql:spell_template.effectDieSides3,
set,61220,EffectBaseDice[2],sql:spell_template.effectBaseDice3,
set,61220,EffectDicePerLevel[2],sql:spell_template.effectDicePerLevel3,
set,61220,EffectRealPointsPerLevel[2],sql:spell_template.effectRealPointsPerLevel3,
set,61220,EffectBasePoints[2],sql:spell_template.effectBasePoints3,
set,61220,EffectAura[2],sql:spell_template.effectApplyAuraName3,
set,61220,EffectRadiusIndex[2],sql:spell_template.effectRadiusIndex3,
set,61220,EffectChainTargets[2],sql:spell_template.effectChainTarget3,
set,61220,EffectMiscValue[2],sql:spell_template.effectMiscValue3,
set,61220,EffectTriggerSpell[2],sql:spell_template.effectTriggerSpell3,
set,61220,EffectPointsPerCombo[2],sql:spell_template.effectPointsPerComboPoint3,
set,61220,EffectAuraPeriod[0],sql:spell_template.effectAmplitude1,
set,61220,EffectAmplitude[0],sql:spell_template.effectMultipleValue1,
set,61220,ImplicitTargetA[0],sql:spell_template.effectImplicitTargetA1,
set,61220,ImplicitTargetB[0],sql:spell_template.effectImplicitTargetB1,
set,61220,EffectItemType[0],sql:spell_template.effectItemType1,
set,61220,EffectAuraPeriod[1],sql:spell_template.effectAmplitude2,
set,61220,EffectAmplitude[1],sql:spell_template.effectMultipleValue2,
set,61220,ImplicitTargetA[1],sql:spell_template.effectImplicitTargetA2,
set,61220,ImplicitTargetB[1],sql:spell_template.effectImplicitTargetB2,
set,61220,EffectItemType[1],sql:spell_template.effectItemType2,
set,61220,EffectAuraPeriod[2],sql:spell_template.effectAmplitude3,
set,61220,EffectAmplitude[2],sql:spell_template.effectMultipleValue3,
set,61220,ImplicitTargetA[2],sql:spell_template.effectImplicitTargetA3,
set,61220,ImplicitTargetB[2],sql:spell_template.effectImplicitTargetB3,
set,61220,EffectItemType[2],sql:spell_template.effectItemType3,
set,61220,School,sql:spell_template.school,
set,61220,Attributes,sql:spell_template.attributes,
set,61220,AttributesEx,sql:spell_template.attributesEx,
set,61220,AttributesExB,sql:spell_template.attributesEx2,
set,61220,AttributesExC,sql:spell_template.attributesEx3,
set,61220,AttributesExD,sql:spell_template.attributesEx4,
set,61220,Category,sql:spell_template.category,
set,61220,CastUI,sql:spell_template.castUI,
set,61220,DispelType,sql:spell_template.dispel,
set,61220,Mechanic,sql:spell_template.mechanic,
set,61220,ShapeshiftMask,sql:spell_template.stances,
set,61220,ShapeshiftExclude,sql:spell_template.stancesNot,
set,61220,Targets,sql:spell_template.targets,
set,61220,TargetCreatureType,sql:spell_template.targetCreatureType,
set,61220,RequiresSpellFocus,sql:spell_template.requiresSpellFocus,
set,61220,CasterAuraState,sql:spell_template.casterAuraState,
set,61220,TargetAuraState,sql:spell_template.targetAuraState,
set,61220,InterruptFlags,sql:spell_template.interruptFlags,
set,61220,AuraInterruptFlags,sql:spell_template.auraInterruptFlags,
set,61220,ChannelInterruptFlags,sql:spell_template.channelInterruptFlags,
set,61220,ProcFlags,sql:spell_template.procFlags,
set,61220,MaxLevel,sql:spell_template.maxLevel,
set,61220,BaseLevel,sql:spell_template.baseLevel,
set,61220,SpellLevel,sql:spell_template.spellLevel,
set,61220,ManaCostPerLevel,sql:spell_template.manCostPerLevel,
set,61220,ManaPerSecond,sql:spell_template.manaPerSecond,
set,61220,ManaPerSecondPerLevel,sql:spell_template.manaPerSecondPerLevel,
set,61220,ModalNextSpell,sql:spell_template.modelNextSpell,
set,61220,Totem[0],sql:spell_template.totem1,
set,61220,Totem[1],sql:spell_template.totem2,
set,61220,Reagent[0],sql:spell_template.reagent1,
set,61220,Reagent[1],sql:spell_template.reagent2,
set,61220,Reagent[2],sql:spell_template.reagent3,
set,61220,Reagent[3],sql:spell_template.reagent4,
set,61220,Reagent[4],sql:spell_template.reagent5,
set,61220,Reagent[5],sql:spell_template.reagent6,
set,61220,Reagent[6],sql:spell_template.reagent7,
set,61220,Reagent[7],sql:spell_template.reagent8,
set,61220,ReagentCount[0],sql:spell_template.reagentCount1,
set,61220,ReagentCount[1],sql:spell_template.reagentCount2,
set,61220,ReagentCount[2],sql:spell_template.reagentCount3,
set,61220,ReagentCount[3],sql:spell_template.reagentCount4,
set,61220,ReagentCount[4],sql:spell_template.reagentCount5,
set,61220,ReagentCount[5],sql:spell_template.reagentCount6,
set,61220,ReagentCount[6],sql:spell_template.reagentCount7,
set,61220,ReagentCount[7],sql:spell_template.reagentCount8,
set,61220,EquippedItemClass,sql:spell_template.equippedItemClass,
set,61220,EquippedItemSubclass,sql:spell_template.equippedItemSubClassMask,
set,61220,EquippedItemInvTypes,sql:spell_template.equippedItemInventoryTypeMask,
set,61220,EffectMechanic[0],sql:spell_template.effectMechanic1,
set,61220,EffectMechanic[1],sql:spell_template.effectMechanic2,
set,61220,EffectMechanic[2],sql:spell_template.effectMechanic3,
set,61220,SpellVisualID[0],sql:spell_template.spellVisual1,
set,61220,SpellVisualID[1],sql:spell_template.spellVisual2,
set,61220,ActiveIconID,sql:spell_template.activeIconId,
set,61220,SpellPriority,sql:spell_template.spellPriority,
set,61220,Name_lang_enUS,sql:spell_template.name,
set,61220,NameSubtext_lang_enUS,sql:spell_template.nameSubtext,
set,61220,Description_lang_enUS,sql:spell_template.description,
set,61220,AuraDescription_lang_enUS,sql:spell_template.auraDescription,
set,61220,MaxTargetLevel,sql:spell_template.maxTargetLevel,
set,61220,SpellClassSet,sql:spell_template.spellFamilyName,
set,61220,MaxTargets,sql:spell_template.maxAffectedTargets,
set,61220,DefenseType,sql:spell_template.dmgClass,
set,61220,PreventionType,sql:spell_template.preventionType,
set,61220,StanceBarOrder,sql:spell_template.stanceBarOrder,
set,61220,EffectChainAmplitude[0],sql:spell_template.dmgMultiplier1,
set,61220,EffectChainAmplitude[1],sql:spell_template.dmgMultiplier2,
set,61220,EffectChainAmplitude[2],sql:spell_template.dmgMultiplier3,
set,61220,MinFactionID,sql:spell_template.minFactionId,
set,61220,MinReputation,sql:spell_template.minReputation,
set,61220,RequiredAuraVision,sql:spell_template.requiredAuraVision,
