evidence_key	evidence_value
C0_SNAPSHOT_UTC	2026-08-31 15:23:05.007923
TABLE_SCHEMA	TABLE_NAME	COLUMN_NAME	ORDINAL_POSITION	COLUMN_TYPE	IS_NULLABLE	COLUMN_DEFAULT	COLLATION_NAME	COLUMN_KEY	EXTRA
tw_char	ai_playerbot_random_bots	id	1	bigint(20)	NO	NULL	NULL	PRI	auto_increment
tw_char	ai_playerbot_random_bots	owner	2	bigint(20)	NO	NULL	NULL	MUL	
tw_char	ai_playerbot_random_bots	bot	3	bigint(20)	NO	NULL	NULL	MUL	
tw_char	ai_playerbot_random_bots	time	4	bigint(20)	NO	NULL	NULL		
tw_char	ai_playerbot_random_bots	validIn	5	bigint(20)	YES	NULL	NULL		
tw_char	ai_playerbot_random_bots	event	6	varchar(45)	YES	NULL	utf8mb3_general_ci	MUL	
tw_char	ai_playerbot_random_bots	value	7	bigint(20)	YES	NULL	NULL		
tw_char	ai_playerbot_random_bots	data	8	varchar(255)	YES	NULL	utf8mb3_general_ci		
tw_char	characters	guid	1	int(10) unsigned	NO	0	NULL	PRI	
tw_char	characters	account	2	int(10) unsigned	NO	0	NULL	MUL	
tw_char	characters	name	3	varchar(12)	NO	''	utf8mb3_general_ci	MUL	
tw_char	characters	race	4	tinyint(3) unsigned	NO	0	NULL		
tw_char	characters	class	5	tinyint(3) unsigned	NO	0	NULL		
tw_char	characters	gender	6	tinyint(3) unsigned	NO	0	NULL		
tw_char	characters	level	7	tinyint(3) unsigned	NO	0	NULL		
tw_char	characters	xp	8	int(10) unsigned	NO	0	NULL		
tw_char	characters	money	9	int(10) unsigned	NO	0	NULL		
tw_char	characters	playerBytes	10	int(10) unsigned	NO	0	NULL		
tw_char	characters	playerBytes2	11	int(10) unsigned	NO	0	NULL		
tw_char	characters	playerFlags	12	int(10) unsigned	NO	0	NULL		
tw_char	characters	position_x	13	float	NO	0	NULL		
tw_char	characters	position_y	14	float	NO	0	NULL		
tw_char	characters	position_z	15	float	NO	0	NULL		
tw_char	characters	map	16	int(10) unsigned	NO	0	NULL		
tw_char	characters	orientation	17	float	NO	0	NULL		
tw_char	characters	taximask	18	longtext	YES	NULL	utf8mb3_general_ci		
tw_char	characters	online	19	tinyint(3) unsigned	NO	0	NULL	MUL	
tw_char	characters	cinematic	20	tinyint(3) unsigned	NO	0	NULL		
tw_char	characters	totaltime	21	int(10) unsigned	NO	0	NULL		
tw_char	characters	leveltime	22	int(10) unsigned	NO	0	NULL		
tw_char	characters	logout_time	23	bigint(20) unsigned	NO	0	NULL		
tw_char	characters	is_logout_resting	24	tinyint(3) unsigned	NO	0	NULL		
tw_char	characters	rest_bonus	25	float	NO	0	NULL		
tw_char	characters	resettalents_multiplier	26	int(10) unsigned	NO	0	NULL		
tw_char	characters	resettalents_time	27	bigint(20) unsigned	NO	0	NULL		
tw_char	characters	trans_x	28	float	NO	0	NULL		
tw_char	characters	trans_y	29	float	NO	0	NULL		
tw_char	characters	trans_z	30	float	NO	0	NULL		
tw_char	characters	trans_o	31	float	NO	0	NULL		
tw_char	characters	transguid	32	bigint(20) unsigned	NO	0	NULL		
tw_char	characters	extra_flags	33	int(10) unsigned	NO	0	NULL		
tw_char	characters	stable_slots	34	tinyint(1) unsigned	NO	0	NULL		
tw_char	characters	at_login	35	int(10) unsigned	NO	0	NULL		
tw_char	characters	zone	36	int(10) unsigned	NO	0	NULL		
tw_char	characters	death_expire_time	37	bigint(20) unsigned	NO	0	NULL		
tw_char	characters	taxi_path	38	text	YES	NULL	utf8mb3_general_ci		
tw_char	characters	honorRankPoints	39	float	NO	0	NULL		
tw_char	characters	honorHighestRank	40	int(10) unsigned	NO	0	NULL		
tw_char	characters	honorStanding	41	int(10) unsigned	NO	0	NULL		
tw_char	characters	honorLastWeekHK	42	int(10) unsigned	NO	0	NULL		
tw_char	characters	honorLastWeekCP	43	decimal(11,1)	NO	0.0	NULL		
tw_char	characters	honorStoredHK	44	int(11)	NO	0	NULL		
tw_char	characters	honorStoredDK	45	int(11)	NO	0	NULL		
tw_char	characters	watchedFaction	46	int(10) unsigned	NO	0	NULL		
tw_char	characters	drunk	47	smallint(5) unsigned	NO	0	NULL		
tw_char	characters	health	48	int(10) unsigned	NO	0	NULL		
tw_char	characters	power1	49	int(10) unsigned	NO	0	NULL		
tw_char	characters	power2	50	int(10) unsigned	NO	0	NULL		
tw_char	characters	power3	51	int(10) unsigned	NO	0	NULL		
tw_char	characters	power4	52	int(10) unsigned	NO	0	NULL		
tw_char	characters	power5	53	int(10) unsigned	NO	0	NULL		
tw_char	characters	exploredZones	54	longtext	YES	NULL	utf8mb3_general_ci		
tw_char	characters	equipmentCache	55	longtext	YES	NULL	utf8mb3_general_ci		
tw_char	characters	ammoId	56	int(10) unsigned	NO	0	NULL		
tw_char	characters	actionBars	57	tinyint(3) unsigned	NO	0	NULL		
tw_char	characters	deleteInfos_Account	58	int(10) unsigned	YES	NULL	NULL		
tw_char	characters	deleteInfos_Name	59	varchar(12)	YES	NULL	utf8mb3_general_ci		
tw_char	characters	deleteDate	60	bigint(20)	YES	NULL	NULL	MUL	
tw_char	characters	area	61	int(10) unsigned	NO	0	NULL		
tw_char	characters	world_phase_mask	62	int(11)	YES	0	NULL		
tw_char	characters	customFlags	63	int(11)	NO	0	NULL		
tw_char	characters	city_protector	64	tinyint(4)	NO	0	NULL		
tw_char	characters	regexFilterCount	65	int(10) unsigned	NO	0	NULL		
tw_char	characters	isGMCharacter	66	tinyint(1) unsigned	NO	0	NULL		
tw_char	characters	ignore_titles	67	tinyint(4)	NO	0	NULL		
tw_char	characters	mortality_status	68	tinyint(4)	NO	0	NULL		
tw_char	characters	total_deaths	69	int(11)	NO	0	NULL		
tw_char	characters	xp_gain	70	tinyint(3) unsigned	NO	1	NULL		
tw_char	characters	active	71	tinyint(3) unsigned	NO	1	NULL		
tw_char	characters	extraBonusTalentCount	72	int(11)	NO	0	NULL		
tw_char	groups	groupId	1	int(10) unsigned	NO	NULL	NULL	PRI	
tw_char	groups	leaderGuid	2	int(10) unsigned	NO	NULL	NULL	UNI	
tw_char	groups	mainTank	3	int(10) unsigned	NO	NULL	NULL		
tw_char	groups	mainAssistant	4	int(10) unsigned	NO	NULL	NULL		
tw_char	groups	lootMethod	5	tinyint(3) unsigned	NO	NULL	NULL		
tw_char	groups	looterGuid	6	int(10) unsigned	NO	NULL	NULL		
tw_char	groups	lootThreshold	7	tinyint(3) unsigned	NO	NULL	NULL		
tw_char	groups	icon1	8	int(10) unsigned	NO	NULL	NULL		
tw_char	groups	icon2	9	int(10) unsigned	NO	NULL	NULL		
tw_char	groups	icon3	10	int(10) unsigned	NO	NULL	NULL		
tw_char	groups	icon4	11	int(10) unsigned	NO	NULL	NULL		
tw_char	groups	icon5	12	int(10) unsigned	NO	NULL	NULL		
tw_char	groups	icon6	13	int(10) unsigned	NO	NULL	NULL		
tw_char	groups	icon7	14	int(10) unsigned	NO	NULL	NULL		
tw_char	groups	icon8	15	int(10) unsigned	NO	NULL	NULL		
tw_char	groups	isRaid	16	tinyint(1) unsigned	NO	NULL	NULL		
tw_char	group_member	groupId	1	int(10) unsigned	NO	NULL	NULL	PRI	
tw_char	group_member	memberGuid	2	int(10) unsigned	NO	NULL	NULL	PRI	
tw_char	group_member	assistant	3	tinyint(1) unsigned	NO	NULL	NULL		
tw_char	group_member	subgroup	4	smallint(5) unsigned	NO	NULL	NULL		
tw_logon	account	id	1	int(10) unsigned	NO	NULL	NULL	PRI	auto_increment
tw_logon	account	username	2	varchar(32)	NO	NULL	utf8mb3_general_ci	UNI	
tw_logon	account	sha_pass_hash	3	varchar(40)	NO	NULL	utf8mb3_general_ci		
tw_logon	account	rank	4	int(10) unsigned	NO	0	NULL	MUL	
tw_logon	account	sessionkey	5	longtext	YES	NULL	utf8mb3_general_ci		
tw_logon	account	v	6	longtext	YES	NULL	utf8mb3_general_ci		
tw_logon	account	s	7	longtext	YES	NULL	utf8mb3_general_ci		
tw_logon	account	email	8	text	YES	NULL	utf8mb3_general_ci		
tw_logon	account	joindate	9	timestamp	NO	current_timestamp()	NULL		
tw_logon	account	tfa_verif	10	varchar(255)	YES	NULL	utf8mb3_general_ci		
tw_logon	account	last_ip	11	varchar(30)	NO	'0.0.0.0'	utf8mb3_general_ci		
tw_logon	account	last_local_ip	12	varchar(30)	NO	'0.0.0.0'	utf8mb3_general_ci		
tw_logon	account	failed_logins	13	int(10) unsigned	NO	0	NULL		
tw_logon	account	locked	14	tinyint(3) unsigned	NO	0	NULL		
tw_logon	account	last_login	15	timestamp	NO	'0000-00-00 00:00:00'	NULL		
tw_logon	account	online	16	tinyint(4)	NO	0	NULL		
tw_logon	account	expansion	17	tinyint(3) unsigned	NO	0	NULL		
tw_logon	account	mutetime	18	bigint(20)	NO	0	NULL		
tw_logon	account	mutereason	19	varchar(255)	NO	''	utf8mb3_general_ci		
tw_logon	account	muteby	20	varchar(50)	NO	''	utf8mb3_general_ci		
tw_logon	account	locale	21	tinyint(3) unsigned	NO	0	NULL		
tw_logon	account	os	22	varchar(4)	NO	''	utf8mb3_general_ci		
tw_logon	account	platform	23	varchar(4)	NO	''	utf8mb3_general_ci		
tw_logon	account	current_realm	24	tinyint(3) unsigned	NO	0	NULL		
tw_logon	account	banned	25	tinyint(1) unsigned	NO	0	NULL		
tw_logon	account	flags	26	int(10) unsigned	NO	0	NULL		
tw_logon	account	security	27	varchar(255)	YES	NULL	utf8mb3_general_ci		
tw_logon	account	pass_verif	28	varchar(255)	YES	NULL	utf8mb3_general_ci		
tw_logon	account	email_verif	29	tinyint(1)	NO	0	NULL		
tw_logon	account	forum_username	30	varchar(32)	YES	NULL	utf8mb3_general_ci		
tw_logon	account	token_key	31	varchar(100)	YES	''	utf8mb3_general_ci		
tw_logon	account	email_keyword	32	varchar(16)	YES	NULL	utf8mb3_general_ci		
tw_logon	account	email_status	33	int(11)	YES	NULL	NULL		
tw_logon	account	email_letterid	34	int(11)	YES	0	NULL		
tw_logon	account	email_sub	35	tinyint(4)	NO	1	NULL		
tw_logon	account	server	36	tinyint(4)	NO	0	NULL		
tw_logon	account	comments	37	text	YES	NULL	utf8mb3_general_ci		
tw_logon	account	geolock_pin	38	int(11)	YES	0	NULL		
tw_logon	account	queue_skip	39	tinyint(4)	NO	0	NULL		
tw_logon	account	active	40	tinyint(3) unsigned	NO	1	NULL		
tw_logon	account_banned	banid	1	bigint(20)	NO	NULL	NULL	UNI	auto_increment
tw_logon	account_banned	id	2	bigint(20)	NO	0	NULL	PRI	
tw_logon	account_banned	bandate	3	bigint(20)	NO	0	NULL	PRI	
tw_logon	account_banned	unbandate	4	bigint(20)	NO	0	NULL		
tw_logon	account_banned	bannedby	5	varchar(50)	NO	NULL	utf8mb3_general_ci		
tw_logon	account_banned	banreason	6	varchar(255)	NO	NULL	utf8mb3_general_ci		
tw_logon	account_banned	active	7	tinyint(4)	NO	1	NULL		
tw_logon	account_banned	realm	8	tinyint(4)	NO	1	NULL		
tw_logon	account_banned	gmlevel	9	tinyint(3) unsigned	NO	0	NULL		
TABLE_SCHEMA	TABLE_NAME	INDEX_NAME	NON_UNIQUE	SEQ_IN_INDEX	COLUMN_NAME	COLLATION	CARDINALITY	INDEX_TYPE
tw_char	ai_playerbot_random_bots	bot	1	1	bot	A	244	BTREE
tw_char	ai_playerbot_random_bots	event	1	1	event	A	18	BTREE
tw_char	ai_playerbot_random_bots	idx_owner_bot_event	1	1	owner	A	1	BTREE
tw_char	ai_playerbot_random_bots	idx_owner_bot_event	1	2	bot	A	244	BTREE
tw_char	ai_playerbot_random_bots	idx_owner_bot_event	1	3	event	A	488	BTREE
tw_char	ai_playerbot_random_bots	owner	1	1	owner	A	1	BTREE
tw_char	ai_playerbot_random_bots	PRIMARY	0	1	id	A	488	BTREE
tw_char	characters	deleteDate	1	1	deleteDate	A	4509	BTREE
tw_char	characters	idx_account	1	1	account	A	501	BTREE
tw_char	characters	idx_name	1	1	name	A	4509	BTREE
tw_char	characters	idx_online	1	1	online	A	1	BTREE
tw_char	characters	PRIMARY	0	1	guid	A	4509	BTREE
tw_char	groups	key_leaderGuid	0	1	leaderGuid	A	16	BTREE
tw_char	groups	PRIMARY	0	1	groupId	A	16	BTREE
tw_char	group_member	idx_memberGuid	1	1	memberGuid	A	29	BTREE
tw_char	group_member	PRIMARY	0	1	groupId	A	14	BTREE
tw_char	group_member	PRIMARY	0	2	memberGuid	A	29	BTREE
tw_logon	account	idx_gmlevel	1	1	rank	A	1	BTREE
tw_logon	account	idx_username	0	1	username	A	500	BTREE
tw_logon	account	PRIMARY	0	1	id	A	500	BTREE
tw_logon	account_banned	banid	0	1	banid	A	0	BTREE
tw_logon	account_banned	PRIMARY	0	1	id	A	NULL	BTREE
tw_logon	account_banned	PRIMARY	0	2	bandate	A	0	BTREE
add_row_id	character_guid	add_value	lease_started_unix	lease_seconds	lease_expires_unix	lease_started_utc_server	lease_expires_utc_server	observed_unix	active_add_lease	add_data
44427	22451	1	1788116410	19240	1788135650	2026-08-30 21:00:10	2026-08-31 02:20:50	1788189785	0	NULL
44424	22454	1	1788116410	10878	1788127288	2026-08-30 21:00:10	2026-08-31 00:01:28	1788189785	0	NULL
44432	22468	1	1788116410	18013	1788134423	2026-08-30 21:00:10	2026-08-31 02:00:23	1788189785	0	NULL
44433	22470	1	1788116410	20027	1788136437	2026-08-30 21:00:10	2026-08-31 02:33:57	1788189785	0	NULL
44423	22471	1	1788116410	9177	1788125587	2026-08-30 21:00:10	2026-08-30 23:33:07	1788189785	0	NULL
44392	22500	1	1788116410	9785	1788126195	2026-08-30 21:00:10	2026-08-30 23:43:15	1788189785	0	NULL
44409	23206	1	1788116410	18309	1788134719	2026-08-30 21:00:10	2026-08-31 02:05:19	1788189785	0	NULL
44408	23207	1	1788116410	11569	1788127979	2026-08-30 21:00:10	2026-08-31 00:12:59	1788189785	0	NULL
44410	23286	1	1788116410	21546	1788137956	2026-08-30 21:00:10	2026-08-31 02:59:16	1788189785	0	NULL
44444	23330	1	1788116410	11986	1788128396	2026-08-30 21:00:10	2026-08-31 00:19:56	1788189785	0	NULL
44438	23332	1	1788116410	17964	1788134374	2026-08-30 21:00:10	2026-08-31 01:59:34	1788189785	0	NULL
44440	23333	1	1788116410	10985	1788127395	2026-08-30 21:00:10	2026-08-31 00:03:15	1788189785	0	NULL
44442	23335	1	1788116410	10115	1788126525	2026-08-30 21:00:10	2026-08-30 23:48:45	1788189785	0	NULL
44437	23337	1	1788116410	20831	1788137241	2026-08-30 21:00:10	2026-08-31 02:47:21	1788189785	0	NULL
44459	23654	1	1788116410	21089	1788137499	2026-08-30 21:00:10	2026-08-31 02:51:39	1788189785	0	NULL
44457	23655	1	1788116410	12984	1788129394	2026-08-30 21:00:10	2026-08-31 00:36:34	1788189785	0	NULL
44460	23656	1	1788116410	21458	1788137868	2026-08-30 21:00:10	2026-08-31 02:57:48	1788189785	0	NULL
44461	23657	1	1788116410	12869	1788129279	2026-08-30 21:00:10	2026-08-31 00:34:39	1788189785	0	NULL
44458	23658	1	1788116410	17313	1788133723	2026-08-30 21:00:10	2026-08-31 01:48:43	1788189785	0	NULL
44455	23659	1	1788116410	13921	1788130331	2026-08-30 21:00:10	2026-08-31 00:52:11	1788189785	0	NULL
44454	23660	1	1788116410	11740	1788128150	2026-08-30 21:00:10	2026-08-31 00:15:50	1788189785	0	NULL
44462	23661	1	1788116410	15521	1788131931	2026-08-30 21:00:10	2026-08-31 01:18:51	1788189785	0	NULL
44456	23662	1	1788116410	9583	1788125993	2026-08-30 21:00:10	2026-08-30 23:39:53	1788189785	0	NULL
44485	23700	1	1788116410	14006	1788130416	2026-08-30 21:00:10	2026-08-31 00:53:36	1788189785	0	NULL
44483	23701	1	1788116410	14592	1788131002	2026-08-30 21:00:10	2026-08-31 01:03:22	1788189785	0	NULL
44486	23703	1	1788116410	10268	1788126678	2026-08-30 21:00:10	2026-08-30 23:51:18	1788189785	0	NULL
44488	23705	1	1788116410	18571	1788134981	2026-08-30 21:00:10	2026-08-31 02:09:41	1788189785	0	NULL
44482	23706	1	1788116410	19651	1788136061	2026-08-30 21:00:10	2026-08-31 02:27:41	1788189785	0	NULL
44489	23707	1	1788116410	16216	1788132626	2026-08-30 21:00:10	2026-08-31 01:30:26	1788189785	0	NULL
44406	23823	1	1788116410	12800	1788129210	2026-08-30 21:00:10	2026-08-31 00:33:30	1788189785	0	NULL
44430	23852	1	1788116410	15524	1788131934	2026-08-30 21:00:10	2026-08-31 01:18:54	1788189785	0	NULL
44413	23854	1	1788116410	8603	1788125013	2026-08-30 21:00:10	2026-08-30 23:23:33	1788189785	0	NULL
44414	23855	1	1788116410	11764	1788128174	2026-08-30 21:00:10	2026-08-31 00:16:14	1788189785	0	NULL
44415	23857	1	1788116410	17931	1788134341	2026-08-30 21:00:10	2026-08-31 01:59:01	1788189785	0	NULL
44416	23859	1	1788116410	15296	1788131706	2026-08-30 21:00:10	2026-08-31 01:15:06	1788189785	0	NULL
44397	23987	1	1788116410	8890	1788125300	2026-08-30 21:00:10	2026-08-30 23:28:20	1788189785	0	NULL
44399	23991	1	1788116410	21436	1788137846	2026-08-30 21:00:10	2026-08-31 02:57:26	1788189785	0	NULL
44400	23992	1	1788116410	14179	1788130589	2026-08-30 21:00:10	2026-08-31 00:56:29	1788189785	0	NULL
44401	23993	1	1788116410	10912	1788127322	2026-08-30 21:00:10	2026-08-31 00:02:02	1788189785	0	NULL
44396	23994	1	1788116410	20475	1788136885	2026-08-30 21:00:10	2026-08-31 02:41:25	1788189785	0	NULL
44402	23995	1	1788116410	9779	1788126189	2026-08-30 21:00:10	2026-08-30 23:43:09	1788189785	0	NULL
44468	24104	1	1788116410	9349	1788125759	2026-08-30 21:00:10	2026-08-30 23:35:59	1788189785	0	NULL
44463	24105	1	1788116410	17593	1788134003	2026-08-30 21:00:10	2026-08-31 01:53:23	1788189785	0	NULL
44469	24107	1	1788116410	14502	1788130912	2026-08-30 21:00:10	2026-08-31 01:01:52	1788189785	0	NULL
44466	24108	1	1788116410	10168	1788126578	2026-08-30 21:00:10	2026-08-30 23:49:38	1788189785	0	NULL
44470	24109	1	1788116410	8321	1788124731	2026-08-30 21:00:10	2026-08-30 23:18:51	1788189785	0	NULL
44465	24110	1	1788116410	18434	1788134844	2026-08-30 21:00:10	2026-08-31 02:07:24	1788189785	0	NULL
44471	24111	1	1788116410	4149	1788120559	2026-08-30 21:00:10	2026-08-30 22:09:19	1788189785	0	NULL
44467	24112	1	1788116410	5317	1788121727	2026-08-30 21:00:10	2026-08-30 22:28:47	1788189785	0	NULL
44448	24653	1	1788116410	5605	1788122015	2026-08-30 21:00:10	2026-08-30 22:33:35	1788189785	0	NULL
44449	24654	1	1788116410	7303	1788123713	2026-08-30 21:00:10	2026-08-30 23:01:53	1788189785	0	NULL
44446	24655	1	1788116410	14204	1788130614	2026-08-30 21:00:10	2026-08-31 00:56:54	1788189785	0	NULL
44450	24656	1	1788116410	10725	1788127135	2026-08-30 21:00:10	2026-08-30 23:58:55	1788189785	0	NULL
44451	24657	1	1788116410	10952	1788127362	2026-08-30 21:00:10	2026-08-31 00:02:42	1788189785	0	NULL
44452	24658	1	1788116410	16737	1788133147	2026-08-30 21:00:10	2026-08-31 01:39:07	1788189785	0	NULL
44445	24659	1	1788116410	5594	1788122004	2026-08-30 21:00:10	2026-08-30 22:33:24	1788189785	0	NULL
44447	24660	1	1788116410	13594	1788130004	2026-08-30 21:00:10	2026-08-31 00:46:44	1788189785	0	NULL
44453	24661	1	1788116410	6425	1788122835	2026-08-30 21:00:10	2026-08-30 22:47:15	1788189785	0	NULL
44418	24708	1	1788116410	5613	1788122023	2026-08-30 21:00:10	2026-08-30 22:33:43	1788189785	0	NULL
44417	24709	1	1788116410	19940	1788136350	2026-08-30 21:00:10	2026-08-31 02:32:30	1788189785	0	NULL
44403	24833	1	1788116410	3356	1788119766	2026-08-30 21:00:10	2026-08-30 21:56:06	1788189785	0	NULL
44404	24838	1	1788116410	5356	1788121766	2026-08-30 21:00:10	2026-08-30 22:29:26	1788189785	0	NULL
44405	24839	1	1788116410	9282	1788125692	2026-08-30 21:00:10	2026-08-30 23:34:52	1788189785	0	NULL
44420	24914	1	1788116410	20246	1788136656	2026-08-30 21:00:10	2026-08-31 02:37:36	1788189785	0	NULL
44431	24919	1	1788116410	12977	1788129387	2026-08-30 21:00:10	2026-08-31 00:36:27	1788189785	0	NULL
44490	24968	1	1788116410	7688	1788124098	2026-08-30 21:00:10	2026-08-30 23:08:18	1788189785	0	NULL
44491	24971	1	1788116410	2374	1788118784	2026-08-30 21:00:10	2026-08-30 21:39:44	1788189785	0	NULL
44395	24999	1	1788116410	12423	1788128833	2026-08-30 21:00:10	2026-08-31 00:27:13	1788189785	0	NULL
44393	25001	1	1788116410	15783	1788132193	2026-08-30 21:00:10	2026-08-31 01:23:13	1788189785	0	NULL
44394	25003	1	1788116410	20741	1788137151	2026-08-30 21:00:10	2026-08-31 02:45:51	1788189785	0	NULL
44434	25265	1	1788116410	10678	1788127088	2026-08-30 21:00:10	2026-08-30 23:58:08	1788189785	0	NULL
44422	25266	1	1788116410	15428	1788131838	2026-08-30 21:00:10	2026-08-31 01:17:18	1788189785	0	NULL
44435	25270	1	1788116410	8046	1788124456	2026-08-30 21:00:10	2026-08-30 23:14:16	1788189785	0	NULL
44421	25272	1	1788116410	21304	1788137714	2026-08-30 21:00:10	2026-08-31 02:55:14	1788189785	0	NULL
44475	26633	1	1788116410	9436	1788125846	2026-08-30 21:00:10	2026-08-30 23:37:26	1788189785	0	NULL
44472	26634	1	1788116410	20093	1788136503	2026-08-30 21:00:10	2026-08-31 02:35:03	1788189785	0	NULL
44474	26635	1	1788116410	20897	1788137307	2026-08-30 21:00:10	2026-08-31 02:48:27	1788189785	0	NULL
44476	26636	1	1788116410	9140	1788125550	2026-08-30 21:00:10	2026-08-30 23:32:30	1788189785	0	NULL
44473	26637	1	1788116410	7762	1788124172	2026-08-30 21:00:10	2026-08-30 23:09:32	1788189785	0	NULL
44477	26638	1	1788116410	12003	1788128413	2026-08-30 21:00:10	2026-08-31 00:20:13	1788189785	0	NULL
44478	26639	1	1788116410	6326	1788122736	2026-08-30 21:00:10	2026-08-30 22:45:36	1788189785	0	NULL
44479	26640	1	1788116410	13965	1788130375	2026-08-30 21:00:10	2026-08-31 00:52:55	1788189785	0	NULL
44480	26641	1	1788116410	4659	1788121069	2026-08-30 21:00:10	2026-08-30 22:17:49	1788189785	0	NULL
44412	26670	1	1788116410	12190	1788128600	2026-08-30 21:00:10	2026-08-31 00:23:20	1788189785	0	NULL
44411	26674	1	1788116410	18666	1788135076	2026-08-30 21:00:10	2026-08-31 02:11:16	1788189785	0	NULL
44428	26697	1	1788116410	1801	1788118211	2026-08-30 21:00:10	2026-08-30 21:30:11	1788189785	0	NULL
character_guid	character_name	account_id	account_name	character_level	class_id	race_id	character_online	character_logout_unix	character_logout_utc_server	character_active	character_delete_unix	account_last_login	account_online	account_active	account_locked	account_banned_flag	banned_now	all_add_rows	active_add_rows	group_count	group_ids	session_status
22430	Baronico	4	RNDBOT0	1	5	10	0	1787955274	2026-08-29 00:14:34	1	NULL	0000-00-00 00:00:00	0	1	0	0	0	0	0	0	NULL	NO_REGISTERED_SESSION_SERVER_STOPPED
22431	Kengraeme	4	RNDBOT0	1	5	3	0	1787955281	2026-08-29 00:14:41	1	NULL	0000-00-00 00:00:00	0	1	0	0	0	0	0	0	NULL	NO_REGISTERED_SESSION_SERVER_STOPPED
22432	Keranka	4	RNDBOT0	1	2	1	0	1787955275	2026-08-29 00:14:35	1	NULL	0000-00-00 00:00:00	0	1	0	0	0	0	0	0	NULL	NO_REGISTERED_SESSION_SERVER_STOPPED
22433	Gehka	4	RNDBOT0	1	3	2	0	1787955290	2026-08-29 00:14:50	1	NULL	0000-00-00 00:00:00	0	1	0	0	0	0	0	0	NULL	NO_REGISTERED_SESSION_SERVER_STOPPED
22434	Bargarm	4	RNDBOT0	1	1	3	0	1787955276	2026-08-29 00:14:36	1	NULL	0000-00-00 00:00:00	0	1	0	0	0	0	0	0	NULL	NO_REGISTERED_SESSION_SERVER_STOPPED
22435	Anderico	4	RNDBOT0	1	2	1	0	1787955300	2026-08-29 00:15:00	1	NULL	0000-00-00 00:00:00	0	1	0	0	0	0	0	0	NULL	NO_REGISTERED_SESSION_SERVER_STOPPED
22436	Zandemar	4	RNDBOT0	1	4	9	0	1787955273	2026-08-29 00:14:33	1	NULL	0000-00-00 00:00:00	0	1	0	0	0	0	0	0	NULL	NO_REGISTERED_SESSION_SERVER_STOPPED
22437	Layla	4	RNDBOT0	1	1	9	0	1787955290	2026-08-29 00:14:50	1	NULL	0000-00-00 00:00:00	0	1	0	0	0	0	0	0	NULL	NO_REGISTERED_SESSION_SERVER_STOPPED
22438	Saenorion	4	RNDBOT0	1	4	4	0	1787955297	2026-08-29 00:14:57	1	NULL	0000-00-00 00:00:00	0	1	0	0	0	0	0	0	NULL	NO_REGISTERED_SESSION_SERVER_STOPPED
22439	Grancy	104	RNDBOT1	1	1	9	0	1787955298	2026-08-29 00:14:58	1	NULL	0000-00-00 00:00:00	0	1	0	0	0	0	0	0	NULL	NO_REGISTERED_SESSION_SERVER_STOPPED
22440	Eranik	104	RNDBOT1	1	8	9	0	1787955294	2026-08-29 00:14:54	1	NULL	0000-00-00 00:00:00	0	1	0	0	0	0	0	0	NULL	NO_REGISTERED_SESSION_SERVER_STOPPED
22441	Atzesh	104	RNDBOT1	1	3	2	0	1787955276	2026-08-29 00:14:36	1	NULL	0000-00-00 00:00:00	0	1	0	0	0	0	0	0	NULL	NO_REGISTERED_SESSION_SERVER_STOPPED
22442	Evangelina	104	RNDBOT1	1	9	9	0	1787955278	2026-08-29 00:14:38	1	NULL	0000-00-00 00:00:00	0	1	0	0	0	0	0	0	NULL	NO_REGISTERED_SESSION_SERVER_STOPPED
22443	Krogun	104	RNDBOT1	1	1	2	0	1787955271	2026-08-29 00:14:31	1	NULL	0000-00-00 00:00:00	0	1	0	0	0	0	0	0	NULL	NO_REGISTERED_SESSION_SERVER_STOPPED
22444	Bianneia	104	RNDBOT1	1	1	10	0	1787955299	2026-08-29 00:14:59	1	NULL	0000-00-00 00:00:00	0	1	0	0	0	0	0	0	NULL	NO_REGISTERED_SESSION_SERVER_STOPPED
22445	Pedanklish	104	RNDBOT1	1	9	7	0	1787955278	2026-08-29 00:14:38	1	NULL	0000-00-00 00:00:00	0	1	0	0	0	0	0	0	NULL	NO_REGISTERED_SESSION_SERVER_STOPPED
22446	Edelanne	104	RNDBOT1	1	8	1	0	1787955272	2026-08-29 00:14:32	1	NULL	0000-00-00 00:00:00	0	1	0	0	0	0	0	0	NULL	NO_REGISTERED_SESSION_SERVER_STOPPED
22447	Rolanon	104	RNDBOT1	1	3	9	0	1787955274	2026-08-29 00:14:34	1	NULL	0000-00-00 00:00:00	0	1	0	0	0	0	0	0	NULL	NO_REGISTERED_SESSION_SERVER_STOPPED
22448	Molanne	5	RNDBOT2	5	1	1	0	1788120315	2026-08-30 22:05:15	1	NULL	0000-00-00 00:00:00	0	1	0	0	0	0	0	0	NULL	NO_REGISTERED_SESSION_SERVER_STOPPED
22449	Davenna	5	RNDBOT2	6	1	10	0	1788044125	2026-08-30 00:55:25	1	NULL	0000-00-00 00:00:00	0	1	0	0	0	0	0	0	NULL	NO_REGISTERED_SESSION_SERVER_STOPPED
22450	Elestera	5	RNDBOT2	6	9	9	0	1788043027	2026-08-30 00:37:07	1	NULL	0000-00-00 00:00:00	0	1	0	0	0	0	0	0	NULL	NO_REGISTERED_SESSION_SERVER_STOPPED
22451	Lille	5	RNDBOT2	6	9	9	0	1788124449	2026-08-30 23:14:09	1	NULL	0000-00-00 00:00:00	0	1	0	0	0	1	0	0	NULL	NO_REGISTERED_SESSION_SERVER_STOPPED
22452	Kiwo	5	RNDBOT2	1	8	8	0	1787955282	2026-08-29 00:14:42	1	NULL	0000-00-00 00:00:00	0	1	0	0	0	0	0	0	NULL	NO_REGISTERED_SESSION_SERVER_STOPPED
22453	Orick	5	RNDBOT2	7	2	10	0	1788042466	2026-08-30 00:27:46	1	NULL	0000-00-00 00:00:00	0	1	0	0	0	0	0	0	NULL	NO_REGISTERED_SESSION_SERVER_STOPPED
22454	Dranor	5	RNDBOT2	7	9	1	0	1788124440	2026-08-30 23:14:00	1	NULL	0000-00-00 00:00:00	0	1	0	0	0	1	0	0	NULL	NO_REGISTERED_SESSION_SERVER_STOPPED
22455	Tonuak	5	RNDBOT2	4	1	3	0	1788119988	2026-08-30 21:59:48	1	NULL	0000-00-00 00:00:00	0	1	0	0	0	0	0	0	NULL	NO_REGISTERED_SESSION_SERVER_STOPPED
22456	Peterian	5	RNDBOT2	7	2	10	0	1788043030	2026-08-30 00:37:10	1	NULL	0000-00-00 00:00:00	0	1	0	0	0	0	0	1	6	NO_REGISTERED_SESSION_SERVER_STOPPED
22457	Yolore	218	RNDBOT3	1	8	9	0	1787955277	2026-08-29 00:14:37	1	NULL	0000-00-00 00:00:00	0	1	0	0	0	0	0	0	NULL	NO_REGISTERED_SESSION_SERVER_STOPPED
22458	Arallio	218	RNDBOT3	1	2	10	0	1787955285	2026-08-29 00:14:45	1	NULL	0000-00-00 00:00:00	0	1	0	0	0	0	0	0	NULL	NO_REGISTERED_SESSION_SERVER_STOPPED
22459	Cainiano	218	RNDBOT3	1	3	10	0	1787955291	2026-08-29 00:14:51	1	NULL	0000-00-00 00:00:00	0	1	0	0	0	0	0	0	NULL	NO_REGISTERED_SESSION_SERVER_STOPPED
22460	Ephrai	218	RNDBOT3	1	5	10	0	1787955288	2026-08-29 00:14:48	1	NULL	0000-00-00 00:00:00	0	1	0	0	0	0	0	0	NULL	NO_REGISTERED_SESSION_SERVER_STOPPED
22461	Artimond	218	RNDBOT3	1	2	1	0	1787955300	2026-08-29 00:15:00	1	NULL	0000-00-00 00:00:00	0	1	0	0	0	0	0	0	NULL	NO_REGISTERED_SESSION_SERVER_STOPPED
22462	Shaldrico	218	RNDBOT3	1	4	10	0	1787955275	2026-08-29 00:14:35	1	NULL	0000-00-00 00:00:00	0	1	0	0	0	0	0	0	NULL	NO_REGISTERED_SESSION_SERVER_STOPPED
22463	Adaniel	218	RNDBOT3	1	3	1	0	1787955287	2026-08-29 00:14:47	1	NULL	0000-00-00 00:00:00	0	1	0	0	0	0	0	0	NULL	NO_REGISTERED_SESSION_SERVER_STOPPED
22464	Mereney	218	RNDBOT3	1	8	10	0	1787955288	2026-08-29 00:14:48	1	NULL	0000-00-00 00:00:00	0	1	0	0	0	0	0	0	NULL	NO_REGISTERED_SESSION_SERVER_STOPPED
22465	Frederic	218	RNDBOT3	1	1	10	0	1787955276	2026-08-29 00:14:36	1	NULL	0000-00-00 00:00:00	0	1	0	0	0	0	0	0	NULL	NO_REGISTERED_SESSION_SERVER_STOPPED
22466	Galthar	6	RNDBOT4	6	5	10	0	1788037231	2026-08-29 23:00:31	1	NULL	0000-00-00 00:00:00	1	1	0	0	0	0	0	0	NULL	NO_REGISTERED_SESSION_SERVER_STOPPED
22467	Tehrgudam	6	RNDBOT4	7	2	3	0	1788044132	2026-08-30 00:55:32	1	NULL	0000-00-00 00:00:00	1	1	0	0	0	0	0	0	NULL	NO_REGISTERED_SESSION_SERVER_STOPPED
22468	Armario	6	RNDBOT4	8	2	10	0	1788124453	2026-08-30 23:14:13	1	NULL	0000-00-00 00:00:00	1	1	0	0	0	1	0	0	NULL	NO_REGISTERED_SESSION_SERVER_STOPPED
22469	Silvine	6	RNDBOT4	1	3	4	0	1787955299	2026-08-29 00:14:59	1	NULL	0000-00-00 00:00:00	1	1	0	0	0	0	0	0	NULL	NO_REGISTERED_SESSION_SERVER_STOPPED
22470	Evera	6	RNDBOT4	4	3	9	0	1788124467	2026-08-30 23:14:27	1	NULL	0000-00-00 00:00:00	1	1	0	0	0	1	0	0	NULL	NO_REGISTERED_SESSION_SERVER_STOPPED
22471	Faberic	6	RNDBOT4	2	3	10	0	1788124461	2026-08-30 23:14:21	1	NULL	0000-00-00 00:00:00	1	1	0	0	0	1	0	0	NULL	NO_REGISTERED_SESSION_SERVER_STOPPED
22472	Bevelanna	6	RNDBOT4	1	5	10	0	1787955286	2026-08-29 00:14:46	1	NULL	0000-00-00 00:00:00	1	1	0	0	0	0	0	0	NULL	NO_REGISTERED_SESSION_SERVER_STOPPED
22473	Gleetkik	6	RNDBOT4	7	4	7	0	1788043004	2026-08-30 00:36:44	1	NULL	0000-00-00 00:00:00	1	1	0	0	0	0	0	0	NULL	NO_REGISTERED_SESSION_SERVER_STOPPED
22474	Ewaldon	6	RNDBOT4	1	8	9	0	1787955292	2026-08-29 00:14:52	1	NULL	0000-00-00 00:00:00	1	1	0	0	0	0	0	0	NULL	NO_REGISTERED_SESSION_SERVER_STOPPED
22475	Alandric	7	RNDBOT5	1	8	1	0	1787955286	2026-08-29 00:14:46	1	NULL	0000-00-00 00:00:00	0	1	0	0	0	0	0	0	NULL	NO_REGISTERED_SESSION_SERVER_STOPPED
22476	Hullizo	7	RNDBOT5	1	11	6	0	1787955277	2026-08-29 00:14:37	1	NULL	0000-00-00 00:00:00	0	1	0	0	0	0	0	0	NULL	NO_REGISTERED_SESSION_SERVER_STOPPED
22477	Eriona	7	RNDBOT5	1	8	9	0	1787955297	2026-08-29 00:14:57	1	NULL	0000-00-00 00:00:00	0	1	0	0	0	0	0	0	NULL	NO_REGISTERED_SESSION_SERVER_STOPPED
22478	Lasaem	7	RNDBOT5	1	1	4	0	1787955271	2026-08-29 00:14:31	1	NULL	0000-00-00 00:00:00	0	1	0	0	0	0	0	0	NULL	NO_REGISTERED_SESSION_SERVER_STOPPED
22479	Arinda	7	RNDBOT5	1	1	9	0	1787955293	2026-08-29 00:14:53	1	NULL	0000-00-00 00:00:00	0	1	0	0	0	0	0	0	NULL	NO_REGISTERED_SESSION_SERVER_STOPPED
22480	Kwinmalin	7	RNDBOT5	1	1	6	0	1787955288	2026-08-29 00:14:48	1	NULL	0000-00-00 00:00:00	0	1	0	0	0	0	0	0	NULL	NO_REGISTERED_SESSION_SERVER_STOPPED
22481	Paberion	7	RNDBOT5	1	4	10	0	1787955297	2026-08-29 00:14:57	1	NULL	0000-00-00 00:00:00	0	1	0	0	0	0	0	0	NULL	NO_REGISTERED_SESSION_SERVER_STOPPED
22482	Hesam	7	RNDBOT5	1	5	4	0	1787955289	2026-08-29 00:14:49	1	NULL	0000-00-00 00:00:00	0	1	0	0	0	0	0	0	NULL	NO_REGISTERED_SESSION_SERVER_STOPPED
22483	Rinaris	7	RNDBOT5	1	4	10	0	1787955297	2026-08-29 00:14:57	1	NULL	0000-00-00 00:00:00	0	1	0	0	0	0	0	0	NULL	NO_REGISTERED_SESSION_SERVER_STOPPED
22484	Kinrela	8	RNDBOT6	1	3	4	0	1787955299	2026-08-29 00:14:59	1	NULL	0000-00-00 00:00:00	0	1	0	0	0	0	0	0	NULL	NO_REGISTERED_SESSION_SERVER_STOPPED
22485	Helerine	8	RNDBOT6	1	3	1	0	1787955273	2026-08-29 00:14:33	1	NULL	0000-00-00 00:00:00	0	1	0	0	0	0	0	0	NULL	NO_REGISTERED_SESSION_SERVER_STOPPED
22486	Olga	8	RNDBOT6	1	7	2	0	1787955295	2026-08-29 00:14:55	1	NULL	0000-00-00 00:00:00	0	1	0	0	0	0	0	0	NULL	NO_REGISTERED_SESSION_SERVER_STOPPED
22487	Acaammetho	8	RNDBOT6	1	3	6	0	1787955291	2026-08-29 00:14:51	1	NULL	0000-00-00 00:00:00	0	1	0	0	0	0	0	0	NULL	NO_REGISTERED_SESSION_SERVER_STOPPED
22488	Mathaelleas	8	RNDBOT6	1	3	4	0	1787955274	2026-08-29 00:14:34	1	NULL	0000-00-00 00:00:00	0	1	0	0	0	0	0	0	NULL	NO_REGISTERED_SESSION_SERVER_STOPPED
22489	Yashar	8	RNDBOT6	1	4	4	0	1787955275	2026-08-29 00:14:35	1	NULL	0000-00-00 00:00:00	0	1	0	0	0	0	0	0	NULL	NO_REGISTERED_SESSION_SERVER_STOPPED
22490	Nuelario	8	RNDBOT6	1	1	9	0	1787955283	2026-08-29 00:14:43	1	NULL	0000-00-00 00:00:00	0	1	0	0	0	0	0	0	NULL	NO_REGISTERED_SESSION_SERVER_STOPPED
22491	Ancee	8	RNDBOT6	1	9	7	0	1787955273	2026-08-29 00:14:33	1	NULL	0000-00-00 00:00:00	0	1	0	0	0	0	0	0	NULL	NO_REGISTERED_SESSION_SERVER_STOPPED
22492	Croso	8	RNDBOT6	1	1	2	0	1787955295	2026-08-29 00:14:55	1	NULL	0000-00-00 00:00:00	0	1	0	0	0	0	0	0	NULL	NO_REGISTERED_SESSION_SERVER_STOPPED
22493	Nuvua	9	RNDBOT7	6	7	6	0	1787961011	2026-08-29 01:50:11	1	NULL	0000-00-00 00:00:00	1	1	0	0	0	0	0	0	NULL	NO_REGISTERED_SESSION_SERVER_STOPPED
22494	Zasapon	9	RNDBOT7	6	4	8	0	1788024273	2026-08-29 19:24:33	1	NULL	0000-00-00 00:00:00	1	1	0	0	0	0	0	0	NULL	NO_REGISTERED_SESSION_SERVER_STOPPED
22495	Emmarany	9	RNDBOT7	6	9	9	0	1788024323	2026-08-29 19:25:23	1	NULL	0000-00-00 00:00:00	1	1	0	0	0	0	0	0	NULL	NO_REGISTERED_SESSION_SERVER_STOPPED
22496	Atheria	9	RNDBOT7	6	9	9	0	1787965724	2026-08-29 03:08:44	1	NULL	0000-00-00 00:00:00	1	1	0	0	0	0	0	0	NULL	NO_REGISTERED_SESSION_SERVER_STOPPED
22497	Colarah	9	RNDBOT7	6	1	9	0	1788035658	2026-08-29 22:34:18	1	NULL	0000-00-00 00:00:00	1	1	0	0	0	0	0	0	NULL	NO_REGISTERED_SESSION_SERVER_STOPPED
22498	Justia	9	RNDBOT7	6	1	9	0	1787965724	2026-08-29 03:08:44	1	NULL	0000-00-00 00:00:00	1	1	0	0	0	0	0	1	3	NO_REGISTERED_SESSION_SERVER_STOPPED
22499	Tatas	9	RNDBOT7	6	3	4	0	1787965724	2026-08-29 03:08:44	1	NULL	0000-00-00 00:00:00	1	1	0	0	0	0	0	1	4	NO_REGISTERED_SESSION_SERVER_STOPPED
22500	Karith	9	RNDBOT7	5	11	4	0	1788124422	2026-08-30 23:13:42	1	NULL	0000-00-00 00:00:00	1	1	0	0	0	1	0	1	15	NO_REGISTERED_SESSION_SERVER_STOPPED
22501	Fedam	9	RNDBOT7	6	1	10	0	1787965724	2026-08-29 03:08:44	1	NULL	0000-00-00 00:00:00	1	1	0	0	0	0	0	0	NULL	NO_REGISTERED_SESSION_SERVER_STOPPED
22502	Gramamm	10	RNDBOT8	1	7	2	0	1787955290	2026-08-29 00:14:50	1	NULL	0000-00-00 00:00:00	0	1	0	0	0	0	0	0	NULL	NO_REGISTERED_SESSION_SERVER_STOPPED
22503	Makash	10	RNDBOT8	1	3	8	0	1787955275	2026-08-29 00:14:35	1	NULL	0000-00-00 00:00:00	0	1	0	0	0	0	0	0	NULL	NO_REGISTERED_SESSION_SERVER_STOPPED
22504	Lenlynn	10	RNDBOT8	1	3	4	0	1787955290	2026-08-29 00:14:50	1	NULL	0000-00-00 00:00:00	0	1	0	0	0	0	0	0	NULL	NO_REGISTERED_SESSION_SERVER_STOPPED
22505	Steria	10	RNDBOT8	1	4	9	0	1787955280	2026-08-29 00:14:40	1	NULL	0000-00-00 00:00:00	0	1	0	0	0	0	0	0	NULL	NO_REGISTERED_SESSION_SERVER_STOPPED
22506	Arind	10	RNDBOT8	1	3	9	0	1787955292	2026-08-29 00:14:52	1	NULL	0000-00-00 00:00:00	0	1	0	0	0	0	0	0	NULL	NO_REGISTERED_SESSION_SERVER_STOPPED
22507	Apollian	10	RNDBOT8	1	8	10	0	1787955290	2026-08-29 00:14:50	1	NULL	0000-00-00 00:00:00	0	1	0	0	0	0	0	0	NULL	NO_REGISTERED_SESSION_SERVER_STOPPED
22508	Tarren	10	RNDBOT8	1	5	1	0	1787955292	2026-08-29 00:14:52	1	NULL	0000-00-00 00:00:00	0	1	0	0	0	0	0	0	NULL	NO_REGISTERED_SESSION_SERVER_STOPPED
22509	Riora	10	RNDBOT8	1	4	5	0	1787955278	2026-08-29 00:14:38	1	NULL	0000-00-00 00:00:00	0	1	0	0	0	0	0	0	NULL	NO_REGISTERED_SESSION_SERVER_STOPPED
22510	Estienne	10	RNDBOT8	1	5	10	0	1787955286	2026-08-29 00:14:46	1	NULL	0000-00-00 00:00:00	0	1	0	0	0	0	0	0	NULL	NO_REGISTERED_SESSION_SERVER_STOPPED
22511	Sehdunn	11	RNDBOT9	1	2	3	0	1787955299	2026-08-29 00:14:59	1	NULL	0000-00-00 00:00:00	0	1	0	0	0	0	0	0	NULL	NO_REGISTERED_SESSION_SERVER_STOPPED
22512	Idessa	11	RNDBOT9	1	4	9	0	1787955286	2026-08-29 00:14:46	1	NULL	0000-00-00 00:00:00	0	1	0	0	0	0	0	0	NULL	NO_REGISTERED_SESSION_SERVER_STOPPED
22513	Konatho	11	RNDBOT9	1	5	1	0	1787955290	2026-08-29 00:14:50	1	NULL	0000-00-00 00:00:00	0	1	0	0	0	0	0	0	NULL	NO_REGISTERED_SESSION_SERVER_STOPPED
22514	Chrisadine	11	RNDBOT9	1	1	5	0	1787955276	2026-08-29 00:14:36	1	NULL	0000-00-00 00:00:00	0	1	0	0	0	0	0	0	NULL	NO_REGISTERED_SESSION_SERVER_STOPPED
22515	Bhogagnuth	11	RNDBOT9	1	1	3	0	1787955294	2026-08-29 00:14:54	1	NULL	0000-00-00 00:00:00	0	1	0	0	0	0	0	0	NULL	NO_REGISTERED_SESSION_SERVER_STOPPED
22516	Patrick	11	RNDBOT9	1	4	1	0	1787955286	2026-08-29 00:14:46	1	NULL	0000-00-00 00:00:00	0	1	0	0	0	0	0	0	NULL	NO_REGISTERED_SESSION_SERVER_STOPPED
22517	Vanderen	11	RNDBOT9	1	5	10	0	1787955286	2026-08-29 00:14:46	1	NULL	0000-00-00 00:00:00	0	1	0	0	0	0	0	0	NULL	NO_REGISTERED_SESSION_SERVER_STOPPED
22518	Jolengi	11	RNDBOT9	1	2	1	0	1787955276	2026-08-29 00:14:36	1	NULL	0000-00-00 00:00:00	0	1	0	0	0	0	0	0	NULL	NO_REGISTERED_SESSION_SERVER_STOPPED
22519	Titandrin	11	RNDBOT9	1	1	10	0	1787955285	2026-08-29 00:14:45	1	NULL	0000-00-00 00:00:00	0	1	0	0	0	0	0	0	NULL	NO_REGISTERED_SESSION_SERVER_STOPPED
22520	Darineve	12	RNDBOT10	1	1	10	0	1787955279	2026-08-29 00:14:39	1	NULL	0000-00-00 00:00:00	0	1	0	0	0	0	0	0	NULL	NO_REGISTERED_SESSION_SERVER_STOPPED
22521	Dreltak	12	RNDBOT10	1	7	2	0	1787955287	2026-08-29 00:14:47	1	NULL	0000-00-00 00:00:00	0	1	0	0	0	0	0	0	NULL	NO_REGISTERED_SESSION_SERVER_STOPPED
22522	Inianus	12	RNDBOT10	1	9	5	0	1787955273	2026-08-29 00:14:33	1	NULL	0000-00-00 00:00:00	0	1	0	0	0	0	0	0	NULL	NO_REGISTERED_SESSION_SERVER_STOPPED
22523	Reda	12	RNDBOT10	1	5	4	0	1787955281	2026-08-29 00:14:41	1	NULL	0000-00-00 00:00:00	0	1	0	0	0	0	0	0	NULL	NO_REGISTERED_SESSION_SERVER_STOPPED
22524	Irorm	12	RNDBOT10	1	3	3	0	1787955275	2026-08-29 00:14:35	1	NULL	0000-00-00 00:00:00	0	1	0	0	0	0	0	0	NULL	NO_REGISTERED_SESSION_SERVER_STOPPED
22525	Zaryl	12	RNDBOT10	1	9	9	0	1787955295	2026-08-29 00:14:55	1	NULL	0000-00-00 00:00:00	0	1	0	0	0	0	0	0	NULL	NO_REGISTERED_SESSION_SERVER_STOPPED
22526	Lursuso	12	RNDBOT10	1	8	8	0	1787955289	2026-08-29 00:14:49	1	NULL	0000-00-00 00:00:00	0	1	0	0	0	0	0	0	NULL	NO_REGISTERED_SESSION_SERVER_STOPPED
22527	Keiliynn	12	RNDBOT10	1	3	4	0	1787955271	2026-08-29 00:14:31	1	NULL	0000-00-00 00:00:00	0	1	0	0	0	0	0	0	NULL	NO_REGISTERED_SESSION_SERVER_STOPPED
22528	Drishojai	12	RNDBOT10	1	7	8	0	1787955280	2026-08-29 00:14:40	1	NULL	0000-00-00 00:00:00	0	1	0	0	0	0	0	0	NULL	NO_REGISTERED_SESSION_SERVER_STOPPED
22529	Sagrer	13	RNDBOT11	1	3	3	0	1787955275	2026-08-29 00:14:35	1	NULL	0000-00-00 00:00:00	0	1	0	0	0	0	0	0	NULL	NO_REGISTERED_SESSION_SERVER_STOPPED
22530	Calanne	13	RNDBOT11	1	9	9	0	1787955282	2026-08-29 00:14:42	1	NULL	0000-00-00 00:00:00	0	1	0	0	0	0	0	0	NULL	NO_REGISTERED_SESSION_SERVER_STOPPED
22531	Dustinik	13	RNDBOT11	1	8	10	0	1787955274	2026-08-29 00:14:34	1	NULL	0000-00-00 00:00:00	0	1	0	0	0	0	0	0	NULL	NO_REGISTERED_SESSION_SERVER_STOPPED
22532	Similias	13	RNDBOT11	1	1	9	0	1787955275	2026-08-29 00:14:35	1	NULL	0000-00-00 00:00:00	0	1	0	0	0	0	0	0	NULL	NO_REGISTERED_SESSION_SERVER_STOPPED
22533	Kate	13	RNDBOT11	1	2	10	0	1787955280	2026-08-29 00:14:40	1	NULL	0000-00-00 00:00:00	0	1	0	0	0	0	0	0	NULL	NO_REGISTERED_SESSION_SERVER_STOPPED
22534	Mylealaes	13	RNDBOT11	1	3	4	0	1787955292	2026-08-29 00:14:52	1	NULL	0000-00-00 00:00:00	0	1	0	0	0	0	0	0	NULL	NO_REGISTERED_SESSION_SERVER_STOPPED
22535	Astasia	13	RNDBOT11	1	9	9	0	1787955288	2026-08-29 00:14:48	1	NULL	0000-00-00 00:00:00	0	1	0	0	0	0	0	0	NULL	NO_REGISTERED_SESSION_SERVER_STOPPED
22536	Caryma	13	RNDBOT11	1	3	4	0	1787955295	2026-08-29 00:14:55	1	NULL	0000-00-00 00:00:00	0	1	0	0	0	0	0	0	NULL	NO_REGISTERED_SESSION_SERVER_STOPPED
22537	Kalaen	13	RNDBOT11	1	4	4	0	1787955293	2026-08-29 00:14:53	1	NULL	0000-00-00 00:00:00	0	1	0	0	0	0	0	0	NULL	NO_REGISTERED_SESSION_SERVER_STOPPED
22538	Zorias	14	RNDBOT12	1	3	1	0	1787955279	2026-08-29 00:14:39	1	NULL	0000-00-00 00:00:00	0	1	0	0	0	0	0	0	NULL	NO_REGISTERED_SESSION_SERVER_STOPPED
22539	Damadak	14	RNDBOT12	1	1	10	0	1787955283	2026-08-29 00:14:43	1	NULL	0000-00-00 00:00:00	0	1	0	0	0	0	0	0	NULL	NO_REGISTERED_SESSION_SERVER_STOPPED
22540	Avenian	14	RNDBOT12	1	8	1	0	1787955275	2026-08-29 00:14:35	1	NULL	0000-00-00 00:00:00	0	1	0	0	0	0	0	0	NULL	NO_REGISTERED_SESSION_SERVER_STOPPED
22541	Cradurg	14	RNDBOT12	1	9	2	0	1787955296	2026-08-29 00:14:56	1	NULL	0000-00-00 00:00:00	0	1	0	0	0	0	0	0	NULL	NO_REGISTERED_SESSION_SERVER_STOPPED
22542	Nadalor	14	RNDBOT12	1	4	5	0	1787955300	2026-08-29 00:15:00	1	NULL	0000-00-00 00:00:00	0	1	0	0	0	0	0	0	NULL	NO_REGISTERED_SESSION_SERVER_STOPPED
22543	Beronard	14	RNDBOT12	1	2	1	0	1787955298	2026-08-29 00:14:58	1	NULL	0000-00-00 00:00:00	0	1	0	0	0	0	0	0	NULL	NO_REGISTERED_SESSION_SERVER_STOPPED
22544	Glibussel	14	RNDBOT12	1	9	7	0	1787955296	2026-08-29 00:14:56	1	NULL	0000-00-00 00:00:00	0	1	0	0	0	0	0	0	NULL	NO_REGISTERED_SESSION_SERVER_STOPPED
22545	Sheghe	14	RNDBOT12	1	3	8	0	1787955285	2026-08-29 00:14:45	1	NULL	0000-00-00 00:00:00	0	1	0	0	0	0	0	0	NULL	NO_REGISTERED_SESSION_SERVER_STOPPED
22546	Dubick	14	RNDBOT12	1	9	7	0	1787955275	2026-08-29 00:14:35	1	NULL	0000-00-00 00:00:00	0	1	0	0	0	0	0	0	NULL	NO_REGISTERED_SESSION_SERVER_STOPPED
22547	Sadineva	15	RNDBOT13	1	3	9	0	1787955300	2026-08-29 00:15:00	1	NULL	0000-00-00 00:00:00	0	1	0	0	0	0	0	0	NULL	NO_REGISTERED_SESSION_SERVER_STOPPED
22548	Ogmen	15	RNDBOT13	1	4	8	0	1787955286	2026-08-29 00:14:46	1	NULL	0000-00-00 00:00:00	0	1	0	0	0	0	0	0	NULL	NO_REGISTERED_SESSION_SERVER_STOPPED
22549	Keynira	15	RNDBOT13	1	4	4	0	1787955297	2026-08-29 00:14:57	1	NULL	0000-00-00 00:00:00	0	1	0	0	0	0	0	0	NULL	NO_REGISTERED_SESSION_SERVER_STOPPED
22550	Sherico	15	RNDBOT13	1	1	1	0	1787955272	2026-08-29 00:14:32	1	NULL	0000-00-00 00:00:00	0	1	0	0	0	0	0	0	NULL	NO_REGISTERED_SESSION_SERVER_STOPPED
22551	Alanita	15	RNDBOT13	1	4	9	0	1787955291	2026-08-29 00:14:51	1	NULL	0000-00-00 00:00:00	0	1	0	0	0	0	0	0	NULL	NO_REGISTERED_SESSION_SERVER_STOPPED
22552	Lentha	15	RNDBOT13	1	5	10	0	1787955282	2026-08-29 00:14:42	1	NULL	0000-00-00 00:00:00	0	1	0	0	0	0	0	0	NULL	NO_REGISTERED_SESSION_SERVER_STOPPED
22553	Xanton	15	RNDBOT13	1	8	9	0	1787955290	2026-08-29 00:14:50	1	NULL	0000-00-00 00:00:00	0	1	0	0	0	0	0	0	NULL	NO_REGISTERED_SESSION_SERVER_STOPPED
22554	Ganduvu	15	RNDBOT13	1	7	2	0	1787955275	2026-08-29 00:14:35	1	NULL	0000-00-00 00:00:00	0	1	0	0	0	0	0	0	NULL	NO_REGISTERED_SESSION_SERVER_STOPPED
22555	Aderek	15	RNDBOT13	1	9	9	0	1787955293	2026-08-29 00:14:53	1	NULL	0000-00-00 00:00:00	0	1	0	0	0	0	0	0	NULL	NO_REGISTERED_SESSION_SERVER_STOPPED
22556	Mudunk	16	RNDBOT14	1	9	7	0	1787955300	2026-08-29 00:15:00	1	NULL	0000-00-00 00:00:00	0	1	0	0	0	0	0	0	NULL	NO_REGISTERED_SESSION_SERVER_STOPPED
22557	Atarine	16	RNDBOT14	1	2	10	0	1787955298	2026-08-29 00:14:58	1	NULL	0000-00-00 00:00:00	0	1	0	0	0	0	0	0	NULL	NO_REGISTERED_SESSION_SERVER_STOPPED
22558	Nistor	16	RNDBOT14	1	3	1	0	1787955275	2026-08-29 00:14:35	1	NULL	0000-00-00 00:00:00	0	1	0	0	0	0	0	0	NULL	NO_REGISTERED_SESSION_SERVER_STOPPED
22559	Omaro	16	RNDBOT14	1	9	9	0	1787955290	2026-08-29 00:14:50	1	NULL	0000-00-00 00:00:00	0	1	0	0	0	0	0	0	NULL	NO_REGISTERED_SESSION_SERVER_STOPPED
22560	Stanto	16	RNDBOT14	1	3	1	0	1787955285	2026-08-29 00:14:45	1	NULL	0000-00-00 00:00:00	0	1	0	0	0	0	0	0	NULL	NO_REGISTERED_SESSION_SERVER_STOPPED
22561	Januelio	16	RNDBOT14	1	8	5	0	1787955300	2026-08-29 00:15:00	1	NULL	0000-00-00 00:00:00	0	1	0	0	0	0	0	0	NULL	NO_REGISTERED_SESSION_SERVER_STOPPED
22562	Jack	16	RNDBOT14	1	1	10	0	1787955276	2026-08-29 00:14:36	1	NULL	0000-00-00 00:00:00	0	1	0	0	0	0	0	0	NULL	NO_REGISTERED_SESSION_SERVER_STOPPED
22563	Elendira	16	RNDBOT14	1	4	4	0	1787955273	2026-08-29 00:14:33	1	NULL	0000-00-00 00:00:00	0	1	0	0	0	0	0	0	NULL	NO_REGISTERED_SESSION_SERVER_STOPPED
22564	Gimzo	16	RNDBOT14	1	7	2	0	1787955295	2026-08-29 00:14:55	1	NULL	0000-00-00 00:00:00	0	1	0	0	0	0	0	0	NULL	NO_REGISTERED_SESSION_SERVER_STOPPED
22565	Neliano	17	RNDBOT15	1	3	10	0	1787955285	2026-08-29 00:14:45	1	NULL	0000-00-00 00:00:00	0	1	0	0	0	0	0	0	NULL	NO_REGISTERED_SESSION_SERVER_STOPPED
22566	Yaezro	17	RNDBOT15	1	1	8	0	1787955280	2026-08-29 00:14:40	1	NULL	0000-00-00 00:00:00	0	1	0	0	0	0	0	0	NULL	NO_REGISTERED_SESSION_SERVER_STOPPED
22567	Dominian	17	RNDBOT15	1	3	1	0	1787955274	2026-08-29 00:14:34	1	NULL	0000-00-00 00:00:00	0	1	0	0	0	0	0	0	NULL	NO_REGISTERED_SESSION_SERVER_STOPPED
22568	Donaomi	17	RNDBOT15	1	2	1	0	1787955280	2026-08-29 00:14:40	1	NULL	0000-00-00 00:00:00	0	1	0	0	0	0	0	0	NULL	NO_REGISTERED_SESSION_SERVER_STOPPED
22569	Lamy	17	RNDBOT15	1	3	1	0	1787955272	2026-08-29 00:14:32	1	NULL	0000-00-00 00:00:00	0	1	0	0	0	0	0	0	NULL	NO_REGISTERED_SESSION_SERVER_STOPPED
22570	Kuennah	17	RNDBOT15	1	2	10	0	1787955295	2026-08-29 00:14:55	1	NULL	0000-00-00 00:00:00	0	1	0	0	0	0	0	0	NULL	NO_REGISTERED_SESSION_SERVER_STOPPED
22571	Castonso	17	RNDBOT15	1	4	9	0	1787955276	2026-08-29 00:14:36	1	NULL	0000-00-00 00:00:00	0	1	0	0	0	0	0	0	NULL	NO_REGISTERED_SESSION_SERVER_STOPPED
22572	Chelianna	17	RNDBOT15	1	5	1	0	1787955278	2026-08-29 00:14:38	1	NULL	0000-00-00 00:00:00	0	1	0	0	0	0	0	0	NULL	NO_REGISTERED_SESSION_SERVER_STOPPED
22573	Celiorah	17	RNDBOT15	1	3	9	0	1787955281	2026-08-29 00:14:41	1	NULL	0000-00-00 00:00:00	0	1	0	0	0	0	0	0	NULL	NO_REGISTERED_SESSION_SERVER_STOPPED
22574	Deandorian	18	RNDBOT16	1	8	1	0	1787955273	2026-08-29 00:14:33	1	NULL	0000-00-00 00:00:00	0	1	0	0	0	0	0	0	NULL	NO_REGISTERED_SESSION_SERVER_STOPPED
22575	Rhera	18	RNDBOT16	1	4	9	0	1787955298	2026-08-29 00:14:58	1	NULL	0000-00-00 00:00:00	0	1	0	0	0	0	0	0	NULL	NO_REGISTERED_SESSION_SERVER_STOPPED
22576	Vochoikosu	18	RNDBOT16	1	11	6	0	1787955295	2026-08-29 00:14:55	1	NULL	0000-00-00 00:00:00	0	1	0	0	0	0	0	0	NULL	NO_REGISTERED_SESSION_SERVER_STOPPED
22577	Celliette	18	RNDBOT16	1	8	10	0	1787955292	2026-08-29 00:14:52	1	NULL	0000-00-00 00:00:00	0	1	0	0	0	0	0	0	NULL	NO_REGISTERED_SESSION_SERVER_STOPPED
22578	Sanderim	18	RNDBOT16	1	4	1	0	1787955271	2026-08-29 00:14:31	1	NULL	0000-00-00 00:00:00	0	1	0	0	0	0	0	0	NULL	NO_REGISTERED_SESSION_SERVER_STOPPED
22579	Calastoren	18	RNDBOT16	1	3	1	0	1787955292	2026-08-29 00:14:52	1	NULL	0000-00-00 00:00:00	0	1	0	0	0	0	0	0	NULL	NO_REGISTERED_SESSION_SERVER_STOPPED
22580	Stavi	18	RNDBOT16	1	4	10	0	1787955293	2026-08-29 00:14:53	1	NULL	0000-00-00 00:00:00	0	1	0	0	0	0	0	0	NULL	NO_REGISTERED_SESSION_SERVER_STOPPED
22581	Grirrohlom	18	RNDBOT16	1	7	2	0	1787955285	2026-08-29 00:14:45	1	NULL	0000-00-00 00:00:00	0	1	0	0	0	0	0	0	NULL	NO_REGISTERED_SESSION_SERVER_STOPPED
22582	Thaengess	18	RNDBOT16	1	5	3	0	1787955282	2026-08-29 00:14:42	1	NULL	0000-00-00 00:00:00	0	1	0	0	0	0	0	0	NULL	NO_REGISTERED_SESSION_SERVER_STOPPED
22583	Gindy	19	RNDBOT17	1	4	10	0	1787955278	2026-08-29 00:14:38	1	NULL	0000-00-00 00:00:00	0	1	0	0	0	0	0	0	NULL	NO_REGISTERED_SESSION_SERVER_STOPPED
22584	Dolorence	19	RNDBOT17	1	3	1	0	1787955296	2026-08-29 00:14:56	1	NULL	0000-00-00 00:00:00	0	1	0	0	0	0	0	0	NULL	NO_REGISTERED_SESSION_SERVER_STOPPED
22585	Justiam	19	RNDBOT17	1	1	10	0	1787955294	2026-08-29 00:14:54	1	NULL	0000-00-00 00:00:00	0	1	0	0	0	0	0	0	NULL	NO_REGISTERED_SESSION_SERVER_STOPPED
22586	Chelanda	19	RNDBOT17	1	1	10	0	1787955286	2026-08-29 00:14:46	1	NULL	0000-00-00 00:00:00	0	1	0	0	0	0	0	0	NULL	NO_REGISTERED_SESSION_SERVER_STOPPED
22587	Igoren	19	RNDBOT17	1	8	5	0	1787955294	2026-08-29 00:14:54	1	NULL	0000-00-00 00:00:00	0	1	0	0	0	0	0	0	NULL	NO_REGISTERED_SESSION_SERVER_STOPPED
22588	Elemeri	19	RNDBOT17	1	8	10	0	1787955273	2026-08-29 00:14:33	1	NULL	0000-00-00 00:00:00	0	1	0	0	0	0	0	0	NULL	NO_REGISTERED_SESSION_SERVER_STOPPED
22589	Inik	19	RNDBOT17	1	8	5	0	1787955271	2026-08-29 00:14:31	1	NULL	0000-00-00 00:00:00	0	1	0	0	0	0	0	0	NULL	NO_REGISTERED_SESSION_SERVER_STOPPED
22590	Amelyn	19	RNDBOT17	1	8	10	0	1787955300	2026-08-29 00:15:00	1	NULL	0000-00-00 00:00:00	0	1	0	0	0	0	0	0	NULL	NO_REGISTERED_SESSION_SERVER_STOPPED
22591	Omanden	19	RNDBOT17	1	3	1	0	1787955295	2026-08-29 00:14:55	1	NULL	0000-00-00 00:00:00	0	1	0	0	0	0	0	0	NULL	NO_REGISTERED_SESSION_SERVER_STOPPED
22592	Lyrany	20	RNDBOT18	1	3	10	0	1787955284	2026-08-29 00:14:44	1	NULL	0000-00-00 00:00:00	0	1	0	0	0	0	0	0	NULL	NO_REGISTERED_SESSION_SERVER_STOPPED
22593	Biani	20	RNDBOT18	1	2	1	0	1787955271	2026-08-29 00:14:31	1	NULL	0000-00-00 00:00:00	0	1	0	0	0	0	0	0	NULL	NO_REGISTERED_SESSION_SERVER_STOPPED
22594	Gerus	20	RNDBOT18	1	8	10	0	1787955296	2026-08-29 00:14:56	1	NULL	0000-00-00 00:00:00	0	1	0	0	0	0	0	0	NULL	NO_REGISTERED_SESSION_SERVER_STOPPED
22595	Chailey	20	RNDBOT18	1	8	10	0	1787955278	2026-08-29 00:14:38	1	NULL	0000-00-00 00:00:00	0	1	0	0	0	0	0	0	NULL	NO_REGISTERED_SESSION_SERVER_STOPPED
22596	Waldrias	20	RNDBOT18	1	1	10	0	1787955278	2026-08-29 00:14:38	1	NULL	0000-00-00 00:00:00	0	1	0	0	0	0	0	0	NULL	NO_REGISTERED_SESSION_SERVER_STOPPED
22597	Sarnae	20	RNDBOT18	1	4	4	0	1787955278	2026-08-29 00:14:38	1	NULL	0000-00-00 00:00:00	0	1	0	0	0	0	0	0	NULL	NO_REGISTERED_SESSION_SERVER_STOPPED
22598	Teericlizz	20	RNDBOT18	1	4	7	0	1787955273	2026-08-29 00:14:33	1	NULL	0000-00-00 00:00:00	0	1	0	0	0	0	0	0	NULL	NO_REGISTERED_SESSION_SERVER_STOPPED
22599	Sochia	20	RNDBOT18	1	1	8	0	1787955285	2026-08-29 00:14:45	1	NULL	0000-00-00 00:00:00	0	1	0	0	0	0	0	0	NULL	NO_REGISTERED_SESSION_SERVER_STOPPED
22600	Patos	20	RNDBOT18	1	4	10	0	1787955289	2026-08-29 00:14:49	1	NULL	0000-00-00 00:00:00	0	1	0	0	0	0	0	0	NULL	NO_REGISTERED_SESSION_SERVER_STOPPED
22601	Baphanne	21	RNDBOT19	1	5	1	0	1787955291	2026-08-29 00:14:51	1	NULL	0000-00-00 00:00:00	0	1	0	0	0	0	0	0	NULL	NO_REGISTERED_SESSION_SERVER_STOPPED
22602	Domidas	21	RNDBOT19	1	3	1	0	1787955271	2026-08-29 00:14:31	1	NULL	0000-00-00 00:00:00	0	1	0	0	0	0	0	0	NULL	NO_REGISTERED_SESSION_SERVER_STOPPED
22603	Cameridon	21	RNDBOT19	1	5	5	0	1787955285	2026-08-29 00:14:45	1	NULL	0000-00-00 00:00:00	0	1	0	0	0	0	0	0	NULL	NO_REGISTERED_SESSION_SERVER_STOPPED
22604	Verim	21	RNDBOT19	1	4	10	0	1787955295	2026-08-29 00:14:55	1	NULL	0000-00-00 00:00:00	0	1	0	0	0	0	0	0	NULL	NO_REGISTERED_SESSION_SERVER_STOPPED
22605	Param	21	RNDBOT19	1	3	1	0	1787955272	2026-08-29 00:14:32	1	NULL	0000-00-00 00:00:00	0	1	0	0	0	0	0	0	NULL	NO_REGISTERED_SESSION_SERVER_STOPPED
22606	Vanderenz	21	RNDBOT19	1	1	9	0	1787955272	2026-08-29 00:14:32	1	NULL	0000-00-00 00:00:00	0	1	0	0	0	0	0	0	NULL	NO_REGISTERED_SESSION_SERVER_STOPPED
22607	Hintech	21	RNDBOT19	1	3	6	0	1787955277	2026-08-29 00:14:37	1	NULL	0000-00-00 00:00:00	0	1	0	0	0	0	0	0	NULL	NO_REGISTERED_SESSION_SERVER_STOPPED
22608	Eraphael	21	RNDBOT19	1	1	10	0	1787955296	2026-08-29 00:14:56	1	NULL	0000-00-00 00:00:00	0	1	0	0	0	0	0	0	NULL	NO_REGISTERED_SESSION_SERVER_STOPPED
22609	Eladarn	21	RNDBOT19	1	11	4	0	1787955272	2026-08-29 00:14:32	1	NULL	0000-00-00 00:00:00	0	1	0	0	0	0	0	0	NULL	NO_REGISTERED_SESSION_SERVER_STOPPED
22610	Gadie	22	RNDBOT20	1	2	10	0	1787955280	2026-08-29 00:14:40	1	NULL	0000-00-00 00:00:00	0	1	0	0	0	0	0	0	NULL	NO_REGISTERED_SESSION_SERVER_STOPPED
22611	Elerie	22	RNDBOT20	1	5	5	0	1787955300	2026-08-29 00:15:00	1	NULL	0000-00-00 00:00:00	0	1	0	0	0	0	0	0	NULL	NO_REGISTERED_SESSION_SERVER_STOPPED
22612	Hjorguggs	22	RNDBOT20	1	4	3	0	1787955285	2026-08-29 00:14:45	1	NULL	0000-00-00 00:00:00	0	1	0	0	0	0	0	0	NULL	NO_REGISTERED_SESSION_SERVER_STOPPED
22613	Aeotaria	22	RNDBOT20	1	4	4	0	1787955291	2026-08-29 00:14:51	1	NULL	0000-00-00 00:00:00	0	1	0	0	0	0	0	0	NULL	NO_REGISTERED_SESSION_SERVER_STOPPED
22614	Talnorion	22	RNDBOT20	1	4	4	0	1787955271	2026-08-29 00:14:31	1	NULL	0000-00-00 00:00:00	0	1	0	0	0	0	0	0	NULL	NO_REGISTERED_SESSION_SERVER_STOPPED
22615	Davianok	22	RNDBOT20	1	8	10	0	1787955271	2026-08-29 00:14:31	1	NULL	0000-00-00 00:00:00	0	1	0	0	0	0	0	0	NULL	NO_REGISTERED_SESSION_SERVER_STOPPED
22616	Sinarie	22	RNDBOT20	1	8	10	0	1787955298	2026-08-29 00:14:58	1	NULL	0000-00-00 00:00:00	0	1	0	0	0	0	0	0	NULL	NO_REGISTERED_SESSION_SERVER_STOPPED
22617	Darist	22	RNDBOT20	1	4	9	0	1787955287	2026-08-29 00:14:47	1	NULL	0000-00-00 00:00:00	0	1	0	0	0	0	0	0	NULL	NO_REGISTERED_SESSION_SERVER_STOPPED
22618	Maronac	22	RNDBOT20	1	1	9	0	1787955271	2026-08-29 00:14:31	1	NULL	0000-00-00 00:00:00	0	1	0	0	0	0	0	0	NULL	NO_REGISTERED_SESSION_SERVER_STOPPED
22619	Amasto	23	RNDBOT21	1	3	1	0	1787955273	2026-08-29 00:14:33	1	NULL	0000-00-00 00:00:00	0	1	0	0	0	0	0	0	NULL	NO_REGISTERED_SESSION_SERVER_STOPPED
22620	Jameliano	23	RNDBOT21	1	5	10	0	1787955296	2026-08-29 00:14:56	1	NULL	0000-00-00 00:00:00	0	1	0	0	0	0	0	0	NULL	NO_REGISTERED_SESSION_SERVER_STOPPED
22621	Dodryn	23	RNDBOT21	1	11	4	0	1787955278	2026-08-29 00:14:38	1	NULL	0000-00-00 00:00:00	0	1	0	0	0	0	0	0	NULL	NO_REGISTERED_SESSION_SERVER_STOPPED
22622	Uynyssea	23	RNDBOT21	1	3	4	0	1787955272	2026-08-29 00:14:32	1	NULL	0000-00-00 00:00:00	0	1	0	0	0	0	0	0	NULL	NO_REGISTERED_SESSION_SERVER_STOPPED
22623	Carandel	23	RNDBOT21	1	1	9	0	1787955294	2026-08-29 00:14:54	1	NULL	0000-00-00 00:00:00	0	1	0	0	0	0	0	0	NULL	NO_REGISTERED_SESSION_SERVER_STOPPED
22624	Carai	23	RNDBOT21	1	11	4	0	1787955284	2026-08-29 00:14:44	1	NULL	0000-00-00 00:00:00	0	1	0	0	0	0	0	0	NULL	NO_REGISTERED_SESSION_SERVER_STOPPED
22625	Sarani	23	RNDBOT21	1	2	1	0	1787955299	2026-08-29 00:14:59	1	NULL	0000-00-00 00:00:00	0	1	0	0	0	0	0	0	NULL	NO_REGISTERED_SESSION_SERVER_STOPPED
22626	Alerac	23	RNDBOT21	1	4	5	0	1787955296	2026-08-29 00:14:56	1	NULL	0000-00-00 00:00:00	0	1	0	0	0	0	0	0	NULL	NO_REGISTERED_SESSION_SERVER_STOPPED
22627	Catia	23	RNDBOT21	1	2	10	0	1787955273	2026-08-29 00:14:33	1	NULL	0000-00-00 00:00:00	0	1	0	0	0	0	0	0	NULL	NO_REGISTERED_SESSION_SERVER_STOPPED
22628	Caterini	24	RNDBOT22	1	4	9	0	1787955275	2026-08-29 00:14:35	1	NULL	0000-00-00 00:00:00	0	1	0	0	0	0	0	0	NULL	NO_REGISTERED_SESSION_SERVER_STOPPED
22629	Sanderios	24	RNDBOT22	1	5	5	0	1787955275	2026-08-29 00:14:35	1	NULL	0000-00-00 00:00:00	0	1	0	0	0	0	0	0	NULL	NO_REGISTERED_SESSION_SERVER_STOPPED
22630	Noreli	24	RNDBOT22	1	5	10	0	1787955285	2026-08-29 00:14:45	1	NULL	0000-00-00 00:00:00	0	1	0	0	0	0	0	0	NULL	NO_REGISTERED_SESSION_SERVER_STOPPED
22631	Bradan	24	RNDBOT22	1	3	10	0	1787955275	2026-08-29 00:14:35	1	NULL	0000-00-00 00:00:00	0	1	0	0	0	0	0	0	NULL	NO_REGISTERED_SESSION_SERVER_STOPPED
22632	Cerelrion	24	RNDBOT22	1	11	4	0	1787955296	2026-08-29 00:14:56	1	NULL	0000-00-00 00:00:00	0	1	0	0	0	0	0	0	NULL	NO_REGISTERED_SESSION_SERVER_STOPPED
22633	Rederenok	24	RNDBOT22	1	3	1	0	1787955279	2026-08-29 00:14:39	1	NULL	0000-00-00 00:00:00	0	1	0	0	0	0	0	0	NULL	NO_REGISTERED_SESSION_SERVER_STOPPED
22634	Likko	24	RNDBOT22	1	1	6	0	1787955276	2026-08-29 00:14:36	1	NULL	0000-00-00 00:00:00	0	1	0	0	0	0	0	0	NULL	NO_REGISTERED_SESSION_SERVER_STOPPED
22635	Baraldrin	24	RNDBOT22	1	8	10	0	1787955272	2026-08-29 00:14:32	1	NULL	0000-00-00 00:00:00	0	1	0	0	0	0	0	0	NULL	NO_REGISTERED_SESSION_SERVER_STOPPED
22636	Saleney	24	RNDBOT22	1	9	1	0	1787955297	2026-08-29 00:14:57	1	NULL	0000-00-00 00:00:00	0	1	0	0	0	0	0	0	NULL	NO_REGISTERED_SESSION_SERVER_STOPPED
22637	Alannia	25	RNDBOT23	1	3	9	0	1787955273	2026-08-29 00:14:33	1	NULL	0000-00-00 00:00:00	0	1	0	0	0	0	0	0	NULL	NO_REGISTERED_SESSION_SERVER_STOPPED
22638	Basilla	25	RNDBOT23	1	3	9	0	1787955282	2026-08-29 00:14:42	1	NULL	0000-00-00 00:00:00	0	1	0	0	0	0	0	0	NULL	NO_REGISTERED_SESSION_SERVER_STOPPED
22639	Kaileney	25	RNDBOT23	1	8	9	0	1787955277	2026-08-29 00:14:37	1	NULL	0000-00-00 00:00:00	0	1	0	0	0	0	0	0	NULL	NO_REGISTERED_SESSION_SERVER_STOPPED
22640	Hysam	25	RNDBOT23	1	11	4	0	1787955292	2026-08-29 00:14:52	1	NULL	0000-00-00 00:00:00	0	1	0	0	0	0	0	0	NULL	NO_REGISTERED_SESSION_SERVER_STOPPED
22641	Shaenas	25	RNDBOT23	1	4	4	0	1787955292	2026-08-29 00:14:52	1	NULL	0000-00-00 00:00:00	0	1	0	0	0	0	0	0	NULL	NO_REGISTERED_SESSION_SERVER_STOPPED
22642	Ellandria	25	RNDBOT23	1	3	4	0	1787955284	2026-08-29 00:14:44	1	NULL	0000-00-00 00:00:00	0	1	0	0	0	0	0	0	NULL	NO_REGISTERED_SESSION_SERVER_STOPPED
22643	Damerani	25	RNDBOT23	1	4	10	0	1787955271	2026-08-29 00:14:31	1	NULL	0000-00-00 00:00:00	0	1	0	0	0	0	0	0	NULL	NO_REGISTERED_SESSION_SERVER_STOPPED
22644	Fellena	25	RNDBOT23	1	1	10	0	1787955271	2026-08-29 00:14:31	1	NULL	0000-00-00 00:00:00	0	1	0	0	0	0	0	0	NULL	NO_REGISTERED_SESSION_SERVER_STOPPED
22645	Hespe	25	RNDBOT23	1	3	10	0	1787955278	2026-08-29 00:14:38	1	NULL	0000-00-00 00:00:00	0	1	0	0	0	0	0	0	NULL	NO_REGISTERED_SESSION_SERVER_STOPPED
22646	Uzdin	26	RNDBOT24	1	4	8	0	1787955276	2026-08-29 00:14:36	1	NULL	0000-00-00 00:00:00	0	1	0	0	0	0	0	0	NULL	NO_REGISTERED_SESSION_SERVER_STOPPED
22647	Gerad	26	RNDBOT24	1	4	9	0	1787955276	2026-08-29 00:14:36	1	NULL	0000-00-00 00:00:00	0	1	0	0	0	0	0	0	NULL	NO_REGISTERED_SESSION_SERVER_STOPPED
22648	Calice	26	RNDBOT24	1	3	1	0	1787955291	2026-08-29 00:14:51	1	NULL	0000-00-00 00:00:00	0	1	0	0	0	0	0	0	NULL	NO_REGISTERED_SESSION_SERVER_STOPPED
22649	Irenea	26	RNDBOT24	1	4	4	0	1787955275	2026-08-29 00:14:35	1	NULL	0000-00-00 00:00:00	0	1	0	0	0	0	0	0	NULL	NO_REGISTERED_SESSION_SERVER_STOPPED
22650	Taramilo	26	RNDBOT24	1	4	10	0	1787955274	2026-08-29 00:14:34	1	NULL	0000-00-00 00:00:00	0	1	0	0	0	0	0	0	NULL	NO_REGISTERED_SESSION_SERVER_STOPPED
22651	Elynyssae	26	RNDBOT24	1	3	4	0	1787955295	2026-08-29 00:14:55	1	NULL	0000-00-00 00:00:00	0	1	0	0	0	0	0	0	NULL	NO_REGISTERED_SESSION_SERVER_STOPPED
22652	Silastin	26	RNDBOT24	1	9	9	0	1787955299	2026-08-29 00:14:59	1	NULL	0000-00-00 00:00:00	0	1	0	0	0	0	0	0	NULL	NO_REGISTERED_SESSION_SERVER_STOPPED
22653	Bruirrarm	26	RNDBOT24	1	3	3	0	1787955282	2026-08-29 00:14:42	1	NULL	0000-00-00 00:00:00	0	1	0	0	0	0	0	0	NULL	NO_REGISTERED_SESSION_SERVER_STOPPED
22654	Cecilly	26	RNDBOT24	1	8	9	0	1787955296	2026-08-29 00:14:56	1	NULL	0000-00-00 00:00:00	0	1	0	0	0	0	0	0	NULL	NO_REGISTERED_SESSION_SERVER_STOPPED
22655	Flana	27	RNDBOT25	1	2	10	0	1787955290	2026-08-29 00:14:50	1	NULL	0000-00-00 00:00:00	0	1	0	0	0	0	0	0	NULL	NO_REGISTERED_SESSION_SERVER_STOPPED
22656	Talanas	27	RNDBOT25	1	11	4	0	1787955284	2026-08-29 00:14:44	1	NULL	0000-00-00 00:00:00	0	1	0	0	0	0	0	0	NULL	NO_REGISTERED_SESSION_SERVER_STOPPED
22657	Tereni	27	RNDBOT25	1	3	9	0	1787955296	2026-08-29 00:14:56	1	NULL	0000-00-00 00:00:00	0	1	0	0	0	0	0	0	NULL	NO_REGISTERED_SESSION_SERVER_STOPPED
22658	Sherio	27	RNDBOT25	1	3	1	0	1787955300	2026-08-29 00:15:00	1	NULL	0000-00-00 00:00:00	0	1	0	0	0	0	0	0	NULL	NO_REGISTERED_SESSION_SERVER_STOPPED
22659	Larineri	27	RNDBOT25	1	4	1	0	1787955286	2026-08-29 00:14:46	1	NULL	0000-00-00 00:00:00	0	1	0	0	0	0	0	0	NULL	NO_REGISTERED_SESSION_SERVER_STOPPED
22660	Merion	27	RNDBOT25	1	3	10	0	1787955300	2026-08-29 00:15:00	1	NULL	0000-00-00 00:00:00	0	1	0	0	0	0	0	0	NULL	NO_REGISTERED_SESSION_SERVER_STOPPED
22661	Hannimon	27	RNDBOT25	1	3	10	0	1787955288	2026-08-29 00:14:48	1	NULL	0000-00-00 00:00:00	0	1	0	0	0	0	0	0	NULL	NO_REGISTERED_SESSION_SERVER_STOPPED
22662	Valeni	27	RNDBOT25	1	2	10	0	1787955288	2026-08-29 00:14:48	1	NULL	0000-00-00 00:00:00	0	1	0	0	0	0	0	0	NULL	NO_REGISTERED_SESSION_SERVER_STOPPED
22663	Monna	27	RNDBOT25	1	1	9	0	1787955281	2026-08-29 00:14:41	1	NULL	0000-00-00 00:00:00	0	1	0	0	0	0	0	0	NULL	NO_REGISTERED_SESSION_SERVER_STOPPED
22664	Derondo	28	RNDBOT26	1	3	1	0	1787955299	2026-08-29 00:14:59	1	NULL	0000-00-00 00:00:00	0	1	0	0	0	0	0	0	NULL	NO_REGISTERED_SESSION_SERVER_STOPPED
22665	Filearcia	28	RNDBOT26	1	5	4	0	1787955298	2026-08-29 00:14:58	1	NULL	0000-00-00 00:00:00	0	1	0	0	0	0	0	0	NULL	NO_REGISTERED_SESSION_SERVER_STOPPED
22666	Phiney	28	RNDBOT26	1	8	5	0	1787955297	2026-08-29 00:14:57	1	NULL	0000-00-00 00:00:00	0	1	0	0	0	0	0	0	NULL	NO_REGISTERED_SESSION_SERVER_STOPPED
22667	Brielio	28	RNDBOT26	1	3	9	0	1787955282	2026-08-29 00:14:42	1	NULL	0000-00-00 00:00:00	0	1	0	0	0	0	0	0	NULL	NO_REGISTERED_SESSION_SERVER_STOPPED
22668	Fideon	28	RNDBOT26	1	3	10	0	1787955283	2026-08-29 00:14:43	1	NULL	0000-00-00 00:00:00	0	1	0	0	0	0	0	0	NULL	NO_REGISTERED_SESSION_SERVER_STOPPED
22669	Molarany	28	RNDBOT26	1	1	5	0	1787955290	2026-08-29 00:14:50	1	NULL	0000-00-00 00:00:00	0	1	0	0	0	0	0	0	NULL	NO_REGISTERED_SESSION_SERVER_STOPPED
22670	Clarin	28	RNDBOT26	1	1	10	0	1787955271	2026-08-29 00:14:31	1	NULL	0000-00-00 00:00:00	0	1	0	0	0	0	0	0	NULL	NO_REGISTERED_SESSION_SERVER_STOPPED
22671	Evangelane	28	RNDBOT26	1	3	9	0	1787955295	2026-08-29 00:14:55	1	NULL	0000-00-00 00:00:00	0	1	0	0	0	0	0	0	NULL	NO_REGISTERED_SESSION_SERVER_STOPPED
22672	Kueneva	28	RNDBOT26	1	3	10	0	1787955275	2026-08-29 00:14:35	1	NULL	0000-00-00 00:00:00	0	1	0	0	0	0	0	0	NULL	NO_REGISTERED_SESSION_SERVER_STOPPED
22673	Achileas	29	RNDBOT27	1	2	10	0	1787955293	2026-08-29 00:14:53	1	NULL	0000-00-00 00:00:00	1	1	0	0	0	0	0	0	NULL	NO_REGISTERED_SESSION_SERVER_STOPPED
22674	Faralos	29	RNDBOT27	1	3	10	0	1787955284	2026-08-29 00:14:44	1	NULL	0000-00-00 00:00:00	1	1	0	0	0	0	0	0	NULL	NO_REGISTERED_SESSION_SERVER_STOPPED
22675	Ruzjith	29	RNDBOT27	1	7	8	0	1787955282	2026-08-29 00:14:42	1	NULL	0000-00-00 00:00:00	1	1	0	0	0	0	0	0	NULL	NO_REGISTERED_SESSION_SERVER_STOPPED
22676	Alianca	29	RNDBOT27	1	4	10	0	1787955284	2026-08-29 00:14:44	1	NULL	0000-00-00 00:00:00	1	1	0	0	0	0	0	0	NULL	NO_REGISTERED_SESSION_SERVER_STOPPED
22677	Keid	29	RNDBOT27	1	5	10	0	1787955298	2026-08-29 00:14:58	1	NULL	0000-00-00 00:00:00	1	1	0	0	0	0	0	0	NULL	NO_REGISTERED_SESSION_SERVER_STOPPED
22678	Brougos	29	RNDBOT27	1	3	3	0	1787955274	2026-08-29 00:14:34	1	NULL	0000-00-00 00:00:00	1	1	0	0	0	0	0	0	NULL	NO_REGISTERED_SESSION_SERVER_STOPPED
22679	Twallann	29	RNDBOT27	1	3	3	0	1787955288	2026-08-29 00:14:48	1	NULL	0000-00-00 00:00:00	1	1	0	0	0	0	0	0	NULL	NO_REGISTERED_SESSION_SERVER_STOPPED
22680	Bongitta	29	RNDBOT27	1	11	6	0	1787955293	2026-08-29 00:14:53	1	NULL	0000-00-00 00:00:00	1	1	0	0	0	0	0	0	NULL	NO_REGISTERED_SESSION_SERVER_STOPPED
22681	Denralyn	29	RNDBOT27	1	11	4	0	1787955287	2026-08-29 00:14:47	1	NULL	0000-00-00 00:00:00	1	1	0	0	0	0	0	0	NULL	NO_REGISTERED_SESSION_SERVER_STOPPED
22682	Sirista	30	RNDBOT28	1	2	10	0	1787955291	2026-08-29 00:14:51	1	NULL	0000-00-00 00:00:00	0	1	0	0	0	0	0	0	NULL	NO_REGISTERED_SESSION_SERVER_STOPPED
22683	Arlyn	30	RNDBOT28	1	11	4	0	1787955288	2026-08-29 00:14:48	1	NULL	0000-00-00 00:00:00	0	1	0	0	0	0	0	0	NULL	NO_REGISTERED_SESSION_SERVER_STOPPED
22684	Araimon	30	RNDBOT28	1	3	9	0	1787955296	2026-08-29 00:14:56	1	NULL	0000-00-00 00:00:00	0	1	0	0	0	0	0	0	NULL	NO_REGISTERED_SESSION_SERVER_STOPPED
22685	Serimoth	30	RNDBOT28	1	3	3	0	1787955278	2026-08-29 00:14:38	1	NULL	0000-00-00 00:00:00	0	1	0	0	0	0	0	0	NULL	NO_REGISTERED_SESSION_SERVER_STOPPED
22686	Thragnamm	30	RNDBOT28	1	3	2	0	1787955276	2026-08-29 00:14:36	1	NULL	0000-00-00 00:00:00	0	1	0	0	0	0	0	0	NULL	NO_REGISTERED_SESSION_SERVER_STOPPED
22687	Merlios	30	RNDBOT28	1	2	10	0	1787955278	2026-08-29 00:14:38	1	NULL	0000-00-00 00:00:00	0	1	0	0	0	0	0	0	NULL	NO_REGISTERED_SESSION_SERVER_STOPPED
22688	Borcano	30	RNDBOT28	1	2	10	0	1787955280	2026-08-29 00:14:40	1	NULL	0000-00-00 00:00:00	0	1	0	0	0	0	0	0	NULL	NO_REGISTERED_SESSION_SERVER_STOPPED
22689	Sannie	30	RNDBOT28	1	9	5	0	1787955279	2026-08-29 00:14:39	1	NULL	0000-00-00 00:00:00	0	1	0	0	0	0	0	0	NULL	NO_REGISTERED_SESSION_SERVER_STOPPED
22690	Silli	30	RNDBOT28	1	3	9	0	1787955294	2026-08-29 00:14:54	1	NULL	0000-00-00 00:00:00	0	1	0	0	0	0	0	0	NULL	NO_REGISTERED_SESSION_SERVER_STOPPED
22691	Augustina	31	RNDBOT29	1	1	10	0	1787955281	2026-08-29 00:14:41	1	NULL	0000-00-00 00:00:00	0	1	0	0	0	0	0	0	NULL	NO_REGISTERED_SESSION_SERVER_STOPPED
22692	Elipe	31	RNDBOT29	1	8	10	0	1787955280	2026-08-29 00:14:40	1	NULL	0000-00-00 00:00:00	0	1	0	0	0	0	0	0	NULL	NO_REGISTERED_SESSION_SERVER_STOPPED
22693	Ruld	31	RNDBOT29	1	9	2	0	1787955282	2026-08-29 00:14:42	1	NULL	0000-00-00 00:00:00	0	1	0	0	0	0	0	0	NULL	NO_REGISTERED_SESSION_SERVER_STOPPED
22694	Minasta	31	RNDBOT29	1	9	9	0	1787955299	2026-08-29 00:14:59	1	NULL	0000-00-00 00:00:00	0	1	0	0	0	0	0	0	NULL	NO_REGISTERED_SESSION_SERVER_STOPPED
22695	Cassandy	31	RNDBOT29	1	8	10	0	1787955285	2026-08-29 00:14:45	1	NULL	0000-00-00 00:00:00	0	1	0	0	0	0	0	0	NULL	NO_REGISTERED_SESSION_SERVER_STOPPED
22696	Laryl	31	RNDBOT29	1	3	9	0	1787955277	2026-08-29 00:14:37	1	NULL	0000-00-00 00:00:00	0	1	0	0	0	0	0	0	NULL	NO_REGISTERED_SESSION_SERVER_STOPPED
22697	Falneth	31	RNDBOT29	1	4	4	0	1787955296	2026-08-29 00:14:56	1	NULL	0000-00-00 00:00:00	0	1	0	0	0	0	0	0	NULL	NO_REGISTERED_SESSION_SERVER_STOPPED
22698	Omro	31	RNDBOT29	1	7	8	0	1787955299	2026-08-29 00:14:59	1	NULL	0000-00-00 00:00:00	0	1	0	0	0	0	0	0	NULL	NO_REGISTERED_SESSION_SERVER_STOPPED
22699	Kaidero	31	RNDBOT29	1	4	5	0	1787955287	2026-08-29 00:14:47	1	NULL	0000-00-00 00:00:00	0	1	0	0	0	0	0	0	NULL	NO_REGISTERED_SESSION_SERVER_STOPPED
22700	Lili	32	RNDBOT30	1	3	1	0	1787955271	2026-08-29 00:14:31	1	NULL	0000-00-00 00:00:00	0	1	0	0	0	0	0	0	NULL	NO_REGISTERED_SESSION_SERVER_STOPPED
22701	Blandelios	32	RNDBOT30	1	9	1	0	1787955281	2026-08-29 00:14:41	1	NULL	0000-00-00 00:00:00	0	1	0	0	0	0	0	0	NULL	NO_REGISTERED_SESSION_SERVER_STOPPED
22702	Callion	32	RNDBOT30	1	1	10	0	1787955281	2026-08-29 00:14:41	1	NULL	0000-00-00 00:00:00	0	1	0	0	0	0	0	0	NULL	NO_REGISTERED_SESSION_SERVER_STOPPED
22703	Babrinny	32	RNDBOT30	1	9	9	0	1787955275	2026-08-29 00:14:35	1	NULL	0000-00-00 00:00:00	0	1	0	0	0	0	0	0	NULL	NO_REGISTERED_SESSION_SERVER_STOPPED
22704	Kweezhih	32	RNDBOT30	1	3	6	0	1787955286	2026-08-29 00:14:46	1	NULL	0000-00-00 00:00:00	0	1	0	0	0	0	0	0	NULL	NO_REGISTERED_SESSION_SERVER_STOPPED
22705	Kaelaos	32	RNDBOT30	1	2	10	0	1787955295	2026-08-29 00:14:55	1	NULL	0000-00-00 00:00:00	0	1	0	0	0	0	0	0	NULL	NO_REGISTERED_SESSION_SERVER_STOPPED
22706	Neytaenlin	32	RNDBOT30	1	5	3	0	1787955298	2026-08-29 00:14:58	1	NULL	0000-00-00 00:00:00	0	1	0	0	0	0	0	0	NULL	NO_REGISTERED_SESSION_SERVER_STOPPED
22707	Neliana	32	RNDBOT30	1	3	1	0	1787955294	2026-08-29 00:14:54	1	NULL	0000-00-00 00:00:00	0	1	0	0	0	0	0	0	NULL	NO_REGISTERED_SESSION_SERVER_STOPPED
22708	Olivain	32	RNDBOT30	1	4	5	0	1787955285	2026-08-29 00:14:45	1	NULL	0000-00-00 00:00:00	0	1	0	0	0	0	0	0	NULL	NO_REGISTERED_SESSION_SERVER_STOPPED
22709	Brando	33	RNDBOT31	1	8	9	0	1787955284	2026-08-29 00:14:44	1	NULL	0000-00-00 00:00:00	0	1	0	0	0	0	0	0	NULL	NO_REGISTERED_SESSION_SERVER_STOPPED
22710	Rolar	33	RNDBOT31	1	2	1	0	1787955273	2026-08-29 00:14:33	1	NULL	0000-00-00 00:00:00	0	1	0	0	0	0	0	0	NULL	NO_REGISTERED_SESSION_SERVER_STOPPED
22711	Muranon	33	RNDBOT31	1	9	9	0	1787955291	2026-08-29 00:14:51	1	NULL	0000-00-00 00:00:00	0	1	0	0	0	0	0	0	NULL	NO_REGISTERED_SESSION_SERVER_STOPPED
22712	Orrest	33	RNDBOT31	1	1	10	0	1787955276	2026-08-29 00:14:36	1	NULL	0000-00-00 00:00:00	0	1	0	0	0	0	0	0	NULL	NO_REGISTERED_SESSION_SERVER_STOPPED
22713	Osem	33	RNDBOT31	1	1	2	0	1787955272	2026-08-29 00:14:32	1	NULL	0000-00-00 00:00:00	0	1	0	0	0	0	0	0	NULL	NO_REGISTERED_SESSION_SERVER_STOPPED
22714	Shewta	33	RNDBOT31	1	1	2	0	1787955278	2026-08-29 00:14:38	1	NULL	0000-00-00 00:00:00	0	1	0	0	0	0	0	0	NULL	NO_REGISTERED_SESSION_SERVER_STOPPED
22715	Yatharion	33	RNDBOT31	1	1	4	0	1787955288	2026-08-29 00:14:48	1	NULL	0000-00-00 00:00:00	0	1	0	0	0	0	0	0	NULL	NO_REGISTERED_SESSION_SERVER_STOPPED
22716	Samane	33	RNDBOT31	1	2	1	0	1787955287	2026-08-29 00:14:47	1	NULL	0000-00-00 00:00:00	0	1	0	0	0	0	0	0	NULL	NO_REGISTERED_SESSION_SERVER_STOPPED
22717	Moriran	33	RNDBOT31	1	4	4	0	1787955272	2026-08-29 00:14:32	1	NULL	0000-00-00 00:00:00	0	1	0	0	0	0	0	0	NULL	NO_REGISTERED_SESSION_SERVER_STOPPED
22718	Aristinaya	34	RNDBOT32	1	1	10	0	1787955295	2026-08-29 00:14:55	1	NULL	0000-00-00 00:00:00	0	1	0	0	0	0	0	0	NULL	NO_REGISTERED_SESSION_SERVER_STOPPED
22719	Rasho	34	RNDBOT32	1	4	2	0	1787955281	2026-08-29 00:14:41	1	NULL	0000-00-00 00:00:00	0	1	0	0	0	0	0	0	NULL	NO_REGISTERED_SESSION_SERVER_STOPPED
22720	Megyl	34	RNDBOT32	1	5	4	0	1787955284	2026-08-29 00:14:44	1	NULL	0000-00-00 00:00:00	0	1	0	0	0	0	0	0	NULL	NO_REGISTERED_SESSION_SERVER_STOPPED
22721	Sheron	34	RNDBOT32	1	5	10	0	1787955287	2026-08-29 00:14:47	1	NULL	0000-00-00 00:00:00	0	1	0	0	0	0	0	0	NULL	NO_REGISTERED_SESSION_SERVER_STOPPED
22722	Aldrian	34	RNDBOT32	1	4	9	0	1787955280	2026-08-29 00:14:40	1	NULL	0000-00-00 00:00:00	0	1	0	0	0	0	0	0	NULL	NO_REGISTERED_SESSION_SERVER_STOPPED
22723	Angi	34	RNDBOT32	1	1	2	0	1787955300	2026-08-29 00:15:00	1	NULL	0000-00-00 00:00:00	0	1	0	0	0	0	0	0	NULL	NO_REGISTERED_SESSION_SERVER_STOPPED
22724	Floris	34	RNDBOT32	1	9	9	0	1787955296	2026-08-29 00:14:56	1	NULL	0000-00-00 00:00:00	0	1	0	0	0	0	0	0	NULL	NO_REGISTERED_SESSION_SERVER_STOPPED
22725	Bevetta	34	RNDBOT32	1	3	10	0	1787955291	2026-08-29 00:14:51	1	NULL	0000-00-00 00:00:00	0	1	0	0	0	0	0	0	NULL	NO_REGISTERED_SESSION_SERVER_STOPPED
22726	Alandorn	34	RNDBOT32	1	4	10	0	1787955273	2026-08-29 00:14:33	1	NULL	0000-00-00 00:00:00	0	1	0	0	0	0	0	0	NULL	NO_REGISTERED_SESSION_SERVER_STOPPED
22727	Aliette	35	RNDBOT33	1	3	10	0	1787955294	2026-08-29 00:14:54	1	NULL	0000-00-00 00:00:00	1	1	0	0	0	0	0	0	NULL	NO_REGISTERED_SESSION_SERVER_STOPPED
22728	Lival	35	RNDBOT33	1	3	9	0	1787955290	2026-08-29 00:14:50	1	NULL	0000-00-00 00:00:00	1	1	0	0	0	0	0	0	NULL	NO_REGISTERED_SESSION_SERVER_STOPPED
22729	Norena	35	RNDBOT33	1	1	10	0	1787955279	2026-08-29 00:14:39	1	NULL	0000-00-00 00:00:00	1	1	0	0	0	0	0	0	NULL	NO_REGISTERED_SESSION_SERVER_STOPPED
22730	Foli	35	RNDBOT33	1	3	2	0	1787955278	2026-08-29 00:14:38	1	NULL	0000-00-00 00:00:00	1	1	0	0	0	0	0	0	NULL	NO_REGISTERED_SESSION_SERVER_STOPPED
22731	Arinerita	35	RNDBOT33	1	9	1	0	1787955285	2026-08-29 00:14:45	1	NULL	0000-00-00 00:00:00	1	1	0	0	0	0	0	0	NULL	NO_REGISTERED_SESSION_SERVER_STOPPED
22732	Chaelamy	35	RNDBOT33	1	1	1	0	1787955297	2026-08-29 00:14:57	1	NULL	0000-00-00 00:00:00	1	1	0	0	0	0	0	0	NULL	NO_REGISTERED_SESSION_SERVER_STOPPED
22733	Mokeltsi	35	RNDBOT33	1	1	6	0	1787955274	2026-08-29 00:14:34	1	NULL	0000-00-00 00:00:00	1	1	0	0	0	0	0	0	NULL	NO_REGISTERED_SESSION_SERVER_STOPPED
22734	Penkluck	35	RNDBOT33	1	9	7	0	1787955279	2026-08-29 00:14:39	1	NULL	0000-00-00 00:00:00	1	1	0	0	0	0	0	0	NULL	NO_REGISTERED_SESSION_SERVER_STOPPED
22735	Ketkyfli	35	RNDBOT33	1	8	7	0	1787955284	2026-08-29 00:14:44	1	NULL	0000-00-00 00:00:00	1	1	0	0	0	0	0	0	NULL	NO_REGISTERED_SESSION_SERVER_STOPPED
22736	Barus	36	RNDBOT34	1	8	10	0	1787955295	2026-08-29 00:14:55	1	NULL	0000-00-00 00:00:00	0	1	0	0	0	0	0	0	NULL	NO_REGISTERED_SESSION_SERVER_STOPPED
22737	Amethere	36	RNDBOT34	1	3	1	0	1787955280	2026-08-29 00:14:40	1	NULL	0000-00-00 00:00:00	0	1	0	0	0	0	0	0	NULL	NO_REGISTERED_SESSION_SERVER_STOPPED
22738	Linarinia	36	RNDBOT34	1	5	10	0	1787955294	2026-08-29 00:14:54	1	NULL	0000-00-00 00:00:00	0	1	0	0	0	0	0	0	NULL	NO_REGISTERED_SESSION_SERVER_STOPPED
22739	Bianda	36	RNDBOT34	1	2	10	0	1787955275	2026-08-29 00:14:35	1	NULL	0000-00-00 00:00:00	0	1	0	0	0	0	0	0	NULL	NO_REGISTERED_SESSION_SERVER_STOPPED
22740	Rawtam	36	RNDBOT34	1	3	2	0	1787955279	2026-08-29 00:14:39	1	NULL	0000-00-00 00:00:00	0	1	0	0	0	0	0	0	NULL	NO_REGISTERED_SESSION_SERVER_STOPPED
22741	Standeric	36	RNDBOT34	1	2	1	0	1787955288	2026-08-29 00:14:48	1	NULL	0000-00-00 00:00:00	0	1	0	0	0	0	0	0	NULL	NO_REGISTERED_SESSION_SERVER_STOPPED
22742	Gohmangrin	36	RNDBOT34	1	3	3	0	1787955288	2026-08-29 00:14:48	1	NULL	0000-00-00 00:00:00	0	1	0	0	0	0	0	0	NULL	NO_REGISTERED_SESSION_SERVER_STOPPED
22743	Nessanne	36	RNDBOT34	1	1	10	0	1787955295	2026-08-29 00:14:55	1	NULL	0000-00-00 00:00:00	0	1	0	0	0	0	0	0	NULL	NO_REGISTERED_SESSION_SERVER_STOPPED
22744	Adelda	36	RNDBOT34	1	2	10	0	1787955284	2026-08-29 00:14:44	1	NULL	0000-00-00 00:00:00	0	1	0	0	0	0	0	0	NULL	NO_REGISTERED_SESSION_SERVER_STOPPED
22745	Zerion	37	RNDBOT35	1	3	10	0	1787955274	2026-08-29 00:14:34	1	NULL	0000-00-00 00:00:00	0	1	0	0	0	0	0	0	NULL	NO_REGISTERED_SESSION_SERVER_STOPPED
22746	Illallas	37	RNDBOT35	1	5	4	0	1787955273	2026-08-29 00:14:33	1	NULL	0000-00-00 00:00:00	0	1	0	0	0	0	0	0	NULL	NO_REGISTERED_SESSION_SERVER_STOPPED
22747	Elkec	37	RNDBOT35	1	9	7	0	1787955278	2026-08-29 00:14:38	1	NULL	0000-00-00 00:00:00	0	1	0	0	0	0	0	0	NULL	NO_REGISTERED_SESSION_SERVER_STOPPED
22748	Ayavana	37	RNDBOT35	1	3	4	0	1787955296	2026-08-29 00:14:56	1	NULL	0000-00-00 00:00:00	0	1	0	0	0	0	0	0	NULL	NO_REGISTERED_SESSION_SERVER_STOPPED
22749	Emenico	37	RNDBOT35	1	3	10	0	1787955295	2026-08-29 00:14:55	1	NULL	0000-00-00 00:00:00	0	1	0	0	0	0	0	0	NULL	NO_REGISTERED_SESSION_SERVER_STOPPED
22750	Hildyklin	37	RNDBOT35	1	8	7	0	1787955277	2026-08-29 00:14:37	1	NULL	0000-00-00 00:00:00	0	1	0	0	0	0	0	0	NULL	NO_REGISTERED_SESSION_SERVER_STOPPED
22751	Alaind	37	RNDBOT35	1	8	10	0	1787955284	2026-08-29 00:14:44	1	NULL	0000-00-00 00:00:00	0	1	0	0	0	0	0	0	NULL	NO_REGISTERED_SESSION_SERVER_STOPPED
22752	Dorinok	37	RNDBOT35	1	2	1	0	1787955293	2026-08-29 00:14:53	1	NULL	0000-00-00 00:00:00	0	1	0	0	0	0	0	0	NULL	NO_REGISTERED_SESSION_SERVER_STOPPED
22753	Galaterie	37	RNDBOT35	1	1	9	0	1787955274	2026-08-29 00:14:34	1	NULL	0000-00-00 00:00:00	0	1	0	0	0	0	0	0	NULL	NO_REGISTERED_SESSION_SERVER_STOPPED
22754	Daminigor	38	RNDBOT36	1	1	9	0	1787955289	2026-08-29 00:14:49	1	NULL	0000-00-00 00:00:00	0	1	0	0	0	0	0	0	NULL	NO_REGISTERED_SESSION_SERVER_STOPPED
22755	Velindy	38	RNDBOT36	1	5	10	0	1787955288	2026-08-29 00:14:48	1	NULL	0000-00-00 00:00:00	0	1	0	0	0	0	0	0	NULL	NO_REGISTERED_SESSION_SERVER_STOPPED
22756	Pimeli	38	RNDBOT36	1	7	6	0	1787955282	2026-08-29 00:14:42	1	NULL	0000-00-00 00:00:00	0	1	0	0	0	0	0	0	NULL	NO_REGISTERED_SESSION_SERVER_STOPPED
22757	Jibu	38	RNDBOT36	1	7	6	0	1787955281	2026-08-29 00:14:41	1	NULL	0000-00-00 00:00:00	0	1	0	0	0	0	0	0	NULL	NO_REGISTERED_SESSION_SERVER_STOPPED
22758	Avianon	38	RNDBOT36	1	9	5	0	1787955288	2026-08-29 00:14:48	1	NULL	0000-00-00 00:00:00	0	1	0	0	0	0	0	0	NULL	NO_REGISTERED_SESSION_SERVER_STOPPED
22759	Verinda	38	RNDBOT36	1	1	9	0	1787955298	2026-08-29 00:14:58	1	NULL	0000-00-00 00:00:00	0	1	0	0	0	0	0	0	NULL	NO_REGISTERED_SESSION_SERVER_STOPPED
22760	Elinny	38	RNDBOT36	1	4	1	0	1787955275	2026-08-29 00:14:35	1	NULL	0000-00-00 00:00:00	0	1	0	0	0	0	0	0	NULL	NO_REGISTERED_SESSION_SERVER_STOPPED
22761	Deromar	38	RNDBOT36	1	4	9	0	1787955294	2026-08-29 00:14:54	1	NULL	0000-00-00 00:00:00	0	1	0	0	0	0	0	0	NULL	NO_REGISTERED_SESSION_SERVER_STOPPED
22762	Estineve	38	RNDBOT36	1	9	9	0	1787955280	2026-08-29 00:14:40	1	NULL	0000-00-00 00:00:00	0	1	0	0	0	0	0	0	NULL	NO_REGISTERED_SESSION_SERVER_STOPPED
22763	Reden	39	RNDBOT37	1	4	1	0	1787955274	2026-08-29 00:14:34	1	NULL	0000-00-00 00:00:00	0	1	0	0	0	0	0	0	NULL	NO_REGISTERED_SESSION_SERVER_STOPPED
22764	Dennar	39	RNDBOT37	1	3	4	0	1787955299	2026-08-29 00:14:59	1	NULL	0000-00-00 00:00:00	0	1	0	0	0	0	0	0	NULL	NO_REGISTERED_SESSION_SERVER_STOPPED
22765	Lotharo	39	RNDBOT37	1	5	10	0	1787955276	2026-08-29 00:14:36	1	NULL	0000-00-00 00:00:00	0	1	0	0	0	0	0	0	NULL	NO_REGISTERED_SESSION_SERVER_STOPPED
22766	Lulbeezz	39	RNDBOT37	1	8	7	0	1787955286	2026-08-29 00:14:46	1	NULL	0000-00-00 00:00:00	0	1	0	0	0	0	0	0	NULL	NO_REGISTERED_SESSION_SERVER_STOPPED
22767	Lotiner	39	RNDBOT37	1	4	9	0	1787955272	2026-08-29 00:14:32	1	NULL	0000-00-00 00:00:00	0	1	0	0	0	0	0	0	NULL	NO_REGISTERED_SESSION_SERVER_STOPPED
22768	Ascard	39	RNDBOT37	1	1	1	0	1787955280	2026-08-29 00:14:40	1	NULL	0000-00-00 00:00:00	0	1	0	0	0	0	0	0	NULL	NO_REGISTERED_SESSION_SERVER_STOPPED
22769	Kerressian	39	RNDBOT37	1	4	4	0	1787955300	2026-08-29 00:15:00	1	NULL	0000-00-00 00:00:00	0	1	0	0	0	0	0	0	NULL	NO_REGISTERED_SESSION_SERVER_STOPPED
22770	Melinaria	39	RNDBOT37	1	5	10	0	1787955278	2026-08-29 00:14:38	1	NULL	0000-00-00 00:00:00	0	1	0	0	0	0	0	0	NULL	NO_REGISTERED_SESSION_SERVER_STOPPED
22771	Uiruldonn	39	RNDBOT37	1	2	3	0	1787955298	2026-08-29 00:14:58	1	NULL	0000-00-00 00:00:00	0	1	0	0	0	0	0	0	NULL	NO_REGISTERED_SESSION_SERVER_STOPPED
22772	Harren	40	RNDBOT38	1	9	5	0	1787955279	2026-08-29 00:14:39	1	NULL	0000-00-00 00:00:00	0	1	0	0	0	0	0	0	NULL	NO_REGISTERED_SESSION_SERVER_STOPPED
22773	Arnakk	40	RNDBOT38	1	1	2	0	1787955271	2026-08-29 00:14:31	1	NULL	0000-00-00 00:00:00	0	1	0	0	0	0	0	0	NULL	NO_REGISTERED_SESSION_SERVER_STOPPED
22774	Barisca	40	RNDBOT38	1	8	9	0	1787955284	2026-08-29 00:14:44	1	NULL	0000-00-00 00:00:00	0	1	0	0	0	0	0	0	NULL	NO_REGISTERED_SESSION_SERVER_STOPPED
22775	Yanku	40	RNDBOT38	1	11	6	0	1787955298	2026-08-29 00:14:58	1	NULL	0000-00-00 00:00:00	0	1	0	0	0	0	0	0	NULL	NO_REGISTERED_SESSION_SERVER_STOPPED
22776	Aveline	40	RNDBOT38	1	4	10	0	1787955299	2026-08-29 00:14:59	1	NULL	0000-00-00 00:00:00	0	1	0	0	0	0	0	0	NULL	NO_REGISTERED_SESSION_SERVER_STOPPED
22777	Zoelli	40	RNDBOT38	1	2	1	0	1787955282	2026-08-29 00:14:42	1	NULL	0000-00-00 00:00:00	0	1	0	0	0	0	0	0	NULL	NO_REGISTERED_SESSION_SERVER_STOPPED
22778	Koner	40	RNDBOT38	1	1	9	0	1787955289	2026-08-29 00:14:49	1	NULL	0000-00-00 00:00:00	0	1	0	0	0	0	0	0	NULL	NO_REGISTERED_SESSION_SERVER_STOPPED
22779	Mythenia	40	RNDBOT38	1	4	4	0	1787955277	2026-08-29 00:14:37	1	NULL	0000-00-00 00:00:00	0	1	0	0	0	0	0	0	NULL	NO_REGISTERED_SESSION_SERVER_STOPPED
22780	Yolarinia	40	RNDBOT38	1	1	9	0	1787955288	2026-08-29 00:14:48	1	NULL	0000-00-00 00:00:00	0	1	0	0	0	0	0	0	NULL	NO_REGISTERED_SESSION_SERVER_STOPPED
22781	Bereo	41	RNDBOT39	1	8	10	0	1787955273	2026-08-29 00:14:33	1	NULL	0000-00-00 00:00:00	1	1	0	0	0	0	0	0	NULL	NO_REGISTERED_SESSION_SERVER_STOPPED
22782	Dengege	41	RNDBOT39	1	1	3	0	1787955282	2026-08-29 00:14:42	1	NULL	0000-00-00 00:00:00	1	1	0	0	0	0	0	0	NULL	NO_REGISTERED_SESSION_SERVER_STOPPED
22783	Kanuth	41	RNDBOT39	1	3	3	0	1787955280	2026-08-29 00:14:40	1	NULL	0000-00-00 00:00:00	1	1	0	0	0	0	0	0	NULL	NO_REGISTERED_SESSION_SERVER_STOPPED
22784	Camary	41	RNDBOT39	1	1	1	0	1787955288	2026-08-29 00:14:48	1	NULL	0000-00-00 00:00:00	1	1	0	0	0	0	0	0	NULL	NO_REGISTERED_SESSION_SERVER_STOPPED
22785	Sterick	41	RNDBOT39	1	4	9	0	1787955286	2026-08-29 00:14:46	1	NULL	0000-00-00 00:00:00	1	1	0	0	0	0	0	0	NULL	NO_REGISTERED_SESSION_SERVER_STOPPED
22786	Behges	41	RNDBOT39	1	3	3	0	1787955272	2026-08-29 00:14:32	1	NULL	0000-00-00 00:00:00	1	1	0	0	0	0	0	0	NULL	NO_REGISTERED_SESSION_SERVER_STOPPED
22787	Igor	41	RNDBOT39	1	9	9	0	1787955289	2026-08-29 00:14:49	1	NULL	0000-00-00 00:00:00	1	1	0	0	0	0	0	0	NULL	NO_REGISTERED_SESSION_SERVER_STOPPED
22788	Tenglennu	41	RNDBOT39	1	2	3	0	1787955273	2026-08-29 00:14:33	1	NULL	0000-00-00 00:00:00	1	1	0	0	0	0	0	0	NULL	NO_REGISTERED_SESSION_SERVER_STOPPED
22789	Standerico	41	RNDBOT39	1	4	10	0	1787955294	2026-08-29 00:14:54	1	NULL	0000-00-00 00:00:00	1	1	0	0	0	0	0	0	NULL	NO_REGISTERED_SESSION_SERVER_STOPPED
22790	Avindy	42	RNDBOT40	1	4	10	0	1787955277	2026-08-29 00:14:37	1	NULL	0000-00-00 00:00:00	0	1	0	0	0	0	0	0	NULL	NO_REGISTERED_SESSION_SERVER_STOPPED
22791	Kwoshke	42	RNDBOT40	1	1	6	0	1787955294	2026-08-29 00:14:54	1	NULL	0000-00-00 00:00:00	0	1	0	0	0	0	0	0	NULL	NO_REGISTERED_SESSION_SERVER_STOPPED
22792	Oliverent	42	RNDBOT40	1	1	9	0	1787955283	2026-08-29 00:14:43	1	NULL	0000-00-00 00:00:00	0	1	0	0	0	0	0	0	NULL	NO_REGISTERED_SESSION_SERVER_STOPPED
22793	Dericus	42	RNDBOT40	1	4	9	0	1787955274	2026-08-29 00:14:34	1	NULL	0000-00-00 00:00:00	0	1	0	0	0	0	0	0	NULL	NO_REGISTERED_SESSION_SERVER_STOPPED
22794	Agchuy	42	RNDBOT40	1	3	8	0	1787955281	2026-08-29 00:14:41	1	NULL	0000-00-00 00:00:00	0	1	0	0	0	0	0	0	NULL	NO_REGISTERED_SESSION_SERVER_STOPPED
22795	Reneve	42	RNDBOT40	1	5	10	0	1787955299	2026-08-29 00:14:59	1	NULL	0000-00-00 00:00:00	0	1	0	0	0	0	0	0	NULL	NO_REGISTERED_SESSION_SERVER_STOPPED
22796	Muranon	42	RNDBOT40	1	2	1	0	1787955298	2026-08-29 00:14:58	1	NULL	0000-00-00 00:00:00	0	1	0	0	0	0	0	0	NULL	NO_REGISTERED_SESSION_SERVER_STOPPED
22797	Faelyrenna	42	RNDBOT40	1	11	4	0	1787955283	2026-08-29 00:14:43	1	NULL	0000-00-00 00:00:00	0	1	0	0	0	0	0	0	NULL	NO_REGISTERED_SESSION_SERVER_STOPPED
22798	Marron	42	RNDBOT40	1	3	4	0	1787955282	2026-08-29 00:14:42	1	NULL	0000-00-00 00:00:00	0	1	0	0	0	0	0	0	NULL	NO_REGISTERED_SESSION_SERVER_STOPPED
22799	Avenaro	43	RNDBOT41	1	4	10	0	1787955290	2026-08-29 00:14:50	1	NULL	0000-00-00 00:00:00	0	1	0	0	0	0	0	0	NULL	NO_REGISTERED_SESSION_SERVER_STOPPED
22800	Taloren	43	RNDBOT41	1	8	1	0	1787955285	2026-08-29 00:14:45	1	NULL	0000-00-00 00:00:00	0	1	0	0	0	0	0	0	NULL	NO_REGISTERED_SESSION_SERVER_STOPPED
22801	Lalleinre	43	RNDBOT41	1	3	3	0	1787955288	2026-08-29 00:14:48	1	NULL	0000-00-00 00:00:00	0	1	0	0	0	0	0	0	NULL	NO_REGISTERED_SESSION_SERVER_STOPPED
22802	Xangososh	43	RNDBOT41	1	1	8	0	1787955296	2026-08-29 00:14:56	1	NULL	0000-00-00 00:00:00	0	1	0	0	0	0	0	0	NULL	NO_REGISTERED_SESSION_SERVER_STOPPED
22803	Flande	43	RNDBOT41	1	1	9	0	1787955294	2026-08-29 00:14:54	1	NULL	0000-00-00 00:00:00	0	1	0	0	0	0	0	0	NULL	NO_REGISTERED_SESSION_SERVER_STOPPED
22804	Flavian	43	RNDBOT41	1	8	10	0	1787955286	2026-08-29 00:14:46	1	NULL	0000-00-00 00:00:00	0	1	0	0	0	0	0	0	NULL	NO_REGISTERED_SESSION_SERVER_STOPPED
22805	Gweglal	43	RNDBOT41	1	3	3	0	1787955281	2026-08-29 00:14:41	1	NULL	0000-00-00 00:00:00	0	1	0	0	0	0	0	0	NULL	NO_REGISTERED_SESSION_SERVER_STOPPED
22806	Illiara	43	RNDBOT41	1	3	4	0	1787955288	2026-08-29 00:14:48	1	NULL	0000-00-00 00:00:00	0	1	0	0	0	0	0	0	NULL	NO_REGISTERED_SESSION_SERVER_STOPPED
22807	Calanthir	43	RNDBOT41	1	3	1	0	1787955297	2026-08-29 00:14:57	1	NULL	0000-00-00 00:00:00	0	1	0	0	0	0	0	0	NULL	NO_REGISTERED_SESSION_SERVER_STOPPED
22808	Cise	44	RNDBOT42	1	5	1	0	1787955276	2026-08-29 00:14:36	1	NULL	0000-00-00 00:00:00	0	1	0	0	0	0	0	0	NULL	NO_REGISTERED_SESSION_SERVER_STOPPED
22809	Artine	44	RNDBOT42	1	3	1	0	1787955275	2026-08-29 00:14:35	1	NULL	0000-00-00 00:00:00	0	1	0	0	0	0	0	0	NULL	NO_REGISTERED_SESSION_SERVER_STOPPED
22810	Esterinne	44	RNDBOT42	1	5	5	0	1787955282	2026-08-29 00:14:42	1	NULL	0000-00-00 00:00:00	0	1	0	0	0	0	0	0	NULL	NO_REGISTERED_SESSION_SERVER_STOPPED
22811	Drano	44	RNDBOT42	1	1	1	0	1787955285	2026-08-29 00:14:45	1	NULL	0000-00-00 00:00:00	0	1	0	0	0	0	0	0	NULL	NO_REGISTERED_SESSION_SERVER_STOPPED
22812	Ulbeez	44	RNDBOT42	1	8	7	0	1787955274	2026-08-29 00:14:34	1	NULL	0000-00-00 00:00:00	0	1	0	0	0	0	0	0	NULL	NO_REGISTERED_SESSION_SERVER_STOPPED
22813	Eratos	44	RNDBOT42	1	5	10	0	1787955287	2026-08-29 00:14:47	1	NULL	0000-00-00 00:00:00	0	1	0	0	0	0	0	0	NULL	NO_REGISTERED_SESSION_SERVER_STOPPED
22814	Alanno	44	RNDBOT42	1	1	9	0	1787955291	2026-08-29 00:14:51	1	NULL	0000-00-00 00:00:00	0	1	0	0	0	0	0	0	NULL	NO_REGISTERED_SESSION_SERVER_STOPPED
22815	Liandero	44	RNDBOT42	1	4	9	0	1787955272	2026-08-29 00:14:32	1	NULL	0000-00-00 00:00:00	0	1	0	0	0	0	0	0	NULL	NO_REGISTERED_SESSION_SERVER_STOPPED
22816	Barko	44	RNDBOT42	1	1	10	0	1787955287	2026-08-29 00:14:47	1	NULL	0000-00-00 00:00:00	0	1	0	0	0	0	0	0	NULL	NO_REGISTERED_SESSION_SERVER_STOPPED
22817	Muwun	45	RNDBOT43	1	7	8	0	1787955290	2026-08-29 00:14:50	1	NULL	0000-00-00 00:00:00	0	1	0	0	0	0	0	0	NULL	NO_REGISTERED_SESSION_SERVER_STOPPED
22818	Jildum	45	RNDBOT43	1	3	3	0	1787955286	2026-08-29 00:14:46	1	NULL	0000-00-00 00:00:00	0	1	0	0	0	0	0	0	NULL	NO_REGISTERED_SESSION_SERVER_STOPPED
22819	Fyleanel	45	RNDBOT43	1	3	4	0	1787955275	2026-08-29 00:14:35	1	NULL	0000-00-00 00:00:00	0	1	0	0	0	0	0	0	NULL	NO_REGISTERED_SESSION_SERVER_STOPPED
22820	Thihlgorn	45	RNDBOT43	1	1	2	0	1787955288	2026-08-29 00:14:48	1	NULL	0000-00-00 00:00:00	0	1	0	0	0	0	0	0	NULL	NO_REGISTERED_SESSION_SERVER_STOPPED
22821	Iselina	45	RNDBOT43	1	9	5	0	1787955283	2026-08-29 00:14:43	1	NULL	0000-00-00 00:00:00	0	1	0	0	0	0	0	0	NULL	NO_REGISTERED_SESSION_SERVER_STOPPED
22822	Shermon	45	RNDBOT43	1	8	9	0	1787955288	2026-08-29 00:14:48	1	NULL	0000-00-00 00:00:00	0	1	0	0	0	0	0	0	NULL	NO_REGISTERED_SESSION_SERVER_STOPPED
22823	Luzek	45	RNDBOT43	1	8	10	0	1787955280	2026-08-29 00:14:40	1	NULL	0000-00-00 00:00:00	0	1	0	0	0	0	0	0	NULL	NO_REGISTERED_SESSION_SERVER_STOPPED
22824	Gitlish	45	RNDBOT43	1	8	7	0	1787955291	2026-08-29 00:14:51	1	NULL	0000-00-00 00:00:00	0	1	0	0	0	0	0	0	NULL	NO_REGISTERED_SESSION_SERVER_STOPPED
22825	Amelinette	45	RNDBOT43	1	4	10	0	1787955274	2026-08-29 00:14:34	1	NULL	0000-00-00 00:00:00	0	1	0	0	0	0	0	0	NULL	NO_REGISTERED_SESSION_SERVER_STOPPED
22826	Morlienne	46	RNDBOT44	1	11	4	0	1787955272	2026-08-29 00:14:32	1	NULL	0000-00-00 00:00:00	0	1	0	0	0	0	0	0	NULL	NO_REGISTERED_SESSION_SERVER_STOPPED
22827	Myloruck	46	RNDBOT44	1	8	7	0	1787955278	2026-08-29 00:14:38	1	NULL	0000-00-00 00:00:00	0	1	0	0	0	0	0	0	NULL	NO_REGISTERED_SESSION_SERVER_STOPPED
22828	Tarissa	46	RNDBOT44	1	4	5	0	1787955298	2026-08-29 00:14:58	1	NULL	0000-00-00 00:00:00	0	1	0	0	0	0	0	0	NULL	NO_REGISTERED_SESSION_SERVER_STOPPED
22829	Dalean	46	RNDBOT44	1	4	4	0	1787955290	2026-08-29 00:14:50	1	NULL	0000-00-00 00:00:00	0	1	0	0	0	0	0	0	NULL	NO_REGISTERED_SESSION_SERVER_STOPPED
22830	Jocasta	46	RNDBOT44	1	5	10	0	1787955289	2026-08-29 00:14:49	1	NULL	0000-00-00 00:00:00	0	1	0	0	0	0	0	0	NULL	NO_REGISTERED_SESSION_SERVER_STOPPED
22831	Kronurn	46	RNDBOT44	1	3	2	0	1787955299	2026-08-29 00:14:59	1	NULL	0000-00-00 00:00:00	0	1	0	0	0	0	0	0	NULL	NO_REGISTERED_SESSION_SERVER_STOPPED
22832	Menevand	46	RNDBOT44	1	5	10	0	1787955284	2026-08-29 00:14:44	1	NULL	0000-00-00 00:00:00	0	1	0	0	0	0	0	0	NULL	NO_REGISTERED_SESSION_SERVER_STOPPED
22833	Audreni	46	RNDBOT44	1	1	1	0	1787955273	2026-08-29 00:14:33	1	NULL	0000-00-00 00:00:00	0	1	0	0	0	0	0	0	NULL	NO_REGISTERED_SESSION_SERVER_STOPPED
22834	Shastren	46	RNDBOT44	1	1	4	0	1787955272	2026-08-29 00:14:32	1	NULL	0000-00-00 00:00:00	0	1	0	0	0	0	0	0	NULL	NO_REGISTERED_SESSION_SERVER_STOPPED
22835	Elodia	47	RNDBOT45	1	3	1	0	1787955294	2026-08-29 00:14:54	1	NULL	0000-00-00 00:00:00	0	1	0	0	0	0	0	0	NULL	NO_REGISTERED_SESSION_SERVER_STOPPED
22836	Drato	47	RNDBOT45	1	4	5	0	1787955277	2026-08-29 00:14:37	1	NULL	0000-00-00 00:00:00	0	1	0	0	0	0	0	0	NULL	NO_REGISTERED_SESSION_SERVER_STOPPED
22837	Frodo	47	RNDBOT45	1	3	1	0	1787955298	2026-08-29 00:14:58	1	NULL	0000-00-00 00:00:00	0	1	0	0	0	0	0	0	NULL	NO_REGISTERED_SESSION_SERVER_STOPPED
22838	Oberolt	47	RNDBOT45	1	4	9	0	1787955289	2026-08-29 00:14:49	1	NULL	0000-00-00 00:00:00	0	1	0	0	0	0	0	0	NULL	NO_REGISTERED_SESSION_SERVER_STOPPED
22839	Ereron	47	RNDBOT45	1	4	4	0	1787955273	2026-08-29 00:14:33	1	NULL	0000-00-00 00:00:00	0	1	0	0	0	0	0	0	NULL	NO_REGISTERED_SESSION_SERVER_STOPPED
22840	Tarcus	47	RNDBOT45	1	9	9	0	1787955279	2026-08-29 00:14:39	1	NULL	0000-00-00 00:00:00	0	1	0	0	0	0	0	0	NULL	NO_REGISTERED_SESSION_SERVER_STOPPED
22841	Hanra	47	RNDBOT45	1	5	4	0	1787955286	2026-08-29 00:14:46	1	NULL	0000-00-00 00:00:00	0	1	0	0	0	0	0	0	NULL	NO_REGISTERED_SESSION_SERVER_STOPPED
22842	Perseus	47	RNDBOT45	1	1	10	0	1787955280	2026-08-29 00:14:40	1	NULL	0000-00-00 00:00:00	0	1	0	0	0	0	0	0	NULL	NO_REGISTERED_SESSION_SERVER_STOPPED
22843	Jastra	47	RNDBOT45	1	1	1	0	1787955286	2026-08-29 00:14:46	1	NULL	0000-00-00 00:00:00	0	1	0	0	0	0	0	0	NULL	NO_REGISTERED_SESSION_SERVER_STOPPED
22844	Heleona	48	RNDBOT46	1	8	1	0	1787955299	2026-08-29 00:14:59	1	NULL	0000-00-00 00:00:00	0	1	0	0	0	0	0	0	NULL	NO_REGISTERED_SESSION_SERVER_STOPPED
22845	Domar	48	RNDBOT46	1	1	9	0	1787955292	2026-08-29 00:14:52	1	NULL	0000-00-00 00:00:00	0	1	0	0	0	0	0	0	NULL	NO_REGISTERED_SESSION_SERVER_STOPPED
22846	Amaderon	48	RNDBOT46	1	8	10	0	1787955286	2026-08-29 00:14:46	1	NULL	0000-00-00 00:00:00	0	1	0	0	0	0	0	0	NULL	NO_REGISTERED_SESSION_SERVER_STOPPED
22847	Caelaric	48	RNDBOT46	2	8	5	0	1788122576	2026-08-30 22:42:56	1	NULL	0000-00-00 00:00:00	0	1	0	0	0	0	0	0	NULL	NO_REGISTERED_SESSION_SERVER_STOPPED
22848	Kianah	48	RNDBOT46	1	1	10	0	1787955277	2026-08-29 00:14:37	1	NULL	0000-00-00 00:00:00	0	1	0	0	0	0	0	0	NULL	NO_REGISTERED_SESSION_SERVER_STOPPED
22849	Florelina	48	RNDBOT46	7	3	1	0	1788042984	2026-08-30 00:36:24	1	NULL	0000-00-00 00:00:00	0	1	0	0	0	0	0	0	NULL	NO_REGISTERED_SESSION_SERVER_STOPPED
22850	Frebe	48	RNDBOT46	7	1	1	0	1788036866	2026-08-29 22:54:26	1	NULL	0000-00-00 00:00:00	0	1	0	0	0	0	0	0	NULL	NO_REGISTERED_SESSION_SERVER_STOPPED
22851	Vandorio	48	RNDBOT46	1	3	9	0	1787955294	2026-08-29 00:14:54	1	NULL	0000-00-00 00:00:00	0	1	0	0	0	0	0	0	NULL	NO_REGISTERED_SESSION_SERVER_STOPPED
22852	Mermugam	48	RNDBOT46	7	7	2	0	1788043016	2026-08-30 00:36:56	1	NULL	0000-00-00 00:00:00	0	1	0	0	0	0	0	0	NULL	NO_REGISTERED_SESSION_SERVER_STOPPED
22853	Parannon	49	RNDBOT47	1	9	9	0	1787955283	2026-08-29 00:14:43	1	NULL	0000-00-00 00:00:00	0	1	0	0	0	0	0	0	NULL	NO_REGISTERED_SESSION_SERVER_STOPPED
22854	Kengwe	49	RNDBOT47	1	7	6	0	1787955294	2026-08-29 00:14:54	1	NULL	0000-00-00 00:00:00	0	1	0	0	0	0	0	0	NULL	NO_REGISTERED_SESSION_SERVER_STOPPED
22855	Iylae	49	RNDBOT47	1	3	4	0	1787955280	2026-08-29 00:14:40	1	NULL	0000-00-00 00:00:00	0	1	0	0	0	0	0	0	NULL	NO_REGISTERED_SESSION_SERVER_STOPPED
22856	Meteriana	49	RNDBOT47	1	1	9	0	1787955300	2026-08-29 00:15:00	1	NULL	0000-00-00 00:00:00	0	1	0	0	0	0	0	0	NULL	NO_REGISTERED_SESSION_SERVER_STOPPED
22857	Clarisa	49	RNDBOT47	1	9	5	0	1787955294	2026-08-29 00:14:54	1	NULL	0000-00-00 00:00:00	0	1	0	0	0	0	0	0	NULL	NO_REGISTERED_SESSION_SERVER_STOPPED
22858	Kagla	49	RNDBOT47	1	3	2	0	1787955278	2026-08-29 00:14:38	1	NULL	0000-00-00 00:00:00	0	1	0	0	0	0	0	0	NULL	NO_REGISTERED_SESSION_SERVER_STOPPED
22859	Amette	49	RNDBOT47	1	8	10	0	1787955277	2026-08-29 00:14:37	1	NULL	0000-00-00 00:00:00	0	1	0	0	0	0	0	0	NULL	NO_REGISTERED_SESSION_SERVER_STOPPED
22860	Holumi	49	RNDBOT47	1	7	8	0	1787955297	2026-08-29 00:14:57	1	NULL	0000-00-00 00:00:00	0	1	0	0	0	0	0	0	NULL	NO_REGISTERED_SESSION_SERVER_STOPPED
22861	Denelando	49	RNDBOT47	1	9	9	0	1787955272	2026-08-29 00:14:32	1	NULL	0000-00-00 00:00:00	0	1	0	0	0	0	0	0	NULL	NO_REGISTERED_SESSION_SERVER_STOPPED
22862	Philoma	50	RNDBOT48	1	8	9	0	1787955298	2026-08-29 00:14:58	1	NULL	0000-00-00 00:00:00	0	1	0	0	0	0	0	0	NULL	NO_REGISTERED_SESSION_SERVER_STOPPED
22863	Ellaye	50	RNDBOT48	1	4	10	0	1787955278	2026-08-29 00:14:38	1	NULL	0000-00-00 00:00:00	0	1	0	0	0	0	0	0	NULL	NO_REGISTERED_SESSION_SERVER_STOPPED
22864	Mohiopa	50	RNDBOT48	1	3	6	0	1787955284	2026-08-29 00:14:44	1	NULL	0000-00-00 00:00:00	0	1	0	0	0	0	0	0	NULL	NO_REGISTERED_SESSION_SERVER_STOPPED
22865	Tzugshoki	50	RNDBOT48	1	7	8	0	1787955295	2026-08-29 00:14:55	1	NULL	0000-00-00 00:00:00	0	1	0	0	0	0	0	0	NULL	NO_REGISTERED_SESSION_SERVER_STOPPED
22866	Genelope	50	RNDBOT48	1	2	10	0	1787955273	2026-08-29 00:14:33	1	NULL	0000-00-00 00:00:00	0	1	0	0	0	0	0	0	NULL	NO_REGISTERED_SESSION_SERVER_STOPPED
22867	Leneva	50	RNDBOT48	1	2	1	0	1787955279	2026-08-29 00:14:39	1	NULL	0000-00-00 00:00:00	0	1	0	0	0	0	0	0	NULL	NO_REGISTERED_SESSION_SERVER_STOPPED
22868	Aryelyssa	50	RNDBOT48	1	4	4	0	1787955272	2026-08-29 00:14:32	1	NULL	0000-00-00 00:00:00	0	1	0	0	0	0	0	0	NULL	NO_REGISTERED_SESSION_SERVER_STOPPED
22869	Ulus	50	RNDBOT48	1	3	3	0	1787955283	2026-08-29 00:14:43	1	NULL	0000-00-00 00:00:00	0	1	0	0	0	0	0	0	NULL	NO_REGISTERED_SESSION_SERVER_STOPPED
22870	Phillo	50	RNDBOT48	1	2	1	0	1787955273	2026-08-29 00:14:33	1	NULL	0000-00-00 00:00:00	0	1	0	0	0	0	0	0	NULL	NO_REGISTERED_SESSION_SERVER_STOPPED
22871	Yllalleas	51	RNDBOT49	1	4	4	0	1787955292	2026-08-29 00:14:52	1	NULL	0000-00-00 00:00:00	0	1	0	0	0	0	0	0	NULL	NO_REGISTERED_SESSION_SERVER_STOPPED
22872	Achilla	51	RNDBOT49	1	9	9	0	1787955297	2026-08-29 00:14:57	1	NULL	0000-00-00 00:00:00	0	1	0	0	0	0	0	0	NULL	NO_REGISTERED_SESSION_SERVER_STOPPED
22873	Tedemaul	51	RNDBOT49	1	1	6	0	1787955275	2026-08-29 00:14:35	1	NULL	0000-00-00 00:00:00	0	1	0	0	0	0	0	0	NULL	NO_REGISTERED_SESSION_SERVER_STOPPED
22874	Omanus	51	RNDBOT49	1	8	9	0	1787955276	2026-08-29 00:14:36	1	NULL	0000-00-00 00:00:00	0	1	0	0	0	0	0	0	NULL	NO_REGISTERED_SESSION_SERVER_STOPPED
22875	Shira	51	RNDBOT49	1	4	2	0	1787955271	2026-08-29 00:14:31	1	NULL	0000-00-00 00:00:00	0	1	0	0	0	0	0	0	NULL	NO_REGISTERED_SESSION_SERVER_STOPPED
22876	Britneva	51	RNDBOT49	1	3	10	0	1787955297	2026-08-29 00:14:57	1	NULL	0000-00-00 00:00:00	0	1	0	0	0	0	0	0	NULL	NO_REGISTERED_SESSION_SERVER_STOPPED
22877	Ginarinne	51	RNDBOT49	1	2	10	0	1787955279	2026-08-29 00:14:39	1	NULL	0000-00-00 00:00:00	0	1	0	0	0	0	0	0	NULL	NO_REGISTERED_SESSION_SERVER_STOPPED
22878	Anarini	51	RNDBOT49	1	9	5	0	1787955289	2026-08-29 00:14:49	1	NULL	0000-00-00 00:00:00	0	1	0	0	0	0	0	0	NULL	NO_REGISTERED_SESSION_SERVER_STOPPED
22879	Andenno	51	RNDBOT49	1	1	10	0	1787955295	2026-08-29 00:14:55	1	NULL	0000-00-00 00:00:00	0	1	0	0	0	0	0	0	NULL	NO_REGISTERED_SESSION_SERVER_STOPPED
22880	Hortinigo	52	RNDBOT50	1	4	9	0	1787955286	2026-08-29 00:14:46	1	NULL	0000-00-00 00:00:00	0	1	0	0	0	0	0	0	NULL	NO_REGISTERED_SESSION_SERVER_STOPPED
22881	Elinayla	52	RNDBOT50	1	8	1	0	1787955279	2026-08-29 00:14:39	1	NULL	0000-00-00 00:00:00	0	1	0	0	0	0	0	0	NULL	NO_REGISTERED_SESSION_SERVER_STOPPED
22882	Jugholu	52	RNDBOT50	1	8	8	0	1787955289	2026-08-29 00:14:49	1	NULL	0000-00-00 00:00:00	0	1	0	0	0	0	0	0	NULL	NO_REGISTERED_SESSION_SERVER_STOPPED
22883	Corianora	52	RNDBOT50	1	4	10	0	1787955291	2026-08-29 00:14:51	1	NULL	0000-00-00 00:00:00	0	1	0	0	0	0	0	0	NULL	NO_REGISTERED_SESSION_SERVER_STOPPED
22884	Herani	52	RNDBOT50	1	3	1	0	1787955271	2026-08-29 00:14:31	1	NULL	0000-00-00 00:00:00	0	1	0	0	0	0	0	0	NULL	NO_REGISTERED_SESSION_SERVER_STOPPED
22885	Nerenzo	52	RNDBOT50	1	3	1	0	1787955275	2026-08-29 00:14:35	1	NULL	0000-00-00 00:00:00	0	1	0	0	0	0	0	0	NULL	NO_REGISTERED_SESSION_SERVER_STOPPED
22886	Lyndelio	52	RNDBOT50	1	5	10	0	1787955296	2026-08-29 00:14:56	1	NULL	0000-00-00 00:00:00	0	1	0	0	0	0	0	0	NULL	NO_REGISTERED_SESSION_SERVER_STOPPED
22887	Irise	52	RNDBOT50	1	9	9	0	1787955296	2026-08-29 00:14:56	1	NULL	0000-00-00 00:00:00	0	1	0	0	0	0	0	0	NULL	NO_REGISTERED_SESSION_SERVER_STOPPED
22888	Brovom	52	RNDBOT50	1	1	2	0	1787955288	2026-08-29 00:14:48	1	NULL	0000-00-00 00:00:00	0	1	0	0	0	0	0	0	NULL	NO_REGISTERED_SESSION_SERVER_STOPPED
22889	Mordir	53	RNDBOT51	1	3	4	0	1787955299	2026-08-29 00:14:59	1	NULL	0000-00-00 00:00:00	0	1	0	0	0	0	0	0	NULL	NO_REGISTERED_SESSION_SERVER_STOPPED
22890	Fidelio	53	RNDBOT51	1	2	10	0	1787955275	2026-08-29 00:14:35	1	NULL	0000-00-00 00:00:00	0	1	0	0	0	0	0	0	NULL	NO_REGISTERED_SESSION_SERVER_STOPPED
22891	Cecata	53	RNDBOT51	1	4	1	0	1787955285	2026-08-29 00:14:45	1	NULL	0000-00-00 00:00:00	0	1	0	0	0	0	0	0	NULL	NO_REGISTERED_SESSION_SERVER_STOPPED
22892	Larinarina	53	RNDBOT51	1	3	9	0	1787955283	2026-08-29 00:14:43	1	NULL	0000-00-00 00:00:00	0	1	0	0	0	0	0	0	NULL	NO_REGISTERED_SESSION_SERVER_STOPPED
22893	Colyna	53	RNDBOT51	1	4	9	0	1787955275	2026-08-29 00:14:35	1	NULL	0000-00-00 00:00:00	0	1	0	0	0	0	0	0	NULL	NO_REGISTERED_SESSION_SERVER_STOPPED
22894	Dendon	53	RNDBOT51	1	11	4	0	1787955295	2026-08-29 00:14:55	1	NULL	0000-00-00 00:00:00	0	1	0	0	0	0	0	0	NULL	NO_REGISTERED_SESSION_SERVER_STOPPED
22895	Uzohlna	53	RNDBOT51	1	7	2	0	1787955294	2026-08-29 00:14:54	1	NULL	0000-00-00 00:00:00	0	1	0	0	0	0	0	0	NULL	NO_REGISTERED_SESSION_SERVER_STOPPED
22896	Melanna	53	RNDBOT51	1	4	4	0	1787955296	2026-08-29 00:14:56	1	NULL	0000-00-00 00:00:00	0	1	0	0	0	0	0	0	NULL	NO_REGISTERED_SESSION_SERVER_STOPPED
22897	Florinica	53	RNDBOT51	1	8	9	0	1787955280	2026-08-29 00:14:40	1	NULL	0000-00-00 00:00:00	0	1	0	0	0	0	0	0	NULL	NO_REGISTERED_SESSION_SERVER_STOPPED
22898	Cilla	54	RNDBOT52	1	4	10	0	1787955272	2026-08-29 00:14:32	1	NULL	0000-00-00 00:00:00	0	1	0	0	0	0	0	0	NULL	NO_REGISTERED_SESSION_SERVER_STOPPED
22899	Bosi	54	RNDBOT52	1	7	6	0	1787955282	2026-08-29 00:14:42	1	NULL	0000-00-00 00:00:00	0	1	0	0	0	0	0	0	NULL	NO_REGISTERED_SESSION_SERVER_STOPPED
22900	Kathannius	54	RNDBOT52	1	11	4	0	1787955280	2026-08-29 00:14:40	1	NULL	0000-00-00 00:00:00	0	1	0	0	0	0	0	0	NULL	NO_REGISTERED_SESSION_SERVER_STOPPED
22901	Vande	54	RNDBOT52	1	8	9	0	1787955271	2026-08-29 00:14:31	1	NULL	0000-00-00 00:00:00	0	1	0	0	0	0	0	0	NULL	NO_REGISTERED_SESSION_SERVER_STOPPED
22902	Wistelli	54	RNDBOT52	1	9	5	0	1787955282	2026-08-29 00:14:42	1	NULL	0000-00-00 00:00:00	0	1	0	0	0	0	0	0	NULL	NO_REGISTERED_SESSION_SERVER_STOPPED
22903	Huldos	54	RNDBOT52	1	1	3	0	1787955284	2026-08-29 00:14:44	1	NULL	0000-00-00 00:00:00	0	1	0	0	0	0	0	0	NULL	NO_REGISTERED_SESSION_SERVER_STOPPED
22904	Eglinmi	54	RNDBOT52	1	3	3	0	1787955297	2026-08-29 00:14:57	1	NULL	0000-00-00 00:00:00	0	1	0	0	0	0	0	0	NULL	NO_REGISTERED_SESSION_SERVER_STOPPED
22905	Yleanal	54	RNDBOT52	1	11	4	0	1787955285	2026-08-29 00:14:45	1	NULL	0000-00-00 00:00:00	0	1	0	0	0	0	0	0	NULL	NO_REGISTERED_SESSION_SERVER_STOPPED
22906	Mandiir	54	RNDBOT52	1	3	4	0	1787955298	2026-08-29 00:14:58	1	NULL	0000-00-00 00:00:00	0	1	0	0	0	0	0	0	NULL	NO_REGISTERED_SESSION_SERVER_STOPPED
22907	Orent	55	RNDBOT53	1	3	1	0	1787955298	2026-08-29 00:14:58	1	NULL	0000-00-00 00:00:00	0	1	0	0	0	0	0	0	NULL	NO_REGISTERED_SESSION_SERVER_STOPPED
22908	Krakotkuzz	55	RNDBOT53	1	9	7	0	1787955288	2026-08-29 00:14:48	1	NULL	0000-00-00 00:00:00	0	1	0	0	0	0	0	0	NULL	NO_REGISTERED_SESSION_SERVER_STOPPED
22909	Charman	55	RNDBOT53	1	8	9	0	1787955272	2026-08-29 00:14:32	1	NULL	0000-00-00 00:00:00	0	1	0	0	0	0	0	0	NULL	NO_REGISTERED_SESSION_SERVER_STOPPED
22910	Osconrad	55	RNDBOT53	1	1	10	0	1787955272	2026-08-29 00:14:32	1	NULL	0000-00-00 00:00:00	0	1	0	0	0	0	0	0	NULL	NO_REGISTERED_SESSION_SERVER_STOPPED
22911	Phile	55	RNDBOT53	1	1	9	0	1787955293	2026-08-29 00:14:53	1	NULL	0000-00-00 00:00:00	0	1	0	0	0	0	0	0	NULL	NO_REGISTERED_SESSION_SERVER_STOPPED
22912	Donathand	55	RNDBOT53	1	2	1	0	1787955278	2026-08-29 00:14:38	1	NULL	0000-00-00 00:00:00	0	1	0	0	0	0	0	0	NULL	NO_REGISTERED_SESSION_SERVER_STOPPED
22913	Luraglan	55	RNDBOT53	1	2	3	0	1787955274	2026-08-29 00:14:34	1	NULL	0000-00-00 00:00:00	0	1	0	0	0	0	0	0	NULL	NO_REGISTERED_SESSION_SERVER_STOPPED
22914	Pizha	55	RNDBOT53	1	3	6	0	1787955297	2026-08-29 00:14:57	1	NULL	0000-00-00 00:00:00	0	1	0	0	0	0	0	0	NULL	NO_REGISTERED_SESSION_SERVER_STOPPED
22915	Leor	55	RNDBOT53	1	1	9	0	1787955280	2026-08-29 00:14:40	1	NULL	0000-00-00 00:00:00	0	1	0	0	0	0	0	0	NULL	NO_REGISTERED_SESSION_SERVER_STOPPED
22916	Breze	56	RNDBOT54	1	5	3	0	1787955297	2026-08-29 00:14:57	1	NULL	0000-00-00 00:00:00	0	1	0	0	0	0	0	0	NULL	NO_REGISTERED_SESSION_SERVER_STOPPED
22917	Andeliam	56	RNDBOT54	1	8	10	0	1787955289	2026-08-29 00:14:49	1	NULL	0000-00-00 00:00:00	0	1	0	0	0	0	0	0	NULL	NO_REGISTERED_SESSION_SERVER_STOPPED
22918	Aldorio	56	RNDBOT54	1	1	10	0	1787955280	2026-08-29 00:14:40	1	NULL	0000-00-00 00:00:00	0	1	0	0	0	0	0	0	NULL	NO_REGISTERED_SESSION_SERVER_STOPPED
22919	Idras	56	RNDBOT54	1	3	4	0	1787955277	2026-08-29 00:14:37	1	NULL	0000-00-00 00:00:00	0	1	0	0	0	0	0	0	NULL	NO_REGISTERED_SESSION_SERVER_STOPPED
22920	Ivalennon	56	RNDBOT54	1	3	9	0	1787955286	2026-08-29 00:14:46	1	NULL	0000-00-00 00:00:00	0	1	0	0	0	0	0	0	NULL	NO_REGISTERED_SESSION_SERVER_STOPPED
22921	Sery	56	RNDBOT54	1	2	1	0	1787955288	2026-08-29 00:14:48	1	NULL	0000-00-00 00:00:00	0	1	0	0	0	0	0	0	NULL	NO_REGISTERED_SESSION_SERVER_STOPPED
22922	Diralais	56	RNDBOT54	1	11	4	0	1787955293	2026-08-29 00:14:53	1	NULL	0000-00-00 00:00:00	0	1	0	0	0	0	0	0	NULL	NO_REGISTERED_SESSION_SERVER_STOPPED
22923	Phini	56	RNDBOT54	1	3	9	0	1787955286	2026-08-29 00:14:46	1	NULL	0000-00-00 00:00:00	0	1	0	0	0	0	0	0	NULL	NO_REGISTERED_SESSION_SERVER_STOPPED
22924	Eragon	56	RNDBOT54	1	5	10	0	1787955294	2026-08-29 00:14:54	1	NULL	0000-00-00 00:00:00	0	1	0	0	0	0	0	0	NULL	NO_REGISTERED_SESSION_SERVER_STOPPED
22925	Ehneiri	57	RNDBOT55	1	2	3	0	1787955278	2026-08-29 00:14:38	1	NULL	0000-00-00 00:00:00	0	1	0	0	0	0	0	0	NULL	NO_REGISTERED_SESSION_SERVER_STOPPED
22926	Fralan	57	RNDBOT55	1	3	10	0	1787955277	2026-08-29 00:14:37	1	NULL	0000-00-00 00:00:00	0	1	0	0	0	0	0	0	NULL	NO_REGISTERED_SESSION_SERVER_STOPPED
22927	Zerno	57	RNDBOT55	1	3	1	0	1787955284	2026-08-29 00:14:44	1	NULL	0000-00-00 00:00:00	0	1	0	0	0	0	0	0	NULL	NO_REGISTERED_SESSION_SERVER_STOPPED
22928	Xahmen	57	RNDBOT55	1	7	8	0	1787955276	2026-08-29 00:14:36	1	NULL	0000-00-00 00:00:00	0	1	0	0	0	0	0	0	NULL	NO_REGISTERED_SESSION_SERVER_STOPPED
22929	Leon	57	RNDBOT55	1	5	10	0	1787955281	2026-08-29 00:14:41	1	NULL	0000-00-00 00:00:00	0	1	0	0	0	0	0	0	NULL	NO_REGISTERED_SESSION_SERVER_STOPPED
22930	Aeoralyn	57	RNDBOT55	1	3	4	0	1787955281	2026-08-29 00:14:41	1	NULL	0000-00-00 00:00:00	0	1	0	0	0	0	0	0	NULL	NO_REGISTERED_SESSION_SERVER_STOPPED
22931	Theriano	57	RNDBOT55	1	3	10	0	1787955295	2026-08-29 00:14:55	1	NULL	0000-00-00 00:00:00	0	1	0	0	0	0	0	0	NULL	NO_REGISTERED_SESSION_SERVER_STOPPED
22932	Nelios	57	RNDBOT55	1	5	10	0	1787955272	2026-08-29 00:14:32	1	NULL	0000-00-00 00:00:00	0	1	0	0	0	0	0	0	NULL	NO_REGISTERED_SESSION_SERVER_STOPPED
22933	Harieth	57	RNDBOT55	1	3	4	0	1787955290	2026-08-29 00:14:50	1	NULL	0000-00-00 00:00:00	0	1	0	0	0	0	0	0	NULL	NO_REGISTERED_SESSION_SERVER_STOPPED
22934	Datkick	58	RNDBOT56	1	8	7	0	1787955279	2026-08-29 00:14:39	1	NULL	0000-00-00 00:00:00	0	1	0	0	0	0	0	0	NULL	NO_REGISTERED_SESSION_SERVER_STOPPED
22935	Rinaris	58	RNDBOT56	1	2	1	0	1787955282	2026-08-29 00:14:42	1	NULL	0000-00-00 00:00:00	0	1	0	0	0	0	0	0	NULL	NO_REGISTERED_SESSION_SERVER_STOPPED
22936	Clerim	58	RNDBOT56	1	3	1	0	1787955273	2026-08-29 00:14:33	1	NULL	0000-00-00 00:00:00	0	1	0	0	0	0	0	0	NULL	NO_REGISTERED_SESSION_SERVER_STOPPED
22937	Adaloren	58	RNDBOT56	1	2	10	0	1787955272	2026-08-29 00:14:32	1	NULL	0000-00-00 00:00:00	0	1	0	0	0	0	0	0	NULL	NO_REGISTERED_SESSION_SERVER_STOPPED
22938	Chaelanna	58	RNDBOT56	1	4	10	0	1787955297	2026-08-29 00:14:57	1	NULL	0000-00-00 00:00:00	0	1	0	0	0	0	0	0	NULL	NO_REGISTERED_SESSION_SERVER_STOPPED
22939	Fyliene	58	RNDBOT56	1	3	4	0	1787955291	2026-08-29 00:14:51	1	NULL	0000-00-00 00:00:00	0	1	0	0	0	0	0	0	NULL	NO_REGISTERED_SESSION_SERVER_STOPPED
22940	Colene	58	RNDBOT56	1	4	10	0	1787955283	2026-08-29 00:14:43	1	NULL	0000-00-00 00:00:00	0	1	0	0	0	0	0	0	NULL	NO_REGISTERED_SESSION_SERVER_STOPPED
22941	Oscaleb	58	RNDBOT56	1	4	9	0	1787955298	2026-08-29 00:14:58	1	NULL	0000-00-00 00:00:00	0	1	0	0	0	0	0	0	NULL	NO_REGISTERED_SESSION_SERVER_STOPPED
22942	Sephine	58	RNDBOT56	1	8	9	0	1787955294	2026-08-29 00:14:54	1	NULL	0000-00-00 00:00:00	0	1	0	0	0	0	0	0	NULL	NO_REGISTERED_SESSION_SERVER_STOPPED
22943	Omdonn	59	RNDBOT57	1	1	3	0	1787955298	2026-08-29 00:14:58	1	NULL	0000-00-00 00:00:00	0	1	0	0	0	0	0	0	NULL	NO_REGISTERED_SESSION_SERVER_STOPPED
22944	Hundohis	59	RNDBOT57	1	3	3	0	1787955291	2026-08-29 00:14:51	1	NULL	0000-00-00 00:00:00	0	1	0	0	0	0	0	0	NULL	NO_REGISTERED_SESSION_SERVER_STOPPED
22945	Loonni	59	RNDBOT57	1	3	6	0	1787955279	2026-08-29 00:14:39	1	NULL	0000-00-00 00:00:00	0	1	0	0	0	0	0	0	NULL	NO_REGISTERED_SESSION_SERVER_STOPPED
22946	Harain	59	RNDBOT57	1	5	10	0	1787955285	2026-08-29 00:14:45	1	NULL	0000-00-00 00:00:00	0	1	0	0	0	0	0	0	NULL	NO_REGISTERED_SESSION_SERVER_STOPPED
22947	Zolataria	59	RNDBOT57	1	4	9	0	1787955297	2026-08-29 00:14:57	1	NULL	0000-00-00 00:00:00	0	1	0	0	0	0	0	0	NULL	NO_REGISTERED_SESSION_SERVER_STOPPED
22948	Cekdarn	59	RNDBOT57	1	3	2	0	1787955292	2026-08-29 00:14:52	1	NULL	0000-00-00 00:00:00	0	1	0	0	0	0	0	0	NULL	NO_REGISTERED_SESSION_SERVER_STOPPED
22949	Shadamyr	59	RNDBOT57	1	4	4	0	1787955293	2026-08-29 00:14:53	1	NULL	0000-00-00 00:00:00	0	1	0	0	0	0	0	0	NULL	NO_REGISTERED_SESSION_SERVER_STOPPED
22950	Peblilkey	59	RNDBOT57	1	8	7	0	1787955272	2026-08-29 00:14:32	1	NULL	0000-00-00 00:00:00	0	1	0	0	0	0	0	0	NULL	NO_REGISTERED_SESSION_SERVER_STOPPED
22951	Bria	59	RNDBOT57	1	3	10	0	1787955298	2026-08-29 00:14:58	1	NULL	0000-00-00 00:00:00	0	1	0	0	0	0	0	0	NULL	NO_REGISTERED_SESSION_SERVER_STOPPED
22952	Hir	60	RNDBOT58	1	9	2	0	1787955284	2026-08-29 00:14:44	1	NULL	0000-00-00 00:00:00	0	1	0	0	0	0	0	0	NULL	NO_REGISTERED_SESSION_SERVER_STOPPED
22953	Badrunn	60	RNDBOT58	1	2	3	0	1787955295	2026-08-29 00:14:55	1	NULL	0000-00-00 00:00:00	0	1	0	0	0	0	0	0	NULL	NO_REGISTERED_SESSION_SERVER_STOPPED
22954	Bevelanie	60	RNDBOT58	1	8	1	0	1787955275	2026-08-29 00:14:35	1	NULL	0000-00-00 00:00:00	0	1	0	0	0	0	0	0	NULL	NO_REGISTERED_SESSION_SERVER_STOPPED
22955	Barancy	60	RNDBOT58	1	4	9	0	1787955286	2026-08-29 00:14:46	1	NULL	0000-00-00 00:00:00	0	1	0	0	0	0	0	0	NULL	NO_REGISTERED_SESSION_SERVER_STOPPED
22956	Anla	60	RNDBOT58	1	1	6	0	1787955272	2026-08-29 00:14:32	1	NULL	0000-00-00 00:00:00	0	1	0	0	0	0	0	0	NULL	NO_REGISTERED_SESSION_SERVER_STOPPED
22957	Evenny	60	RNDBOT58	1	8	9	0	1787955280	2026-08-29 00:14:40	1	NULL	0000-00-00 00:00:00	0	1	0	0	0	0	0	0	NULL	NO_REGISTERED_SESSION_SERVER_STOPPED
22958	Sheron	60	RNDBOT58	1	1	10	0	1787955271	2026-08-29 00:14:31	1	NULL	0000-00-00 00:00:00	0	1	0	0	0	0	0	0	NULL	NO_REGISTERED_SESSION_SERVER_STOPPED
22959	Zinmu	60	RNDBOT58	1	1	6	0	1787955294	2026-08-29 00:14:54	1	NULL	0000-00-00 00:00:00	0	1	0	0	0	0	0	0	NULL	NO_REGISTERED_SESSION_SERVER_STOPPED
22960	Sanrin	60	RNDBOT58	1	1	4	0	1787955295	2026-08-29 00:14:55	1	NULL	0000-00-00 00:00:00	0	1	0	0	0	0	0	0	NULL	NO_REGISTERED_SESSION_SERVER_STOPPED
22961	Nany	61	RNDBOT59	1	2	1	0	1787955274	2026-08-29 00:14:34	1	NULL	0000-00-00 00:00:00	0	1	0	0	0	0	0	0	NULL	NO_REGISTERED_SESSION_SERVER_STOPPED
22962	Calanthir	61	RNDBOT59	1	4	9	0	1787955283	2026-08-29 00:14:43	1	NULL	0000-00-00 00:00:00	0	1	0	0	0	0	0	0	NULL	NO_REGISTERED_SESSION_SERVER_STOPPED
22963	Taralon	61	RNDBOT59	1	3	10	0	1787955290	2026-08-29 00:14:50	1	NULL	0000-00-00 00:00:00	0	1	0	0	0	0	0	0	NULL	NO_REGISTERED_SESSION_SERVER_STOPPED
22964	Baderus	61	RNDBOT59	1	1	10	0	1787955293	2026-08-29 00:14:53	1	NULL	0000-00-00 00:00:00	0	1	0	0	0	0	0	0	NULL	NO_REGISTERED_SESSION_SERVER_STOPPED
22965	Eakoota	61	RNDBOT59	1	4	8	0	1787955287	2026-08-29 00:14:47	1	NULL	0000-00-00 00:00:00	0	1	0	0	0	0	0	0	NULL	NO_REGISTERED_SESSION_SERVER_STOPPED
22966	Steren	61	RNDBOT59	1	5	5	0	1787955272	2026-08-29 00:14:32	1	NULL	0000-00-00 00:00:00	0	1	0	0	0	0	0	0	NULL	NO_REGISTERED_SESSION_SERVER_STOPPED
22967	Eetheelkis	61	RNDBOT59	1	8	7	0	1787955275	2026-08-29 00:14:35	1	NULL	0000-00-00 00:00:00	0	1	0	0	0	0	0	0	NULL	NO_REGISTERED_SESSION_SERVER_STOPPED
22968	Conrad	61	RNDBOT59	1	3	10	0	1787955277	2026-08-29 00:14:37	1	NULL	0000-00-00 00:00:00	0	1	0	0	0	0	0	0	NULL	NO_REGISTERED_SESSION_SERVER_STOPPED
22969	Lahmuse	61	RNDBOT59	1	2	3	0	1787955294	2026-08-29 00:14:54	1	NULL	0000-00-00 00:00:00	0	1	0	0	0	0	0	0	NULL	NO_REGISTERED_SESSION_SERVER_STOPPED
22970	Gaitiono	62	RNDBOT60	1	7	6	0	1787955300	2026-08-29 00:15:00	1	NULL	0000-00-00 00:00:00	0	1	0	0	0	0	0	0	NULL	NO_REGISTERED_SESSION_SERVER_STOPPED
22971	Yiklop	62	RNDBOT60	1	11	6	0	1787955296	2026-08-29 00:14:56	1	NULL	0000-00-00 00:00:00	0	1	0	0	0	0	0	0	NULL	NO_REGISTERED_SESSION_SERVER_STOPPED
22972	Muranus	62	RNDBOT60	1	3	10	0	1787955274	2026-08-29 00:14:34	1	NULL	0000-00-00 00:00:00	0	1	0	0	0	0	0	0	NULL	NO_REGISTERED_SESSION_SERVER_STOPPED
22973	Mohwachudi	62	RNDBOT60	1	7	6	0	1787955280	2026-08-29 00:14:40	1	NULL	0000-00-00 00:00:00	0	1	0	0	0	0	0	0	NULL	NO_REGISTERED_SESSION_SERVER_STOPPED
22974	Drumgha	62	RNDBOT60	1	8	8	0	1787955281	2026-08-29 00:14:41	1	NULL	0000-00-00 00:00:00	0	1	0	0	0	0	0	0	NULL	NO_REGISTERED_SESSION_SERVER_STOPPED
22975	Damondor	62	RNDBOT60	1	4	10	0	1787955292	2026-08-29 00:14:52	1	NULL	0000-00-00 00:00:00	0	1	0	0	0	0	0	0	NULL	NO_REGISTERED_SESSION_SERVER_STOPPED
22976	Emaney	62	RNDBOT60	1	9	1	0	1787955273	2026-08-29 00:14:33	1	NULL	0000-00-00 00:00:00	0	1	0	0	0	0	0	0	NULL	NO_REGISTERED_SESSION_SERVER_STOPPED
22977	Revehti	62	RNDBOT60	1	5	3	0	1787955295	2026-08-29 00:14:55	1	NULL	0000-00-00 00:00:00	0	1	0	0	0	0	0	0	NULL	NO_REGISTERED_SESSION_SERVER_STOPPED
22978	Elandelo	62	RNDBOT60	1	5	1	0	1787955284	2026-08-29 00:14:44	1	NULL	0000-00-00 00:00:00	0	1	0	0	0	0	0	0	NULL	NO_REGISTERED_SESSION_SERVER_STOPPED
22979	Cellani	63	RNDBOT61	1	4	5	0	1787955296	2026-08-29 00:14:56	1	NULL	0000-00-00 00:00:00	0	1	0	0	0	0	0	0	NULL	NO_REGISTERED_SESSION_SERVER_STOPPED
22980	Filalaria	63	RNDBOT61	1	4	4	0	1787955275	2026-08-29 00:14:35	1	NULL	0000-00-00 00:00:00	0	1	0	0	0	0	0	0	NULL	NO_REGISTERED_SESSION_SERVER_STOPPED
22981	Calicia	63	RNDBOT61	1	5	10	0	1787955285	2026-08-29 00:14:45	1	NULL	0000-00-00 00:00:00	0	1	0	0	0	0	0	0	NULL	NO_REGISTERED_SESSION_SERVER_STOPPED
22982	Eristor	63	RNDBOT61	1	5	10	0	1787955275	2026-08-29 00:14:35	1	NULL	0000-00-00 00:00:00	0	1	0	0	0	0	0	0	NULL	NO_REGISTERED_SESSION_SERVER_STOPPED
22983	Kylantino	63	RNDBOT61	1	2	10	0	1787955273	2026-08-29 00:14:33	1	NULL	0000-00-00 00:00:00	0	1	0	0	0	0	0	0	NULL	NO_REGISTERED_SESSION_SERVER_STOPPED
22984	Polorina	63	RNDBOT61	1	5	10	0	1787955293	2026-08-29 00:14:53	1	NULL	0000-00-00 00:00:00	0	1	0	0	0	0	0	0	NULL	NO_REGISTERED_SESSION_SERVER_STOPPED
22985	Britne	63	RNDBOT61	1	9	9	0	1787955279	2026-08-29 00:14:39	1	NULL	0000-00-00 00:00:00	0	1	0	0	0	0	0	0	NULL	NO_REGISTERED_SESSION_SERVER_STOPPED
22986	Thomarco	63	RNDBOT61	1	1	9	0	1787955293	2026-08-29 00:14:53	1	NULL	0000-00-00 00:00:00	0	1	0	0	0	0	0	0	NULL	NO_REGISTERED_SESSION_SERVER_STOPPED
22987	Nadak	63	RNDBOT61	1	4	10	0	1787955294	2026-08-29 00:14:54	1	NULL	0000-00-00 00:00:00	0	1	0	0	0	0	0	0	NULL	NO_REGISTERED_SESSION_SERVER_STOPPED
22988	Sirta	64	RNDBOT62	1	5	10	0	1787955287	2026-08-29 00:14:47	1	NULL	0000-00-00 00:00:00	0	1	0	0	0	0	0	0	NULL	NO_REGISTERED_SESSION_SERVER_STOPPED
22989	Glimkan	64	RNDBOT62	1	4	7	0	1787955298	2026-08-29 00:14:58	1	NULL	0000-00-00 00:00:00	0	1	0	0	0	0	0	0	NULL	NO_REGISTERED_SESSION_SERVER_STOPPED
22990	Doriane	64	RNDBOT62	1	5	10	0	1787955282	2026-08-29 00:14:42	1	NULL	0000-00-00 00:00:00	0	1	0	0	0	0	0	0	NULL	NO_REGISTERED_SESSION_SERVER_STOPPED
22991	Hanica	64	RNDBOT62	1	9	5	0	1787955300	2026-08-29 00:15:00	1	NULL	0000-00-00 00:00:00	0	1	0	0	0	0	0	0	NULL	NO_REGISTERED_SESSION_SERVER_STOPPED
22992	Clen	64	RNDBOT62	1	8	5	0	1787955271	2026-08-29 00:14:31	1	NULL	0000-00-00 00:00:00	0	1	0	0	0	0	0	0	NULL	NO_REGISTERED_SESSION_SERVER_STOPPED
22993	Corian	64	RNDBOT62	1	8	10	0	1787955285	2026-08-29 00:14:45	1	NULL	0000-00-00 00:00:00	0	1	0	0	0	0	0	0	NULL	NO_REGISTERED_SESSION_SERVER_STOPPED
22994	Amarta	64	RNDBOT62	1	3	9	0	1787955281	2026-08-29 00:14:41	1	NULL	0000-00-00 00:00:00	0	1	0	0	0	0	0	0	NULL	NO_REGISTERED_SESSION_SERVER_STOPPED
22995	Alerollo	64	RNDBOT62	1	2	10	0	1787955279	2026-08-29 00:14:39	1	NULL	0000-00-00 00:00:00	0	1	0	0	0	0	0	0	NULL	NO_REGISTERED_SESSION_SERVER_STOPPED
22996	Dazmonn	64	RNDBOT62	1	3	8	0	1787955272	2026-08-29 00:14:32	1	NULL	0000-00-00 00:00:00	0	1	0	0	0	0	0	0	NULL	NO_REGISTERED_SESSION_SERVER_STOPPED
22997	Domenevan	65	RNDBOT63	1	1	10	0	1787955274	2026-08-29 00:14:34	1	NULL	0000-00-00 00:00:00	0	1	0	0	0	0	0	0	NULL	NO_REGISTERED_SESSION_SERVER_STOPPED
22998	Merollon	65	RNDBOT63	1	8	10	0	1787955285	2026-08-29 00:14:45	1	NULL	0000-00-00 00:00:00	0	1	0	0	0	0	0	0	NULL	NO_REGISTERED_SESSION_SERVER_STOPPED
22999	Putlonk	65	RNDBOT63	1	8	7	0	1787955271	2026-08-29 00:14:31	1	NULL	0000-00-00 00:00:00	0	1	0	0	0	0	0	0	NULL	NO_REGISTERED_SESSION_SERVER_STOPPED
23000	Faelysana	65	RNDBOT63	1	5	4	0	1787955277	2026-08-29 00:14:37	1	NULL	0000-00-00 00:00:00	0	1	0	0	0	0	0	0	NULL	NO_REGISTERED_SESSION_SERVER_STOPPED
23001	Pisu	65	RNDBOT63	1	7	6	0	1787955300	2026-08-29 00:15:00	1	NULL	0000-00-00 00:00:00	0	1	0	0	0	0	0	0	NULL	NO_REGISTERED_SESSION_SERVER_STOPPED
23002	Celeonia	65	RNDBOT63	1	9	5	0	1787955286	2026-08-29 00:14:46	1	NULL	0000-00-00 00:00:00	0	1	0	0	0	0	0	0	NULL	NO_REGISTERED_SESSION_SERVER_STOPPED
23003	Boscard	65	RNDBOT63	1	4	10	0	1787955299	2026-08-29 00:14:59	1	NULL	0000-00-00 00:00:00	0	1	0	0	0	0	0	0	NULL	NO_REGISTERED_SESSION_SERVER_STOPPED
23004	Donata	65	RNDBOT63	1	4	9	0	1787955295	2026-08-29 00:14:55	1	NULL	0000-00-00 00:00:00	0	1	0	0	0	0	0	0	NULL	NO_REGISTERED_SESSION_SERVER_STOPPED
23005	Bohdo	65	RNDBOT63	1	8	8	0	1787955275	2026-08-29 00:14:35	1	NULL	0000-00-00 00:00:00	0	1	0	0	0	0	0	0	NULL	NO_REGISTERED_SESSION_SERVER_STOPPED
23006	Fionne	66	RNDBOT64	1	2	1	0	1787955274	2026-08-29 00:14:34	1	NULL	0000-00-00 00:00:00	0	1	0	0	0	0	0	0	NULL	NO_REGISTERED_SESSION_SERVER_STOPPED
23007	Fylvine	66	RNDBOT64	1	11	4	0	1787955283	2026-08-29 00:14:43	1	NULL	0000-00-00 00:00:00	0	1	0	0	0	0	0	0	NULL	NO_REGISTERED_SESSION_SERVER_STOPPED
23008	Jasperion	66	RNDBOT64	1	8	9	0	1787955295	2026-08-29 00:14:55	1	NULL	0000-00-00 00:00:00	0	1	0	0	0	0	0	0	NULL	NO_REGISTERED_SESSION_SERVER_STOPPED
23009	Aeotaria	66	RNDBOT64	1	4	4	0	1787955299	2026-08-29 00:14:59	1	NULL	0000-00-00 00:00:00	0	1	0	0	0	0	0	0	NULL	NO_REGISTERED_SESSION_SERVER_STOPPED
23010	Dando	66	RNDBOT64	1	8	1	0	1787955272	2026-08-29 00:14:32	1	NULL	0000-00-00 00:00:00	0	1	0	0	0	0	0	0	NULL	NO_REGISTERED_SESSION_SERVER_STOPPED
23011	Alenneth	66	RNDBOT64	1	1	4	0	1787955278	2026-08-29 00:14:38	1	NULL	0000-00-00 00:00:00	0	1	0	0	0	0	0	0	NULL	NO_REGISTERED_SESSION_SERVER_STOPPED
23012	Shuna	66	RNDBOT64	1	3	2	0	1787955271	2026-08-29 00:14:31	1	NULL	0000-00-00 00:00:00	0	1	0	0	0	0	0	0	NULL	NO_REGISTERED_SESSION_SERVER_STOPPED
23013	Perinne	66	RNDBOT64	1	8	10	0	1787955293	2026-08-29 00:14:53	1	NULL	0000-00-00 00:00:00	0	1	0	0	0	0	0	0	NULL	NO_REGISTERED_SESSION_SERVER_STOPPED
23014	Clementine	66	RNDBOT64	1	4	10	0	1787955280	2026-08-29 00:14:40	1	NULL	0000-00-00 00:00:00	0	1	0	0	0	0	0	0	NULL	NO_REGISTERED_SESSION_SERVER_STOPPED
23015	Adinerie	67	RNDBOT65	1	4	1	0	1787955285	2026-08-29 00:14:45	1	NULL	0000-00-00 00:00:00	0	1	0	0	0	0	0	0	NULL	NO_REGISTERED_SESSION_SERVER_STOPPED
23016	Chazo	67	RNDBOT65	1	1	6	0	1787955294	2026-08-29 00:14:54	1	NULL	0000-00-00 00:00:00	0	1	0	0	0	0	0	0	NULL	NO_REGISTERED_SESSION_SERVER_STOPPED
23017	Linil	67	RNDBOT65	1	8	7	0	1787955283	2026-08-29 00:14:43	1	NULL	0000-00-00 00:00:00	0	1	0	0	0	0	0	0	NULL	NO_REGISTERED_SESSION_SERVER_STOPPED
23018	Mimilt	67	RNDBOT65	1	1	9	0	1787955278	2026-08-29 00:14:38	1	NULL	0000-00-00 00:00:00	0	1	0	0	0	0	0	0	NULL	NO_REGISTERED_SESSION_SERVER_STOPPED
23019	Komo	67	RNDBOT65	1	2	3	0	1787955288	2026-08-29 00:14:48	1	NULL	0000-00-00 00:00:00	0	1	0	0	0	0	0	0	NULL	NO_REGISTERED_SESSION_SERVER_STOPPED
23020	Takyeoze	67	RNDBOT65	1	1	6	0	1787955271	2026-08-29 00:14:31	1	NULL	0000-00-00 00:00:00	0	1	0	0	0	0	0	0	NULL	NO_REGISTERED_SESSION_SERVER_STOPPED
23021	Leanderin	67	RNDBOT65	1	4	10	0	1787955274	2026-08-29 00:14:34	1	NULL	0000-00-00 00:00:00	0	1	0	0	0	0	0	0	NULL	NO_REGISTERED_SESSION_SERVER_STOPPED
23022	Emannah	67	RNDBOT65	1	9	1	0	1787955295	2026-08-29 00:14:55	1	NULL	0000-00-00 00:00:00	0	1	0	0	0	0	0	0	NULL	NO_REGISTERED_SESSION_SERVER_STOPPED
23023	Unahn	67	RNDBOT65	1	5	8	0	1787955278	2026-08-29 00:14:38	1	NULL	0000-00-00 00:00:00	0	1	0	0	0	0	0	0	NULL	NO_REGISTERED_SESSION_SERVER_STOPPED
23024	Nelois	68	RNDBOT66	1	2	1	0	1787955281	2026-08-29 00:14:41	1	NULL	0000-00-00 00:00:00	0	1	0	0	0	0	0	0	NULL	NO_REGISTERED_SESSION_SERVER_STOPPED
23025	Kaelandrin	68	RNDBOT66	1	4	10	0	1787955287	2026-08-29 00:14:47	1	NULL	0000-00-00 00:00:00	0	1	0	0	0	0	0	0	NULL	NO_REGISTERED_SESSION_SERVER_STOPPED
23026	Lorcan	68	RNDBOT66	1	4	5	0	1787955291	2026-08-29 00:14:51	1	NULL	0000-00-00 00:00:00	0	1	0	0	0	0	0	0	NULL	NO_REGISTERED_SESSION_SERVER_STOPPED
23027	Astanie	68	RNDBOT66	1	9	5	0	1787955273	2026-08-29 00:14:33	1	NULL	0000-00-00 00:00:00	0	1	0	0	0	0	0	0	NULL	NO_REGISTERED_SESSION_SERVER_STOPPED
23028	Denadamyr	68	RNDBOT66	1	4	4	0	1787955288	2026-08-29 00:14:48	1	NULL	0000-00-00 00:00:00	0	1	0	0	0	0	0	0	NULL	NO_REGISTERED_SESSION_SERVER_STOPPED
23029	Bevorian	68	RNDBOT66	1	5	5	0	1787955273	2026-08-29 00:14:33	1	NULL	0000-00-00 00:00:00	0	1	0	0	0	0	0	0	NULL	NO_REGISTERED_SESSION_SERVER_STOPPED
23030	Bianorah	68	RNDBOT66	1	5	5	0	1787955291	2026-08-29 00:14:51	1	NULL	0000-00-00 00:00:00	0	1	0	0	0	0	0	0	NULL	NO_REGISTERED_SESSION_SERVER_STOPPED
23031	Yallaes	68	RNDBOT66	1	11	4	0	1787955277	2026-08-29 00:14:37	1	NULL	0000-00-00 00:00:00	0	1	0	0	0	0	0	0	NULL	NO_REGISTERED_SESSION_SERVER_STOPPED
23032	Thiclis	68	RNDBOT66	1	4	7	0	1787955282	2026-08-29 00:14:42	1	NULL	0000-00-00 00:00:00	0	1	0	0	0	0	0	0	NULL	NO_REGISTERED_SESSION_SERVER_STOPPED
23033	Alatari	93	RNDBOT67	1	2	10	0	1787955294	2026-08-29 00:14:54	1	NULL	0000-00-00 00:00:00	0	1	0	0	0	0	0	0	NULL	NO_REGISTERED_SESSION_SERVER_STOPPED
23034	Cellie	93	RNDBOT67	1	9	9	0	1787955293	2026-08-29 00:14:53	1	NULL	0000-00-00 00:00:00	0	1	0	0	0	0	0	0	NULL	NO_REGISTERED_SESSION_SERVER_STOPPED
23035	Dithesh	93	RNDBOT67	1	9	7	0	1787955292	2026-08-29 00:14:52	1	NULL	0000-00-00 00:00:00	0	1	0	0	0	0	0	0	NULL	NO_REGISTERED_SESSION_SERVER_STOPPED
23036	Blastio	93	RNDBOT67	1	3	10	0	1787955295	2026-08-29 00:14:55	1	NULL	0000-00-00 00:00:00	0	1	0	0	0	0	0	0	NULL	NO_REGISTERED_SESSION_SERVER_STOPPED
23037	Reduin	93	RNDBOT67	1	4	9	0	1787955283	2026-08-29 00:14:43	1	NULL	0000-00-00 00:00:00	0	1	0	0	0	0	0	0	NULL	NO_REGISTERED_SESSION_SERVER_STOPPED
23038	Meromas	93	RNDBOT67	1	4	10	0	1787955271	2026-08-29 00:14:31	1	NULL	0000-00-00 00:00:00	0	1	0	0	0	0	0	0	NULL	NO_REGISTERED_SESSION_SERVER_STOPPED
23039	Ioneira	93	RNDBOT67	1	9	9	0	1787955298	2026-08-29 00:14:58	1	NULL	0000-00-00 00:00:00	0	1	0	0	0	0	0	0	NULL	NO_REGISTERED_SESSION_SERVER_STOPPED
23040	Lucael	93	RNDBOT67	1	1	9	0	1787955274	2026-08-29 00:14:34	1	NULL	0000-00-00 00:00:00	0	1	0	0	0	0	0	0	NULL	NO_REGISTERED_SESSION_SERVER_STOPPED
23041	Chaelani	93	RNDBOT67	1	2	10	0	1787955281	2026-08-29 00:14:41	1	NULL	0000-00-00 00:00:00	0	1	0	0	0	0	0	0	NULL	NO_REGISTERED_SESSION_SERVER_STOPPED
23042	Shalion	69	RNDBOT68	1	5	1	0	1787955278	2026-08-29 00:14:38	1	NULL	0000-00-00 00:00:00	0	1	0	0	0	0	0	0	NULL	NO_REGISTERED_SESSION_SERVER_STOPPED
23043	Perio	69	RNDBOT68	1	4	10	0	1787955288	2026-08-29 00:14:48	1	NULL	0000-00-00 00:00:00	0	1	0	0	0	0	0	0	NULL	NO_REGISTERED_SESSION_SERVER_STOPPED
23044	Temal	69	RNDBOT68	1	4	7	0	1787955289	2026-08-29 00:14:49	1	NULL	0000-00-00 00:00:00	0	1	0	0	0	0	0	0	NULL	NO_REGISTERED_SESSION_SERVER_STOPPED
23045	Merohan	69	RNDBOT68	1	8	10	0	1787955275	2026-08-29 00:14:35	1	NULL	0000-00-00 00:00:00	0	1	0	0	0	0	0	0	NULL	NO_REGISTERED_SESSION_SERVER_STOPPED
23046	Klitkiwink	69	RNDBOT68	1	4	7	0	1787955284	2026-08-29 00:14:44	1	NULL	0000-00-00 00:00:00	0	1	0	0	0	0	0	0	NULL	NO_REGISTERED_SESSION_SERVER_STOPPED
23047	Jelu	69	RNDBOT68	1	7	6	0	1787955296	2026-08-29 00:14:56	1	NULL	0000-00-00 00:00:00	0	1	0	0	0	0	0	0	NULL	NO_REGISTERED_SESSION_SERVER_STOPPED
23048	Minita	69	RNDBOT68	1	2	10	0	1787955297	2026-08-29 00:14:57	1	NULL	0000-00-00 00:00:00	0	1	0	0	0	0	0	0	NULL	NO_REGISTERED_SESSION_SERVER_STOPPED
23049	Menonze	69	RNDBOT68	1	4	8	0	1787955291	2026-08-29 00:14:51	1	NULL	0000-00-00 00:00:00	0	1	0	0	0	0	0	0	NULL	NO_REGISTERED_SESSION_SERVER_STOPPED
23050	Bramson	69	RNDBOT68	1	3	1	0	1787955297	2026-08-29 00:14:57	1	NULL	0000-00-00 00:00:00	0	1	0	0	0	0	0	0	NULL	NO_REGISTERED_SESSION_SERVER_STOPPED
23051	Paahtugaw	70	RNDBOT69	1	11	6	0	1787955288	2026-08-29 00:14:48	1	NULL	0000-00-00 00:00:00	0	1	0	0	0	0	0	0	NULL	NO_REGISTERED_SESSION_SERVER_STOPPED
23052	Lothelin	70	RNDBOT69	1	5	10	0	1787955298	2026-08-29 00:14:58	1	NULL	0000-00-00 00:00:00	0	1	0	0	0	0	0	0	NULL	NO_REGISTERED_SESSION_SERVER_STOPPED
23053	Lenetta	70	RNDBOT69	1	9	9	0	1787955300	2026-08-29 00:15:00	1	NULL	0000-00-00 00:00:00	0	1	0	0	0	0	0	0	NULL	NO_REGISTERED_SESSION_SERVER_STOPPED
23054	Gohe	70	RNDBOT69	1	7	6	0	1787955284	2026-08-29 00:14:44	1	NULL	0000-00-00 00:00:00	0	1	0	0	0	0	0	0	NULL	NO_REGISTERED_SESSION_SERVER_STOPPED
23055	Thyell	70	RNDBOT69	1	11	4	0	1787955289	2026-08-29 00:14:49	1	NULL	0000-00-00 00:00:00	0	1	0	0	0	0	0	0	NULL	NO_REGISTERED_SESSION_SERVER_STOPPED
23056	Evenic	70	RNDBOT69	1	3	1	0	1787955292	2026-08-29 00:14:52	1	NULL	0000-00-00 00:00:00	0	1	0	0	0	0	0	0	NULL	NO_REGISTERED_SESSION_SERVER_STOPPED
23057	Merence	70	RNDBOT69	1	4	9	0	1787955300	2026-08-29 00:15:00	1	NULL	0000-00-00 00:00:00	0	1	0	0	0	0	0	0	NULL	NO_REGISTERED_SESSION_SERVER_STOPPED
23058	Laurano	70	RNDBOT69	1	4	9	0	1787955277	2026-08-29 00:14:37	1	NULL	0000-00-00 00:00:00	0	1	0	0	0	0	0	0	NULL	NO_REGISTERED_SESSION_SERVER_STOPPED
23059	Bimillis	70	RNDBOT69	1	9	7	0	1787955294	2026-08-29 00:14:54	1	NULL	0000-00-00 00:00:00	0	1	0	0	0	0	0	0	NULL	NO_REGISTERED_SESSION_SERVER_STOPPED
23060	Galosus	117	RNDBOT70	1	3	9	0	1787955285	2026-08-29 00:14:45	1	NULL	0000-00-00 00:00:00	0	1	0	0	0	0	0	0	NULL	NO_REGISTERED_SESSION_SERVER_STOPPED
23061	Nelice	117	RNDBOT70	1	3	9	0	1787955292	2026-08-29 00:14:52	1	NULL	0000-00-00 00:00:00	0	1	0	0	0	0	0	0	NULL	NO_REGISTERED_SESSION_SERVER_STOPPED
23062	Shaylari	117	RNDBOT70	1	3	1	0	1787955300	2026-08-29 00:15:00	1	NULL	0000-00-00 00:00:00	0	1	0	0	0	0	0	0	NULL	NO_REGISTERED_SESSION_SERVER_STOPPED
23063	Ewar	117	RNDBOT70	1	9	1	0	1787955294	2026-08-29 00:14:54	1	NULL	0000-00-00 00:00:00	0	1	0	0	0	0	0	0	NULL	NO_REGISTERED_SESSION_SERVER_STOPPED
23064	Santandero	117	RNDBOT70	1	3	10	0	1787955277	2026-08-29 00:14:37	1	NULL	0000-00-00 00:00:00	0	1	0	0	0	0	0	0	NULL	NO_REGISTERED_SESSION_SERVER_STOPPED
23065	Damette	117	RNDBOT70	1	1	10	0	1787955290	2026-08-29 00:14:50	1	NULL	0000-00-00 00:00:00	0	1	0	0	0	0	0	0	NULL	NO_REGISTERED_SESSION_SERVER_STOPPED
23066	Elandrick	117	RNDBOT70	1	4	10	0	1787955298	2026-08-29 00:14:58	1	NULL	0000-00-00 00:00:00	0	1	0	0	0	0	0	0	NULL	NO_REGISTERED_SESSION_SERVER_STOPPED
23067	Ardag	117	RNDBOT70	1	1	3	0	1787955298	2026-08-29 00:14:58	1	NULL	0000-00-00 00:00:00	0	1	0	0	0	0	0	0	NULL	NO_REGISTERED_SESSION_SERVER_STOPPED
23068	Astinek	117	RNDBOT70	1	8	10	0	1787955286	2026-08-29 00:14:46	1	NULL	0000-00-00 00:00:00	0	1	0	0	0	0	0	0	NULL	NO_REGISTERED_SESSION_SERVER_STOPPED
23069	Ramina	71	RNDBOT71	1	9	1	0	1787955286	2026-08-29 00:14:46	1	NULL	0000-00-00 00:00:00	0	1	0	0	0	0	0	0	NULL	NO_REGISTERED_SESSION_SERVER_STOPPED
23070	Annestia	71	RNDBOT71	1	9	9	0	1787955300	2026-08-29 00:15:00	1	NULL	0000-00-00 00:00:00	0	1	0	0	0	0	0	0	NULL	NO_REGISTERED_SESSION_SERVER_STOPPED
23071	Nesterie	71	RNDBOT71	1	1	10	0	1787955281	2026-08-29 00:14:41	1	NULL	0000-00-00 00:00:00	0	1	0	0	0	0	0	0	NULL	NO_REGISTERED_SESSION_SERVER_STOPPED
23072	Samaranu	71	RNDBOT71	1	1	10	0	1787955290	2026-08-29 00:14:50	1	NULL	0000-00-00 00:00:00	0	1	0	0	0	0	0	0	NULL	NO_REGISTERED_SESSION_SERVER_STOPPED
23073	Elyran	71	RNDBOT71	1	11	4	0	1787955294	2026-08-29 00:14:54	1	NULL	0000-00-00 00:00:00	0	1	0	0	0	0	0	0	NULL	NO_REGISTERED_SESSION_SERVER_STOPPED
23074	Lily	71	RNDBOT71	1	2	10	0	1787955296	2026-08-29 00:14:56	1	NULL	0000-00-00 00:00:00	0	1	0	0	0	0	0	0	NULL	NO_REGISTERED_SESSION_SERVER_STOPPED
23075	Edela	71	RNDBOT71	1	2	10	0	1787955277	2026-08-29 00:14:37	1	NULL	0000-00-00 00:00:00	0	1	0	0	0	0	0	0	NULL	NO_REGISTERED_SESSION_SERVER_STOPPED
23076	Avenald	71	RNDBOT71	1	8	9	0	1787955294	2026-08-29 00:14:54	1	NULL	0000-00-00 00:00:00	0	1	0	0	0	0	0	0	NULL	NO_REGISTERED_SESSION_SERVER_STOPPED
23077	Helilkus	71	RNDBOT71	1	8	7	0	1787955279	2026-08-29 00:14:39	1	NULL	0000-00-00 00:00:00	0	1	0	0	0	0	0	0	NULL	NO_REGISTERED_SESSION_SERVER_STOPPED
23078	Bader	444	RNDBOT72	1	1	9	0	1787955299	2026-08-29 00:14:59	1	NULL	0000-00-00 00:00:00	0	1	0	0	0	0	0	0	NULL	NO_REGISTERED_SESSION_SERVER_STOPPED
23079	Zuwuhn	444	RNDBOT72	1	4	8	0	1787955278	2026-08-29 00:14:38	1	NULL	0000-00-00 00:00:00	0	1	0	0	0	0	0	0	NULL	NO_REGISTERED_SESSION_SERVER_STOPPED
23080	Garressian	444	RNDBOT72	1	3	4	0	1787955279	2026-08-29 00:14:39	1	NULL	0000-00-00 00:00:00	0	1	0	0	0	0	0	0	NULL	NO_REGISTERED_SESSION_SERVER_STOPPED
23081	Igorran	444	RNDBOT72	1	2	1	0	1787955293	2026-08-29 00:14:53	1	NULL	0000-00-00 00:00:00	0	1	0	0	0	0	0	0	NULL	NO_REGISTERED_SESSION_SERVER_STOPPED
23082	Aldris	444	RNDBOT72	1	11	4	0	1787955279	2026-08-29 00:14:39	1	NULL	0000-00-00 00:00:00	0	1	0	0	0	0	0	0	NULL	NO_REGISTERED_SESSION_SERVER_STOPPED
23083	Burbovgorn	444	RNDBOT72	1	7	2	0	1787955292	2026-08-29 00:14:52	1	NULL	0000-00-00 00:00:00	0	1	0	0	0	0	0	0	NULL	NO_REGISTERED_SESSION_SERVER_STOPPED
23084	Floregon	444	RNDBOT72	1	4	5	0	1787955280	2026-08-29 00:14:40	1	NULL	0000-00-00 00:00:00	0	1	0	0	0	0	0	0	NULL	NO_REGISTERED_SESSION_SERVER_STOPPED
23085	Francesca	444	RNDBOT72	1	3	1	0	1787955271	2026-08-29 00:14:31	1	NULL	0000-00-00 00:00:00	0	1	0	0	0	0	0	0	NULL	NO_REGISTERED_SESSION_SERVER_STOPPED
23086	Auderek	444	RNDBOT72	1	3	1	0	1787955280	2026-08-29 00:14:40	1	NULL	0000-00-00 00:00:00	0	1	0	0	0	0	0	0	NULL	NO_REGISTERED_SESSION_SERVER_STOPPED
23087	Kaelando	72	RNDBOT73	1	3	9	0	1787955287	2026-08-29 00:14:47	1	NULL	0000-00-00 00:00:00	0	1	0	0	0	0	0	0	NULL	NO_REGISTERED_SESSION_SERVER_STOPPED
23088	Roham	72	RNDBOT73	1	9	5	0	1787955290	2026-08-29 00:14:50	1	NULL	0000-00-00 00:00:00	0	1	0	0	0	0	0	0	NULL	NO_REGISTERED_SESSION_SERVER_STOPPED
23089	Alerick	72	RNDBOT73	1	9	5	0	1787955287	2026-08-29 00:14:47	1	NULL	0000-00-00 00:00:00	0	1	0	0	0	0	0	0	NULL	NO_REGISTERED_SESSION_SERVER_STOPPED
23090	Valdric	72	RNDBOT73	1	3	9	0	1787955279	2026-08-29 00:14:39	1	NULL	0000-00-00 00:00:00	0	1	0	0	0	0	0	0	NULL	NO_REGISTERED_SESSION_SERVER_STOPPED
23091	Rita	72	RNDBOT73	1	2	1	0	1787955287	2026-08-29 00:14:47	1	NULL	0000-00-00 00:00:00	0	1	0	0	0	0	0	0	NULL	NO_REGISTERED_SESSION_SERVER_STOPPED
23092	Solarisca	72	RNDBOT73	1	9	1	0	1787955272	2026-08-29 00:14:32	1	NULL	0000-00-00 00:00:00	0	1	0	0	0	0	0	0	NULL	NO_REGISTERED_SESSION_SERVER_STOPPED
23093	Elarios	72	RNDBOT73	1	9	9	0	1787955296	2026-08-29 00:14:56	1	NULL	0000-00-00 00:00:00	0	1	0	0	0	0	0	0	NULL	NO_REGISTERED_SESSION_SERVER_STOPPED
23094	Asparam	72	RNDBOT73	1	2	1	0	1787955281	2026-08-29 00:14:41	1	NULL	0000-00-00 00:00:00	0	1	0	0	0	0	0	0	NULL	NO_REGISTERED_SESSION_SERVER_STOPPED
23095	Caradak	72	RNDBOT73	1	4	10	0	1787955274	2026-08-29 00:14:34	1	NULL	0000-00-00 00:00:00	0	1	0	0	0	0	0	0	NULL	NO_REGISTERED_SESSION_SERVER_STOPPED
23096	Sewe	390	RNDBOT74	1	7	2	0	1787955273	2026-08-29 00:14:33	1	NULL	0000-00-00 00:00:00	0	1	0	0	0	0	0	0	NULL	NO_REGISTERED_SESSION_SERVER_STOPPED
23097	Berodino	390	RNDBOT74	1	3	10	0	1787955275	2026-08-29 00:14:35	1	NULL	0000-00-00 00:00:00	0	1	0	0	0	0	0	0	NULL	NO_REGISTERED_SESSION_SERVER_STOPPED
23098	Meteri	390	RNDBOT74	1	2	1	0	1787955283	2026-08-29 00:14:43	1	NULL	0000-00-00 00:00:00	0	1	0	0	0	0	0	0	NULL	NO_REGISTERED_SESSION_SERVER_STOPPED
23099	Unysa	390	RNDBOT74	1	11	4	0	1787955286	2026-08-29 00:14:46	1	NULL	0000-00-00 00:00:00	0	1	0	0	0	0	0	0	NULL	NO_REGISTERED_SESSION_SERVER_STOPPED
23100	Henris	390	RNDBOT74	1	8	9	0	1787955275	2026-08-29 00:14:35	1	NULL	0000-00-00 00:00:00	0	1	0	0	0	0	0	0	NULL	NO_REGISTERED_SESSION_SERVER_STOPPED
23101	Delengi	390	RNDBOT74	1	3	9	0	1787955271	2026-08-29 00:14:31	1	NULL	0000-00-00 00:00:00	0	1	0	0	0	0	0	0	NULL	NO_REGISTERED_SESSION_SERVER_STOPPED
23102	Pantha	390	RNDBOT74	1	5	10	0	1787955297	2026-08-29 00:14:57	1	NULL	0000-00-00 00:00:00	0	1	0	0	0	0	0	0	NULL	NO_REGISTERED_SESSION_SERVER_STOPPED
23103	Clarissa	390	RNDBOT74	1	9	5	0	1787955272	2026-08-29 00:14:32	1	NULL	0000-00-00 00:00:00	0	1	0	0	0	0	0	0	NULL	NO_REGISTERED_SESSION_SERVER_STOPPED
23104	Midrieth	390	RNDBOT74	1	5	4	0	1787955295	2026-08-29 00:14:55	1	NULL	0000-00-00 00:00:00	0	1	0	0	0	0	0	0	NULL	NO_REGISTERED_SESSION_SERVER_STOPPED
23105	Lenas	73	RNDBOT75	1	1	4	0	1787955275	2026-08-29 00:14:35	1	NULL	0000-00-00 00:00:00	0	1	0	0	0	0	0	0	NULL	NO_REGISTERED_SESSION_SERVER_STOPPED
23106	Andrias	73	RNDBOT75	1	8	9	0	1787955286	2026-08-29 00:14:46	1	NULL	0000-00-00 00:00:00	0	1	0	0	0	0	0	0	NULL	NO_REGISTERED_SESSION_SERVER_STOPPED
23107	Asanaes	73	RNDBOT75	1	3	4	0	1787955285	2026-08-29 00:14:45	1	NULL	0000-00-00 00:00:00	0	1	0	0	0	0	0	0	NULL	NO_REGISTERED_SESSION_SERVER_STOPPED
23108	Jadrus	73	RNDBOT75	1	3	4	0	1787955288	2026-08-29 00:14:48	1	NULL	0000-00-00 00:00:00	0	1	0	0	0	0	0	0	NULL	NO_REGISTERED_SESSION_SERVER_STOPPED
23109	Renel	73	RNDBOT75	1	3	4	0	1787955274	2026-08-29 00:14:34	1	NULL	0000-00-00 00:00:00	0	1	0	0	0	0	0	0	NULL	NO_REGISTERED_SESSION_SERVER_STOPPED
23110	Doriannie	73	RNDBOT75	1	1	9	0	1787955293	2026-08-29 00:14:53	1	NULL	0000-00-00 00:00:00	0	1	0	0	0	0	0	0	NULL	NO_REGISTERED_SESSION_SERVER_STOPPED
23111	Palome	73	RNDBOT75	1	3	10	0	1787955300	2026-08-29 00:15:00	1	NULL	0000-00-00 00:00:00	0	1	0	0	0	0	0	0	NULL	NO_REGISTERED_SESSION_SERVER_STOPPED
23112	Felicia	73	RNDBOT75	1	4	10	0	1787955276	2026-08-29 00:14:36	1	NULL	0000-00-00 00:00:00	0	1	0	0	0	0	0	0	NULL	NO_REGISTERED_SESSION_SERVER_STOPPED
23113	Alantin	73	RNDBOT75	1	8	9	0	1787955286	2026-08-29 00:14:46	1	NULL	0000-00-00 00:00:00	0	1	0	0	0	0	0	0	NULL	NO_REGISTERED_SESSION_SERVER_STOPPED
23114	Seralea	396	RNDBOT76	1	4	5	0	1787955273	2026-08-29 00:14:33	1	NULL	0000-00-00 00:00:00	0	1	0	0	0	0	0	0	NULL	NO_REGISTERED_SESSION_SERVER_STOPPED
23115	Yelass	396	RNDBOT76	1	11	4	0	1787955274	2026-08-29 00:14:34	1	NULL	0000-00-00 00:00:00	0	1	0	0	0	0	0	0	NULL	NO_REGISTERED_SESSION_SERVER_STOPPED
23116	Merichar	396	RNDBOT76	1	9	1	0	1787955280	2026-08-29 00:14:40	1	NULL	0000-00-00 00:00:00	0	1	0	0	0	0	0	0	NULL	NO_REGISTERED_SESSION_SERVER_STOPPED
23117	Iamaisho	396	RNDBOT76	1	1	8	0	1787955273	2026-08-29 00:14:33	1	NULL	0000-00-00 00:00:00	0	1	0	0	0	0	0	0	NULL	NO_REGISTERED_SESSION_SERVER_STOPPED
23118	Eloria	396	RNDBOT76	1	5	10	0	1787955274	2026-08-29 00:14:34	1	NULL	0000-00-00 00:00:00	0	1	0	0	0	0	0	0	NULL	NO_REGISTERED_SESSION_SERVER_STOPPED
23119	Dorianna	396	RNDBOT76	1	3	1	0	1787955272	2026-08-29 00:14:32	1	NULL	0000-00-00 00:00:00	0	1	0	0	0	0	0	0	NULL	NO_REGISTERED_SESSION_SERVER_STOPPED
23120	Ronic	396	RNDBOT76	1	3	9	0	1787955298	2026-08-29 00:14:58	1	NULL	0000-00-00 00:00:00	0	1	0	0	0	0	0	0	NULL	NO_REGISTERED_SESSION_SERVER_STOPPED
23121	Ciltsepeh	396	RNDBOT76	1	1	6	0	1787955282	2026-08-29 00:14:42	1	NULL	0000-00-00 00:00:00	0	1	0	0	0	0	0	0	NULL	NO_REGISTERED_SESSION_SERVER_STOPPED
23122	Uatu	396	RNDBOT76	1	7	6	0	1787955271	2026-08-29 00:14:31	1	NULL	0000-00-00 00:00:00	0	1	0	0	0	0	0	0	NULL	NO_REGISTERED_SESSION_SERVER_STOPPED
23123	Mytadya	74	RNDBOT77	1	1	4	0	1787955287	2026-08-29 00:14:47	1	NULL	0000-00-00 00:00:00	0	1	0	0	0	0	0	0	NULL	NO_REGISTERED_SESSION_SERVER_STOPPED
23124	Zalome	74	RNDBOT77	1	4	1	0	1787955289	2026-08-29 00:14:49	1	NULL	0000-00-00 00:00:00	0	1	0	0	0	0	0	0	NULL	NO_REGISTERED_SESSION_SERVER_STOPPED
23125	Valea	74	RNDBOT77	1	2	1	0	1787955299	2026-08-29 00:14:59	1	NULL	0000-00-00 00:00:00	0	1	0	0	0	0	0	0	NULL	NO_REGISTERED_SESSION_SERVER_STOPPED
23126	Vabah	74	RNDBOT77	1	7	6	0	1787955290	2026-08-29 00:14:50	1	NULL	0000-00-00 00:00:00	0	1	0	0	0	0	0	0	NULL	NO_REGISTERED_SESSION_SERVER_STOPPED
23127	Cellaria	74	RNDBOT77	1	3	1	0	1787955295	2026-08-29 00:14:55	1	NULL	0000-00-00 00:00:00	0	1	0	0	0	0	0	0	NULL	NO_REGISTERED_SESSION_SERVER_STOPPED
23128	Sadomi	74	RNDBOT77	1	2	10	0	1787955273	2026-08-29 00:14:33	1	NULL	0000-00-00 00:00:00	0	1	0	0	0	0	0	0	NULL	NO_REGISTERED_SESSION_SERVER_STOPPED
23129	Willian	74	RNDBOT77	1	2	1	0	1787955280	2026-08-29 00:14:40	1	NULL	0000-00-00 00:00:00	0	1	0	0	0	0	0	0	NULL	NO_REGISTERED_SESSION_SERVER_STOPPED
23130	Gathatol	74	RNDBOT77	1	1	2	0	1787955288	2026-08-29 00:14:48	1	NULL	0000-00-00 00:00:00	0	1	0	0	0	0	0	0	NULL	NO_REGISTERED_SESSION_SERVER_STOPPED
23131	Talorino	74	RNDBOT77	1	1	1	0	1787955287	2026-08-29 00:14:47	1	NULL	0000-00-00 00:00:00	0	1	0	0	0	0	0	0	NULL	NO_REGISTERED_SESSION_SERVER_STOPPED
23132	Aristra	334	RNDBOT78	1	5	5	0	1787955282	2026-08-29 00:14:42	1	NULL	0000-00-00 00:00:00	0	1	0	0	0	0	0	0	NULL	NO_REGISTERED_SESSION_SERVER_STOPPED
23133	Derolant	334	RNDBOT78	1	9	9	0	1787955278	2026-08-29 00:14:38	1	NULL	0000-00-00 00:00:00	0	1	0	0	0	0	0	0	NULL	NO_REGISTERED_SESSION_SERVER_STOPPED
23134	Coria	334	RNDBOT78	1	9	9	0	1787955272	2026-08-29 00:14:32	1	NULL	0000-00-00 00:00:00	0	1	0	0	0	0	0	0	NULL	NO_REGISTERED_SESSION_SERVER_STOPPED
23135	Landorio	334	RNDBOT78	1	4	10	0	1787955273	2026-08-29 00:14:33	1	NULL	0000-00-00 00:00:00	0	1	0	0	0	0	0	0	NULL	NO_REGISTERED_SESSION_SERVER_STOPPED
23136	Colyne	334	RNDBOT78	1	9	9	0	1787955276	2026-08-29 00:14:36	1	NULL	0000-00-00 00:00:00	0	1	0	0	0	0	0	0	NULL	NO_REGISTERED_SESSION_SERVER_STOPPED
23137	Stalandel	334	RNDBOT78	1	2	1	0	1787955293	2026-08-29 00:14:53	1	NULL	0000-00-00 00:00:00	0	1	0	0	0	0	0	0	NULL	NO_REGISTERED_SESSION_SERVER_STOPPED
23138	Dandenelan	334	RNDBOT78	1	1	10	0	1787955282	2026-08-29 00:14:42	1	NULL	0000-00-00 00:00:00	0	1	0	0	0	0	0	0	NULL	NO_REGISTERED_SESSION_SERVER_STOPPED
23139	Barenz	334	RNDBOT78	1	2	1	0	1787955273	2026-08-29 00:14:33	1	NULL	0000-00-00 00:00:00	0	1	0	0	0	0	0	0	NULL	NO_REGISTERED_SESSION_SERVER_STOPPED
23140	Jestand	334	RNDBOT78	1	9	5	0	1787955283	2026-08-29 00:14:43	1	NULL	0000-00-00 00:00:00	0	1	0	0	0	0	0	0	NULL	NO_REGISTERED_SESSION_SERVER_STOPPED
23141	Beveroni	75	RNDBOT79	6	9	5	0	1787963266	2026-08-29 02:27:46	1	NULL	0000-00-00 00:00:00	1	1	0	0	0	0	0	0	NULL	NO_REGISTERED_SESSION_SERVER_STOPPED
23142	Ilerias	75	RNDBOT79	6	3	4	0	1788044104	2026-08-30 00:55:04	1	NULL	0000-00-00 00:00:00	1	1	0	0	0	0	0	0	NULL	NO_REGISTERED_SESSION_SERVER_STOPPED
23143	Meladu	75	RNDBOT79	7	5	1	0	1788043011	2026-08-30 00:36:51	1	NULL	0000-00-00 00:00:00	1	1	0	0	0	0	0	0	NULL	NO_REGISTERED_SESSION_SERVER_STOPPED
23144	Demerany	75	RNDBOT79	6	3	1	0	1787965724	2026-08-29 03:08:44	1	NULL	0000-00-00 00:00:00	1	1	0	0	0	0	0	1	1	NO_REGISTERED_SESSION_SERVER_STOPPED
23145	Gerie	75	RNDBOT79	6	3	10	0	1787965724	2026-08-29 03:08:44	1	NULL	0000-00-00 00:00:00	1	1	0	0	0	0	0	1	2	NO_REGISTERED_SESSION_SERVER_STOPPED
23146	Navymme	75	RNDBOT79	6	2	3	0	1787965724	2026-08-29 03:08:44	1	NULL	0000-00-00 00:00:00	1	1	0	0	0	0	0	0	NULL	NO_REGISTERED_SESSION_SERVER_STOPPED
23147	Illirena	75	RNDBOT79	6	5	4	0	1787965724	2026-08-29 03:08:44	1	NULL	0000-00-00 00:00:00	1	1	0	0	0	0	0	1	4	NO_REGISTERED_SESSION_SERVER_STOPPED
23148	Emillis	75	RNDBOT79	6	3	9	0	1788013753	2026-08-29 16:29:13	1	NULL	0000-00-00 00:00:00	1	1	0	0	0	0	0	0	NULL	NO_REGISTERED_SESSION_SERVER_STOPPED
23149	Cogan	75	RNDBOT79	7	1	2	0	1788044141	2026-08-30 00:55:41	1	NULL	0000-00-00 00:00:00	1	1	0	0	0	0	0	0	NULL	NO_REGISTERED_SESSION_SERVER_STOPPED
23150	Casteric	176	RNDBOT80	1	4	9	0	1787955289	2026-08-29 00:14:49	1	NULL	0000-00-00 00:00:00	0	1	0	0	0	0	0	0	NULL	NO_REGISTERED_SESSION_SERVER_STOPPED
23151	Amilion	176	RNDBOT80	1	1	9	0	1787955285	2026-08-29 00:14:45	1	NULL	0000-00-00 00:00:00	0	1	0	0	0	0	0	0	NULL	NO_REGISTERED_SESSION_SERVER_STOPPED
23152	Amarce	176	RNDBOT80	1	2	10	0	1787955271	2026-08-29 00:14:31	1	NULL	0000-00-00 00:00:00	0	1	0	0	0	0	0	0	NULL	NO_REGISTERED_SESSION_SERVER_STOPPED
23153	Darolo	176	RNDBOT80	1	9	5	0	1787955272	2026-08-29 00:14:32	1	NULL	0000-00-00 00:00:00	0	1	0	0	0	0	0	0	NULL	NO_REGISTERED_SESSION_SERVER_STOPPED
23154	Speter	176	RNDBOT80	1	2	1	0	1787955275	2026-08-29 00:14:35	1	NULL	0000-00-00 00:00:00	0	1	0	0	0	0	0	0	NULL	NO_REGISTERED_SESSION_SERVER_STOPPED
23155	Hellaen	176	RNDBOT80	1	5	4	0	1787955274	2026-08-29 00:14:34	1	NULL	0000-00-00 00:00:00	0	1	0	0	0	0	0	0	NULL	NO_REGISTERED_SESSION_SERVER_STOPPED
23156	Dathea	176	RNDBOT80	1	11	4	0	1787955277	2026-08-29 00:14:37	1	NULL	0000-00-00 00:00:00	0	1	0	0	0	0	0	0	NULL	NO_REGISTERED_SESSION_SERVER_STOPPED
23157	Shehoztir	176	RNDBOT80	1	7	2	0	1787955280	2026-08-29 00:14:40	1	NULL	0000-00-00 00:00:00	0	1	0	0	0	0	0	0	NULL	NO_REGISTERED_SESSION_SERVER_STOPPED
23158	Bolthil	176	RNDBOT80	1	1	4	0	1787955276	2026-08-29 00:14:36	1	NULL	0000-00-00 00:00:00	0	1	0	0	0	0	0	0	NULL	NO_REGISTERED_SESSION_SERVER_STOPPED
23159	Ulink	76	RNDBOT81	1	4	7	0	1787955279	2026-08-29 00:14:39	1	NULL	0000-00-00 00:00:00	0	1	0	0	0	0	0	0	NULL	NO_REGISTERED_SESSION_SERVER_STOPPED
23160	Pelndaar	76	RNDBOT81	1	3	4	0	1787955290	2026-08-29 00:14:50	1	NULL	0000-00-00 00:00:00	0	1	0	0	0	0	0	0	NULL	NO_REGISTERED_SESSION_SERVER_STOPPED
23161	Salenia	76	RNDBOT81	1	3	10	0	1787955282	2026-08-29 00:14:42	1	NULL	0000-00-00 00:00:00	0	1	0	0	0	0	0	0	NULL	NO_REGISTERED_SESSION_SERVER_STOPPED
23162	Nikan	76	RNDBOT81	1	2	10	0	1787955298	2026-08-29 00:14:58	1	NULL	0000-00-00 00:00:00	0	1	0	0	0	0	0	0	NULL	NO_REGISTERED_SESSION_SERVER_STOPPED
23163	Nuelio	76	RNDBOT81	1	8	10	0	1787955293	2026-08-29 00:14:53	1	NULL	0000-00-00 00:00:00	0	1	0	0	0	0	0	0	NULL	NO_REGISTERED_SESSION_SERVER_STOPPED
23164	Nollum	76	RNDBOT81	1	1	6	0	1787955289	2026-08-29 00:14:49	1	NULL	0000-00-00 00:00:00	0	1	0	0	0	0	0	0	NULL	NO_REGISTERED_SESSION_SERVER_STOPPED
23165	Calaei	76	RNDBOT81	1	4	4	0	1787955272	2026-08-29 00:14:32	1	NULL	0000-00-00 00:00:00	0	1	0	0	0	0	0	0	NULL	NO_REGISTERED_SESSION_SERVER_STOPPED
23166	Kinlyssa	76	RNDBOT81	1	11	4	0	1787955284	2026-08-29 00:14:44	1	NULL	0000-00-00 00:00:00	0	1	0	0	0	0	0	0	NULL	NO_REGISTERED_SESSION_SERVER_STOPPED
23167	Anderett	76	RNDBOT81	1	8	10	0	1787955289	2026-08-29 00:14:49	1	NULL	0000-00-00 00:00:00	0	1	0	0	0	0	0	0	NULL	NO_REGISTERED_SESSION_SERVER_STOPPED
23168	Zowuth	187	RNDBOT82	1	7	8	0	1787955282	2026-08-29 00:14:42	1	NULL	0000-00-00 00:00:00	0	1	0	0	0	0	0	0	NULL	NO_REGISTERED_SESSION_SERVER_STOPPED
23169	Simos	187	RNDBOT82	1	8	9	0	1787955299	2026-08-29 00:14:59	1	NULL	0000-00-00 00:00:00	0	1	0	0	0	0	0	0	NULL	NO_REGISTERED_SESSION_SERVER_STOPPED
23170	Allas	187	RNDBOT82	1	5	3	0	1787955277	2026-08-29 00:14:37	1	NULL	0000-00-00 00:00:00	0	1	0	0	0	0	0	0	NULL	NO_REGISTERED_SESSION_SERVER_STOPPED
23171	Alythae	187	RNDBOT82	1	3	4	0	1787955271	2026-08-29 00:14:31	1	NULL	0000-00-00 00:00:00	0	1	0	0	0	0	0	0	NULL	NO_REGISTERED_SESSION_SERVER_STOPPED
23172	Paren	187	RNDBOT82	1	5	10	0	1787955279	2026-08-29 00:14:39	1	NULL	0000-00-00 00:00:00	0	1	0	0	0	0	0	0	NULL	NO_REGISTERED_SESSION_SERVER_STOPPED
23173	Eliannon	187	RNDBOT82	1	2	1	0	1787955298	2026-08-29 00:14:58	1	NULL	0000-00-00 00:00:00	0	1	0	0	0	0	0	0	NULL	NO_REGISTERED_SESSION_SERVER_STOPPED
23174	Ementa	187	RNDBOT82	1	8	5	0	1787955287	2026-08-29 00:14:47	1	NULL	0000-00-00 00:00:00	0	1	0	0	0	0	0	0	NULL	NO_REGISTERED_SESSION_SERVER_STOPPED
23175	Antiagon	187	RNDBOT82	1	4	9	0	1787955288	2026-08-29 00:14:48	1	NULL	0000-00-00 00:00:00	0	1	0	0	0	0	0	0	NULL	NO_REGISTERED_SESSION_SERVER_STOPPED
23176	Velena	187	RNDBOT82	1	1	1	0	1787955297	2026-08-29 00:14:57	1	NULL	0000-00-00 00:00:00	0	1	0	0	0	0	0	0	NULL	NO_REGISTERED_SESSION_SERVER_STOPPED
23177	Terenren	77	RNDBOT83	1	5	4	0	1787955282	2026-08-29 00:14:42	1	NULL	0000-00-00 00:00:00	0	1	0	0	0	0	0	0	NULL	NO_REGISTERED_SESSION_SERVER_STOPPED
23178	Atha	77	RNDBOT83	1	3	10	0	1787955289	2026-08-29 00:14:49	1	NULL	0000-00-00 00:00:00	0	1	0	0	0	0	0	0	NULL	NO_REGISTERED_SESSION_SERVER_STOPPED
23179	Natius	77	RNDBOT83	1	8	10	0	1787955291	2026-08-29 00:14:51	1	NULL	0000-00-00 00:00:00	0	1	0	0	0	0	0	0	NULL	NO_REGISTERED_SESSION_SERVER_STOPPED
23180	Riktezol	77	RNDBOT83	1	3	2	0	1787955290	2026-08-29 00:14:50	1	NULL	0000-00-00 00:00:00	0	1	0	0	0	0	0	0	NULL	NO_REGISTERED_SESSION_SERVER_STOPPED
23181	Avest	77	RNDBOT83	1	4	10	0	1787955294	2026-08-29 00:14:54	1	NULL	0000-00-00 00:00:00	0	1	0	0	0	0	0	0	NULL	NO_REGISTERED_SESSION_SERVER_STOPPED
23182	Mylaeth	77	RNDBOT83	1	4	4	0	1787955292	2026-08-29 00:14:52	1	NULL	0000-00-00 00:00:00	0	1	0	0	0	0	0	0	NULL	NO_REGISTERED_SESSION_SERVER_STOPPED
23183	Jise	77	RNDBOT83	1	4	7	0	1787955295	2026-08-29 00:14:55	1	NULL	0000-00-00 00:00:00	0	1	0	0	0	0	0	0	NULL	NO_REGISTERED_SESSION_SERVER_STOPPED
23184	Neydinnu	77	RNDBOT83	1	1	3	0	1787955277	2026-08-29 00:14:37	1	NULL	0000-00-00 00:00:00	0	1	0	0	0	0	0	0	NULL	NO_REGISTERED_SESSION_SERVER_STOPPED
23185	Stellea	77	RNDBOT83	1	2	1	0	1787955296	2026-08-29 00:14:56	1	NULL	0000-00-00 00:00:00	0	1	0	0	0	0	0	0	NULL	NO_REGISTERED_SESSION_SERVER_STOPPED
23186	Yonyiigogaa	198	RNDBOT84	1	1	6	0	1787955284	2026-08-29 00:14:44	1	NULL	0000-00-00 00:00:00	0	1	0	0	0	0	0	0	NULL	NO_REGISTERED_SESSION_SERVER_STOPPED
23187	Orestin	198	RNDBOT84	1	1	1	0	1787955277	2026-08-29 00:14:37	1	NULL	0000-00-00 00:00:00	0	1	0	0	0	0	0	0	NULL	NO_REGISTERED_SESSION_SERVER_STOPPED
23188	Ugondoz	198	RNDBOT84	1	9	7	0	1787955288	2026-08-29 00:14:48	1	NULL	0000-00-00 00:00:00	0	1	0	0	0	0	0	0	NULL	NO_REGISTERED_SESSION_SERVER_STOPPED
23189	Fetkiz	198	RNDBOT84	1	8	7	0	1787955272	2026-08-29 00:14:32	1	NULL	0000-00-00 00:00:00	0	1	0	0	0	0	0	0	NULL	NO_REGISTERED_SESSION_SERVER_STOPPED
23190	Roto	198	RNDBOT84	1	4	9	0	1787955297	2026-08-29 00:14:57	1	NULL	0000-00-00 00:00:00	0	1	0	0	0	0	0	0	NULL	NO_REGISTERED_SESSION_SERVER_STOPPED
23191	Elduin	198	RNDBOT84	1	3	9	0	1787955291	2026-08-29 00:14:51	1	NULL	0000-00-00 00:00:00	0	1	0	0	0	0	0	0	NULL	NO_REGISTERED_SESSION_SERVER_STOPPED
23192	Thedush	198	RNDBOT84	1	4	7	0	1787955276	2026-08-29 00:14:36	1	NULL	0000-00-00 00:00:00	0	1	0	0	0	0	0	0	NULL	NO_REGISTERED_SESSION_SERVER_STOPPED
23193	Panle	198	RNDBOT84	1	7	6	0	1787955298	2026-08-29 00:14:58	1	NULL	0000-00-00 00:00:00	0	1	0	0	0	0	0	0	NULL	NO_REGISTERED_SESSION_SERVER_STOPPED
23194	Calaney	198	RNDBOT84	1	9	9	0	1787955292	2026-08-29 00:14:52	1	NULL	0000-00-00 00:00:00	0	1	0	0	0	0	0	0	NULL	NO_REGISTERED_SESSION_SERVER_STOPPED
23195	Florellie	202	RNDBOT85	1	1	10	0	1787955284	2026-08-29 00:14:44	1	NULL	0000-00-00 00:00:00	0	1	0	0	0	0	0	0	NULL	NO_REGISTERED_SESSION_SERVER_STOPPED
23196	Kurmiso	202	RNDBOT85	1	4	8	0	1787955291	2026-08-29 00:14:51	1	NULL	0000-00-00 00:00:00	0	1	0	0	0	0	0	0	NULL	NO_REGISTERED_SESSION_SERVER_STOPPED
23197	Jamero	202	RNDBOT85	1	3	1	0	1787955279	2026-08-29 00:14:39	1	NULL	0000-00-00 00:00:00	0	1	0	0	0	0	0	0	NULL	NO_REGISTERED_SESSION_SERVER_STOPPED
23198	Jasteric	202	RNDBOT85	1	8	10	0	1787955300	2026-08-29 00:15:00	1	NULL	0000-00-00 00:00:00	0	1	0	0	0	0	0	0	NULL	NO_REGISTERED_SESSION_SERVER_STOPPED
23199	Gwoshi	202	RNDBOT85	1	2	3	0	1787955281	2026-08-29 00:14:41	1	NULL	0000-00-00 00:00:00	0	1	0	0	0	0	0	0	NULL	NO_REGISTERED_SESSION_SERVER_STOPPED
23200	Gwyglera	202	RNDBOT85	1	3	3	0	1787955291	2026-08-29 00:14:51	1	NULL	0000-00-00 00:00:00	0	1	0	0	0	0	0	0	NULL	NO_REGISTERED_SESSION_SERVER_STOPPED
23201	Kally	202	RNDBOT85	1	3	10	0	1787955289	2026-08-29 00:14:49	1	NULL	0000-00-00 00:00:00	0	1	0	0	0	0	0	0	NULL	NO_REGISTERED_SESSION_SERVER_STOPPED
23202	Ariscily	202	RNDBOT85	1	3	1	0	1787955273	2026-08-29 00:14:33	1	NULL	0000-00-00 00:00:00	0	1	0	0	0	0	0	0	NULL	NO_REGISTERED_SESSION_SERVER_STOPPED
23203	Telvanna	202	RNDBOT85	1	11	4	0	1787955292	2026-08-29 00:14:52	1	NULL	0000-00-00 00:00:00	0	1	0	0	0	0	0	0	NULL	NO_REGISTERED_SESSION_SERVER_STOPPED
23204	Yelane	79	RNDBOT86	1	4	9	0	1787955291	2026-08-29 00:14:51	1	NULL	0000-00-00 00:00:00	1	1	0	0	0	0	0	0	NULL	NO_REGISTERED_SESSION_SERVER_STOPPED
23205	Elari	79	RNDBOT86	1	3	9	0	1787955293	2026-08-29 00:14:53	1	NULL	0000-00-00 00:00:00	1	1	0	0	0	0	0	0	NULL	NO_REGISTERED_SESSION_SERVER_STOPPED
23206	Niaminmew	79	RNDBOT86	6	1	6	0	1788124467	2026-08-30 23:14:27	1	NULL	0000-00-00 00:00:00	1	1	0	0	0	1	0	0	NULL	NO_REGISTERED_SESSION_SERVER_STOPPED
23207	Sathil	79	RNDBOT86	6	4	4	0	1788124468	2026-08-30 23:14:28	1	NULL	0000-00-00 00:00:00	1	1	0	0	0	1	0	1	15	NO_REGISTERED_SESSION_SERVER_STOPPED
23208	Gwendora	79	RNDBOT86	1	3	9	0	1787955281	2026-08-29 00:14:41	1	NULL	0000-00-00 00:00:00	1	1	0	0	0	0	0	0	NULL	NO_REGISTERED_SESSION_SERVER_STOPPED
23209	Rollianor	79	RNDBOT86	1	8	9	0	1787955282	2026-08-29 00:14:42	1	NULL	0000-00-00 00:00:00	1	1	0	0	0	0	0	0	NULL	NO_REGISTERED_SESSION_SERVER_STOPPED
23210	Balorent	79	RNDBOT86	1	3	10	0	1787955292	2026-08-29 00:14:52	1	NULL	0000-00-00 00:00:00	1	1	0	0	0	0	0	0	NULL	NO_REGISTERED_SESSION_SERVER_STOPPED
23211	Johanna	79	RNDBOT86	1	9	9	0	1787955272	2026-08-29 00:14:32	1	NULL	0000-00-00 00:00:00	1	1	0	0	0	0	0	0	NULL	NO_REGISTERED_SESSION_SERVER_STOPPED
23212	Payau	79	RNDBOT86	1	11	6	0	1787955280	2026-08-29 00:14:40	1	NULL	0000-00-00 00:00:00	1	1	0	0	0	0	0	0	NULL	NO_REGISTERED_SESSION_SERVER_STOPPED
23213	Baldred	499	RNDBOT87	1	3	1	0	1787955278	2026-08-29 00:14:38	1	NULL	0000-00-00 00:00:00	0	1	0	0	0	0	0	0	NULL	NO_REGISTERED_SESSION_SERVER_STOPPED
23214	Acitos	499	RNDBOT87	1	5	10	0	1787955278	2026-08-29 00:14:38	1	NULL	0000-00-00 00:00:00	0	1	0	0	0	0	0	0	NULL	NO_REGISTERED_SESSION_SERVER_STOPPED
23215	Santinic	499	RNDBOT87	1	4	9	0	1787955294	2026-08-29 00:14:54	1	NULL	0000-00-00 00:00:00	0	1	0	0	0	0	0	0	NULL	NO_REGISTERED_SESSION_SERVER_STOPPED
23216	Emdir	499	RNDBOT87	1	11	4	0	1787955276	2026-08-29 00:14:36	1	NULL	0000-00-00 00:00:00	0	1	0	0	0	0	0	0	NULL	NO_REGISTERED_SESSION_SERVER_STOPPED
23217	Arinerva	499	RNDBOT87	1	4	10	0	1787955290	2026-08-29 00:14:50	1	NULL	0000-00-00 00:00:00	0	1	0	0	0	0	0	0	NULL	NO_REGISTERED_SESSION_SERVER_STOPPED
23218	Evannata	499	RNDBOT87	1	8	10	0	1787955272	2026-08-29 00:14:32	1	NULL	0000-00-00 00:00:00	0	1	0	0	0	0	0	0	NULL	NO_REGISTERED_SESSION_SERVER_STOPPED
23219	Adoni	499	RNDBOT87	1	8	9	0	1787955284	2026-08-29 00:14:44	1	NULL	0000-00-00 00:00:00	0	1	0	0	0	0	0	0	NULL	NO_REGISTERED_SESSION_SERVER_STOPPED
23220	Catallie	499	RNDBOT87	1	4	10	0	1787955298	2026-08-29 00:14:58	1	NULL	0000-00-00 00:00:00	0	1	0	0	0	0	0	0	NULL	NO_REGISTERED_SESSION_SERVER_STOPPED
23221	Biah	499	RNDBOT87	1	9	9	0	1787955300	2026-08-29 00:15:00	1	NULL	0000-00-00 00:00:00	0	1	0	0	0	0	0	0	NULL	NO_REGISTERED_SESSION_SERVER_STOPPED
23222	Soshkoo	80	RNDBOT88	1	3	6	0	1787955292	2026-08-29 00:14:52	1	NULL	0000-00-00 00:00:00	0	1	0	0	0	0	0	0	NULL	NO_REGISTERED_SESSION_SERVER_STOPPED
23223	Hannon	80	RNDBOT88	1	4	5	0	1787955277	2026-08-29 00:14:37	1	NULL	0000-00-00 00:00:00	0	1	0	0	0	0	0	0	NULL	NO_REGISTERED_SESSION_SERVER_STOPPED
23224	Harea	80	RNDBOT88	1	3	4	0	1787955294	2026-08-29 00:14:54	1	NULL	0000-00-00 00:00:00	0	1	0	0	0	0	0	0	NULL	NO_REGISTERED_SESSION_SERVER_STOPPED
23225	Miherki	80	RNDBOT88	1	3	2	0	1787955278	2026-08-29 00:14:38	1	NULL	0000-00-00 00:00:00	0	1	0	0	0	0	0	0	NULL	NO_REGISTERED_SESSION_SERVER_STOPPED
23226	Burick	80	RNDBOT88	1	9	7	0	1787955291	2026-08-29 00:14:51	1	NULL	0000-00-00 00:00:00	0	1	0	0	0	0	0	0	NULL	NO_REGISTERED_SESSION_SERVER_STOPPED
23227	Mineverina	80	RNDBOT88	1	5	10	0	1787955296	2026-08-29 00:14:56	1	NULL	0000-00-00 00:00:00	0	1	0	0	0	0	0	0	NULL	NO_REGISTERED_SESSION_SERVER_STOPPED
23228	Aphaco	80	RNDBOT88	1	9	1	0	1787955277	2026-08-29 00:14:37	1	NULL	0000-00-00 00:00:00	0	1	0	0	0	0	0	0	NULL	NO_REGISTERED_SESSION_SERVER_STOPPED
23229	Bedor	80	RNDBOT88	1	4	8	0	1787955297	2026-08-29 00:14:57	1	NULL	0000-00-00 00:00:00	0	1	0	0	0	0	0	0	NULL	NO_REGISTERED_SESSION_SERVER_STOPPED
23230	Inleeck	80	RNDBOT88	1	8	7	0	1787955293	2026-08-29 00:14:53	1	NULL	0000-00-00 00:00:00	0	1	0	0	0	0	0	0	NULL	NO_REGISTERED_SESSION_SERVER_STOPPED
23231	Mentin	217	RNDBOT89	1	3	1	0	1787955298	2026-08-29 00:14:58	1	NULL	0000-00-00 00:00:00	0	1	0	0	0	0	0	0	NULL	NO_REGISTERED_SESSION_SERVER_STOPPED
23232	Manea	217	RNDBOT89	1	3	4	0	1787955289	2026-08-29 00:14:49	1	NULL	0000-00-00 00:00:00	0	1	0	0	0	0	0	0	NULL	NO_REGISTERED_SESSION_SERVER_STOPPED
23233	Yhvezil	217	RNDBOT89	1	2	3	0	1787955286	2026-08-29 00:14:46	1	NULL	0000-00-00 00:00:00	0	1	0	0	0	0	0	0	NULL	NO_REGISTERED_SESSION_SERVER_STOPPED
23234	Zhiju	217	RNDBOT89	1	3	8	0	1787955285	2026-08-29 00:14:45	1	NULL	0000-00-00 00:00:00	0	1	0	0	0	0	0	0	NULL	NO_REGISTERED_SESSION_SERVER_STOPPED
23235	Tito	217	RNDBOT89	1	5	10	0	1787955279	2026-08-29 00:14:39	1	NULL	0000-00-00 00:00:00	0	1	0	0	0	0	0	0	NULL	NO_REGISTERED_SESSION_SERVER_STOPPED
23236	Gekelath	217	RNDBOT89	1	7	2	0	1787955276	2026-08-29 00:14:36	1	NULL	0000-00-00 00:00:00	0	1	0	0	0	0	0	0	NULL	NO_REGISTERED_SESSION_SERVER_STOPPED
23237	Kailena	217	RNDBOT89	1	8	10	0	1787955275	2026-08-29 00:14:35	1	NULL	0000-00-00 00:00:00	0	1	0	0	0	0	0	0	NULL	NO_REGISTERED_SESSION_SERVER_STOPPED
23238	Crorn	217	RNDBOT89	1	7	2	0	1787955273	2026-08-29 00:14:33	1	NULL	0000-00-00 00:00:00	0	1	0	0	0	0	0	0	NULL	NO_REGISTERED_SESSION_SERVER_STOPPED
23239	Faranu	217	RNDBOT89	1	2	1	0	1787955283	2026-08-29 00:14:43	1	NULL	0000-00-00 00:00:00	0	1	0	0	0	0	0	0	NULL	NO_REGISTERED_SESSION_SERVER_STOPPED
23240	Nokki	81	RNDBOT90	1	1	6	0	1787955288	2026-08-29 00:14:48	1	NULL	0000-00-00 00:00:00	0	1	0	0	0	0	0	0	NULL	NO_REGISTERED_SESSION_SERVER_STOPPED
23241	Anford	81	RNDBOT90	1	1	9	0	1787955277	2026-08-29 00:14:37	1	NULL	0000-00-00 00:00:00	0	1	0	0	0	0	0	0	NULL	NO_REGISTERED_SESSION_SERVER_STOPPED
23242	Cariannise	81	RNDBOT90	1	9	5	0	1787955297	2026-08-29 00:14:57	1	NULL	0000-00-00 00:00:00	0	1	0	0	0	0	0	0	NULL	NO_REGISTERED_SESSION_SERVER_STOPPED
23243	Prini	81	RNDBOT90	1	3	10	0	1787955276	2026-08-29 00:14:36	1	NULL	0000-00-00 00:00:00	0	1	0	0	0	0	0	0	NULL	NO_REGISTERED_SESSION_SERVER_STOPPED
23244	Ellon	81	RNDBOT90	1	8	1	0	1787955293	2026-08-29 00:14:53	1	NULL	0000-00-00 00:00:00	0	1	0	0	0	0	0	0	NULL	NO_REGISTERED_SESSION_SERVER_STOPPED
23245	Elerinna	81	RNDBOT90	1	4	10	0	1787955282	2026-08-29 00:14:42	1	NULL	0000-00-00 00:00:00	0	1	0	0	0	0	0	0	NULL	NO_REGISTERED_SESSION_SERVER_STOPPED
23246	Cidruet	81	RNDBOT90	1	7	6	0	1787955276	2026-08-29 00:14:36	1	NULL	0000-00-00 00:00:00	0	1	0	0	0	0	0	0	NULL	NO_REGISTERED_SESSION_SERVER_STOPPED
23247	Beneliam	81	RNDBOT90	1	8	10	0	1787955276	2026-08-29 00:14:36	1	NULL	0000-00-00 00:00:00	0	1	0	0	0	0	0	0	NULL	NO_REGISTERED_SESSION_SERVER_STOPPED
23248	Talarin	81	RNDBOT90	1	1	1	0	1787955275	2026-08-29 00:14:35	1	NULL	0000-00-00 00:00:00	0	1	0	0	0	0	0	0	NULL	NO_REGISTERED_SESSION_SERVER_STOPPED
23249	Balandor	82	RNDBOT91	1	9	9	0	1787955284	2026-08-29 00:14:44	1	NULL	0000-00-00 00:00:00	0	1	0	0	0	0	0	0	NULL	NO_REGISTERED_SESSION_SERVER_STOPPED
23250	Kuenelina	82	RNDBOT91	1	1	1	0	1787955283	2026-08-29 00:14:43	1	NULL	0000-00-00 00:00:00	0	1	0	0	0	0	0	0	NULL	NO_REGISTERED_SESSION_SERVER_STOPPED
23251	Thefelduzz	82	RNDBOT91	1	8	7	0	1787955299	2026-08-29 00:14:59	1	NULL	0000-00-00 00:00:00	0	1	0	0	0	0	0	0	NULL	NO_REGISTERED_SESSION_SERVER_STOPPED
23252	Jonatham	82	RNDBOT91	1	4	10	0	1787955277	2026-08-29 00:14:37	1	NULL	0000-00-00 00:00:00	0	1	0	0	0	0	0	0	NULL	NO_REGISTERED_SESSION_SERVER_STOPPED
23253	Firielo	82	RNDBOT91	1	1	10	0	1787955286	2026-08-29 00:14:46	1	NULL	0000-00-00 00:00:00	0	1	0	0	0	0	0	0	NULL	NO_REGISTERED_SESSION_SERVER_STOPPED
23254	Elinata	82	RNDBOT91	1	2	1	0	1787955273	2026-08-29 00:14:33	1	NULL	0000-00-00 00:00:00	0	1	0	0	0	0	0	0	NULL	NO_REGISTERED_SESSION_SERVER_STOPPED
23255	Ivette	82	RNDBOT91	1	3	1	0	1787955292	2026-08-29 00:14:52	1	NULL	0000-00-00 00:00:00	0	1	0	0	0	0	0	0	NULL	NO_REGISTERED_SESSION_SERVER_STOPPED
23256	Pelantin	82	RNDBOT91	1	1	5	0	1787955297	2026-08-29 00:14:57	1	NULL	0000-00-00 00:00:00	0	1	0	0	0	0	0	0	NULL	NO_REGISTERED_SESSION_SERVER_STOPPED
23257	Morela	82	RNDBOT91	1	8	10	0	1787955284	2026-08-29 00:14:44	1	NULL	0000-00-00 00:00:00	0	1	0	0	0	0	0	0	NULL	NO_REGISTERED_SESSION_SERVER_STOPPED
23258	Rengi	219	RNDBOT92	1	2	10	0	1787955296	2026-08-29 00:14:56	1	NULL	0000-00-00 00:00:00	0	1	0	0	0	0	0	0	NULL	NO_REGISTERED_SESSION_SERVER_STOPPED
23259	Calent	219	RNDBOT92	1	1	9	0	1787955278	2026-08-29 00:14:38	1	NULL	0000-00-00 00:00:00	0	1	0	0	0	0	0	0	NULL	NO_REGISTERED_SESSION_SERVER_STOPPED
23260	Lamine	219	RNDBOT92	1	8	10	0	1787955292	2026-08-29 00:14:52	1	NULL	0000-00-00 00:00:00	0	1	0	0	0	0	0	0	NULL	NO_REGISTERED_SESSION_SERVER_STOPPED
23261	Qichoga	219	RNDBOT92	1	1	6	0	1787955291	2026-08-29 00:14:51	1	NULL	0000-00-00 00:00:00	0	1	0	0	0	0	0	0	NULL	NO_REGISTERED_SESSION_SERVER_STOPPED
23262	Jaminari	219	RNDBOT92	1	3	10	0	1787955282	2026-08-29 00:14:42	1	NULL	0000-00-00 00:00:00	0	1	0	0	0	0	0	0	NULL	NO_REGISTERED_SESSION_SERVER_STOPPED
23263	Steranu	219	RNDBOT92	1	4	9	0	1787955271	2026-08-29 00:14:31	1	NULL	0000-00-00 00:00:00	0	1	0	0	0	0	0	0	NULL	NO_REGISTERED_SESSION_SERVER_STOPPED
23264	Jasina	219	RNDBOT92	1	3	4	0	1787955275	2026-08-29 00:14:35	1	NULL	0000-00-00 00:00:00	0	1	0	0	0	0	0	0	NULL	NO_REGISTERED_SESSION_SERVER_STOPPED
23265	Everis	219	RNDBOT92	1	2	1	0	1787955278	2026-08-29 00:14:38	1	NULL	0000-00-00 00:00:00	0	1	0	0	0	0	0	0	NULL	NO_REGISTERED_SESSION_SERVER_STOPPED
23266	Joreand	219	RNDBOT92	1	5	5	0	1787955289	2026-08-29 00:14:49	1	NULL	0000-00-00 00:00:00	0	1	0	0	0	0	0	0	NULL	NO_REGISTERED_SESSION_SERVER_STOPPED
23267	Merio	83	RNDBOT93	1	9	9	0	1787955296	2026-08-29 00:14:56	1	NULL	0000-00-00 00:00:00	0	1	0	0	0	0	0	0	NULL	NO_REGISTERED_SESSION_SERVER_STOPPED
23268	Killic	83	RNDBOT93	1	9	7	0	1787955293	2026-08-29 00:14:53	1	NULL	0000-00-00 00:00:00	0	1	0	0	0	0	0	0	NULL	NO_REGISTERED_SESSION_SERVER_STOPPED
23269	Tudrol	83	RNDBOT93	1	4	4	0	1787955288	2026-08-29 00:14:48	1	NULL	0000-00-00 00:00:00	0	1	0	0	0	0	0	0	NULL	NO_REGISTERED_SESSION_SERVER_STOPPED
23270	Kwaze	83	RNDBOT93	1	1	6	0	1787955274	2026-08-29 00:14:34	1	NULL	0000-00-00 00:00:00	0	1	0	0	0	0	0	0	NULL	NO_REGISTERED_SESSION_SERVER_STOPPED
23271	Esteraney	83	RNDBOT93	1	8	5	0	1787955285	2026-08-29 00:14:45	1	NULL	0000-00-00 00:00:00	0	1	0	0	0	0	0	0	NULL	NO_REGISTERED_SESSION_SERVER_STOPPED
23272	Irisanne	83	RNDBOT93	1	4	5	0	1787955295	2026-08-29 00:14:55	1	NULL	0000-00-00 00:00:00	0	1	0	0	0	0	0	0	NULL	NO_REGISTERED_SESSION_SERVER_STOPPED
23273	Galexand	83	RNDBOT93	1	3	9	0	1787955280	2026-08-29 00:14:40	1	NULL	0000-00-00 00:00:00	0	1	0	0	0	0	0	0	NULL	NO_REGISTERED_SESSION_SERVER_STOPPED
23274	Terenon	83	RNDBOT93	1	4	10	0	1787955277	2026-08-29 00:14:37	1	NULL	0000-00-00 00:00:00	0	1	0	0	0	0	0	0	NULL	NO_REGISTERED_SESSION_SERVER_STOPPED
23275	Isadine	83	RNDBOT93	1	1	1	0	1787955272	2026-08-29 00:14:32	1	NULL	0000-00-00 00:00:00	0	1	0	0	0	0	0	0	NULL	NO_REGISTERED_SESSION_SERVER_STOPPED
23276	Amela	220	RNDBOT94	1	4	9	0	1787955279	2026-08-29 00:14:39	1	NULL	0000-00-00 00:00:00	0	1	0	0	0	0	0	0	NULL	NO_REGISTERED_SESSION_SERVER_STOPPED
23277	Berichar	220	RNDBOT94	1	3	10	0	1787955295	2026-08-29 00:14:55	1	NULL	0000-00-00 00:00:00	0	1	0	0	0	0	0	0	NULL	NO_REGISTERED_SESSION_SERVER_STOPPED
23278	Detleysh	220	RNDBOT94	1	8	7	0	1787955287	2026-08-29 00:14:47	1	NULL	0000-00-00 00:00:00	0	1	0	0	0	0	0	0	NULL	NO_REGISTERED_SESSION_SERVER_STOPPED
23279	Delande	220	RNDBOT94	1	3	9	0	1787955277	2026-08-29 00:14:37	1	NULL	0000-00-00 00:00:00	0	1	0	0	0	0	0	0	NULL	NO_REGISTERED_SESSION_SERVER_STOPPED
23280	Garlidan	220	RNDBOT94	1	11	4	0	1787955289	2026-08-29 00:14:49	1	NULL	0000-00-00 00:00:00	0	1	0	0	0	0	0	0	NULL	NO_REGISTERED_SESSION_SERVER_STOPPED
23281	Thrumm	220	RNDBOT94	1	7	2	0	1787955287	2026-08-29 00:14:47	1	NULL	0000-00-00 00:00:00	0	1	0	0	0	0	0	0	NULL	NO_REGISTERED_SESSION_SERVER_STOPPED
23282	Fynrus	220	RNDBOT94	1	11	4	0	1787955276	2026-08-29 00:14:36	1	NULL	0000-00-00 00:00:00	0	1	0	0	0	0	0	0	NULL	NO_REGISTERED_SESSION_SERVER_STOPPED
23283	Adalos	220	RNDBOT94	1	4	5	0	1787955284	2026-08-29 00:14:44	1	NULL	0000-00-00 00:00:00	0	1	0	0	0	0	0	0	NULL	NO_REGISTERED_SESSION_SERVER_STOPPED
23284	Estinny	220	RNDBOT94	1	4	9	0	1787955294	2026-08-29 00:14:54	1	NULL	0000-00-00 00:00:00	0	1	0	0	0	0	0	0	NULL	NO_REGISTERED_SESSION_SERVER_STOPPED
23285	Alalomon	84	RNDBOT95	1	11	4	0	1787955279	2026-08-29 00:14:39	1	NULL	0000-00-00 00:00:00	1	1	0	0	0	0	0	0	NULL	NO_REGISTERED_SESSION_SERVER_STOPPED
23286	Thulaglust	84	RNDBOT95	6	3	2	0	1788124440	2026-08-30 23:14:00	1	NULL	0000-00-00 00:00:00	1	1	0	0	0	1	0	1	13	NO_REGISTERED_SESSION_SERVER_STOPPED
23287	Wilania	84	RNDBOT95	6	5	10	0	1788044139	2026-08-30 00:55:39	1	NULL	0000-00-00 00:00:00	1	1	0	0	0	0	0	0	NULL	NO_REGISTERED_SESSION_SERVER_STOPPED
23288	Dainelin	84	RNDBOT95	1	3	10	0	1787955276	2026-08-29 00:14:36	1	NULL	0000-00-00 00:00:00	1	1	0	0	0	0	0	0	NULL	NO_REGISTERED_SESSION_SERVER_STOPPED
23289	Rhesta	84	RNDBOT95	6	9	1	0	1788044141	2026-08-30 00:55:41	1	NULL	0000-00-00 00:00:00	1	1	0	0	0	0	0	0	NULL	NO_REGISTERED_SESSION_SERVER_STOPPED
23290	Merichard	84	RNDBOT95	8	8	10	0	1788044127	2026-08-30 00:55:27	1	NULL	0000-00-00 00:00:00	1	1	0	0	0	0	0	0	NULL	NO_REGISTERED_SESSION_SERVER_STOPPED
23291	Dyndez	84	RNDBOT95	1	4	7	0	1787955297	2026-08-29 00:14:57	1	NULL	0000-00-00 00:00:00	1	1	0	0	0	0	0	0	NULL	NO_REGISTERED_SESSION_SERVER_STOPPED
23292	Domeda	84	RNDBOT95	6	4	1	0	1788043004	2026-08-30 00:36:44	1	NULL	0000-00-00 00:00:00	1	1	0	0	0	0	0	0	NULL	NO_REGISTERED_SESSION_SERVER_STOPPED
23293	Aralco	84	RNDBOT95	7	3	1	0	1788042996	2026-08-30 00:36:36	1	NULL	0000-00-00 00:00:00	1	1	0	0	0	0	0	0	NULL	NO_REGISTERED_SESSION_SERVER_STOPPED
23294	Fyllin	221	RNDBOT96	1	5	4	0	1787955284	2026-08-29 00:14:44	1	NULL	0000-00-00 00:00:00	0	1	0	0	0	0	0	0	NULL	NO_REGISTERED_SESSION_SERVER_STOPPED
23295	Thagorm	221	RNDBOT96	1	5	4	0	1787955279	2026-08-29 00:14:39	1	NULL	0000-00-00 00:00:00	0	1	0	0	0	0	0	0	NULL	NO_REGISTERED_SESSION_SERVER_STOPPED
23296	Araelleas	221	RNDBOT96	1	5	4	0	1787955284	2026-08-29 00:14:44	1	NULL	0000-00-00 00:00:00	0	1	0	0	0	0	0	0	NULL	NO_REGISTERED_SESSION_SERVER_STOPPED
23297	Allalias	221	RNDBOT96	1	11	4	0	1787955288	2026-08-29 00:14:48	1	NULL	0000-00-00 00:00:00	0	1	0	0	0	0	0	0	NULL	NO_REGISTERED_SESSION_SERVER_STOPPED
23298	Hiancy	221	RNDBOT96	1	8	5	0	1787955282	2026-08-29 00:14:42	1	NULL	0000-00-00 00:00:00	0	1	0	0	0	0	0	0	NULL	NO_REGISTERED_SESSION_SERVER_STOPPED
23299	Ukath	221	RNDBOT96	1	3	3	0	1787955297	2026-08-29 00:14:57	1	NULL	0000-00-00 00:00:00	0	1	0	0	0	0	0	0	NULL	NO_REGISTERED_SESSION_SERVER_STOPPED
23300	Finiano	221	RNDBOT96	1	3	1	0	1787955294	2026-08-29 00:14:54	1	NULL	0000-00-00 00:00:00	0	1	0	0	0	0	0	0	NULL	NO_REGISTERED_SESSION_SERVER_STOPPED
23301	Daelar	221	RNDBOT96	1	3	9	0	1787955291	2026-08-29 00:14:51	1	NULL	0000-00-00 00:00:00	0	1	0	0	0	0	0	0	NULL	NO_REGISTERED_SESSION_SERVER_STOPPED
23302	Andeliam	221	RNDBOT96	1	3	1	0	1787955275	2026-08-29 00:14:35	1	NULL	0000-00-00 00:00:00	0	1	0	0	0	0	0	0	NULL	NO_REGISTERED_SESSION_SERVER_STOPPED
23303	Calvian	85	RNDBOT97	1	3	9	0	1787955272	2026-08-29 00:14:32	1	NULL	0000-00-00 00:00:00	0	1	0	0	0	0	0	0	NULL	NO_REGISTERED_SESSION_SERVER_STOPPED
23304	Kihwissa	85	RNDBOT97	1	5	3	0	1787955296	2026-08-29 00:14:56	1	NULL	0000-00-00 00:00:00	0	1	0	0	0	0	0	0	NULL	NO_REGISTERED_SESSION_SERVER_STOPPED
23305	Yolanda	85	RNDBOT97	1	5	5	0	1787955273	2026-08-29 00:14:33	1	NULL	0000-00-00 00:00:00	0	1	0	0	0	0	0	0	NULL	NO_REGISTERED_SESSION_SERVER_STOPPED
23306	Gaderi	85	RNDBOT97	1	5	10	0	1787955289	2026-08-29 00:14:49	1	NULL	0000-00-00 00:00:00	0	1	0	0	0	0	0	0	NULL	NO_REGISTERED_SESSION_SERVER_STOPPED
23307	Merineri	85	RNDBOT97	1	9	9	0	1787955282	2026-08-29 00:14:42	1	NULL	0000-00-00 00:00:00	0	1	0	0	0	0	0	0	NULL	NO_REGISTERED_SESSION_SERVER_STOPPED
23308	Jervanna	85	RNDBOT97	1	11	4	0	1787955291	2026-08-29 00:14:51	1	NULL	0000-00-00 00:00:00	0	1	0	0	0	0	0	0	NULL	NO_REGISTERED_SESSION_SERVER_STOPPED
23309	Laria	85	RNDBOT97	1	9	5	0	1787955293	2026-08-29 00:14:53	1	NULL	0000-00-00 00:00:00	0	1	0	0	0	0	0	0	NULL	NO_REGISTERED_SESSION_SERVER_STOPPED
23310	Ravela	85	RNDBOT97	1	5	10	0	1787955293	2026-08-29 00:14:53	1	NULL	0000-00-00 00:00:00	0	1	0	0	0	0	0	0	NULL	NO_REGISTERED_SESSION_SERVER_STOPPED
23311	Feliance	85	RNDBOT97	1	4	10	0	1787955278	2026-08-29 00:14:38	1	NULL	0000-00-00 00:00:00	0	1	0	0	0	0	0	0	NULL	NO_REGISTERED_SESSION_SERVER_STOPPED
23312	Drurmeg	363	RNDBOT98	1	2	3	0	1787955271	2026-08-29 00:14:31	1	NULL	0000-00-00 00:00:00	0	1	0	0	0	0	0	0	NULL	NO_REGISTERED_SESSION_SERVER_STOPPED
23313	Paloris	363	RNDBOT98	1	9	5	0	1787955271	2026-08-29 00:14:31	1	NULL	0000-00-00 00:00:00	0	1	0	0	0	0	0	0	NULL	NO_REGISTERED_SESSION_SERVER_STOPPED
23314	Rineveri	363	RNDBOT98	1	8	10	0	1787955271	2026-08-29 00:14:31	1	NULL	0000-00-00 00:00:00	0	1	0	0	0	0	0	0	NULL	NO_REGISTERED_SESSION_SERVER_STOPPED
23315	Rythaes	363	RNDBOT98	1	3	4	0	1787955276	2026-08-29 00:14:36	1	NULL	0000-00-00 00:00:00	0	1	0	0	0	0	0	0	NULL	NO_REGISTERED_SESSION_SERVER_STOPPED
23316	Saelleath	363	RNDBOT98	1	4	4	0	1787955283	2026-08-29 00:14:43	1	NULL	0000-00-00 00:00:00	0	1	0	0	0	0	0	0	NULL	NO_REGISTERED_SESSION_SERVER_STOPPED
23317	Suraco	363	RNDBOT98	1	5	10	0	1787955283	2026-08-29 00:14:43	1	NULL	0000-00-00 00:00:00	0	1	0	0	0	0	0	0	NULL	NO_REGISTERED_SESSION_SERVER_STOPPED
23318	Fylae	363	RNDBOT98	1	4	4	0	1787955290	2026-08-29 00:14:50	1	NULL	0000-00-00 00:00:00	0	1	0	0	0	0	0	0	NULL	NO_REGISTERED_SESSION_SERVER_STOPPED
23319	Garion	363	RNDBOT98	1	8	5	0	1787955298	2026-08-29 00:14:58	1	NULL	0000-00-00 00:00:00	0	1	0	0	0	0	0	0	NULL	NO_REGISTERED_SESSION_SERVER_STOPPED
23320	Cecata	363	RNDBOT98	1	9	1	0	1787955277	2026-08-29 00:14:37	1	NULL	0000-00-00 00:00:00	0	1	0	0	0	0	0	0	NULL	NO_REGISTERED_SESSION_SERVER_STOPPED
23321	Lavi	86	RNDBOT99	1	3	9	0	1787955281	2026-08-29 00:14:41	1	NULL	0000-00-00 00:00:00	0	1	0	0	0	0	0	0	NULL	NO_REGISTERED_SESSION_SERVER_STOPPED
23322	Alyrias	86	RNDBOT99	1	4	4	0	1787955297	2026-08-29 00:14:57	1	NULL	0000-00-00 00:00:00	0	1	0	0	0	0	0	0	NULL	NO_REGISTERED_SESSION_SERVER_STOPPED
23323	Eranie	86	RNDBOT99	1	8	5	0	1787955297	2026-08-29 00:14:57	1	NULL	0000-00-00 00:00:00	0	1	0	0	0	0	0	0	NULL	NO_REGISTERED_SESSION_SERVER_STOPPED
23324	Chelini	86	RNDBOT99	1	9	5	0	1787955294	2026-08-29 00:14:54	1	NULL	0000-00-00 00:00:00	0	1	0	0	0	0	0	0	NULL	NO_REGISTERED_SESSION_SERVER_STOPPED
23325	Belleneve	86	RNDBOT99	1	3	9	0	1787955272	2026-08-29 00:14:32	1	NULL	0000-00-00 00:00:00	0	1	0	0	0	0	0	0	NULL	NO_REGISTERED_SESSION_SERVER_STOPPED
23326	Ninli	86	RNDBOT99	1	1	6	0	1787955288	2026-08-29 00:14:48	1	NULL	0000-00-00 00:00:00	0	1	0	0	0	0	0	0	NULL	NO_REGISTERED_SESSION_SERVER_STOPPED
23327	Catarii	86	RNDBOT99	1	3	4	0	1787955285	2026-08-29 00:14:45	1	NULL	0000-00-00 00:00:00	0	1	0	0	0	0	0	0	NULL	NO_REGISTERED_SESSION_SERVER_STOPPED
23328	Rileah	86	RNDBOT99	1	8	1	0	1787955276	2026-08-29 00:14:36	1	NULL	0000-00-00 00:00:00	0	1	0	0	0	0	0	0	NULL	NO_REGISTERED_SESSION_SERVER_STOPPED
23329	Nesca	86	RNDBOT99	1	4	9	0	1787955276	2026-08-29 00:14:36	1	NULL	0000-00-00 00:00:00	0	1	0	0	0	0	0	0	NULL	NO_REGISTERED_SESSION_SERVER_STOPPED
23330	Sedo	486	RNDBOT100	4	9	2	0	1788124469	2026-08-30 23:14:29	1	NULL	0000-00-00 00:00:00	0	1	0	0	0	1	0	0	NULL	NO_REGISTERED_SESSION_SERVER_STOPPED
23331	Celleri	486	RNDBOT100	4	8	9	0	1788122865	2026-08-30 22:47:45	1	NULL	0000-00-00 00:00:00	0	1	0	0	0	0	0	0	NULL	NO_REGISTERED_SESSION_SERVER_STOPPED
23332	Nikolaimon	486	RNDBOT100	6	3	1	0	1788124419	2026-08-30 23:13:39	1	NULL	0000-00-00 00:00:00	0	1	0	0	0	1	0	0	NULL	NO_REGISTERED_SESSION_SERVER_STOPPED
23333	Verinette	486	RNDBOT100	7	2	10	0	1788124438	2026-08-30 23:13:58	1	NULL	0000-00-00 00:00:00	0	1	0	0	0	1	0	0	NULL	NO_REGISTERED_SESSION_SERVER_STOPPED
23334	Reya	486	RNDBOT100	6	3	9	0	1788124425	2026-08-30 23:13:45	1	NULL	0000-00-00 00:00:00	0	1	0	0	0	0	0	0	NULL	NO_REGISTERED_SESSION_SERVER_STOPPED
23335	Camerlo	486	RNDBOT100	6	2	10	0	1788124438	2026-08-30 23:13:58	1	NULL	0000-00-00 00:00:00	0	1	0	0	0	1	0	0	NULL	NO_REGISTERED_SESSION_SERVER_STOPPED
23336	Ilena	486	RNDBOT100	3	2	1	0	1788119928	2026-08-30 21:58:48	1	NULL	0000-00-00 00:00:00	0	1	0	0	0	0	0	0	NULL	NO_REGISTERED_SESSION_SERVER_STOPPED
23337	Vesyell	486	RNDBOT100	4	4	4	0	1788124421	2026-08-30 23:13:41	1	NULL	0000-00-00 00:00:00	0	1	0	0	0	1	0	0	NULL	NO_REGISTERED_SESSION_SERVER_STOPPED
23338	Micharalt	486	RNDBOT100	1	1	9	0	1788119600	2026-08-30 21:53:20	1	NULL	0000-00-00 00:00:00	0	1	0	0	0	0	0	0	NULL	NO_REGISTERED_SESSION_SERVER_STOPPED
23339	Darcely	87	RNDBOT101	1	8	9	0	1787955300	2026-08-29 00:15:00	1	NULL	0000-00-00 00:00:00	0	1	0	0	0	0	0	0	NULL	NO_REGISTERED_SESSION_SERVER_STOPPED
23340	Proto	87	RNDBOT101	1	4	9	0	1787955280	2026-08-29 00:14:40	1	NULL	0000-00-00 00:00:00	0	1	0	0	0	0	0	0	NULL	NO_REGISTERED_SESSION_SERVER_STOPPED
23341	Artia	87	RNDBOT101	1	1	9	0	1787955294	2026-08-29 00:14:54	1	NULL	0000-00-00 00:00:00	0	1	0	0	0	0	0	0	NULL	NO_REGISTERED_SESSION_SERVER_STOPPED
23342	Atzi	87	RNDBOT101	1	7	2	0	1787955300	2026-08-29 00:15:00	1	NULL	0000-00-00 00:00:00	0	1	0	0	0	0	0	0	NULL	NO_REGISTERED_SESSION_SERVER_STOPPED
23343	Joleny	87	RNDBOT101	1	3	10	0	1787955276	2026-08-29 00:14:36	1	NULL	0000-00-00 00:00:00	0	1	0	0	0	0	0	0	NULL	NO_REGISTERED_SESSION_SERVER_STOPPED
23344	Veta	87	RNDBOT101	1	3	1	0	1787955287	2026-08-29 00:14:47	1	NULL	0000-00-00 00:00:00	0	1	0	0	0	0	0	0	NULL	NO_REGISTERED_SESSION_SERVER_STOPPED
23345	Eldamas	87	RNDBOT101	1	2	1	0	1787955288	2026-08-29 00:14:48	1	NULL	0000-00-00 00:00:00	0	1	0	0	0	0	0	0	NULL	NO_REGISTERED_SESSION_SERVER_STOPPED
23346	Erianasta	87	RNDBOT101	1	5	5	0	1787955278	2026-08-29 00:14:38	1	NULL	0000-00-00 00:00:00	0	1	0	0	0	0	0	0	NULL	NO_REGISTERED_SESSION_SERVER_STOPPED
23347	Dillia	87	RNDBOT101	1	1	9	0	1787955279	2026-08-29 00:14:39	1	NULL	0000-00-00 00:00:00	0	1	0	0	0	0	0	0	NULL	NO_REGISTERED_SESSION_SERVER_STOPPED
23348	Edestina	364	RNDBOT102	1	8	9	0	1787955276	2026-08-29 00:14:36	1	NULL	0000-00-00 00:00:00	0	1	0	0	0	0	0	0	NULL	NO_REGISTERED_SESSION_SERVER_STOPPED
23349	Bhalril	364	RNDBOT102	1	3	4	0	1787955278	2026-08-29 00:14:38	1	NULL	0000-00-00 00:00:00	0	1	0	0	0	0	0	0	NULL	NO_REGISTERED_SESSION_SERVER_STOPPED
23350	Vestia	364	RNDBOT102	1	8	9	0	1787955279	2026-08-29 00:14:39	1	NULL	0000-00-00 00:00:00	0	1	0	0	0	0	0	0	NULL	NO_REGISTERED_SESSION_SERVER_STOPPED
23351	Fredak	364	RNDBOT102	1	9	9	0	1787955289	2026-08-29 00:14:49	1	NULL	0000-00-00 00:00:00	0	1	0	0	0	0	0	0	NULL	NO_REGISTERED_SESSION_SERVER_STOPPED
23352	Draedal	364	RNDBOT102	1	11	4	0	1787955272	2026-08-29 00:14:32	1	NULL	0000-00-00 00:00:00	0	1	0	0	0	0	0	0	NULL	NO_REGISTERED_SESSION_SERVER_STOPPED
23353	Elie	364	RNDBOT102	1	8	9	0	1787955284	2026-08-29 00:14:44	1	NULL	0000-00-00 00:00:00	0	1	0	0	0	0	0	0	NULL	NO_REGISTERED_SESSION_SERVER_STOPPED
23354	Corresto	364	RNDBOT102	1	5	1	0	1787955298	2026-08-29 00:14:58	1	NULL	0000-00-00 00:00:00	0	1	0	0	0	0	0	0	NULL	NO_REGISTERED_SESSION_SERVER_STOPPED
23355	Guni	364	RNDBOT102	1	9	7	0	1787955298	2026-08-29 00:14:58	1	NULL	0000-00-00 00:00:00	0	1	0	0	0	0	0	0	NULL	NO_REGISTERED_SESSION_SERVER_STOPPED
23356	Carando	364	RNDBOT102	1	2	1	0	1787955287	2026-08-29 00:14:47	1	NULL	0000-00-00 00:00:00	0	1	0	0	0	0	0	0	NULL	NO_REGISTERED_SESSION_SERVER_STOPPED
23357	Eldaran	88	RNDBOT103	1	4	9	0	1787955272	2026-08-29 00:14:32	1	NULL	0000-00-00 00:00:00	1	1	0	0	0	0	0	0	NULL	NO_REGISTERED_SESSION_SERVER_STOPPED
23358	Elenelli	88	RNDBOT103	1	5	10	0	1787955296	2026-08-29 00:14:56	1	NULL	0000-00-00 00:00:00	1	1	0	0	0	0	0	0	NULL	NO_REGISTERED_SESSION_SERVER_STOPPED
23359	Yalie	88	RNDBOT103	1	1	8	0	1787955285	2026-08-29 00:14:45	1	NULL	0000-00-00 00:00:00	1	1	0	0	0	0	0	0	NULL	NO_REGISTERED_SESSION_SERVER_STOPPED
23360	Aliyell	88	RNDBOT103	1	3	4	0	1787955271	2026-08-29 00:14:31	1	NULL	0000-00-00 00:00:00	1	1	0	0	0	0	0	0	NULL	NO_REGISTERED_SESSION_SERVER_STOPPED
23361	Bernald	88	RNDBOT103	1	2	1	0	1787955284	2026-08-29 00:14:44	1	NULL	0000-00-00 00:00:00	1	1	0	0	0	0	0	0	NULL	NO_REGISTERED_SESSION_SERVER_STOPPED
23362	Clemen	88	RNDBOT103	1	1	10	0	1787955288	2026-08-29 00:14:48	1	NULL	0000-00-00 00:00:00	1	1	0	0	0	0	0	0	NULL	NO_REGISTERED_SESSION_SERVER_STOPPED
23363	Midrise	88	RNDBOT103	1	3	6	0	1787955272	2026-08-29 00:14:32	1	NULL	0000-00-00 00:00:00	1	1	0	0	0	0	0	0	NULL	NO_REGISTERED_SESSION_SERVER_STOPPED
23364	Glomi	88	RNDBOT103	1	9	5	0	1787955287	2026-08-29 00:14:47	1	NULL	0000-00-00 00:00:00	1	1	0	0	0	0	0	0	NULL	NO_REGISTERED_SESSION_SERVER_STOPPED
23365	Adelah	88	RNDBOT103	1	8	9	0	1787955283	2026-08-29 00:14:43	1	NULL	0000-00-00 00:00:00	1	1	0	0	0	0	0	0	NULL	NO_REGISTERED_SESSION_SERVER_STOPPED
23366	Aslandero	434	RNDBOT104	1	1	10	0	1787955279	2026-08-29 00:14:39	1	NULL	0000-00-00 00:00:00	0	1	0	0	0	0	0	0	NULL	NO_REGISTERED_SESSION_SERVER_STOPPED
23367	Kimberley	434	RNDBOT104	1	8	10	0	1787955286	2026-08-29 00:14:46	1	NULL	0000-00-00 00:00:00	0	1	0	0	0	0	0	0	NULL	NO_REGISTERED_SESSION_SERVER_STOPPED
23368	Calate	434	RNDBOT104	1	4	10	0	1787955292	2026-08-29 00:14:52	1	NULL	0000-00-00 00:00:00	0	1	0	0	0	0	0	0	NULL	NO_REGISTERED_SESSION_SERVER_STOPPED
23369	Marinaria	434	RNDBOT104	1	1	9	0	1787955277	2026-08-29 00:14:37	1	NULL	0000-00-00 00:00:00	0	1	0	0	0	0	0	0	NULL	NO_REGISTERED_SESSION_SERVER_STOPPED
23370	Violetta	434	RNDBOT104	1	8	5	0	1787955279	2026-08-29 00:14:39	1	NULL	0000-00-00 00:00:00	0	1	0	0	0	0	0	0	NULL	NO_REGISTERED_SESSION_SERVER_STOPPED
23371	Mavias	434	RNDBOT104	1	5	3	0	1787955287	2026-08-29 00:14:47	1	NULL	0000-00-00 00:00:00	0	1	0	0	0	0	0	0	NULL	NO_REGISTERED_SESSION_SERVER_STOPPED
23372	Murn	434	RNDBOT104	1	1	2	0	1787955296	2026-08-29 00:14:56	1	NULL	0000-00-00 00:00:00	0	1	0	0	0	0	0	0	NULL	NO_REGISTERED_SESSION_SERVER_STOPPED
23373	Linarina	434	RNDBOT104	1	5	10	0	1787955294	2026-08-29 00:14:54	1	NULL	0000-00-00 00:00:00	0	1	0	0	0	0	0	0	NULL	NO_REGISTERED_SESSION_SERVER_STOPPED
23374	Rinerinne	434	RNDBOT104	1	4	9	0	1787955299	2026-08-29 00:14:59	1	NULL	0000-00-00 00:00:00	0	1	0	0	0	0	0	0	NULL	NO_REGISTERED_SESSION_SERVER_STOPPED
23375	Ioria	469	RNDBOT105	1	1	5	0	1787955274	2026-08-29 00:14:34	1	NULL	0000-00-00 00:00:00	0	1	0	0	0	0	0	0	NULL	NO_REGISTERED_SESSION_SERVER_STOPPED
23376	Brielaine	469	RNDBOT105	1	1	10	0	1787955297	2026-08-29 00:14:57	1	NULL	0000-00-00 00:00:00	0	1	0	0	0	0	0	0	NULL	NO_REGISTERED_SESSION_SERVER_STOPPED
23377	Jocelerie	469	RNDBOT105	1	1	9	0	1787955280	2026-08-29 00:14:40	1	NULL	0000-00-00 00:00:00	0	1	0	0	0	0	0	0	NULL	NO_REGISTERED_SESSION_SERVER_STOPPED
23378	Alanderic	469	RNDBOT105	1	3	10	0	1787955271	2026-08-29 00:14:31	1	NULL	0000-00-00 00:00:00	0	1	0	0	0	0	0	0	NULL	NO_REGISTERED_SESSION_SERVER_STOPPED
23379	Arialyssa	469	RNDBOT105	1	4	4	0	1787955300	2026-08-29 00:15:00	1	NULL	0000-00-00 00:00:00	0	1	0	0	0	0	0	0	NULL	NO_REGISTERED_SESSION_SERVER_STOPPED
23380	Caradak	469	RNDBOT105	1	9	5	0	1787955272	2026-08-29 00:14:32	1	NULL	0000-00-00 00:00:00	0	1	0	0	0	0	0	0	NULL	NO_REGISTERED_SESSION_SERVER_STOPPED
23381	Hoske	469	RNDBOT105	1	1	6	0	1787955287	2026-08-29 00:14:47	1	NULL	0000-00-00 00:00:00	0	1	0	0	0	0	0	0	NULL	NO_REGISTERED_SESSION_SERVER_STOPPED
23382	Warito	469	RNDBOT105	1	3	10	0	1787955289	2026-08-29 00:14:49	1	NULL	0000-00-00 00:00:00	0	1	0	0	0	0	0	0	NULL	NO_REGISTERED_SESSION_SERVER_STOPPED
23383	Dricharo	469	RNDBOT105	1	4	1	0	1787955296	2026-08-29 00:14:56	1	NULL	0000-00-00 00:00:00	0	1	0	0	0	0	0	0	NULL	NO_REGISTERED_SESSION_SERVER_STOPPED
23384	Casondo	89	RNDBOT106	1	4	9	0	1787955283	2026-08-29 00:14:43	1	NULL	0000-00-00 00:00:00	0	1	0	0	0	0	0	0	NULL	NO_REGISTERED_SESSION_SERVER_STOPPED
23385	Tobukyih	89	RNDBOT106	1	7	6	0	1787955298	2026-08-29 00:14:58	1	NULL	0000-00-00 00:00:00	0	1	0	0	0	0	0	0	NULL	NO_REGISTERED_SESSION_SERVER_STOPPED
23386	Eliander	89	RNDBOT106	1	1	5	0	1787955283	2026-08-29 00:14:43	1	NULL	0000-00-00 00:00:00	0	1	0	0	0	0	0	0	NULL	NO_REGISTERED_SESSION_SERVER_STOPPED
23387	Berinari	89	RNDBOT106	1	5	1	0	1787955280	2026-08-29 00:14:40	1	NULL	0000-00-00 00:00:00	0	1	0	0	0	0	0	0	NULL	NO_REGISTERED_SESSION_SERVER_STOPPED
23388	Gerna	89	RNDBOT106	1	1	1	0	1787955299	2026-08-29 00:14:59	1	NULL	0000-00-00 00:00:00	0	1	0	0	0	0	0	0	NULL	NO_REGISTERED_SESSION_SERVER_STOPPED
23389	Heraphele	89	RNDBOT106	1	3	9	0	1787955293	2026-08-29 00:14:53	1	NULL	0000-00-00 00:00:00	0	1	0	0	0	0	0	0	NULL	NO_REGISTERED_SESSION_SERVER_STOPPED
23390	Yorkuch	89	RNDBOT106	1	11	6	0	1787955300	2026-08-29 00:15:00	1	NULL	0000-00-00 00:00:00	0	1	0	0	0	0	0	0	NULL	NO_REGISTERED_SESSION_SERVER_STOPPED
23391	Angwa	89	RNDBOT106	1	1	6	0	1787955297	2026-08-29 00:14:57	1	NULL	0000-00-00 00:00:00	0	1	0	0	0	0	0	0	NULL	NO_REGISTERED_SESSION_SERVER_STOPPED
23392	Byalene	89	RNDBOT106	1	4	4	0	1787955287	2026-08-29 00:14:47	1	NULL	0000-00-00 00:00:00	0	1	0	0	0	0	0	0	NULL	NO_REGISTERED_SESSION_SERVER_STOPPED
23393	Alerrent	365	RNDBOT107	1	1	10	0	1787955272	2026-08-29 00:14:32	1	NULL	0000-00-00 00:00:00	0	1	0	0	0	0	0	0	NULL	NO_REGISTERED_SESSION_SERVER_STOPPED
23394	Orien	365	RNDBOT107	1	5	1	0	1787955299	2026-08-29 00:14:59	1	NULL	0000-00-00 00:00:00	0	1	0	0	0	0	0	0	NULL	NO_REGISTERED_SESSION_SERVER_STOPPED
23395	Lariane	365	RNDBOT107	1	9	9	0	1787955277	2026-08-29 00:14:37	1	NULL	0000-00-00 00:00:00	0	1	0	0	0	0	0	0	NULL	NO_REGISTERED_SESSION_SERVER_STOPPED
23396	Vestanza	365	RNDBOT107	1	3	9	0	1787955292	2026-08-29 00:14:52	1	NULL	0000-00-00 00:00:00	0	1	0	0	0	0	0	0	NULL	NO_REGISTERED_SESSION_SERVER_STOPPED
23397	Knelussece	365	RNDBOT107	1	11	6	0	1787955298	2026-08-29 00:14:58	1	NULL	0000-00-00 00:00:00	0	1	0	0	0	0	0	0	NULL	NO_REGISTERED_SESSION_SERVER_STOPPED
23398	Thilileath	365	RNDBOT107	1	11	4	0	1787955281	2026-08-29 00:14:41	1	NULL	0000-00-00 00:00:00	0	1	0	0	0	0	0	0	NULL	NO_REGISTERED_SESSION_SERVER_STOPPED
23399	Gleemin	365	RNDBOT107	1	9	7	0	1787955286	2026-08-29 00:14:46	1	NULL	0000-00-00 00:00:00	0	1	0	0	0	0	0	0	NULL	NO_REGISTERED_SESSION_SERVER_STOPPED
23400	Unnis	365	RNDBOT107	1	3	3	0	1787955279	2026-08-29 00:14:39	1	NULL	0000-00-00 00:00:00	0	1	0	0	0	0	0	0	NULL	NO_REGISTERED_SESSION_SERVER_STOPPED
23401	Sirica	365	RNDBOT107	1	3	1	0	1787955278	2026-08-29 00:14:38	1	NULL	0000-00-00 00:00:00	0	1	0	0	0	0	0	0	NULL	NO_REGISTERED_SESSION_SERVER_STOPPED
23402	Dandro	91	RNDBOT108	1	4	10	0	1787955271	2026-08-29 00:14:31	1	NULL	0000-00-00 00:00:00	0	1	0	0	0	0	0	0	NULL	NO_REGISTERED_SESSION_SERVER_STOPPED
23403	Ilydraeth	91	RNDBOT108	1	11	4	0	1787955287	2026-08-29 00:14:47	1	NULL	0000-00-00 00:00:00	0	1	0	0	0	0	0	0	NULL	NO_REGISTERED_SESSION_SERVER_STOPPED
23404	Herie	91	RNDBOT108	1	8	10	0	1787955271	2026-08-29 00:14:31	1	NULL	0000-00-00 00:00:00	0	1	0	0	0	0	0	0	NULL	NO_REGISTERED_SESSION_SERVER_STOPPED
23405	Lordon	91	RNDBOT108	1	9	5	0	1787955280	2026-08-29 00:14:40	1	NULL	0000-00-00 00:00:00	0	1	0	0	0	0	0	0	NULL	NO_REGISTERED_SESSION_SERVER_STOPPED
23406	Juvi	91	RNDBOT108	1	3	3	0	1787955289	2026-08-29 00:14:49	1	NULL	0000-00-00 00:00:00	0	1	0	0	0	0	0	0	NULL	NO_REGISTERED_SESSION_SERVER_STOPPED
23407	Salengi	91	RNDBOT108	1	2	1	0	1787955296	2026-08-29 00:14:56	1	NULL	0000-00-00 00:00:00	0	1	0	0	0	0	0	0	NULL	NO_REGISTERED_SESSION_SERVER_STOPPED
23408	Parkond	91	RNDBOT108	1	1	10	0	1787955290	2026-08-29 00:14:50	1	NULL	0000-00-00 00:00:00	0	1	0	0	0	0	0	0	NULL	NO_REGISTERED_SESSION_SERVER_STOPPED
23409	Siria	91	RNDBOT108	1	4	10	0	1787955299	2026-08-29 00:14:59	1	NULL	0000-00-00 00:00:00	0	1	0	0	0	0	0	0	NULL	NO_REGISTERED_SESSION_SERVER_STOPPED
23410	Alethil	91	RNDBOT108	1	4	4	0	1787955277	2026-08-29 00:14:37	1	NULL	0000-00-00 00:00:00	0	1	0	0	0	0	0	0	NULL	NO_REGISTERED_SESSION_SERVER_STOPPED
23411	Theyell	435	RNDBOT109	1	4	4	0	1787955272	2026-08-29 00:14:32	1	NULL	0000-00-00 00:00:00	1	1	0	0	0	0	0	0	NULL	NO_REGISTERED_SESSION_SERVER_STOPPED
23412	Moreango	435	RNDBOT109	1	4	1	0	1787955273	2026-08-29 00:14:33	1	NULL	0000-00-00 00:00:00	1	1	0	0	0	0	0	0	NULL	NO_REGISTERED_SESSION_SERVER_STOPPED
23413	Wimton	435	RNDBOT109	1	3	6	0	1787955296	2026-08-29 00:14:56	1	NULL	0000-00-00 00:00:00	1	1	0	0	0	0	0	0	NULL	NO_REGISTERED_SESSION_SERVER_STOPPED
23414	Lorelie	435	RNDBOT109	1	8	9	0	1787955293	2026-08-29 00:14:53	1	NULL	0000-00-00 00:00:00	1	1	0	0	0	0	0	0	NULL	NO_REGISTERED_SESSION_SERVER_STOPPED
23415	Darister	435	RNDBOT109	1	1	9	0	1787955274	2026-08-29 00:14:34	1	NULL	0000-00-00 00:00:00	1	1	0	0	0	0	0	0	NULL	NO_REGISTERED_SESSION_SERVER_STOPPED
23416	Tandrian	435	RNDBOT109	1	4	9	0	1787955298	2026-08-29 00:14:58	1	NULL	0000-00-00 00:00:00	1	1	0	0	0	0	0	0	NULL	NO_REGISTERED_SESSION_SERVER_STOPPED
23417	Selinaya	435	RNDBOT109	1	4	5	0	1787955295	2026-08-29 00:14:55	1	NULL	0000-00-00 00:00:00	1	1	0	0	0	0	0	0	NULL	NO_REGISTERED_SESSION_SERVER_STOPPED
23418	Kaidelius	435	RNDBOT109	1	9	9	0	1787955293	2026-08-29 00:14:53	1	NULL	0000-00-00 00:00:00	1	1	0	0	0	0	0	0	NULL	NO_REGISTERED_SESSION_SERVER_STOPPED
23419	Clarman	435	RNDBOT109	1	4	5	0	1787955300	2026-08-29 00:15:00	1	NULL	0000-00-00 00:00:00	1	1	0	0	0	0	0	0	NULL	NO_REGISTERED_SESSION_SERVER_STOPPED
23420	Davita	90	RNDBOT110	1	4	10	0	1787955290	2026-08-29 00:14:50	1	NULL	0000-00-00 00:00:00	0	1	0	0	0	0	0	0	NULL	NO_REGISTERED_SESSION_SERVER_STOPPED
23421	Sandelias	90	RNDBOT110	1	8	9	0	1787955295	2026-08-29 00:14:55	1	NULL	0000-00-00 00:00:00	0	1	0	0	0	0	0	0	NULL	NO_REGISTERED_SESSION_SERVER_STOPPED
23422	Deanderett	90	RNDBOT110	1	8	1	0	1787955286	2026-08-29 00:14:46	1	NULL	0000-00-00 00:00:00	0	1	0	0	0	0	0	0	NULL	NO_REGISTERED_SESSION_SERVER_STOPPED
23423	Sylsina	90	RNDBOT110	1	4	4	0	1787955280	2026-08-29 00:14:40	1	NULL	0000-00-00 00:00:00	0	1	0	0	0	0	0	0	NULL	NO_REGISTERED_SESSION_SERVER_STOPPED
23424	Steriette	90	RNDBOT110	1	1	9	0	1787955282	2026-08-29 00:14:42	1	NULL	0000-00-00 00:00:00	0	1	0	0	0	0	0	0	NULL	NO_REGISTERED_SESSION_SERVER_STOPPED
23425	Morina	90	RNDBOT110	1	9	9	0	1787955298	2026-08-29 00:14:58	1	NULL	0000-00-00 00:00:00	0	1	0	0	0	0	0	0	NULL	NO_REGISTERED_SESSION_SERVER_STOPPED
23426	Gnilkon	90	RNDBOT110	1	8	7	0	1787955279	2026-08-29 00:14:39	1	NULL	0000-00-00 00:00:00	0	1	0	0	0	0	0	0	NULL	NO_REGISTERED_SESSION_SERVER_STOPPED
23427	Ixin	90	RNDBOT110	1	7	8	0	1787955289	2026-08-29 00:14:49	1	NULL	0000-00-00 00:00:00	0	1	0	0	0	0	0	0	NULL	NO_REGISTERED_SESSION_SERVER_STOPPED
23428	Maranessa	90	RNDBOT110	1	9	1	0	1787955289	2026-08-29 00:14:49	1	NULL	0000-00-00 00:00:00	0	1	0	0	0	0	0	0	NULL	NO_REGISTERED_SESSION_SERVER_STOPPED
23429	Galaenea	366	RNDBOT111	1	4	4	0	1787955283	2026-08-29 00:14:43	1	NULL	0000-00-00 00:00:00	0	1	0	0	0	0	0	0	NULL	NO_REGISTERED_SESSION_SERVER_STOPPED
23430	Elanthan	366	RNDBOT111	1	5	10	0	1787955299	2026-08-29 00:14:59	1	NULL	0000-00-00 00:00:00	0	1	0	0	0	0	0	0	NULL	NO_REGISTERED_SESSION_SERVER_STOPPED
23431	Myshan	366	RNDBOT111	1	2	3	0	1787955297	2026-08-29 00:14:57	1	NULL	0000-00-00 00:00:00	0	1	0	0	0	0	0	0	NULL	NO_REGISTERED_SESSION_SERVER_STOPPED
23432	Federenok	366	RNDBOT111	1	4	5	0	1787955276	2026-08-29 00:14:36	1	NULL	0000-00-00 00:00:00	0	1	0	0	0	0	0	0	NULL	NO_REGISTERED_SESSION_SERVER_STOPPED
23433	Alaniko	366	RNDBOT111	1	3	1	0	1787955281	2026-08-29 00:14:41	1	NULL	0000-00-00 00:00:00	0	1	0	0	0	0	0	0	NULL	NO_REGISTERED_SESSION_SERVER_STOPPED
23434	Herek	366	RNDBOT111	1	8	9	0	1787955279	2026-08-29 00:14:39	1	NULL	0000-00-00 00:00:00	0	1	0	0	0	0	0	0	NULL	NO_REGISTERED_SESSION_SERVER_STOPPED
23435	Lorrett	366	RNDBOT111	1	3	10	0	1787955281	2026-08-29 00:14:41	1	NULL	0000-00-00 00:00:00	0	1	0	0	0	0	0	0	NULL	NO_REGISTERED_SESSION_SERVER_STOPPED
23436	Armastio	366	RNDBOT111	1	2	10	0	1787955283	2026-08-29 00:14:43	1	NULL	0000-00-00 00:00:00	0	1	0	0	0	0	0	0	NULL	NO_REGISTERED_SESSION_SERVER_STOPPED
23437	Pelias	366	RNDBOT111	1	3	10	0	1787955293	2026-08-29 00:14:53	1	NULL	0000-00-00 00:00:00	0	1	0	0	0	0	0	0	NULL	NO_REGISTERED_SESSION_SERVER_STOPPED
23438	Michanne	92	RNDBOT112	1	8	9	0	1787955282	2026-08-29 00:14:42	1	NULL	0000-00-00 00:00:00	0	1	0	0	0	0	0	0	NULL	NO_REGISTERED_SESSION_SERVER_STOPPED
23439	Agougrand	92	RNDBOT112	1	3	3	0	1787955295	2026-08-29 00:14:55	1	NULL	0000-00-00 00:00:00	0	1	0	0	0	0	0	0	NULL	NO_REGISTERED_SESSION_SERVER_STOPPED
23440	Aririnar	92	RNDBOT112	1	3	4	0	1787955271	2026-08-29 00:14:31	1	NULL	0000-00-00 00:00:00	0	1	0	0	0	0	0	0	NULL	NO_REGISTERED_SESSION_SERVER_STOPPED
23441	Karabette	92	RNDBOT112	1	4	10	0	1787955295	2026-08-29 00:14:55	1	NULL	0000-00-00 00:00:00	0	1	0	0	0	0	0	0	NULL	NO_REGISTERED_SESSION_SERVER_STOPPED
23442	Waltan	92	RNDBOT112	1	1	1	0	1787955290	2026-08-29 00:14:50	1	NULL	0000-00-00 00:00:00	0	1	0	0	0	0	0	0	NULL	NO_REGISTERED_SESSION_SERVER_STOPPED
23443	Felave	92	RNDBOT112	1	9	9	0	1787955278	2026-08-29 00:14:38	1	NULL	0000-00-00 00:00:00	0	1	0	0	0	0	0	0	NULL	NO_REGISTERED_SESSION_SERVER_STOPPED
23444	Floreno	92	RNDBOT112	1	8	9	0	1787955300	2026-08-29 00:15:00	1	NULL	0000-00-00 00:00:00	0	1	0	0	0	0	0	0	NULL	NO_REGISTERED_SESSION_SERVER_STOPPED
23445	Samuelan	92	RNDBOT112	1	3	10	0	1787955289	2026-08-29 00:14:49	1	NULL	0000-00-00 00:00:00	0	1	0	0	0	0	0	0	NULL	NO_REGISTERED_SESSION_SERVER_STOPPED
23446	Hannibal	92	RNDBOT112	1	1	9	0	1787955271	2026-08-29 00:14:31	1	NULL	0000-00-00 00:00:00	0	1	0	0	0	0	0	0	NULL	NO_REGISTERED_SESSION_SERVER_STOPPED
23447	Iwarton	495	RNDBOT113	1	1	10	0	1787955292	2026-08-29 00:14:52	1	NULL	0000-00-00 00:00:00	1	1	0	0	0	0	0	0	NULL	NO_REGISTERED_SESSION_SERVER_STOPPED
23448	Meraphina	495	RNDBOT113	1	3	1	0	1787955282	2026-08-29 00:14:42	1	NULL	0000-00-00 00:00:00	1	1	0	0	0	0	0	0	NULL	NO_REGISTERED_SESSION_SERVER_STOPPED
23449	Hessus	495	RNDBOT113	1	8	7	0	1787955274	2026-08-29 00:14:34	1	NULL	0000-00-00 00:00:00	1	1	0	0	0	0	0	0	NULL	NO_REGISTERED_SESSION_SERVER_STOPPED
23450	Bharnuk	495	RNDBOT113	1	2	3	0	1787955271	2026-08-29 00:14:31	1	NULL	0000-00-00 00:00:00	1	1	0	0	0	0	0	0	NULL	NO_REGISTERED_SESSION_SERVER_STOPPED
23451	Oonwei	495	RNDBOT113	1	8	8	0	1787955276	2026-08-29 00:14:36	1	NULL	0000-00-00 00:00:00	1	1	0	0	0	0	0	0	NULL	NO_REGISTERED_SESSION_SERVER_STOPPED
23452	Phindy	495	RNDBOT113	1	4	9	0	1787955295	2026-08-29 00:14:55	1	NULL	0000-00-00 00:00:00	1	1	0	0	0	0	0	0	NULL	NO_REGISTERED_SESSION_SERVER_STOPPED
23453	Violea	495	RNDBOT113	1	5	5	0	1787955273	2026-08-29 00:14:33	1	NULL	0000-00-00 00:00:00	1	1	0	0	0	0	0	0	NULL	NO_REGISTERED_SESSION_SERVER_STOPPED
23454	Eragon	495	RNDBOT113	1	8	9	0	1787955279	2026-08-29 00:14:39	1	NULL	0000-00-00 00:00:00	1	1	0	0	0	0	0	0	NULL	NO_REGISTERED_SESSION_SERVER_STOPPED
23455	Clarinek	495	RNDBOT113	1	2	10	0	1787955292	2026-08-29 00:14:52	1	NULL	0000-00-00 00:00:00	1	1	0	0	0	0	0	0	NULL	NO_REGISTERED_SESSION_SERVER_STOPPED
23456	Lestunah	367	RNDBOT114	1	1	6	0	1787955283	2026-08-29 00:14:43	1	NULL	0000-00-00 00:00:00	0	1	0	0	0	0	0	0	NULL	NO_REGISTERED_SESSION_SERVER_STOPPED
23457	Valeny	367	RNDBOT114	1	9	5	0	1787955296	2026-08-29 00:14:56	1	NULL	0000-00-00 00:00:00	0	1	0	0	0	0	0	0	NULL	NO_REGISTERED_SESSION_SERVER_STOPPED
23458	Drato	367	RNDBOT114	1	3	1	0	1787955292	2026-08-29 00:14:52	1	NULL	0000-00-00 00:00:00	0	1	0	0	0	0	0	0	NULL	NO_REGISTERED_SESSION_SERVER_STOPPED
23459	Fynar	367	RNDBOT114	1	4	4	0	1787955275	2026-08-29 00:14:35	1	NULL	0000-00-00 00:00:00	0	1	0	0	0	0	0	0	NULL	NO_REGISTERED_SESSION_SERVER_STOPPED
23460	Zorion	367	RNDBOT114	1	8	10	0	1787955297	2026-08-29 00:14:57	1	NULL	0000-00-00 00:00:00	0	1	0	0	0	0	0	0	NULL	NO_REGISTERED_SESSION_SERVER_STOPPED
23461	Hecano	367	RNDBOT114	1	8	9	0	1787955298	2026-08-29 00:14:58	1	NULL	0000-00-00 00:00:00	0	1	0	0	0	0	0	0	NULL	NO_REGISTERED_SESSION_SERVER_STOPPED
23462	Melineva	367	RNDBOT114	1	8	5	0	1787955295	2026-08-29 00:14:55	1	NULL	0000-00-00 00:00:00	0	1	0	0	0	0	0	0	NULL	NO_REGISTERED_SESSION_SERVER_STOPPED
23463	Renelina	367	RNDBOT114	1	3	10	0	1787955298	2026-08-29 00:14:58	1	NULL	0000-00-00 00:00:00	0	1	0	0	0	0	0	0	NULL	NO_REGISTERED_SESSION_SERVER_STOPPED
23464	Oscal	367	RNDBOT114	1	1	9	0	1787955298	2026-08-29 00:14:58	1	NULL	0000-00-00 00:00:00	0	1	0	0	0	0	0	0	NULL	NO_REGISTERED_SESSION_SERVER_STOPPED
23465	Eliannah	94	RNDBOT115	1	8	5	0	1787955280	2026-08-29 00:14:40	1	NULL	0000-00-00 00:00:00	0	1	0	0	0	0	0	0	NULL	NO_REGISTERED_SESSION_SERVER_STOPPED
23466	Fernon	94	RNDBOT115	1	5	10	0	1787955282	2026-08-29 00:14:42	1	NULL	0000-00-00 00:00:00	0	1	0	0	0	0	0	0	NULL	NO_REGISTERED_SESSION_SERVER_STOPPED
23467	Teriond	94	RNDBOT115	1	9	1	0	1787955294	2026-08-29 00:14:54	1	NULL	0000-00-00 00:00:00	0	1	0	0	0	0	0	0	NULL	NO_REGISTERED_SESSION_SERVER_STOPPED
23468	Jaeane	94	RNDBOT115	1	4	4	0	1787955280	2026-08-29 00:14:40	1	NULL	0000-00-00 00:00:00	0	1	0	0	0	0	0	0	NULL	NO_REGISTERED_SESSION_SERVER_STOPPED
23469	Gloris	94	RNDBOT115	1	2	10	0	1787955275	2026-08-29 00:14:35	1	NULL	0000-00-00 00:00:00	0	1	0	0	0	0	0	0	NULL	NO_REGISTERED_SESSION_SERVER_STOPPED
23470	Troshasok	94	RNDBOT115	1	3	8	0	1787955272	2026-08-29 00:14:32	1	NULL	0000-00-00 00:00:00	0	1	0	0	0	0	0	0	NULL	NO_REGISTERED_SESSION_SERVER_STOPPED
23471	Arrus	94	RNDBOT115	1	3	4	0	1787955294	2026-08-29 00:14:54	1	NULL	0000-00-00 00:00:00	0	1	0	0	0	0	0	0	NULL	NO_REGISTERED_SESSION_SERVER_STOPPED
23472	Sedarl	94	RNDBOT115	1	3	2	0	1787955271	2026-08-29 00:14:31	1	NULL	0000-00-00 00:00:00	0	1	0	0	0	0	0	0	NULL	NO_REGISTERED_SESSION_SERVER_STOPPED
23473	Tririen	94	RNDBOT115	1	5	4	0	1787955295	2026-08-29 00:14:55	1	NULL	0000-00-00 00:00:00	0	1	0	0	0	0	0	0	NULL	NO_REGISTERED_SESSION_SERVER_STOPPED
23474	Herinarcy	95	RNDBOT116	1	3	1	0	1787955286	2026-08-29 00:14:46	1	NULL	0000-00-00 00:00:00	0	1	0	0	0	0	0	0	NULL	NO_REGISTERED_SESSION_SERVER_STOPPED
23475	Knegwa	95	RNDBOT116	1	11	6	0	1787955291	2026-08-29 00:14:51	1	NULL	0000-00-00 00:00:00	0	1	0	0	0	0	0	0	NULL	NO_REGISTERED_SESSION_SERVER_STOPPED
23476	Zitani	95	RNDBOT116	1	4	9	0	1787955273	2026-08-29 00:14:33	1	NULL	0000-00-00 00:00:00	0	1	0	0	0	0	0	0	NULL	NO_REGISTERED_SESSION_SERVER_STOPPED
23477	Tristo	95	RNDBOT116	1	2	1	0	1787955291	2026-08-29 00:14:51	1	NULL	0000-00-00 00:00:00	0	1	0	0	0	0	0	0	NULL	NO_REGISTERED_SESSION_SERVER_STOPPED
23478	Louise	95	RNDBOT116	1	8	9	0	1787955271	2026-08-29 00:14:31	1	NULL	0000-00-00 00:00:00	0	1	0	0	0	0	0	0	NULL	NO_REGISTERED_SESSION_SERVER_STOPPED
23479	Perido	95	RNDBOT116	1	9	5	0	1787955289	2026-08-29 00:14:49	1	NULL	0000-00-00 00:00:00	0	1	0	0	0	0	0	0	NULL	NO_REGISTERED_SESSION_SERVER_STOPPED
23480	Sadris	95	RNDBOT116	1	4	4	0	1787955276	2026-08-29 00:14:36	1	NULL	0000-00-00 00:00:00	0	1	0	0	0	0	0	0	NULL	NO_REGISTERED_SESSION_SERVER_STOPPED
23481	Yreas	95	RNDBOT116	1	3	4	0	1787955300	2026-08-29 00:15:00	1	NULL	0000-00-00 00:00:00	0	1	0	0	0	0	0	0	NULL	NO_REGISTERED_SESSION_SERVER_STOPPED
23482	Feranon	95	RNDBOT116	1	1	9	0	1787955274	2026-08-29 00:14:34	1	NULL	0000-00-00 00:00:00	0	1	0	0	0	0	0	0	NULL	NO_REGISTERED_SESSION_SERVER_STOPPED
23483	Fiole	96	RNDBOT117	1	9	9	0	1787955297	2026-08-29 00:14:57	1	NULL	0000-00-00 00:00:00	0	1	0	0	0	0	0	0	NULL	NO_REGISTERED_SESSION_SERVER_STOPPED
23484	Antalain	96	RNDBOT117	1	8	5	0	1787955290	2026-08-29 00:14:50	1	NULL	0000-00-00 00:00:00	0	1	0	0	0	0	0	0	NULL	NO_REGISTERED_SESSION_SERVER_STOPPED
23485	Demarcel	96	RNDBOT117	1	2	1	0	1787955293	2026-08-29 00:14:53	1	NULL	0000-00-00 00:00:00	0	1	0	0	0	0	0	0	NULL	NO_REGISTERED_SESSION_SERVER_STOPPED
23486	Irista	96	RNDBOT117	1	3	10	0	1787955299	2026-08-29 00:14:59	1	NULL	0000-00-00 00:00:00	0	1	0	0	0	0	0	0	NULL	NO_REGISTERED_SESSION_SERVER_STOPPED
23487	Lynderico	96	RNDBOT117	1	1	10	0	1787955286	2026-08-29 00:14:46	1	NULL	0000-00-00 00:00:00	0	1	0	0	0	0	0	0	NULL	NO_REGISTERED_SESSION_SERVER_STOPPED
23488	Terany	96	RNDBOT117	1	1	9	0	1787955271	2026-08-29 00:14:31	1	NULL	0000-00-00 00:00:00	0	1	0	0	0	0	0	0	NULL	NO_REGISTERED_SESSION_SERVER_STOPPED
23489	Ementon	96	RNDBOT117	1	1	9	0	1787955290	2026-08-29 00:14:50	1	NULL	0000-00-00 00:00:00	0	1	0	0	0	0	0	0	NULL	NO_REGISTERED_SESSION_SERVER_STOPPED
23490	Ilune	96	RNDBOT117	1	9	5	0	1787955277	2026-08-29 00:14:37	1	NULL	0000-00-00 00:00:00	0	1	0	0	0	0	0	0	NULL	NO_REGISTERED_SESSION_SERVER_STOPPED
23491	Endarino	96	RNDBOT117	1	4	9	0	1787955273	2026-08-29 00:14:33	1	NULL	0000-00-00 00:00:00	0	1	0	0	0	0	0	0	NULL	NO_REGISTERED_SESSION_SERVER_STOPPED
23492	Felania	368	RNDBOT118	1	3	9	0	1787955276	2026-08-29 00:14:36	1	NULL	0000-00-00 00:00:00	0	1	0	0	0	0	0	0	NULL	NO_REGISTERED_SESSION_SERVER_STOPPED
23493	Gaber	368	RNDBOT118	1	8	1	0	1787955294	2026-08-29 00:14:54	1	NULL	0000-00-00 00:00:00	0	1	0	0	0	0	0	0	NULL	NO_REGISTERED_SESSION_SERVER_STOPPED
23494	Ydan	368	RNDBOT118	1	11	4	0	1787955279	2026-08-29 00:14:39	1	NULL	0000-00-00 00:00:00	0	1	0	0	0	0	0	0	NULL	NO_REGISTERED_SESSION_SERVER_STOPPED
23495	Hestri	368	RNDBOT118	1	5	10	0	1787955292	2026-08-29 00:14:52	1	NULL	0000-00-00 00:00:00	0	1	0	0	0	0	0	0	NULL	NO_REGISTERED_SESSION_SERVER_STOPPED
23496	Antaril	368	RNDBOT118	1	11	4	0	1787955293	2026-08-29 00:14:53	1	NULL	0000-00-00 00:00:00	0	1	0	0	0	0	0	0	NULL	NO_REGISTERED_SESSION_SERVER_STOPPED
23497	Blato	368	RNDBOT118	1	5	5	0	1787955275	2026-08-29 00:14:35	1	NULL	0000-00-00 00:00:00	0	1	0	0	0	0	0	0	NULL	NO_REGISTERED_SESSION_SERVER_STOPPED
23498	Polora	368	RNDBOT118	1	1	1	0	1787955293	2026-08-29 00:14:53	1	NULL	0000-00-00 00:00:00	0	1	0	0	0	0	0	0	NULL	NO_REGISTERED_SESSION_SERVER_STOPPED
23499	Flarany	368	RNDBOT118	1	9	5	0	1787955277	2026-08-29 00:14:37	1	NULL	0000-00-00 00:00:00	0	1	0	0	0	0	0	0	NULL	NO_REGISTERED_SESSION_SERVER_STOPPED
23500	Rigam	368	RNDBOT118	1	3	6	0	1787955283	2026-08-29 00:14:43	1	NULL	0000-00-00 00:00:00	0	1	0	0	0	0	0	0	NULL	NO_REGISTERED_SESSION_SERVER_STOPPED
23501	Stelleni	436	RNDBOT119	1	1	10	0	1787955288	2026-08-29 00:14:48	1	NULL	0000-00-00 00:00:00	0	1	0	0	0	0	0	0	NULL	NO_REGISTERED_SESSION_SERVER_STOPPED
23502	Beveria	436	RNDBOT119	1	8	9	0	1787955278	2026-08-29 00:14:38	1	NULL	0000-00-00 00:00:00	0	1	0	0	0	0	0	0	NULL	NO_REGISTERED_SESSION_SERVER_STOPPED
23503	Caradald	436	RNDBOT119	1	2	10	0	1787955290	2026-08-29 00:14:50	1	NULL	0000-00-00 00:00:00	0	1	0	0	0	0	0	0	NULL	NO_REGISTERED_SESSION_SERVER_STOPPED
23504	Kalaggs	436	RNDBOT119	1	3	3	0	1787955275	2026-08-29 00:14:35	1	NULL	0000-00-00 00:00:00	0	1	0	0	0	0	0	0	NULL	NO_REGISTERED_SESSION_SERVER_STOPPED
23505	Ashinda	436	RNDBOT119	1	1	1	0	1787955273	2026-08-29 00:14:33	1	NULL	0000-00-00 00:00:00	0	1	0	0	0	0	0	0	NULL	NO_REGISTERED_SESSION_SERVER_STOPPED
23506	Haenu	436	RNDBOT119	6	3	8	0	1788119553	2026-08-30 21:52:33	1	NULL	0000-00-00 00:00:00	0	1	0	0	0	0	0	0	NULL	NO_REGISTERED_SESSION_SERVER_STOPPED
23507	Nileney	436	RNDBOT119	1	2	1	0	1787955284	2026-08-29 00:14:44	1	NULL	0000-00-00 00:00:00	0	1	0	0	0	0	0	0	NULL	NO_REGISTERED_SESSION_SERVER_STOPPED
23508	Ronora	436	RNDBOT119	6	8	1	0	1788124475	2026-08-30 23:14:35	1	NULL	0000-00-00 00:00:00	0	1	0	0	0	0	0	1	17	NO_REGISTERED_SESSION_SERVER_STOPPED
23509	Rigo	436	RNDBOT119	1	1	6	0	1787955290	2026-08-29 00:14:50	1	NULL	0000-00-00 00:00:00	0	1	0	0	0	0	0	0	NULL	NO_REGISTERED_SESSION_SERVER_STOPPED
23510	Armin	97	RNDBOT120	1	1	1	0	1787955287	2026-08-29 00:14:47	1	NULL	0000-00-00 00:00:00	0	1	0	0	0	0	0	0	NULL	NO_REGISTERED_SESSION_SERVER_STOPPED
23511	Zamahke	97	RNDBOT120	1	3	2	0	1787955274	2026-08-29 00:14:34	1	NULL	0000-00-00 00:00:00	0	1	0	0	0	0	0	0	NULL	NO_REGISTERED_SESSION_SERVER_STOPPED
23512	Kalerano	97	RNDBOT120	1	1	10	0	1787955294	2026-08-29 00:14:54	1	NULL	0000-00-00 00:00:00	0	1	0	0	0	0	0	0	NULL	NO_REGISTERED_SESSION_SERVER_STOPPED
23513	Stalandel	97	RNDBOT120	1	1	1	0	1787955300	2026-08-29 00:15:00	1	NULL	0000-00-00 00:00:00	0	1	0	0	0	0	0	0	NULL	NO_REGISTERED_SESSION_SERVER_STOPPED
23514	Vesterine	97	RNDBOT120	1	2	1	0	1787955290	2026-08-29 00:14:50	1	NULL	0000-00-00 00:00:00	0	1	0	0	0	0	0	0	NULL	NO_REGISTERED_SESSION_SERVER_STOPPED
23515	Neconugo	97	RNDBOT120	1	7	6	0	1787955280	2026-08-29 00:14:40	1	NULL	0000-00-00 00:00:00	0	1	0	0	0	0	0	0	NULL	NO_REGISTERED_SESSION_SERVER_STOPPED
23516	Oswaldrin	97	RNDBOT120	1	4	9	0	1787955284	2026-08-29 00:14:44	1	NULL	0000-00-00 00:00:00	0	1	0	0	0	0	0	0	NULL	NO_REGISTERED_SESSION_SERVER_STOPPED
23517	Uhsi	97	RNDBOT120	1	8	8	0	1787955283	2026-08-29 00:14:43	1	NULL	0000-00-00 00:00:00	0	1	0	0	0	0	0	0	NULL	NO_REGISTERED_SESSION_SERVER_STOPPED
23518	Saleris	97	RNDBOT120	1	9	9	0	1787955271	2026-08-29 00:14:31	1	NULL	0000-00-00 00:00:00	0	1	0	0	0	0	0	0	NULL	NO_REGISTERED_SESSION_SERVER_STOPPED
23519	Veladu	369	RNDBOT121	1	4	5	0	1787955274	2026-08-29 00:14:34	1	NULL	0000-00-00 00:00:00	0	1	0	0	0	0	0	0	NULL	NO_REGISTERED_SESSION_SERVER_STOPPED
23520	Emysa	369	RNDBOT121	1	3	4	0	1787955297	2026-08-29 00:14:57	1	NULL	0000-00-00 00:00:00	0	1	0	0	0	0	0	0	NULL	NO_REGISTERED_SESSION_SERVER_STOPPED
23521	Tavos	369	RNDBOT121	1	8	9	0	1787955275	2026-08-29 00:14:35	1	NULL	0000-00-00 00:00:00	0	1	0	0	0	0	0	0	NULL	NO_REGISTERED_SESSION_SERVER_STOPPED
23522	Omaric	369	RNDBOT121	1	8	9	0	1787955293	2026-08-29 00:14:53	1	NULL	0000-00-00 00:00:00	0	1	0	0	0	0	0	0	NULL	NO_REGISTERED_SESSION_SERVER_STOPPED
23523	Paegchuh	369	RNDBOT121	1	8	8	0	1787955283	2026-08-29 00:14:43	1	NULL	0000-00-00 00:00:00	0	1	0	0	0	0	0	0	NULL	NO_REGISTERED_SESSION_SERVER_STOPPED
23524	Wegorn	369	RNDBOT121	1	3	4	0	1787955299	2026-08-29 00:14:59	1	NULL	0000-00-00 00:00:00	0	1	0	0	0	0	0	0	NULL	NO_REGISTERED_SESSION_SERVER_STOPPED
23525	Vuntisun	369	RNDBOT121	1	11	6	0	1787955278	2026-08-29 00:14:38	1	NULL	0000-00-00 00:00:00	0	1	0	0	0	0	0	0	NULL	NO_REGISTERED_SESSION_SERVER_STOPPED
23526	Icastor	369	RNDBOT121	1	8	5	0	1787955277	2026-08-29 00:14:37	1	NULL	0000-00-00 00:00:00	0	1	0	0	0	0	0	0	NULL	NO_REGISTERED_SESSION_SERVER_STOPPED
23527	Icard	369	RNDBOT121	1	4	5	0	1787955287	2026-08-29 00:14:47	1	NULL	0000-00-00 00:00:00	0	1	0	0	0	0	0	0	NULL	NO_REGISTERED_SESSION_SERVER_STOPPED
23528	Blancan	98	RNDBOT122	1	5	10	0	1787955286	2026-08-29 00:14:46	1	NULL	0000-00-00 00:00:00	1	1	0	0	0	0	0	0	NULL	NO_REGISTERED_SESSION_SERVER_STOPPED
23529	Natharanor	98	RNDBOT122	1	5	10	0	1787955273	2026-08-29 00:14:33	1	NULL	0000-00-00 00:00:00	1	1	0	0	0	0	0	0	NULL	NO_REGISTERED_SESSION_SERVER_STOPPED
23530	Emadean	98	RNDBOT122	1	1	4	0	1787955287	2026-08-29 00:14:47	1	NULL	0000-00-00 00:00:00	1	1	0	0	0	0	0	0	NULL	NO_REGISTERED_SESSION_SERVER_STOPPED
23531	Murion	98	RNDBOT122	1	1	9	0	1787955278	2026-08-29 00:14:38	1	NULL	0000-00-00 00:00:00	1	1	0	0	0	0	0	0	NULL	NO_REGISTERED_SESSION_SERVER_STOPPED
23532	Elias	98	RNDBOT122	1	1	5	0	1787955299	2026-08-29 00:14:59	1	NULL	0000-00-00 00:00:00	1	1	0	0	0	0	0	0	NULL	NO_REGISTERED_SESSION_SERVER_STOPPED
23533	Valesa	98	RNDBOT122	1	5	10	0	1787955295	2026-08-29 00:14:55	1	NULL	0000-00-00 00:00:00	1	1	0	0	0	0	0	0	NULL	NO_REGISTERED_SESSION_SERVER_STOPPED
23534	Walthor	98	RNDBOT122	1	8	9	0	1787955288	2026-08-29 00:14:48	1	NULL	0000-00-00 00:00:00	1	1	0	0	0	0	0	0	NULL	NO_REGISTERED_SESSION_SERVER_STOPPED
23535	Sterrin	98	RNDBOT122	1	2	10	0	1787955293	2026-08-29 00:14:53	1	NULL	0000-00-00 00:00:00	1	1	0	0	0	0	0	0	NULL	NO_REGISTERED_SESSION_SERVER_STOPPED
23536	Zehdi	98	RNDBOT122	1	3	2	0	1787955296	2026-08-29 00:14:56	1	NULL	0000-00-00 00:00:00	1	1	0	0	0	0	0	0	NULL	NO_REGISTERED_SESSION_SERVER_STOPPED
23537	Heletta	470	RNDBOT123	1	5	5	0	1787955299	2026-08-29 00:14:59	1	NULL	0000-00-00 00:00:00	0	1	0	0	0	0	0	0	NULL	NO_REGISTERED_SESSION_SERVER_STOPPED
23538	Kotus	470	RNDBOT123	1	9	7	0	1787955280	2026-08-29 00:14:40	1	NULL	0000-00-00 00:00:00	0	1	0	0	0	0	0	0	NULL	NO_REGISTERED_SESSION_SERVER_STOPPED
23539	Gathard	470	RNDBOT123	1	2	10	0	1787955271	2026-08-29 00:14:31	1	NULL	0000-00-00 00:00:00	0	1	0	0	0	0	0	0	NULL	NO_REGISTERED_SESSION_SERVER_STOPPED
23540	Evalen	470	RNDBOT123	1	1	9	0	1787955295	2026-08-29 00:14:55	1	NULL	0000-00-00 00:00:00	0	1	0	0	0	0	0	0	NULL	NO_REGISTERED_SESSION_SERVER_STOPPED
23541	Valeren	470	RNDBOT123	1	4	10	0	1787955276	2026-08-29 00:14:36	1	NULL	0000-00-00 00:00:00	0	1	0	0	0	0	0	0	NULL	NO_REGISTERED_SESSION_SERVER_STOPPED
23542	Rederek	470	RNDBOT123	1	3	1	0	1787955272	2026-08-29 00:14:32	1	NULL	0000-00-00 00:00:00	0	1	0	0	0	0	0	0	NULL	NO_REGISTERED_SESSION_SERVER_STOPPED
23543	Jordand	470	RNDBOT123	1	4	9	0	1787955288	2026-08-29 00:14:48	1	NULL	0000-00-00 00:00:00	0	1	0	0	0	0	0	0	NULL	NO_REGISTERED_SESSION_SERVER_STOPPED
23544	Mytharia	470	RNDBOT123	1	3	4	0	1787955280	2026-08-29 00:14:40	1	NULL	0000-00-00 00:00:00	0	1	0	0	0	0	0	0	NULL	NO_REGISTERED_SESSION_SERVER_STOPPED
23545	Conrador	470	RNDBOT123	1	5	5	0	1787955285	2026-08-29 00:14:45	1	NULL	0000-00-00 00:00:00	0	1	0	0	0	0	0	0	NULL	NO_REGISTERED_SESSION_SERVER_STOPPED
23546	Parad	99	RNDBOT124	1	1	5	0	1787955280	2026-08-29 00:14:40	1	NULL	0000-00-00 00:00:00	0	1	0	0	0	0	0	0	NULL	NO_REGISTERED_SESSION_SERVER_STOPPED
23547	Caspeland	99	RNDBOT124	1	8	9	0	1787955290	2026-08-29 00:14:50	1	NULL	0000-00-00 00:00:00	0	1	0	0	0	0	0	0	NULL	NO_REGISTERED_SESSION_SERVER_STOPPED
23548	Demerice	99	RNDBOT124	1	2	10	0	1787955272	2026-08-29 00:14:32	1	NULL	0000-00-00 00:00:00	0	1	0	0	0	0	0	0	NULL	NO_REGISTERED_SESSION_SERVER_STOPPED
23549	Narand	99	RNDBOT124	1	11	4	0	1787955285	2026-08-29 00:14:45	1	NULL	0000-00-00 00:00:00	0	1	0	0	0	0	0	0	NULL	NO_REGISTERED_SESSION_SERVER_STOPPED
23550	Nius	99	RNDBOT124	1	4	10	0	1787955273	2026-08-29 00:14:33	1	NULL	0000-00-00 00:00:00	0	1	0	0	0	0	0	0	NULL	NO_REGISTERED_SESSION_SERVER_STOPPED
23551	Espu	99	RNDBOT124	1	7	6	0	1787955294	2026-08-29 00:14:54	1	NULL	0000-00-00 00:00:00	0	1	0	0	0	0	0	0	NULL	NO_REGISTERED_SESSION_SERVER_STOPPED
23552	Mokaltsie	99	RNDBOT124	1	11	6	0	1787955300	2026-08-29 00:15:00	1	NULL	0000-00-00 00:00:00	0	1	0	0	0	0	0	0	NULL	NO_REGISTERED_SESSION_SERVER_STOPPED
23553	Aliliynn	99	RNDBOT124	1	5	4	0	1787955287	2026-08-29 00:14:47	1	NULL	0000-00-00 00:00:00	0	1	0	0	0	0	0	0	NULL	NO_REGISTERED_SESSION_SERVER_STOPPED
23554	Irnogein	99	RNDBOT124	1	3	8	0	1787955282	2026-08-29 00:14:42	1	NULL	0000-00-00 00:00:00	0	1	0	0	0	0	0	0	NULL	NO_REGISTERED_SESSION_SERVER_STOPPED
23555	Carrett	370	RNDBOT125	1	3	10	0	1787955277	2026-08-29 00:14:37	1	NULL	0000-00-00 00:00:00	0	1	0	0	0	0	0	0	NULL	NO_REGISTERED_SESSION_SERVER_STOPPED
23556	Serah	370	RNDBOT125	1	8	5	0	1787955285	2026-08-29 00:14:45	1	NULL	0000-00-00 00:00:00	0	1	0	0	0	0	0	0	NULL	NO_REGISTERED_SESSION_SERVER_STOPPED
23557	Evanko	370	RNDBOT125	1	3	1	0	1787955272	2026-08-29 00:14:32	1	NULL	0000-00-00 00:00:00	0	1	0	0	0	0	0	0	NULL	NO_REGISTERED_SESSION_SERVER_STOPPED
23558	Gronlor	370	RNDBOT125	1	3	4	0	1787955271	2026-08-29 00:14:31	1	NULL	0000-00-00 00:00:00	0	1	0	0	0	0	0	0	NULL	NO_REGISTERED_SESSION_SERVER_STOPPED
23559	Blanderenz	370	RNDBOT125	1	4	9	0	1787955298	2026-08-29 00:14:58	1	NULL	0000-00-00 00:00:00	0	1	0	0	0	0	0	0	NULL	NO_REGISTERED_SESSION_SERVER_STOPPED
23560	Asyssae	370	RNDBOT125	1	3	4	0	1787955296	2026-08-29 00:14:56	1	NULL	0000-00-00 00:00:00	0	1	0	0	0	0	0	0	NULL	NO_REGISTERED_SESSION_SERVER_STOPPED
23561	Falaston	370	RNDBOT125	1	8	10	0	1787955274	2026-08-29 00:14:34	1	NULL	0000-00-00 00:00:00	0	1	0	0	0	0	0	0	NULL	NO_REGISTERED_SESSION_SERVER_STOPPED
23562	Caterianna	370	RNDBOT125	1	4	1	0	1787955295	2026-08-29 00:14:55	1	NULL	0000-00-00 00:00:00	0	1	0	0	0	0	0	0	NULL	NO_REGISTERED_SESSION_SERVER_STOPPED
23563	Adorne	370	RNDBOT125	1	9	9	0	1787955275	2026-08-29 00:14:35	1	NULL	0000-00-00 00:00:00	0	1	0	0	0	0	0	0	NULL	NO_REGISTERED_SESSION_SERVER_STOPPED
23564	Lavinarina	100	RNDBOT126	1	5	10	0	1787955282	2026-08-29 00:14:42	1	NULL	0000-00-00 00:00:00	0	1	0	0	0	0	0	0	NULL	NO_REGISTERED_SESSION_SERVER_STOPPED
23565	Gordrin	100	RNDBOT126	1	3	10	0	1787955299	2026-08-29 00:14:59	1	NULL	0000-00-00 00:00:00	0	1	0	0	0	0	0	0	NULL	NO_REGISTERED_SESSION_SERVER_STOPPED
23566	Krornerm	100	RNDBOT126	1	2	3	0	1787955290	2026-08-29 00:14:50	1	NULL	0000-00-00 00:00:00	0	1	0	0	0	0	0	0	NULL	NO_REGISTERED_SESSION_SERVER_STOPPED
23567	Nathaniel	100	RNDBOT126	1	4	10	0	1787955271	2026-08-29 00:14:31	1	NULL	0000-00-00 00:00:00	0	1	0	0	0	0	0	0	NULL	NO_REGISTERED_SESSION_SERVER_STOPPED
23568	Lysandra	100	RNDBOT126	1	4	1	0	1787955283	2026-08-29 00:14:43	1	NULL	0000-00-00 00:00:00	0	1	0	0	0	0	0	0	NULL	NO_REGISTERED_SESSION_SERVER_STOPPED
23569	Xizeawor	100	RNDBOT126	1	4	8	0	1787955294	2026-08-29 00:14:54	1	NULL	0000-00-00 00:00:00	0	1	0	0	0	0	0	0	NULL	NO_REGISTERED_SESSION_SERVER_STOPPED
23570	Kudatre	100	RNDBOT126	1	1	2	0	1787955279	2026-08-29 00:14:39	1	NULL	0000-00-00 00:00:00	0	1	0	0	0	0	0	0	NULL	NO_REGISTERED_SESSION_SERVER_STOPPED
23571	Sehze	100	RNDBOT126	1	7	2	0	1787955294	2026-08-29 00:14:54	1	NULL	0000-00-00 00:00:00	0	1	0	0	0	0	0	0	NULL	NO_REGISTERED_SESSION_SERVER_STOPPED
23572	Goz	100	RNDBOT126	1	4	2	0	1787955276	2026-08-29 00:14:36	1	NULL	0000-00-00 00:00:00	0	1	0	0	0	0	0	0	NULL	NO_REGISTERED_SESSION_SERVER_STOPPED
23573	Galorian	437	RNDBOT127	1	3	10	0	1787955278	2026-08-29 00:14:38	1	NULL	0000-00-00 00:00:00	0	1	0	0	0	0	0	0	NULL	NO_REGISTERED_SESSION_SERVER_STOPPED
23574	Torgo	437	RNDBOT127	1	4	2	0	1787955298	2026-08-29 00:14:58	1	NULL	0000-00-00 00:00:00	0	1	0	0	0	0	0	0	NULL	NO_REGISTERED_SESSION_SERVER_STOPPED
23575	Julkan	437	RNDBOT127	1	4	8	0	1787955289	2026-08-29 00:14:49	1	NULL	0000-00-00 00:00:00	0	1	0	0	0	0	0	0	NULL	NO_REGISTERED_SESSION_SERVER_STOPPED
23576	Leano	437	RNDBOT127	1	4	9	0	1787955297	2026-08-29 00:14:57	1	NULL	0000-00-00 00:00:00	0	1	0	0	0	0	0	0	NULL	NO_REGISTERED_SESSION_SERVER_STOPPED
23577	Ahrumdogg	437	RNDBOT127	1	3	3	0	1787955271	2026-08-29 00:14:31	1	NULL	0000-00-00 00:00:00	0	1	0	0	0	0	0	0	NULL	NO_REGISTERED_SESSION_SERVER_STOPPED
23578	Barengar	437	RNDBOT127	1	8	5	0	1787955287	2026-08-29 00:14:47	1	NULL	0000-00-00 00:00:00	0	1	0	0	0	0	0	0	NULL	NO_REGISTERED_SESSION_SERVER_STOPPED
23579	Nileadon	437	RNDBOT127	1	11	4	0	1787955279	2026-08-29 00:14:39	1	NULL	0000-00-00 00:00:00	0	1	0	0	0	0	0	0	NULL	NO_REGISTERED_SESSION_SERVER_STOPPED
23580	Nelarlo	437	RNDBOT127	1	8	9	0	1787955284	2026-08-29 00:14:44	1	NULL	0000-00-00 00:00:00	0	1	0	0	0	0	0	0	NULL	NO_REGISTERED_SESSION_SERVER_STOPPED
23581	Barcelia	437	RNDBOT127	1	4	9	0	1787955273	2026-08-29 00:14:33	1	NULL	0000-00-00 00:00:00	0	1	0	0	0	0	0	0	NULL	NO_REGISTERED_SESSION_SERVER_STOPPED
23582	Sitzoz	101	RNDBOT128	1	3	2	0	1787955284	2026-08-29 00:14:44	1	NULL	0000-00-00 00:00:00	1	1	0	0	0	0	0	0	NULL	NO_REGISTERED_SESSION_SERVER_STOPPED
23583	Eleriana	101	RNDBOT128	1	8	9	0	1787955294	2026-08-29 00:14:54	1	NULL	0000-00-00 00:00:00	1	1	0	0	0	0	0	0	NULL	NO_REGISTERED_SESSION_SERVER_STOPPED
23584	Garrec	101	RNDBOT128	1	8	9	0	1787955282	2026-08-29 00:14:42	1	NULL	0000-00-00 00:00:00	1	1	0	0	0	0	0	0	NULL	NO_REGISTERED_SESSION_SERVER_STOPPED
23585	Lilipe	101	RNDBOT128	1	3	10	0	1787955292	2026-08-29 00:14:52	1	NULL	0000-00-00 00:00:00	1	1	0	0	0	0	0	0	NULL	NO_REGISTERED_SESSION_SERVER_STOPPED
23586	Ericon	101	RNDBOT128	1	3	1	0	1787955271	2026-08-29 00:14:31	1	NULL	0000-00-00 00:00:00	1	1	0	0	0	0	0	0	NULL	NO_REGISTERED_SESSION_SERVER_STOPPED
23587	Bonrico	101	RNDBOT128	1	1	9	0	1787955271	2026-08-29 00:14:31	1	NULL	0000-00-00 00:00:00	1	1	0	0	0	0	0	0	NULL	NO_REGISTERED_SESSION_SERVER_STOPPED
23588	Emenrico	101	RNDBOT128	1	3	10	0	1787955292	2026-08-29 00:14:52	1	NULL	0000-00-00 00:00:00	1	1	0	0	0	0	0	0	NULL	NO_REGISTERED_SESSION_SERVER_STOPPED
23589	Cheria	101	RNDBOT128	1	1	10	0	1787955274	2026-08-29 00:14:34	1	NULL	0000-00-00 00:00:00	1	1	0	0	0	0	0	0	NULL	NO_REGISTERED_SESSION_SERVER_STOPPED
23590	Heladona	101	RNDBOT128	1	1	10	0	1787955279	2026-08-29 00:14:39	1	NULL	0000-00-00 00:00:00	1	1	0	0	0	0	0	0	NULL	NO_REGISTERED_SESSION_SERVER_STOPPED
23591	Cammond	487	RNDBOT129	1	1	9	0	1787955274	2026-08-29 00:14:34	1	NULL	0000-00-00 00:00:00	0	1	0	0	0	0	0	0	NULL	NO_REGISTERED_SESSION_SERVER_STOPPED
23592	Ditleklek	487	RNDBOT129	1	1	7	0	1787955272	2026-08-29 00:14:32	1	NULL	0000-00-00 00:00:00	0	1	0	0	0	0	0	0	NULL	NO_REGISTERED_SESSION_SERVER_STOPPED
23593	Elineveria	487	RNDBOT129	1	1	10	0	1787955273	2026-08-29 00:14:33	1	NULL	0000-00-00 00:00:00	0	1	0	0	0	0	0	0	NULL	NO_REGISTERED_SESSION_SERVER_STOPPED
23594	Kedragias	487	RNDBOT129	1	2	3	0	1787955282	2026-08-29 00:14:42	1	NULL	0000-00-00 00:00:00	0	1	0	0	0	0	0	0	NULL	NO_REGISTERED_SESSION_SERVER_STOPPED
23595	Conald	487	RNDBOT129	1	3	10	0	1787955287	2026-08-29 00:14:47	1	NULL	0000-00-00 00:00:00	0	1	0	0	0	0	0	0	NULL	NO_REGISTERED_SESSION_SERVER_STOPPED
23596	Heranie	487	RNDBOT129	1	1	9	0	1787955280	2026-08-29 00:14:40	1	NULL	0000-00-00 00:00:00	0	1	0	0	0	0	0	0	NULL	NO_REGISTERED_SESSION_SERVER_STOPPED
23597	Clarianey	487	RNDBOT129	1	3	1	0	1787955295	2026-08-29 00:14:55	1	NULL	0000-00-00 00:00:00	0	1	0	0	0	0	0	0	NULL	NO_REGISTERED_SESSION_SERVER_STOPPED
23598	Telrela	487	RNDBOT129	1	11	4	0	1787955283	2026-08-29 00:14:43	1	NULL	0000-00-00 00:00:00	0	1	0	0	0	0	0	0	NULL	NO_REGISTERED_SESSION_SERVER_STOPPED
23599	Marlidan	487	RNDBOT129	1	11	4	0	1787955287	2026-08-29 00:14:47	1	NULL	0000-00-00 00:00:00	0	1	0	0	0	0	0	0	NULL	NO_REGISTERED_SESSION_SERVER_STOPPED
23600	Alateria	103	RNDBOT130	1	4	10	0	1787955298	2026-08-29 00:14:58	1	NULL	0000-00-00 00:00:00	0	1	0	0	0	0	0	0	NULL	NO_REGISTERED_SESSION_SERVER_STOPPED
23601	Moreango	103	RNDBOT130	1	3	10	0	1787955286	2026-08-29 00:14:46	1	NULL	0000-00-00 00:00:00	0	1	0	0	0	0	0	0	NULL	NO_REGISTERED_SESSION_SERVER_STOPPED
23602	Igoriano	103	RNDBOT130	1	9	9	0	1787955279	2026-08-29 00:14:39	1	NULL	0000-00-00 00:00:00	0	1	0	0	0	0	0	0	NULL	NO_REGISTERED_SESSION_SERVER_STOPPED
23603	Manalar	103	RNDBOT130	1	3	4	0	1787955298	2026-08-29 00:14:58	1	NULL	0000-00-00 00:00:00	0	1	0	0	0	0	0	0	NULL	NO_REGISTERED_SESSION_SERVER_STOPPED
23604	Emanu	103	RNDBOT130	1	8	1	0	1787955291	2026-08-29 00:14:51	1	NULL	0000-00-00 00:00:00	0	1	0	0	0	0	0	0	NULL	NO_REGISTERED_SESSION_SERVER_STOPPED
23605	James	103	RNDBOT130	1	4	5	0	1787955285	2026-08-29 00:14:45	1	NULL	0000-00-00 00:00:00	0	1	0	0	0	0	0	0	NULL	NO_REGISTERED_SESSION_SERVER_STOPPED
23606	Qiitomme	103	RNDBOT130	1	7	6	0	1787955275	2026-08-29 00:14:35	1	NULL	0000-00-00 00:00:00	0	1	0	0	0	0	0	0	NULL	NO_REGISTERED_SESSION_SERVER_STOPPED
23607	Esterani	103	RNDBOT130	1	8	9	0	1787955278	2026-08-29 00:14:38	1	NULL	0000-00-00 00:00:00	0	1	0	0	0	0	0	0	NULL	NO_REGISTERED_SESSION_SERVER_STOPPED
23608	Aispe	103	RNDBOT130	1	11	6	0	1787955289	2026-08-29 00:14:49	1	NULL	0000-00-00 00:00:00	0	1	0	0	0	0	0	0	NULL	NO_REGISTERED_SESSION_SERVER_STOPPED
23609	Iristine	371	RNDBOT131	1	5	1	0	1787955274	2026-08-29 00:14:34	1	NULL	0000-00-00 00:00:00	0	1	0	0	0	0	0	0	NULL	NO_REGISTERED_SESSION_SERVER_STOPPED
23610	Flandy	371	RNDBOT131	1	1	9	0	1787955276	2026-08-29 00:14:36	1	NULL	0000-00-00 00:00:00	0	1	0	0	0	0	0	0	NULL	NO_REGISTERED_SESSION_SERVER_STOPPED
23611	Landash	371	RNDBOT131	1	8	7	0	1787955281	2026-08-29 00:14:41	1	NULL	0000-00-00 00:00:00	0	1	0	0	0	0	0	0	NULL	NO_REGISTERED_SESSION_SERVER_STOPPED
23612	Tarany	371	RNDBOT131	1	1	1	0	1787955292	2026-08-29 00:14:52	1	NULL	0000-00-00 00:00:00	0	1	0	0	0	0	0	0	NULL	NO_REGISTERED_SESSION_SERVER_STOPPED
23613	Zoelsa	371	RNDBOT131	1	4	9	0	1787955298	2026-08-29 00:14:58	1	NULL	0000-00-00 00:00:00	0	1	0	0	0	0	0	0	NULL	NO_REGISTERED_SESSION_SERVER_STOPPED
23614	Sylvester	371	RNDBOT131	1	3	9	0	1787955281	2026-08-29 00:14:41	1	NULL	0000-00-00 00:00:00	0	1	0	0	0	0	0	0	NULL	NO_REGISTERED_SESSION_SERVER_STOPPED
23615	Stari	371	RNDBOT131	1	4	9	0	1787955273	2026-08-29 00:14:33	1	NULL	0000-00-00 00:00:00	0	1	0	0	0	0	0	0	NULL	NO_REGISTERED_SESSION_SERVER_STOPPED
23616	Kanlin	371	RNDBOT131	1	9	7	0	1787955272	2026-08-29 00:14:32	1	NULL	0000-00-00 00:00:00	0	1	0	0	0	0	0	0	NULL	NO_REGISTERED_SESSION_SERVER_STOPPED
23617	Ondil	371	RNDBOT131	1	1	3	0	1787955291	2026-08-29 00:14:51	1	NULL	0000-00-00 00:00:00	0	1	0	0	0	0	0	0	NULL	NO_REGISTERED_SESSION_SERVER_STOPPED
23618	Esercia	102	RNDBOT132	1	11	4	0	1787955291	2026-08-29 00:14:51	1	NULL	0000-00-00 00:00:00	0	1	0	0	0	0	0	0	NULL	NO_REGISTERED_SESSION_SERVER_STOPPED
23619	Jyndank	102	RNDBOT132	1	4	7	0	1787955272	2026-08-29 00:14:32	1	NULL	0000-00-00 00:00:00	0	1	0	0	0	0	0	0	NULL	NO_REGISTERED_SESSION_SERVER_STOPPED
23620	Aveliane	102	RNDBOT132	1	2	1	0	1787955283	2026-08-29 00:14:43	1	NULL	0000-00-00 00:00:00	0	1	0	0	0	0	0	0	NULL	NO_REGISTERED_SESSION_SERVER_STOPPED
23621	Rosalli	102	RNDBOT132	1	8	5	0	1787955292	2026-08-29 00:14:52	1	NULL	0000-00-00 00:00:00	0	1	0	0	0	0	0	0	NULL	NO_REGISTERED_SESSION_SERVER_STOPPED
23622	Hokkim	102	RNDBOT132	1	3	1	0	1787955295	2026-08-29 00:14:55	1	NULL	0000-00-00 00:00:00	0	1	0	0	0	0	0	0	NULL	NO_REGISTERED_SESSION_SERVER_STOPPED
23623	Jigorm	102	RNDBOT132	1	11	4	0	1787955286	2026-08-29 00:14:46	1	NULL	0000-00-00 00:00:00	0	1	0	0	0	0	0	0	NULL	NO_REGISTERED_SESSION_SERVER_STOPPED
23624	Elayla	102	RNDBOT132	1	9	9	0	1787955298	2026-08-29 00:14:58	1	NULL	0000-00-00 00:00:00	0	1	0	0	0	0	0	0	NULL	NO_REGISTERED_SESSION_SERVER_STOPPED
23625	Ivalenno	102	RNDBOT132	1	3	10	0	1787955281	2026-08-29 00:14:41	1	NULL	0000-00-00 00:00:00	0	1	0	0	0	0	0	0	NULL	NO_REGISTERED_SESSION_SERVER_STOPPED
23626	Charanok	102	RNDBOT132	1	2	10	0	1787955293	2026-08-29 00:14:53	1	NULL	0000-00-00 00:00:00	0	1	0	0	0	0	0	0	NULL	NO_REGISTERED_SESSION_SERVER_STOPPED
23627	Shaellas	372	RNDBOT133	1	3	4	0	1787955274	2026-08-29 00:14:34	1	NULL	0000-00-00 00:00:00	1	1	0	0	0	0	0	0	NULL	NO_REGISTERED_SESSION_SERVER_STOPPED
23628	Elinaria	372	RNDBOT133	1	5	5	0	1787955293	2026-08-29 00:14:53	1	NULL	0000-00-00 00:00:00	1	1	0	0	0	0	0	0	NULL	NO_REGISTERED_SESSION_SERVER_STOPPED
23629	Shaenia	372	RNDBOT133	1	3	4	0	1787955289	2026-08-29 00:14:49	1	NULL	0000-00-00 00:00:00	1	1	0	0	0	0	0	0	NULL	NO_REGISTERED_SESSION_SERVER_STOPPED
23630	Antantan	372	RNDBOT133	1	1	10	0	1787955289	2026-08-29 00:14:49	1	NULL	0000-00-00 00:00:00	1	1	0	0	0	0	0	0	NULL	NO_REGISTERED_SESSION_SERVER_STOPPED
23631	Oleander	372	RNDBOT133	1	8	10	0	1787955287	2026-08-29 00:14:47	1	NULL	0000-00-00 00:00:00	1	1	0	0	0	0	0	0	NULL	NO_REGISTERED_SESSION_SERVER_STOPPED
23632	Drerdendigs	372	RNDBOT133	1	3	3	0	1787955295	2026-08-29 00:14:55	1	NULL	0000-00-00 00:00:00	1	1	0	0	0	0	0	0	NULL	NO_REGISTERED_SESSION_SERVER_STOPPED
23633	Ulnados	372	RNDBOT133	1	11	4	0	1787955296	2026-08-29 00:14:56	1	NULL	0000-00-00 00:00:00	1	1	0	0	0	0	0	0	NULL	NO_REGISTERED_SESSION_SERVER_STOPPED
23634	Evelia	372	RNDBOT133	1	3	10	0	1787955274	2026-08-29 00:14:34	1	NULL	0000-00-00 00:00:00	1	1	0	0	0	0	0	0	NULL	NO_REGISTERED_SESSION_SERVER_STOPPED
23635	Borian	372	RNDBOT133	1	8	10	0	1787955274	2026-08-29 00:14:34	1	NULL	0000-00-00 00:00:00	1	1	0	0	0	0	0	0	NULL	NO_REGISTERED_SESSION_SERVER_STOPPED
23636	Omarald	105	RNDBOT134	1	1	9	0	1787955275	2026-08-29 00:14:35	1	NULL	0000-00-00 00:00:00	0	1	0	0	0	0	0	0	NULL	NO_REGISTERED_SESSION_SERVER_STOPPED
23637	Claine	105	RNDBOT134	1	5	1	0	1787955291	2026-08-29 00:14:51	1	NULL	0000-00-00 00:00:00	0	1	0	0	0	0	0	0	NULL	NO_REGISTERED_SESSION_SERVER_STOPPED
23638	Seleney	105	RNDBOT134	1	8	9	0	1787955285	2026-08-29 00:14:45	1	NULL	0000-00-00 00:00:00	0	1	0	0	0	0	0	0	NULL	NO_REGISTERED_SESSION_SERVER_STOPPED
23639	Jastra	105	RNDBOT134	1	5	10	0	1787955278	2026-08-29 00:14:38	1	NULL	0000-00-00 00:00:00	0	1	0	0	0	0	0	0	NULL	NO_REGISTERED_SESSION_SERVER_STOPPED
23640	Caranco	105	RNDBOT134	1	5	10	0	1787955281	2026-08-29 00:14:41	1	NULL	0000-00-00 00:00:00	0	1	0	0	0	0	0	0	NULL	NO_REGISTERED_SESSION_SERVER_STOPPED
23641	Cedarion	105	RNDBOT134	1	1	1	0	1787955291	2026-08-29 00:14:51	1	NULL	0000-00-00 00:00:00	0	1	0	0	0	0	0	0	NULL	NO_REGISTERED_SESSION_SERVER_STOPPED
23642	Boreno	105	RNDBOT134	1	8	10	0	1787955299	2026-08-29 00:14:59	1	NULL	0000-00-00 00:00:00	0	1	0	0	0	0	0	0	NULL	NO_REGISTERED_SESSION_SERVER_STOPPED
23643	Casperick	105	RNDBOT134	1	3	1	0	1787955299	2026-08-29 00:14:59	1	NULL	0000-00-00 00:00:00	0	1	0	0	0	0	0	0	NULL	NO_REGISTERED_SESSION_SERVER_STOPPED
23644	Blandelios	105	RNDBOT134	1	4	1	0	1787955272	2026-08-29 00:14:32	1	NULL	0000-00-00 00:00:00	0	1	0	0	0	0	0	0	NULL	NO_REGISTERED_SESSION_SERVER_STOPPED
23645	Brielania	373	RNDBOT135	1	1	10	0	1787955277	2026-08-29 00:14:37	1	NULL	0000-00-00 00:00:00	0	1	0	0	0	0	0	0	NULL	NO_REGISTERED_SESSION_SERVER_STOPPED
23646	Basilvetta	373	RNDBOT135	1	3	1	0	1787955282	2026-08-29 00:14:42	1	NULL	0000-00-00 00:00:00	0	1	0	0	0	0	0	0	NULL	NO_REGISTERED_SESSION_SERVER_STOPPED
23647	Clainette	373	RNDBOT135	1	4	5	0	1787955279	2026-08-29 00:14:39	1	NULL	0000-00-00 00:00:00	0	1	0	0	0	0	0	0	NULL	NO_REGISTERED_SESSION_SERVER_STOPPED
23648	Sourmenak	373	RNDBOT135	1	3	3	0	1787955295	2026-08-29 00:14:55	1	NULL	0000-00-00 00:00:00	0	1	0	0	0	0	0	0	NULL	NO_REGISTERED_SESSION_SERVER_STOPPED
23649	Hukpulu	373	RNDBOT135	1	1	6	0	1787955299	2026-08-29 00:14:59	1	NULL	0000-00-00 00:00:00	0	1	0	0	0	0	0	0	NULL	NO_REGISTERED_SESSION_SERVER_STOPPED
23650	Kuszer	373	RNDBOT135	1	7	2	0	1787955292	2026-08-29 00:14:52	1	NULL	0000-00-00 00:00:00	0	1	0	0	0	0	0	0	NULL	NO_REGISTERED_SESSION_SERVER_STOPPED
23651	Velani	373	RNDBOT135	1	9	1	0	1787955287	2026-08-29 00:14:47	1	NULL	0000-00-00 00:00:00	0	1	0	0	0	0	0	0	NULL	NO_REGISTERED_SESSION_SERVER_STOPPED
23652	Helineria	373	RNDBOT135	1	2	1	0	1787955282	2026-08-29 00:14:42	1	NULL	0000-00-00 00:00:00	0	1	0	0	0	0	0	0	NULL	NO_REGISTERED_SESSION_SERVER_STOPPED
23653	Corianora	373	RNDBOT135	1	3	1	0	1787955279	2026-08-29 00:14:39	1	NULL	0000-00-00 00:00:00	0	1	0	0	0	0	0	0	NULL	NO_REGISTERED_SESSION_SERVER_STOPPED
23654	Babelly	438	RNDBOT136	5	3	10	0	1788124475	2026-08-30 23:14:35	1	NULL	0000-00-00 00:00:00	1	1	0	0	0	1	0	1	17	NO_REGISTERED_SESSION_SERVER_STOPPED
23655	Lucito	438	RNDBOT136	5	2	1	0	1788124448	2026-08-30 23:14:08	1	NULL	0000-00-00 00:00:00	1	1	0	0	0	1	0	1	7	NO_REGISTERED_SESSION_SERVER_STOPPED
23656	Xandero	438	RNDBOT136	4	3	9	0	1788124436	2026-08-30 23:13:56	1	NULL	0000-00-00 00:00:00	1	1	0	0	0	1	0	0	NULL	NO_REGISTERED_SESSION_SERVER_STOPPED
23657	Clette	438	RNDBOT136	6	8	10	0	1788124441	2026-08-30 23:14:01	1	NULL	0000-00-00 00:00:00	1	1	0	0	0	1	0	0	NULL	NO_REGISTERED_SESSION_SERVER_STOPPED
23658	Clemenel	438	RNDBOT136	4	9	5	0	1788124475	2026-08-30 23:14:35	1	NULL	0000-00-00 00:00:00	1	1	0	0	0	1	0	0	NULL	NO_REGISTERED_SESSION_SERVER_STOPPED
23659	Ederini	438	RNDBOT136	5	9	1	0	1788124423	2026-08-30 23:13:43	1	NULL	0000-00-00 00:00:00	1	1	0	0	0	1	0	0	NULL	NO_REGISTERED_SESSION_SERVER_STOPPED
23660	Amkutzi	438	RNDBOT136	5	3	2	0	1788124443	2026-08-30 23:14:03	1	NULL	0000-00-00 00:00:00	1	1	0	0	0	1	0	1	8	NO_REGISTERED_SESSION_SERVER_STOPPED
23661	Talanko	438	RNDBOT136	5	3	9	0	1788124449	2026-08-30 23:14:09	1	NULL	0000-00-00 00:00:00	1	1	0	0	0	1	0	0	NULL	NO_REGISTERED_SESSION_SERVER_STOPPED
23662	Banodal	438	RNDBOT136	2	3	3	0	1788124440	2026-08-30 23:14:00	1	NULL	0000-00-00 00:00:00	1	1	0	0	0	1	0	0	NULL	NO_REGISTERED_SESSION_SERVER_STOPPED
23663	Clerim	106	RNDBOT137	1	9	1	0	1787955272	2026-08-29 00:14:32	1	NULL	0000-00-00 00:00:00	0	1	0	0	0	0	0	0	NULL	NO_REGISTERED_SESSION_SERVER_STOPPED
23664	Damorent	106	RNDBOT137	1	9	5	0	1787955295	2026-08-29 00:14:55	1	NULL	0000-00-00 00:00:00	0	1	0	0	0	0	0	0	NULL	NO_REGISTERED_SESSION_SERVER_STOPPED
23665	Sethun	106	RNDBOT137	1	1	7	0	1787955283	2026-08-29 00:14:43	1	NULL	0000-00-00 00:00:00	0	1	0	0	0	0	0	0	NULL	NO_REGISTERED_SESSION_SERVER_STOPPED
23666	Tuzienn	106	RNDBOT137	1	8	8	0	1787955271	2026-08-29 00:14:31	1	NULL	0000-00-00 00:00:00	0	1	0	0	0	0	0	0	NULL	NO_REGISTERED_SESSION_SERVER_STOPPED
23667	Lerie	106	RNDBOT137	1	8	9	0	1787955293	2026-08-29 00:14:53	1	NULL	0000-00-00 00:00:00	0	1	0	0	0	0	0	0	NULL	NO_REGISTERED_SESSION_SERVER_STOPPED
23668	Adrinon	106	RNDBOT137	1	2	10	0	1787955294	2026-08-29 00:14:54	1	NULL	0000-00-00 00:00:00	0	1	0	0	0	0	0	0	NULL	NO_REGISTERED_SESSION_SERVER_STOPPED
23669	Calavid	106	RNDBOT137	1	4	10	0	1787955283	2026-08-29 00:14:43	1	NULL	0000-00-00 00:00:00	0	1	0	0	0	0	0	0	NULL	NO_REGISTERED_SESSION_SERVER_STOPPED
23670	Hereneva	106	RNDBOT137	1	5	10	0	1787955299	2026-08-29 00:14:59	1	NULL	0000-00-00 00:00:00	0	1	0	0	0	0	0	0	NULL	NO_REGISTERED_SESSION_SERVER_STOPPED
23671	Ylnon	106	RNDBOT137	1	11	4	0	1787955283	2026-08-29 00:14:43	1	NULL	0000-00-00 00:00:00	0	1	0	0	0	0	0	0	NULL	NO_REGISTERED_SESSION_SERVER_STOPPED
23672	Hereney	107	RNDBOT138	1	5	5	0	1787955278	2026-08-29 00:14:38	1	NULL	0000-00-00 00:00:00	0	1	0	0	0	0	0	0	NULL	NO_REGISTERED_SESSION_SERVER_STOPPED
23673	Sellin	107	RNDBOT138	1	2	10	0	1787955280	2026-08-29 00:14:40	1	NULL	0000-00-00 00:00:00	0	1	0	0	0	0	0	0	NULL	NO_REGISTERED_SESSION_SERVER_STOPPED
23674	Radrus	107	RNDBOT138	1	11	4	0	1787955300	2026-08-29 00:15:00	1	NULL	0000-00-00 00:00:00	0	1	0	0	0	0	0	0	NULL	NO_REGISTERED_SESSION_SERVER_STOPPED
23675	Staven	107	RNDBOT138	1	4	10	0	1787955284	2026-08-29 00:14:44	1	NULL	0000-00-00 00:00:00	0	1	0	0	0	0	0	0	NULL	NO_REGISTERED_SESSION_SERVER_STOPPED
23676	Cillena	107	RNDBOT138	1	3	1	0	1787955280	2026-08-29 00:14:40	1	NULL	0000-00-00 00:00:00	0	1	0	0	0	0	0	0	NULL	NO_REGISTERED_SESSION_SERVER_STOPPED
23677	Dalosco	107	RNDBOT138	1	3	9	0	1787955296	2026-08-29 00:14:56	1	NULL	0000-00-00 00:00:00	0	1	0	0	0	0	0	0	NULL	NO_REGISTERED_SESSION_SERVER_STOPPED
23678	Sterico	107	RNDBOT138	1	4	5	0	1787955293	2026-08-29 00:14:53	1	NULL	0000-00-00 00:00:00	0	1	0	0	0	0	0	0	NULL	NO_REGISTERED_SESSION_SERVER_STOPPED
23679	Janto	107	RNDBOT138	1	2	1	0	1787955295	2026-08-29 00:14:55	1	NULL	0000-00-00 00:00:00	0	1	0	0	0	0	0	0	NULL	NO_REGISTERED_SESSION_SERVER_STOPPED
23680	Tuldus	107	RNDBOT138	1	2	3	0	1787955298	2026-08-29 00:14:58	1	NULL	0000-00-00 00:00:00	0	1	0	0	0	0	0	0	NULL	NO_REGISTERED_SESSION_SERVER_STOPPED
23681	Gianasta	471	RNDBOT139	1	9	9	0	1787955278	2026-08-29 00:14:38	1	NULL	0000-00-00 00:00:00	0	1	0	0	0	0	0	0	NULL	NO_REGISTERED_SESSION_SERVER_STOPPED
23682	Castania	471	RNDBOT139	1	3	9	0	1787955295	2026-08-29 00:14:55	1	NULL	0000-00-00 00:00:00	0	1	0	0	0	0	0	0	NULL	NO_REGISTERED_SESSION_SERVER_STOPPED
23683	Melanni	471	RNDBOT139	1	3	9	0	1787955290	2026-08-29 00:14:50	1	NULL	0000-00-00 00:00:00	0	1	0	0	0	0	0	0	NULL	NO_REGISTERED_SESSION_SERVER_STOPPED
23684	Alexandra	471	RNDBOT139	1	4	10	0	1787955284	2026-08-29 00:14:44	1	NULL	0000-00-00 00:00:00	0	1	0	0	0	0	0	0	NULL	NO_REGISTERED_SESSION_SERVER_STOPPED
23685	Presterick	471	RNDBOT139	1	1	10	0	1787955296	2026-08-29 00:14:56	1	NULL	0000-00-00 00:00:00	0	1	0	0	0	0	0	0	NULL	NO_REGISTERED_SESSION_SERVER_STOPPED
23686	Fellais	471	RNDBOT139	1	3	4	0	1787955295	2026-08-29 00:14:55	1	NULL	0000-00-00 00:00:00	0	1	0	0	0	0	0	0	NULL	NO_REGISTERED_SESSION_SERVER_STOPPED
23687	Andron	471	RNDBOT139	1	1	4	0	1787955279	2026-08-29 00:14:39	1	NULL	0000-00-00 00:00:00	0	1	0	0	0	0	0	0	NULL	NO_REGISTERED_SESSION_SERVER_STOPPED
23688	Britneva	471	RNDBOT139	1	3	9	0	1787955276	2026-08-29 00:14:36	1	NULL	0000-00-00 00:00:00	0	1	0	0	0	0	0	0	NULL	NO_REGISTERED_SESSION_SERVER_STOPPED
23689	Curm	471	RNDBOT139	1	4	2	0	1787955291	2026-08-29 00:14:51	1	NULL	0000-00-00 00:00:00	0	1	0	0	0	0	0	0	NULL	NO_REGISTERED_SESSION_SERVER_STOPPED
23690	Deonso	374	RNDBOT140	1	4	9	0	1787955282	2026-08-29 00:14:42	1	NULL	0000-00-00 00:00:00	0	1	0	0	0	0	0	0	NULL	NO_REGISTERED_SESSION_SERVER_STOPPED
23691	Janta	374	RNDBOT140	1	3	1	0	1787955287	2026-08-29 00:14:47	1	NULL	0000-00-00 00:00:00	0	1	0	0	0	0	0	0	NULL	NO_REGISTERED_SESSION_SERVER_STOPPED
23692	Brezgumzorn	374	RNDBOT140	1	3	2	0	1787955282	2026-08-29 00:14:42	1	NULL	0000-00-00 00:00:00	0	1	0	0	0	0	0	0	NULL	NO_REGISTERED_SESSION_SERVER_STOPPED
23693	Biene	374	RNDBOT140	1	3	4	0	1787955291	2026-08-29 00:14:51	1	NULL	0000-00-00 00:00:00	0	1	0	0	0	0	0	0	NULL	NO_REGISTERED_SESSION_SERVER_STOPPED
23694	Daldor	374	RNDBOT140	1	3	4	0	1787955278	2026-08-29 00:14:38	1	NULL	0000-00-00 00:00:00	0	1	0	0	0	0	0	0	NULL	NO_REGISTERED_SESSION_SERVER_STOPPED
23695	Amda	374	RNDBOT140	1	1	2	0	1787955294	2026-08-29 00:14:54	1	NULL	0000-00-00 00:00:00	0	1	0	0	0	0	0	0	NULL	NO_REGISTERED_SESSION_SERVER_STOPPED
23696	Moreando	374	RNDBOT140	1	4	9	0	1787955299	2026-08-29 00:14:59	1	NULL	0000-00-00 00:00:00	0	1	0	0	0	0	0	0	NULL	NO_REGISTERED_SESSION_SERVER_STOPPED
23697	Johdess	374	RNDBOT140	1	1	3	0	1787955294	2026-08-29 00:14:54	1	NULL	0000-00-00 00:00:00	0	1	0	0	0	0	0	0	NULL	NO_REGISTERED_SESSION_SERVER_STOPPED
23698	Althaan	374	RNDBOT140	1	11	4	0	1787955300	2026-08-29 00:15:00	1	NULL	0000-00-00 00:00:00	0	1	0	0	0	0	0	0	NULL	NO_REGISTERED_SESSION_SERVER_STOPPED
23699	Esteria	108	RNDBOT141	4	1	9	0	1788124419	2026-08-30 23:13:39	1	NULL	0000-00-00 00:00:00	1	1	0	0	0	0	0	1	14	NO_REGISTERED_SESSION_SERVER_STOPPED
23700	Zoelly	108	RNDBOT141	5	1	9	0	1788124427	2026-08-30 23:13:47	1	NULL	0000-00-00 00:00:00	1	1	0	0	0	1	0	1	10	NO_REGISTERED_SESSION_SERVER_STOPPED
23701	Elaedya	108	RNDBOT141	6	1	4	0	1788124431	2026-08-30 23:13:51	1	NULL	0000-00-00 00:00:00	1	1	0	0	0	1	0	1	12	NO_REGISTERED_SESSION_SERVER_STOPPED
23702	Velinetta	108	RNDBOT141	5	2	1	0	1788124425	2026-08-30 23:13:45	1	NULL	0000-00-00 00:00:00	1	1	0	0	0	0	0	0	NULL	NO_REGISTERED_SESSION_SERVER_STOPPED
23703	Ewaldor	108	RNDBOT141	5	4	9	0	1788124420	2026-08-30 23:13:40	1	NULL	0000-00-00 00:00:00	1	1	0	0	0	1	0	1	8	NO_REGISTERED_SESSION_SERVER_STOPPED
23704	Rolivan	108	RNDBOT141	5	8	10	0	1788124448	2026-08-30 23:14:08	1	NULL	0000-00-00 00:00:00	1	1	0	0	0	0	0	1	11	NO_REGISTERED_SESSION_SERVER_STOPPED
23705	Terenne	108	RNDBOT141	4	3	9	0	1788124466	2026-08-30 23:14:26	1	NULL	0000-00-00 00:00:00	1	1	0	0	0	1	0	1	9	NO_REGISTERED_SESSION_SERVER_STOPPED
23706	Breinleygi	108	RNDBOT141	6	2	3	0	1788124445	2026-08-30 23:14:05	1	NULL	0000-00-00 00:00:00	1	1	0	0	0	1	0	0	NULL	NO_REGISTERED_SESSION_SERVER_STOPPED
23707	Festor	108	RNDBOT141	5	5	10	0	1788124423	2026-08-30 23:13:43	1	NULL	0000-00-00 00:00:00	1	1	0	0	0	1	0	1	16	NO_REGISTERED_SESSION_SERVER_STOPPED
23708	Solani	439	RNDBOT142	1	3	9	0	1787955299	2026-08-29 00:14:59	1	NULL	0000-00-00 00:00:00	0	1	0	0	0	0	0	0	NULL	NO_REGISTERED_SESSION_SERVER_STOPPED
23709	Clenie	439	RNDBOT142	1	8	9	0	1787955288	2026-08-29 00:14:48	1	NULL	0000-00-00 00:00:00	0	1	0	0	0	0	0	0	NULL	NO_REGISTERED_SESSION_SERVER_STOPPED
23710	Ionata	439	RNDBOT142	1	2	1	0	1787955298	2026-08-29 00:14:58	1	NULL	0000-00-00 00:00:00	0	1	0	0	0	0	0	0	NULL	NO_REGISTERED_SESSION_SERVER_STOPPED
23711	Alond	439	RNDBOT142	1	4	10	0	1787955294	2026-08-29 00:14:54	1	NULL	0000-00-00 00:00:00	0	1	0	0	0	0	0	0	NULL	NO_REGISTERED_SESSION_SERVER_STOPPED
23712	Lucinaria	439	RNDBOT142	1	4	9	0	1787955277	2026-08-29 00:14:37	1	NULL	0000-00-00 00:00:00	0	1	0	0	0	0	0	0	NULL	NO_REGISTERED_SESSION_SERVER_STOPPED
23713	Galanda	439	RNDBOT142	1	8	9	0	1787955286	2026-08-29 00:14:46	1	NULL	0000-00-00 00:00:00	0	1	0	0	0	0	0	0	NULL	NO_REGISTERED_SESSION_SERVER_STOPPED
23714	Hamelian	439	RNDBOT142	1	3	10	0	1787955271	2026-08-29 00:14:31	1	NULL	0000-00-00 00:00:00	0	1	0	0	0	0	0	0	NULL	NO_REGISTERED_SESSION_SERVER_STOPPED
23715	Dandern	439	RNDBOT142	1	2	1	0	1787955273	2026-08-29 00:14:33	1	NULL	0000-00-00 00:00:00	0	1	0	0	0	0	0	0	NULL	NO_REGISTERED_SESSION_SERVER_STOPPED
23716	Oderini	439	RNDBOT142	1	8	10	0	1787955295	2026-08-29 00:14:55	1	NULL	0000-00-00 00:00:00	0	1	0	0	0	0	0	0	NULL	NO_REGISTERED_SESSION_SERVER_STOPPED
23717	Dumlesh	109	RNDBOT143	1	1	7	0	1787955290	2026-08-29 00:14:50	1	NULL	0000-00-00 00:00:00	0	1	0	0	0	0	0	0	NULL	NO_REGISTERED_SESSION_SERVER_STOPPED
23718	Glinklodis	109	RNDBOT143	1	8	7	0	1787955275	2026-08-29 00:14:35	1	NULL	0000-00-00 00:00:00	0	1	0	0	0	0	0	0	NULL	NO_REGISTERED_SESSION_SERVER_STOPPED
23719	Reriel	109	RNDBOT143	1	1	4	0	1787955283	2026-08-29 00:14:43	1	NULL	0000-00-00 00:00:00	0	1	0	0	0	0	0	0	NULL	NO_REGISTERED_SESSION_SERVER_STOPPED
23720	Gangarna	109	RNDBOT143	1	1	2	0	1787955293	2026-08-29 00:14:53	1	NULL	0000-00-00 00:00:00	0	1	0	0	0	0	0	0	NULL	NO_REGISTERED_SESSION_SERVER_STOPPED
23721	Olia	109	RNDBOT143	1	4	9	0	1787955296	2026-08-29 00:14:56	1	NULL	0000-00-00 00:00:00	0	1	0	0	0	0	0	0	NULL	NO_REGISTERED_SESSION_SERVER_STOPPED
23722	Delaney	109	RNDBOT143	1	3	10	0	1787955283	2026-08-29 00:14:43	1	NULL	0000-00-00 00:00:00	0	1	0	0	0	0	0	0	NULL	NO_REGISTERED_SESSION_SERVER_STOPPED
23723	Caleria	109	RNDBOT143	1	1	10	0	1787955294	2026-08-29 00:14:54	1	NULL	0000-00-00 00:00:00	0	1	0	0	0	0	0	0	NULL	NO_REGISTERED_SESSION_SERVER_STOPPED
23724	Galon	109	RNDBOT143	1	4	10	0	1787955291	2026-08-29 00:14:51	1	NULL	0000-00-00 00:00:00	0	1	0	0	0	0	0	0	NULL	NO_REGISTERED_SESSION_SERVER_STOPPED
23725	Melithras	109	RNDBOT143	1	4	4	0	1787955283	2026-08-29 00:14:43	1	NULL	0000-00-00 00:00:00	0	1	0	0	0	0	0	0	NULL	NO_REGISTERED_SESSION_SERVER_STOPPED
23726	Ferrian	375	RNDBOT144	1	8	10	0	1787955282	2026-08-29 00:14:42	1	NULL	0000-00-00 00:00:00	0	1	0	0	0	0	0	0	NULL	NO_REGISTERED_SESSION_SERVER_STOPPED
23727	Leto	375	RNDBOT144	1	3	3	0	1787955291	2026-08-29 00:14:51	1	NULL	0000-00-00 00:00:00	0	1	0	0	0	0	0	0	NULL	NO_REGISTERED_SESSION_SERVER_STOPPED
23728	Jefferson	375	RNDBOT144	1	2	10	0	1787955271	2026-08-29 00:14:31	1	NULL	0000-00-00 00:00:00	0	1	0	0	0	0	0	0	NULL	NO_REGISTERED_SESSION_SERVER_STOPPED
23729	Kianne	375	RNDBOT144	1	1	9	0	1787955295	2026-08-29 00:14:55	1	NULL	0000-00-00 00:00:00	0	1	0	0	0	0	0	0	NULL	NO_REGISTERED_SESSION_SERVER_STOPPED
23730	Julianora	375	RNDBOT144	1	2	10	0	1787955299	2026-08-29 00:14:59	1	NULL	0000-00-00 00:00:00	0	1	0	0	0	0	0	0	NULL	NO_REGISTERED_SESSION_SERVER_STOPPED
23731	Monu	375	RNDBOT144	1	4	2	0	1787955279	2026-08-29 00:14:39	1	NULL	0000-00-00 00:00:00	0	1	0	0	0	0	0	0	NULL	NO_REGISTERED_SESSION_SERVER_STOPPED
23732	Gwesha	375	RNDBOT144	1	3	3	0	1787955289	2026-08-29 00:14:49	1	NULL	0000-00-00 00:00:00	0	1	0	0	0	0	0	0	NULL	NO_REGISTERED_SESSION_SERVER_STOPPED
23733	Garohnand	375	RNDBOT144	1	3	3	0	1787955288	2026-08-29 00:14:48	1	NULL	0000-00-00 00:00:00	0	1	0	0	0	0	0	0	NULL	NO_REGISTERED_SESSION_SERVER_STOPPED
23734	Cremgurg	375	RNDBOT144	1	1	2	0	1787955291	2026-08-29 00:14:51	1	NULL	0000-00-00 00:00:00	0	1	0	0	0	0	0	0	NULL	NO_REGISTERED_SESSION_SERVER_STOPPED
23735	Pega	110	RNDBOT145	1	7	6	0	1787955273	2026-08-29 00:14:33	1	NULL	0000-00-00 00:00:00	0	1	0	0	0	0	0	0	NULL	NO_REGISTERED_SESSION_SERVER_STOPPED
23736	Atric	110	RNDBOT145	1	3	10	0	1787955293	2026-08-29 00:14:53	1	NULL	0000-00-00 00:00:00	0	1	0	0	0	0	0	0	NULL	NO_REGISTERED_SESSION_SERVER_STOPPED
23737	Morian	110	RNDBOT145	1	2	1	0	1787955286	2026-08-29 00:14:46	1	NULL	0000-00-00 00:00:00	0	1	0	0	0	0	0	0	NULL	NO_REGISTERED_SESSION_SERVER_STOPPED
23738	Belameta	110	RNDBOT145	1	1	10	0	1787955288	2026-08-29 00:14:48	1	NULL	0000-00-00 00:00:00	0	1	0	0	0	0	0	0	NULL	NO_REGISTERED_SESSION_SERVER_STOPPED
23739	Henata	110	RNDBOT145	1	2	1	0	1787955281	2026-08-29 00:14:41	1	NULL	0000-00-00 00:00:00	0	1	0	0	0	0	0	0	NULL	NO_REGISTERED_SESSION_SERVER_STOPPED
23740	Haldreas	110	RNDBOT145	1	11	4	0	1787955293	2026-08-29 00:14:53	1	NULL	0000-00-00 00:00:00	0	1	0	0	0	0	0	0	NULL	NO_REGISTERED_SESSION_SERVER_STOPPED
23741	Arinerva	110	RNDBOT145	1	5	10	0	1787955276	2026-08-29 00:14:36	1	NULL	0000-00-00 00:00:00	0	1	0	0	0	0	0	0	NULL	NO_REGISTERED_SESSION_SERVER_STOPPED
23742	Budorn	110	RNDBOT145	1	9	7	0	1787955294	2026-08-29 00:14:54	1	NULL	0000-00-00 00:00:00	0	1	0	0	0	0	0	0	NULL	NO_REGISTERED_SESSION_SERVER_STOPPED
23743	Eynra	110	RNDBOT145	1	4	4	0	1787955289	2026-08-29 00:14:49	1	NULL	0000-00-00 00:00:00	0	1	0	0	0	0	0	0	NULL	NO_REGISTERED_SESSION_SERVER_STOPPED
23744	Calantino	111	RNDBOT147	1	4	1	0	1787955289	2026-08-29 00:14:49	1	NULL	0000-00-00 00:00:00	1	1	0	0	0	0	0	0	NULL	NO_REGISTERED_SESSION_SERVER_STOPPED
23745	Khugam	111	RNDBOT147	1	3	3	0	1787955300	2026-08-29 00:15:00	1	NULL	0000-00-00 00:00:00	1	1	0	0	0	0	0	0	NULL	NO_REGISTERED_SESSION_SERVER_STOPPED
23746	Darison	111	RNDBOT147	1	2	1	0	1787955282	2026-08-29 00:14:42	1	NULL	0000-00-00 00:00:00	1	1	0	0	0	0	0	0	NULL	NO_REGISTERED_SESSION_SERVER_STOPPED
23747	Bennadak	111	RNDBOT147	1	5	10	0	1787955298	2026-08-29 00:14:58	1	NULL	0000-00-00 00:00:00	1	1	0	0	0	0	0	0	NULL	NO_REGISTERED_SESSION_SERVER_STOPPED
23748	Amele	111	RNDBOT147	1	4	9	0	1787955281	2026-08-29 00:14:41	1	NULL	0000-00-00 00:00:00	1	1	0	0	0	0	0	0	NULL	NO_REGISTERED_SESSION_SERVER_STOPPED
23749	Tanie	111	RNDBOT147	1	8	9	0	1787955275	2026-08-29 00:14:35	1	NULL	0000-00-00 00:00:00	1	1	0	0	0	0	0	0	NULL	NO_REGISTERED_SESSION_SERVER_STOPPED
23750	Ilene	111	RNDBOT147	1	1	10	0	1787955291	2026-08-29 00:14:51	1	NULL	0000-00-00 00:00:00	1	1	0	0	0	0	0	0	NULL	NO_REGISTERED_SESSION_SERVER_STOPPED
23751	Neriana	111	RNDBOT147	1	4	10	0	1787955294	2026-08-29 00:14:54	1	NULL	0000-00-00 00:00:00	1	1	0	0	0	0	0	0	NULL	NO_REGISTERED_SESSION_SERVER_STOPPED
23752	Dianta	111	RNDBOT147	1	5	10	0	1787955292	2026-08-29 00:14:52	1	NULL	0000-00-00 00:00:00	1	1	0	0	0	0	0	0	NULL	NO_REGISTERED_SESSION_SERVER_STOPPED
23753	Bhumarrak	376	RNDBOT148	1	3	3	0	1787955292	2026-08-29 00:14:52	1	NULL	0000-00-00 00:00:00	0	1	0	0	0	0	0	0	NULL	NO_REGISTERED_SESSION_SERVER_STOPPED
23754	Aveni	376	RNDBOT148	1	1	9	0	1787955281	2026-08-29 00:14:41	1	NULL	0000-00-00 00:00:00	0	1	0	0	0	0	0	0	NULL	NO_REGISTERED_SESSION_SERVER_STOPPED
23755	Vione	376	RNDBOT148	1	4	5	0	1787955289	2026-08-29 00:14:49	1	NULL	0000-00-00 00:00:00	0	1	0	0	0	0	0	0	NULL	NO_REGISTERED_SESSION_SERVER_STOPPED
23756	Clanus	376	RNDBOT148	1	5	10	0	1787955292	2026-08-29 00:14:52	1	NULL	0000-00-00 00:00:00	0	1	0	0	0	0	0	0	NULL	NO_REGISTERED_SESSION_SERVER_STOPPED
23757	Nytaeith	376	RNDBOT148	1	5	4	0	1787955271	2026-08-29 00:14:31	1	NULL	0000-00-00 00:00:00	0	1	0	0	0	0	0	0	NULL	NO_REGISTERED_SESSION_SERVER_STOPPED
23758	Kaido	376	RNDBOT148	1	9	9	0	1787955274	2026-08-29 00:14:34	1	NULL	0000-00-00 00:00:00	0	1	0	0	0	0	0	0	NULL	NO_REGISTERED_SESSION_SERVER_STOPPED
23759	Antinek	376	RNDBOT148	1	3	9	0	1787955282	2026-08-29 00:14:42	1	NULL	0000-00-00 00:00:00	0	1	0	0	0	0	0	0	NULL	NO_REGISTERED_SESSION_SERVER_STOPPED
23760	Pilnez	376	RNDBOT148	1	8	8	0	1787955298	2026-08-29 00:14:58	1	NULL	0000-00-00 00:00:00	0	1	0	0	0	0	0	0	NULL	NO_REGISTERED_SESSION_SERVER_STOPPED
23761	Gaegorn	376	RNDBOT148	1	3	4	0	1787955292	2026-08-29 00:14:52	1	NULL	0000-00-00 00:00:00	0	1	0	0	0	0	0	0	NULL	NO_REGISTERED_SESSION_SERVER_STOPPED
23762	Ruhlorg	112	RNDBOT149	1	3	2	0	1787955271	2026-08-29 00:14:31	1	NULL	0000-00-00 00:00:00	0	1	0	0	0	0	0	0	NULL	NO_REGISTERED_SESSION_SERVER_STOPPED
23763	Taloric	112	RNDBOT149	1	4	10	0	1787955296	2026-08-29 00:14:56	1	NULL	0000-00-00 00:00:00	0	1	0	0	0	0	0	0	NULL	NO_REGISTERED_SESSION_SERVER_STOPPED
23764	Deladonica	112	RNDBOT149	1	4	9	0	1787955274	2026-08-29 00:14:34	1	NULL	0000-00-00 00:00:00	0	1	0	0	0	0	0	0	NULL	NO_REGISTERED_SESSION_SERVER_STOPPED
23765	Barrett	112	RNDBOT149	1	3	9	0	1787955282	2026-08-29 00:14:42	1	NULL	0000-00-00 00:00:00	0	1	0	0	0	0	0	0	NULL	NO_REGISTERED_SESSION_SERVER_STOPPED
23766	Rinerine	112	RNDBOT149	1	9	5	0	1787955281	2026-08-29 00:14:41	1	NULL	0000-00-00 00:00:00	0	1	0	0	0	0	0	0	NULL	NO_REGISTERED_SESSION_SERVER_STOPPED
23767	Felinerine	112	RNDBOT149	1	3	9	0	1787955280	2026-08-29 00:14:40	1	NULL	0000-00-00 00:00:00	0	1	0	0	0	0	0	0	NULL	NO_REGISTERED_SESSION_SERVER_STOPPED
23768	Ykohr	112	RNDBOT149	1	1	3	0	1787955295	2026-08-29 00:14:55	1	NULL	0000-00-00 00:00:00	0	1	0	0	0	0	0	0	NULL	NO_REGISTERED_SESSION_SERVER_STOPPED
23769	Gustor	112	RNDBOT149	1	2	10	0	1787955273	2026-08-29 00:14:33	1	NULL	0000-00-00 00:00:00	0	1	0	0	0	0	0	0	NULL	NO_REGISTERED_SESSION_SERVER_STOPPED
23770	Hiezda	112	RNDBOT149	1	4	8	0	1787955281	2026-08-29 00:14:41	1	NULL	0000-00-00 00:00:00	0	1	0	0	0	0	0	0	NULL	NO_REGISTERED_SESSION_SERVER_STOPPED
23771	Ikoch	440	RNDBOT150	1	1	2	0	1787955299	2026-08-29 00:14:59	1	NULL	0000-00-00 00:00:00	0	1	0	0	0	0	0	0	NULL	NO_REGISTERED_SESSION_SERVER_STOPPED
23772	Larinette	440	RNDBOT150	1	1	10	0	1787955278	2026-08-29 00:14:38	1	NULL	0000-00-00 00:00:00	0	1	0	0	0	0	0	0	NULL	NO_REGISTERED_SESSION_SERVER_STOPPED
23773	Limli	440	RNDBOT150	1	9	7	0	1787955290	2026-08-29 00:14:50	1	NULL	0000-00-00 00:00:00	0	1	0	0	0	0	0	0	NULL	NO_REGISTERED_SESSION_SERVER_STOPPED
23774	Oswalon	440	RNDBOT150	1	2	10	0	1787955278	2026-08-29 00:14:38	1	NULL	0000-00-00 00:00:00	0	1	0	0	0	0	0	0	NULL	NO_REGISTERED_SESSION_SERVER_STOPPED
23775	Barani	440	RNDBOT150	1	5	1	0	1787955289	2026-08-29 00:14:49	1	NULL	0000-00-00 00:00:00	0	1	0	0	0	0	0	0	NULL	NO_REGISTERED_SESSION_SERVER_STOPPED
23776	Hylaei	440	RNDBOT150	1	4	4	0	1787955291	2026-08-29 00:14:51	1	NULL	0000-00-00 00:00:00	0	1	0	0	0	0	0	0	NULL	NO_REGISTERED_SESSION_SERVER_STOPPED
23777	Erodren	440	RNDBOT150	1	4	4	0	1787955291	2026-08-29 00:14:51	1	NULL	0000-00-00 00:00:00	0	1	0	0	0	0	0	0	NULL	NO_REGISTERED_SESSION_SERVER_STOPPED
23778	Mimti	440	RNDBOT150	1	7	6	0	1787955300	2026-08-29 00:15:00	1	NULL	0000-00-00 00:00:00	0	1	0	0	0	0	0	0	NULL	NO_REGISTERED_SESSION_SERVER_STOPPED
23779	Sevin	440	RNDBOT150	1	1	10	0	1787955273	2026-08-29 00:14:33	1	NULL	0000-00-00 00:00:00	0	1	0	0	0	0	0	0	NULL	NO_REGISTERED_SESSION_SERVER_STOPPED
23780	Aldrico	113	RNDBOT151	1	5	10	0	1787955274	2026-08-29 00:14:34	1	NULL	0000-00-00 00:00:00	0	1	0	0	0	0	0	0	NULL	NO_REGISTERED_SESSION_SERVER_STOPPED
23781	Darinia	113	RNDBOT151	1	3	10	0	1787955281	2026-08-29 00:14:41	1	NULL	0000-00-00 00:00:00	0	1	0	0	0	0	0	0	NULL	NO_REGISTERED_SESSION_SERVER_STOPPED
23782	Hedrurnom	113	RNDBOT151	1	1	3	0	1787955283	2026-08-29 00:14:43	1	NULL	0000-00-00 00:00:00	0	1	0	0	0	0	0	0	NULL	NO_REGISTERED_SESSION_SERVER_STOPPED
23783	Sichoa	113	RNDBOT151	1	11	6	0	1787955283	2026-08-29 00:14:43	1	NULL	0000-00-00 00:00:00	0	1	0	0	0	0	0	0	NULL	NO_REGISTERED_SESSION_SERVER_STOPPED
23784	Vorazo	113	RNDBOT151	1	4	8	0	1787955295	2026-08-29 00:14:55	1	NULL	0000-00-00 00:00:00	0	1	0	0	0	0	0	0	NULL	NO_REGISTERED_SESSION_SERVER_STOPPED
23785	Thulfam	113	RNDBOT151	1	3	3	0	1787955280	2026-08-29 00:14:40	1	NULL	0000-00-00 00:00:00	0	1	0	0	0	0	0	0	NULL	NO_REGISTERED_SESSION_SERVER_STOPPED
23786	Mordanor	113	RNDBOT151	1	2	1	0	1787955271	2026-08-29 00:14:31	1	NULL	0000-00-00 00:00:00	0	1	0	0	0	0	0	0	NULL	NO_REGISTERED_SESSION_SERVER_STOPPED
23787	Nheryn	113	RNDBOT151	1	5	4	0	1787955283	2026-08-29 00:14:43	1	NULL	0000-00-00 00:00:00	0	1	0	0	0	0	0	0	NULL	NO_REGISTERED_SESSION_SERVER_STOPPED
23788	Blastin	113	RNDBOT151	1	2	10	0	1787955274	2026-08-29 00:14:34	1	NULL	0000-00-00 00:00:00	0	1	0	0	0	0	0	0	NULL	NO_REGISTERED_SESSION_SERVER_STOPPED
23789	Alu	377	RNDBOT152	1	3	3	0	1787955272	2026-08-29 00:14:32	1	NULL	0000-00-00 00:00:00	0	1	0	0	0	0	0	0	NULL	NO_REGISTERED_SESSION_SERVER_STOPPED
23790	Faraldrico	377	RNDBOT152	1	2	1	0	1787955293	2026-08-29 00:14:53	1	NULL	0000-00-00 00:00:00	0	1	0	0	0	0	0	0	NULL	NO_REGISTERED_SESSION_SERVER_STOPPED
23791	Gnibekis	377	RNDBOT152	1	8	7	0	1787955294	2026-08-29 00:14:54	1	NULL	0000-00-00 00:00:00	0	1	0	0	0	0	0	0	NULL	NO_REGISTERED_SESSION_SERVER_STOPPED
23792	Caraik	377	RNDBOT152	1	1	9	0	1787955291	2026-08-29 00:14:51	1	NULL	0000-00-00 00:00:00	0	1	0	0	0	0	0	0	NULL	NO_REGISTERED_SESSION_SERVER_STOPPED
23793	Rama	377	RNDBOT152	1	3	9	0	1787955284	2026-08-29 00:14:44	1	NULL	0000-00-00 00:00:00	0	1	0	0	0	0	0	0	NULL	NO_REGISTERED_SESSION_SERVER_STOPPED
23794	Elianus	377	RNDBOT152	1	2	10	0	1787955283	2026-08-29 00:14:43	1	NULL	0000-00-00 00:00:00	0	1	0	0	0	0	0	0	NULL	NO_REGISTERED_SESSION_SERVER_STOPPED
23795	Percival	377	RNDBOT152	1	4	10	0	1787955287	2026-08-29 00:14:47	1	NULL	0000-00-00 00:00:00	0	1	0	0	0	0	0	0	NULL	NO_REGISTERED_SESSION_SERVER_STOPPED
23796	Dominian	377	RNDBOT152	1	9	9	0	1787955293	2026-08-29 00:14:53	1	NULL	0000-00-00 00:00:00	0	1	0	0	0	0	0	0	NULL	NO_REGISTERED_SESSION_SERVER_STOPPED
23797	Oswarin	377	RNDBOT152	1	2	10	0	1787955282	2026-08-29 00:14:42	1	NULL	0000-00-00 00:00:00	0	1	0	0	0	0	0	0	NULL	NO_REGISTERED_SESSION_SERVER_STOPPED
23798	Perrett	472	RNDBOT153	1	5	10	0	1787955274	2026-08-29 00:14:34	1	NULL	0000-00-00 00:00:00	0	1	0	0	0	0	0	0	NULL	NO_REGISTERED_SESSION_SERVER_STOPPED
23799	Samaranie	472	RNDBOT153	1	4	10	0	1787955276	2026-08-29 00:14:36	1	NULL	0000-00-00 00:00:00	0	1	0	0	0	0	0	0	NULL	NO_REGISTERED_SESSION_SERVER_STOPPED
23800	Mythas	472	RNDBOT153	1	5	4	0	1787955277	2026-08-29 00:14:37	1	NULL	0000-00-00 00:00:00	0	1	0	0	0	0	0	0	NULL	NO_REGISTERED_SESSION_SERVER_STOPPED
23801	Kinnira	472	RNDBOT153	1	11	4	0	1787955291	2026-08-29 00:14:51	1	NULL	0000-00-00 00:00:00	0	1	0	0	0	0	0	0	NULL	NO_REGISTERED_SESSION_SERVER_STOPPED
23802	Edelene	472	RNDBOT153	1	3	9	0	1787955292	2026-08-29 00:14:52	1	NULL	0000-00-00 00:00:00	0	1	0	0	0	0	0	0	NULL	NO_REGISTERED_SESSION_SERVER_STOPPED
23803	Hamian	472	RNDBOT153	1	8	1	0	1787955300	2026-08-29 00:15:00	1	NULL	0000-00-00 00:00:00	0	1	0	0	0	0	0	0	NULL	NO_REGISTERED_SESSION_SERVER_STOPPED
23804	Charlest	472	RNDBOT153	1	2	10	0	1787955278	2026-08-29 00:14:38	1	NULL	0000-00-00 00:00:00	0	1	0	0	0	0	0	0	NULL	NO_REGISTERED_SESSION_SERVER_STOPPED
23805	Dugi	472	RNDBOT153	1	1	2	0	1787955295	2026-08-29 00:14:55	1	NULL	0000-00-00 00:00:00	0	1	0	0	0	0	0	0	NULL	NO_REGISTERED_SESSION_SERVER_STOPPED
23806	Karania	472	RNDBOT153	1	3	1	0	1787955275	2026-08-29 00:14:35	1	NULL	0000-00-00 00:00:00	0	1	0	0	0	0	0	0	NULL	NO_REGISTERED_SESSION_SERVER_STOPPED
23807	Aristal	114	RNDBOT154	1	3	10	0	1787955283	2026-08-29 00:14:43	1	NULL	0000-00-00 00:00:00	1	1	0	0	0	0	0	0	NULL	NO_REGISTERED_SESSION_SERVER_STOPPED
23808	Orkidags	114	RNDBOT154	1	1	3	0	1787955272	2026-08-29 00:14:32	1	NULL	0000-00-00 00:00:00	1	1	0	0	0	0	0	0	NULL	NO_REGISTERED_SESSION_SERVER_STOPPED
23809	Owenno	114	RNDBOT154	1	8	10	0	1787955292	2026-08-29 00:14:52	1	NULL	0000-00-00 00:00:00	1	1	0	0	0	0	0	0	NULL	NO_REGISTERED_SESSION_SERVER_STOPPED
23810	Natarea	114	RNDBOT154	1	2	1	0	1787955276	2026-08-29 00:14:36	1	NULL	0000-00-00 00:00:00	1	1	0	0	0	0	0	0	NULL	NO_REGISTERED_SESSION_SERVER_STOPPED
23811	Alanaes	114	RNDBOT154	1	3	4	0	1787955277	2026-08-29 00:14:37	1	NULL	0000-00-00 00:00:00	1	1	0	0	0	0	0	0	NULL	NO_REGISTERED_SESSION_SERVER_STOPPED
23812	Gnubloslosh	114	RNDBOT154	1	8	7	0	1787955285	2026-08-29 00:14:45	1	NULL	0000-00-00 00:00:00	1	1	0	0	0	0	0	0	NULL	NO_REGISTERED_SESSION_SERVER_STOPPED
23813	Eryl	114	RNDBOT154	1	8	5	0	1787955281	2026-08-29 00:14:41	1	NULL	0000-00-00 00:00:00	1	1	0	0	0	0	0	0	NULL	NO_REGISTERED_SESSION_SERVER_STOPPED
23814	Liames	114	RNDBOT154	1	4	9	0	1787955297	2026-08-29 00:14:57	1	NULL	0000-00-00 00:00:00	1	1	0	0	0	0	0	0	NULL	NO_REGISTERED_SESSION_SERVER_STOPPED
23815	Calmas	114	RNDBOT154	1	1	9	0	1787955278	2026-08-29 00:14:38	1	NULL	0000-00-00 00:00:00	1	1	0	0	0	0	0	0	NULL	NO_REGISTERED_SESSION_SERVER_STOPPED
23816	Borton	115	RNDBOT155	7	8	10	0	1787965724	2026-08-29 03:08:44	1	NULL	0000-00-00 00:00:00	1	1	0	0	0	0	0	0	NULL	NO_REGISTERED_SESSION_SERVER_STOPPED
23817	Berano	115	RNDBOT155	8	5	5	0	1788124432	2026-08-30 23:13:52	1	NULL	0000-00-00 00:00:00	1	1	0	0	0	0	0	0	NULL	NO_REGISTERED_SESSION_SERVER_STOPPED
23818	Agala	115	RNDBOT155	6	3	10	0	1787965724	2026-08-29 03:08:44	1	NULL	0000-00-00 00:00:00	1	1	0	0	0	0	0	0	NULL	NO_REGISTERED_SESSION_SERVER_STOPPED
23819	Backac	115	RNDBOT155	7	9	7	0	1787965724	2026-08-29 03:08:44	1	NULL	0000-00-00 00:00:00	1	1	0	0	0	0	0	0	NULL	NO_REGISTERED_SESSION_SERVER_STOPPED
23820	Iniann	115	RNDBOT155	7	2	3	0	1787965724	2026-08-29 03:08:44	1	NULL	0000-00-00 00:00:00	1	1	0	0	0	0	0	0	NULL	NO_REGISTERED_SESSION_SERVER_STOPPED
23821	Similian	115	RNDBOT155	6	3	9	0	1788023470	2026-08-29 19:11:10	1	NULL	0000-00-00 00:00:00	1	1	0	0	0	0	0	0	NULL	NO_REGISTERED_SESSION_SERVER_STOPPED
23822	Bhendag	115	RNDBOT155	6	3	3	0	1788027380	2026-08-29 20:16:20	1	NULL	0000-00-00 00:00:00	1	1	0	0	0	0	0	0	NULL	NO_REGISTERED_SESSION_SERVER_STOPPED
23823	Daristo	115	RNDBOT155	1	5	10	0	1788124453	2026-08-30 23:14:13	1	NULL	0000-00-00 00:00:00	1	1	0	0	0	1	0	0	NULL	NO_REGISTERED_SESSION_SERVER_STOPPED
23824	Appolora	115	RNDBOT155	6	3	9	0	1788038073	2026-08-29 23:14:33	1	NULL	0000-00-00 00:00:00	1	1	0	0	0	0	0	0	NULL	NO_REGISTERED_SESSION_SERVER_STOPPED
23825	Iltsu	378	RNDBOT156	1	8	8	0	1787955299	2026-08-29 00:14:59	1	NULL	0000-00-00 00:00:00	0	1	0	0	0	0	0	0	NULL	NO_REGISTERED_SESSION_SERVER_STOPPED
23826	Javos	378	RNDBOT156	1	9	5	0	1787955278	2026-08-29 00:14:38	1	NULL	0000-00-00 00:00:00	0	1	0	0	0	0	0	0	NULL	NO_REGISTERED_SESSION_SERVER_STOPPED
23827	Elazar	378	RNDBOT156	1	2	1	0	1787955277	2026-08-29 00:14:37	1	NULL	0000-00-00 00:00:00	0	1	0	0	0	0	0	0	NULL	NO_REGISTERED_SESSION_SERVER_STOPPED
23828	Berentino	378	RNDBOT156	1	9	5	0	1787955295	2026-08-29 00:14:55	1	NULL	0000-00-00 00:00:00	0	1	0	0	0	0	0	0	NULL	NO_REGISTERED_SESSION_SERVER_STOPPED
23829	Nojmu	378	RNDBOT156	1	4	8	0	1787955292	2026-08-29 00:14:52	1	NULL	0000-00-00 00:00:00	0	1	0	0	0	0	0	0	NULL	NO_REGISTERED_SESSION_SERVER_STOPPED
23830	Irence	378	RNDBOT156	1	4	10	0	1787955286	2026-08-29 00:14:46	1	NULL	0000-00-00 00:00:00	0	1	0	0	0	0	0	0	NULL	NO_REGISTERED_SESSION_SERVER_STOPPED
23831	Khushi	378	RNDBOT156	1	3	8	0	1787955277	2026-08-29 00:14:37	1	NULL	0000-00-00 00:00:00	0	1	0	0	0	0	0	0	NULL	NO_REGISTERED_SESSION_SERVER_STOPPED
23832	Galenic	378	RNDBOT156	1	4	9	0	1787955283	2026-08-29 00:14:43	1	NULL	0000-00-00 00:00:00	0	1	0	0	0	0	0	0	NULL	NO_REGISTERED_SESSION_SERVER_STOPPED
23833	Dehlzarm	378	RNDBOT156	1	3	2	0	1787955283	2026-08-29 00:14:43	1	NULL	0000-00-00 00:00:00	0	1	0	0	0	0	0	0	NULL	NO_REGISTERED_SESSION_SERVER_STOPPED
23834	Checa	116	RNDBOT157	1	2	10	0	1787955288	2026-08-29 00:14:48	1	NULL	0000-00-00 00:00:00	0	1	0	0	0	0	0	0	NULL	NO_REGISTERED_SESSION_SERVER_STOPPED
23835	Baderio	116	RNDBOT157	1	3	9	0	1787955299	2026-08-29 00:14:59	1	NULL	0000-00-00 00:00:00	0	1	0	0	0	0	0	0	NULL	NO_REGISTERED_SESSION_SERVER_STOPPED
23836	Micaran	116	RNDBOT157	1	9	9	0	1787955282	2026-08-29 00:14:42	1	NULL	0000-00-00 00:00:00	0	1	0	0	0	0	0	0	NULL	NO_REGISTERED_SESSION_SERVER_STOPPED
23837	Jaeyenda	116	RNDBOT157	1	1	4	0	1787955274	2026-08-29 00:14:34	1	NULL	0000-00-00 00:00:00	0	1	0	0	0	0	0	0	NULL	NO_REGISTERED_SESSION_SERVER_STOPPED
23838	Kirka	116	RNDBOT157	1	1	6	0	1787955282	2026-08-29 00:14:42	1	NULL	0000-00-00 00:00:00	0	1	0	0	0	0	0	0	NULL	NO_REGISTERED_SESSION_SERVER_STOPPED
23839	Zaley	116	RNDBOT157	1	2	10	0	1787955277	2026-08-29 00:14:37	1	NULL	0000-00-00 00:00:00	0	1	0	0	0	0	0	0	NULL	NO_REGISTERED_SESSION_SERVER_STOPPED
23840	Periana	116	RNDBOT157	1	3	10	0	1787955290	2026-08-29 00:14:50	1	NULL	0000-00-00 00:00:00	0	1	0	0	0	0	0	0	NULL	NO_REGISTERED_SESSION_SERVER_STOPPED
23841	Babette	116	RNDBOT157	1	3	9	0	1787955275	2026-08-29 00:14:35	1	NULL	0000-00-00 00:00:00	0	1	0	0	0	0	0	0	NULL	NO_REGISTERED_SESSION_SERVER_STOPPED
23842	Ered	116	RNDBOT157	1	3	9	0	1787955296	2026-08-29 00:14:56	1	NULL	0000-00-00 00:00:00	0	1	0	0	0	0	0	0	NULL	NO_REGISTERED_SESSION_SERVER_STOPPED
23843	Kaelo	441	RNDBOT158	1	4	9	0	1787955292	2026-08-29 00:14:52	1	NULL	0000-00-00 00:00:00	0	1	0	0	0	0	0	0	NULL	NO_REGISTERED_SESSION_SERVER_STOPPED
23844	Balian	441	RNDBOT158	1	3	4	0	1787955293	2026-08-29 00:14:53	1	NULL	0000-00-00 00:00:00	0	1	0	0	0	0	0	0	NULL	NO_REGISTERED_SESSION_SERVER_STOPPED
23845	Blanik	441	RNDBOT158	1	2	1	0	1787955281	2026-08-29 00:14:41	1	NULL	0000-00-00 00:00:00	0	1	0	0	0	0	0	0	NULL	NO_REGISTERED_SESSION_SERVER_STOPPED
23846	Bastor	441	RNDBOT158	1	1	10	0	1787955274	2026-08-29 00:14:34	1	NULL	0000-00-00 00:00:00	0	1	0	0	0	0	0	0	NULL	NO_REGISTERED_SESSION_SERVER_STOPPED
23847	Evelineve	441	RNDBOT158	1	8	5	0	1787955293	2026-08-29 00:14:53	1	NULL	0000-00-00 00:00:00	0	1	0	0	0	0	0	0	NULL	NO_REGISTERED_SESSION_SERVER_STOPPED
23848	Ronari	441	RNDBOT158	1	4	10	0	1787955298	2026-08-29 00:14:58	1	NULL	0000-00-00 00:00:00	0	1	0	0	0	0	0	0	NULL	NO_REGISTERED_SESSION_SERVER_STOPPED
23849	Marcer	441	RNDBOT158	1	2	1	0	1787955273	2026-08-29 00:14:33	1	NULL	0000-00-00 00:00:00	0	1	0	0	0	0	0	0	NULL	NO_REGISTERED_SESSION_SERVER_STOPPED
23850	Folcas	441	RNDBOT158	1	8	9	0	1787955279	2026-08-29 00:14:39	1	NULL	0000-00-00 00:00:00	0	1	0	0	0	0	0	0	NULL	NO_REGISTERED_SESSION_SERVER_STOPPED
23851	Ellarion	441	RNDBOT158	1	4	5	0	1787955288	2026-08-29 00:14:48	1	NULL	0000-00-00 00:00:00	0	1	0	0	0	0	0	0	NULL	NO_REGISTERED_SESSION_SERVER_STOPPED
23852	Tirkeso	379	RNDBOT159	6	3	2	0	1788124465	2026-08-30 23:14:25	1	NULL	0000-00-00 00:00:00	1	1	0	0	0	1	0	1	9	NO_REGISTERED_SESSION_SERVER_STOPPED
23853	Crofokton	379	RNDBOT159	1	3	2	0	1787955289	2026-08-29 00:14:49	1	NULL	0000-00-00 00:00:00	1	1	0	0	0	0	0	0	NULL	NO_REGISTERED_SESSION_SERVER_STOPPED
23854	Oneli	379	RNDBOT159	6	1	9	0	1788124466	2026-08-30 23:14:26	1	NULL	0000-00-00 00:00:00	1	1	0	0	0	1	0	0	NULL	NO_REGISTERED_SESSION_SERVER_STOPPED
23855	Lorego	379	RNDBOT159	2	2	10	0	1788124428	2026-08-30 23:13:48	1	NULL	0000-00-00 00:00:00	1	1	0	0	0	1	0	0	NULL	NO_REGISTERED_SESSION_SERVER_STOPPED
23856	Briette	379	RNDBOT159	1	1	9	0	1787955276	2026-08-29 00:14:36	1	NULL	0000-00-00 00:00:00	1	1	0	0	0	0	0	0	NULL	NO_REGISTERED_SESSION_SERVER_STOPPED
23857	Micharo	379	RNDBOT159	2	2	10	0	1788124428	2026-08-30 23:13:48	1	NULL	0000-00-00 00:00:00	1	1	0	0	0	1	0	0	NULL	NO_REGISTERED_SESSION_SERVER_STOPPED
23858	Aesse	379	RNDBOT159	6	2	3	0	1788044139	2026-08-30 00:55:39	1	NULL	0000-00-00 00:00:00	1	1	0	0	0	0	0	0	NULL	NO_REGISTERED_SESSION_SERVER_STOPPED
23859	Estoriano	379	RNDBOT159	6	9	9	0	1788124428	2026-08-30 23:13:48	1	NULL	0000-00-00 00:00:00	1	1	0	0	0	1	0	1	10	NO_REGISTERED_SESSION_SERVER_STOPPED
23860	Herlock	379	RNDBOT159	1	2	10	0	1787955289	2026-08-29 00:14:49	1	NULL	0000-00-00 00:00:00	1	1	0	0	0	0	0	0	NULL	NO_REGISTERED_SESSION_SERVER_STOPPED
23861	Caleri	118	RNDBOT160	1	8	9	0	1787955272	2026-08-29 00:14:32	1	NULL	0000-00-00 00:00:00	0	1	0	0	0	0	0	0	NULL	NO_REGISTERED_SESSION_SERVER_STOPPED
23862	Kenel	118	RNDBOT160	1	9	9	0	1787955280	2026-08-29 00:14:40	1	NULL	0000-00-00 00:00:00	0	1	0	0	0	0	0	0	NULL	NO_REGISTERED_SESSION_SERVER_STOPPED
23863	Ivu	118	RNDBOT160	1	3	3	0	1787955279	2026-08-29 00:14:39	1	NULL	0000-00-00 00:00:00	0	1	0	0	0	0	0	0	NULL	NO_REGISTERED_SESSION_SERVER_STOPPED
23864	Stevand	118	RNDBOT160	1	9	1	0	1787955273	2026-08-29 00:14:33	1	NULL	0000-00-00 00:00:00	0	1	0	0	0	0	0	0	NULL	NO_REGISTERED_SESSION_SERVER_STOPPED
23865	Hanniano	118	RNDBOT160	1	8	10	0	1787955286	2026-08-29 00:14:46	1	NULL	0000-00-00 00:00:00	0	1	0	0	0	0	0	0	NULL	NO_REGISTERED_SESSION_SERVER_STOPPED
23866	Teresa	118	RNDBOT160	1	2	10	0	1787955298	2026-08-29 00:14:58	1	NULL	0000-00-00 00:00:00	0	1	0	0	0	0	0	0	NULL	NO_REGISTERED_SESSION_SERVER_STOPPED
23867	Relalyssa	118	RNDBOT160	1	3	4	0	1787955280	2026-08-29 00:14:40	1	NULL	0000-00-00 00:00:00	0	1	0	0	0	0	0	0	NULL	NO_REGISTERED_SESSION_SERVER_STOPPED
23868	Penelia	118	RNDBOT160	1	5	5	0	1787955282	2026-08-29 00:14:42	1	NULL	0000-00-00 00:00:00	0	1	0	0	0	0	0	0	NULL	NO_REGISTERED_SESSION_SERVER_STOPPED
23869	Tanderic	118	RNDBOT160	1	5	5	0	1787955289	2026-08-29 00:14:49	1	NULL	0000-00-00 00:00:00	0	1	0	0	0	0	0	0	NULL	NO_REGISTERED_SESSION_SERVER_STOPPED
23870	Anderond	488	RNDBOT161	1	3	10	0	1787955295	2026-08-29 00:14:55	1	NULL	0000-00-00 00:00:00	0	1	0	0	0	0	0	0	NULL	NO_REGISTERED_SESSION_SERVER_STOPPED
23871	Chelyn	488	RNDBOT161	1	9	9	0	1787955298	2026-08-29 00:14:58	1	NULL	0000-00-00 00:00:00	0	1	0	0	0	0	0	0	NULL	NO_REGISTERED_SESSION_SERVER_STOPPED
23872	Alanie	488	RNDBOT161	1	3	10	0	1787955284	2026-08-29 00:14:44	1	NULL	0000-00-00 00:00:00	0	1	0	0	0	0	0	0	NULL	NO_REGISTERED_SESSION_SERVER_STOPPED
23873	Haralas	488	RNDBOT161	1	3	1	0	1787955299	2026-08-29 00:14:59	1	NULL	0000-00-00 00:00:00	0	1	0	0	0	0	0	0	NULL	NO_REGISTERED_SESSION_SERVER_STOPPED
23874	Bulgi	488	RNDBOT161	1	3	6	0	1787955287	2026-08-29 00:14:47	1	NULL	0000-00-00 00:00:00	0	1	0	0	0	0	0	0	NULL	NO_REGISTERED_SESSION_SERVER_STOPPED
23875	Samarini	488	RNDBOT161	1	8	10	0	1787955273	2026-08-29 00:14:33	1	NULL	0000-00-00 00:00:00	0	1	0	0	0	0	0	0	NULL	NO_REGISTERED_SESSION_SERVER_STOPPED
23876	Alastio	488	RNDBOT161	1	2	1	0	1787955294	2026-08-29 00:14:54	1	NULL	0000-00-00 00:00:00	0	1	0	0	0	0	0	0	NULL	NO_REGISTERED_SESSION_SERVER_STOPPED
23877	Denevan	488	RNDBOT161	1	2	1	0	1787955288	2026-08-29 00:14:48	1	NULL	0000-00-00 00:00:00	0	1	0	0	0	0	0	0	NULL	NO_REGISTERED_SESSION_SERVER_STOPPED
23878	Samsond	488	RNDBOT161	1	4	10	0	1787955292	2026-08-29 00:14:52	1	NULL	0000-00-00 00:00:00	0	1	0	0	0	0	0	0	NULL	NO_REGISTERED_SESSION_SERVER_STOPPED
23879	Abern	119	RNDBOT162	1	9	9	0	1787955287	2026-08-29 00:14:47	1	NULL	0000-00-00 00:00:00	0	1	0	0	0	0	0	0	NULL	NO_REGISTERED_SESSION_SERVER_STOPPED
23880	Dandenius	119	RNDBOT162	1	2	1	0	1787955275	2026-08-29 00:14:35	1	NULL	0000-00-00 00:00:00	0	1	0	0	0	0	0	0	NULL	NO_REGISTERED_SESSION_SERVER_STOPPED
23881	Araldrim	119	RNDBOT162	1	3	9	0	1787955288	2026-08-29 00:14:48	1	NULL	0000-00-00 00:00:00	0	1	0	0	0	0	0	0	NULL	NO_REGISTERED_SESSION_SERVER_STOPPED
23882	Sileb	119	RNDBOT162	1	4	5	0	1787955292	2026-08-29 00:14:52	1	NULL	0000-00-00 00:00:00	0	1	0	0	0	0	0	0	NULL	NO_REGISTERED_SESSION_SERVER_STOPPED
23883	Geneva	119	RNDBOT162	1	2	10	0	1787955297	2026-08-29 00:14:57	1	NULL	0000-00-00 00:00:00	0	1	0	0	0	0	0	0	NULL	NO_REGISTERED_SESSION_SERVER_STOPPED
23884	Halriel	119	RNDBOT162	1	4	4	0	1787955289	2026-08-29 00:14:49	1	NULL	0000-00-00 00:00:00	0	1	0	0	0	0	0	0	NULL	NO_REGISTERED_SESSION_SERVER_STOPPED
23885	Thelealaes	119	RNDBOT162	1	4	4	0	1787955283	2026-08-29 00:14:43	1	NULL	0000-00-00 00:00:00	0	1	0	0	0	0	0	0	NULL	NO_REGISTERED_SESSION_SERVER_STOPPED
23886	Horrec	119	RNDBOT162	1	8	9	0	1787955289	2026-08-29 00:14:49	1	NULL	0000-00-00 00:00:00	0	1	0	0	0	0	0	0	NULL	NO_REGISTERED_SESSION_SERVER_STOPPED
23887	Grada	119	RNDBOT162	1	1	2	0	1787955289	2026-08-29 00:14:49	1	NULL	0000-00-00 00:00:00	0	1	0	0	0	0	0	0	NULL	NO_REGISTERED_SESSION_SERVER_STOPPED
23888	Fure	380	RNDBOT163	1	7	8	0	1787955297	2026-08-29 00:14:57	1	NULL	0000-00-00 00:00:00	0	1	0	0	0	0	0	0	NULL	NO_REGISTERED_SESSION_SERVER_STOPPED
23889	Farine	380	RNDBOT163	1	1	10	0	1787955289	2026-08-29 00:14:49	1	NULL	0000-00-00 00:00:00	0	1	0	0	0	0	0	0	NULL	NO_REGISTERED_SESSION_SERVER_STOPPED
23890	Rineya	380	RNDBOT163	1	9	9	0	1787955282	2026-08-29 00:14:42	1	NULL	0000-00-00 00:00:00	0	1	0	0	0	0	0	0	NULL	NO_REGISTERED_SESSION_SERVER_STOPPED
23891	Saok	380	RNDBOT163	1	1	5	0	1787955293	2026-08-29 00:14:53	1	NULL	0000-00-00 00:00:00	0	1	0	0	0	0	0	0	NULL	NO_REGISTERED_SESSION_SERVER_STOPPED
23892	Teia	380	RNDBOT163	1	9	1	0	1787955272	2026-08-29 00:14:32	1	NULL	0000-00-00 00:00:00	0	1	0	0	0	0	0	0	NULL	NO_REGISTERED_SESSION_SERVER_STOPPED
23893	Romarco	380	RNDBOT163	1	9	9	0	1787955280	2026-08-29 00:14:40	1	NULL	0000-00-00 00:00:00	0	1	0	0	0	0	0	0	NULL	NO_REGISTERED_SESSION_SERVER_STOPPED
23894	Krugtuz	380	RNDBOT163	1	4	2	0	1787955295	2026-08-29 00:14:55	1	NULL	0000-00-00 00:00:00	0	1	0	0	0	0	0	0	NULL	NO_REGISTERED_SESSION_SERVER_STOPPED
23895	Amianus	380	RNDBOT163	1	3	1	0	1787955296	2026-08-29 00:14:56	1	NULL	0000-00-00 00:00:00	0	1	0	0	0	0	0	0	NULL	NO_REGISTERED_SESSION_SERVER_STOPPED
23896	Triadris	380	RNDBOT163	1	3	4	0	1787955287	2026-08-29 00:14:47	1	NULL	0000-00-00 00:00:00	0	1	0	0	0	0	0	0	NULL	NO_REGISTERED_SESSION_SERVER_STOPPED
23897	Fedette	120	RNDBOT164	1	3	9	0	1787955286	2026-08-29 00:14:46	1	NULL	0000-00-00 00:00:00	0	1	0	0	0	0	0	0	NULL	NO_REGISTERED_SESSION_SERVER_STOPPED
23898	Galatea	120	RNDBOT164	1	3	9	0	1787955274	2026-08-29 00:14:34	1	NULL	0000-00-00 00:00:00	0	1	0	0	0	0	0	0	NULL	NO_REGISTERED_SESSION_SERVER_STOPPED
23899	Aram	120	RNDBOT164	1	2	10	0	1787955296	2026-08-29 00:14:56	1	NULL	0000-00-00 00:00:00	0	1	0	0	0	0	0	0	NULL	NO_REGISTERED_SESSION_SERVER_STOPPED
23900	Channa	120	RNDBOT164	1	3	1	0	1787955281	2026-08-29 00:14:41	1	NULL	0000-00-00 00:00:00	0	1	0	0	0	0	0	0	NULL	NO_REGISTERED_SESSION_SERVER_STOPPED
23901	Garmurgath	120	RNDBOT164	1	4	3	0	1787955295	2026-08-29 00:14:55	1	NULL	0000-00-00 00:00:00	0	1	0	0	0	0	0	0	NULL	NO_REGISTERED_SESSION_SERVER_STOPPED
23902	Ledia	120	RNDBOT164	1	2	3	0	1787955282	2026-08-29 00:14:42	1	NULL	0000-00-00 00:00:00	0	1	0	0	0	0	0	0	NULL	NO_REGISTERED_SESSION_SERVER_STOPPED
23903	Mariah	120	RNDBOT164	1	9	9	0	1787955283	2026-08-29 00:14:43	1	NULL	0000-00-00 00:00:00	0	1	0	0	0	0	0	0	NULL	NO_REGISTERED_SESSION_SERVER_STOPPED
23904	Darturl	120	RNDBOT164	1	1	2	0	1787955274	2026-08-29 00:14:34	1	NULL	0000-00-00 00:00:00	0	1	0	0	0	0	0	0	NULL	NO_REGISTERED_SESSION_SERVER_STOPPED
23905	Ricaran	120	RNDBOT164	1	1	1	0	1787955283	2026-08-29 00:14:43	1	NULL	0000-00-00 00:00:00	0	1	0	0	0	0	0	0	NULL	NO_REGISTERED_SESSION_SERVER_STOPPED
23906	Fordand	442	RNDBOT165	1	4	1	0	1787955279	2026-08-29 00:14:39	1	NULL	0000-00-00 00:00:00	0	1	0	0	0	0	0	0	NULL	NO_REGISTERED_SESSION_SERVER_STOPPED
23907	Merain	442	RNDBOT165	1	2	10	0	1787955297	2026-08-29 00:14:57	1	NULL	0000-00-00 00:00:00	0	1	0	0	0	0	0	0	NULL	NO_REGISTERED_SESSION_SERVER_STOPPED
23908	Venaron	442	RNDBOT165	1	3	9	0	1787955289	2026-08-29 00:14:49	1	NULL	0000-00-00 00:00:00	0	1	0	0	0	0	0	0	NULL	NO_REGISTERED_SESSION_SERVER_STOPPED
23909	Belina	442	RNDBOT165	1	5	1	0	1787955294	2026-08-29 00:14:54	1	NULL	0000-00-00 00:00:00	0	1	0	0	0	0	0	0	NULL	NO_REGISTERED_SESSION_SERVER_STOPPED
23910	Milune	442	RNDBOT165	1	4	5	0	1787955282	2026-08-29 00:14:42	1	NULL	0000-00-00 00:00:00	0	1	0	0	0	0	0	0	NULL	NO_REGISTERED_SESSION_SERVER_STOPPED
23911	Grurnigdok	442	RNDBOT165	1	3	3	0	1787955278	2026-08-29 00:14:38	1	NULL	0000-00-00 00:00:00	0	1	0	0	0	0	0	0	NULL	NO_REGISTERED_SESSION_SERVER_STOPPED
23912	Fylaedarn	442	RNDBOT165	1	3	4	0	1787955300	2026-08-29 00:15:00	1	NULL	0000-00-00 00:00:00	0	1	0	0	0	0	0	0	NULL	NO_REGISTERED_SESSION_SERVER_STOPPED
23913	Staran	442	RNDBOT165	1	9	9	0	1787955271	2026-08-29 00:14:31	1	NULL	0000-00-00 00:00:00	0	1	0	0	0	0	0	0	NULL	NO_REGISTERED_SESSION_SERVER_STOPPED
23914	Gnileemesh	442	RNDBOT165	1	8	7	0	1787955279	2026-08-29 00:14:39	1	NULL	0000-00-00 00:00:00	0	1	0	0	0	0	0	0	NULL	NO_REGISTERED_SESSION_SERVER_STOPPED
23915	Kianny	121	RNDBOT166	1	8	10	0	1787955298	2026-08-29 00:14:58	1	NULL	0000-00-00 00:00:00	0	1	0	0	0	0	0	0	NULL	NO_REGISTERED_SESSION_SERVER_STOPPED
23916	Debora	121	RNDBOT166	1	2	1	0	1787955275	2026-08-29 00:14:35	1	NULL	0000-00-00 00:00:00	0	1	0	0	0	0	0	0	NULL	NO_REGISTERED_SESSION_SERVER_STOPPED
23917	Rolock	121	RNDBOT166	1	2	1	0	1787955293	2026-08-29 00:14:53	1	NULL	0000-00-00 00:00:00	0	1	0	0	0	0	0	0	NULL	NO_REGISTERED_SESSION_SERVER_STOPPED
23918	Yrieth	121	RNDBOT166	1	4	4	0	1787955300	2026-08-29 00:15:00	1	NULL	0000-00-00 00:00:00	0	1	0	0	0	0	0	0	NULL	NO_REGISTERED_SESSION_SERVER_STOPPED
23919	Celah	121	RNDBOT166	1	8	10	0	1787955280	2026-08-29 00:14:40	1	NULL	0000-00-00 00:00:00	0	1	0	0	0	0	0	0	NULL	NO_REGISTERED_SESSION_SERVER_STOPPED
23920	Nernon	121	RNDBOT166	1	8	1	0	1787955282	2026-08-29 00:14:42	1	NULL	0000-00-00 00:00:00	0	1	0	0	0	0	0	0	NULL	NO_REGISTERED_SESSION_SERVER_STOPPED
23921	Loreve	121	RNDBOT166	1	4	10	0	1787955274	2026-08-29 00:14:34	1	NULL	0000-00-00 00:00:00	0	1	0	0	0	0	0	0	NULL	NO_REGISTERED_SESSION_SERVER_STOPPED
23922	Alos	121	RNDBOT166	1	4	5	0	1787955276	2026-08-29 00:14:36	1	NULL	0000-00-00 00:00:00	0	1	0	0	0	0	0	0	NULL	NO_REGISTERED_SESSION_SERVER_STOPPED
23923	Arthor	121	RNDBOT166	1	9	9	0	1787955284	2026-08-29 00:14:44	1	NULL	0000-00-00 00:00:00	0	1	0	0	0	0	0	0	NULL	NO_REGISTERED_SESSION_SERVER_STOPPED
23924	Midaniko	381	RNDBOT167	1	3	1	0	1787955300	2026-08-29 00:15:00	1	NULL	0000-00-00 00:00:00	0	1	0	0	0	0	0	0	NULL	NO_REGISTERED_SESSION_SERVER_STOPPED
23925	Gianeira	381	RNDBOT167	1	1	9	0	1787955298	2026-08-29 00:14:58	1	NULL	0000-00-00 00:00:00	0	1	0	0	0	0	0	0	NULL	NO_REGISTERED_SESSION_SERVER_STOPPED
23926	Ginkick	381	RNDBOT167	1	9	7	0	1787955274	2026-08-29 00:14:34	1	NULL	0000-00-00 00:00:00	0	1	0	0	0	0	0	0	NULL	NO_REGISTERED_SESSION_SERVER_STOPPED
23927	Cayrianna	381	RNDBOT167	1	5	4	0	1787955297	2026-08-29 00:14:57	1	NULL	0000-00-00 00:00:00	0	1	0	0	0	0	0	0	NULL	NO_REGISTERED_SESSION_SERVER_STOPPED
23928	Milandiir	381	RNDBOT167	1	1	4	0	1787955282	2026-08-29 00:14:42	1	NULL	0000-00-00 00:00:00	0	1	0	0	0	0	0	0	NULL	NO_REGISTERED_SESSION_SERVER_STOPPED
23929	Anic	381	RNDBOT167	1	3	1	0	1787955278	2026-08-29 00:14:38	1	NULL	0000-00-00 00:00:00	0	1	0	0	0	0	0	0	NULL	NO_REGISTERED_SESSION_SERVER_STOPPED
23930	Thanlunn	381	RNDBOT167	1	1	3	0	1787955276	2026-08-29 00:14:36	1	NULL	0000-00-00 00:00:00	0	1	0	0	0	0	0	0	NULL	NO_REGISTERED_SESSION_SERVER_STOPPED
23931	Othanden	381	RNDBOT167	1	3	10	0	1787955298	2026-08-29 00:14:58	1	NULL	0000-00-00 00:00:00	0	1	0	0	0	0	0	0	NULL	NO_REGISTERED_SESSION_SERVER_STOPPED
23932	Santimo	381	RNDBOT167	1	4	10	0	1787955287	2026-08-29 00:14:47	1	NULL	0000-00-00 00:00:00	0	1	0	0	0	0	0	0	NULL	NO_REGISTERED_SESSION_SERVER_STOPPED
23933	Iridessa	122	RNDBOT168	1	8	10	0	1787955300	2026-08-29 00:15:00	1	NULL	0000-00-00 00:00:00	0	1	0	0	0	0	0	0	NULL	NO_REGISTERED_SESSION_SERVER_STOPPED
23934	Berally	122	RNDBOT168	1	5	1	0	1787955287	2026-08-29 00:14:47	1	NULL	0000-00-00 00:00:00	0	1	0	0	0	0	0	0	NULL	NO_REGISTERED_SESSION_SERVER_STOPPED
23935	Detol	122	RNDBOT168	1	3	3	0	1787955291	2026-08-29 00:14:51	1	NULL	0000-00-00 00:00:00	0	1	0	0	0	0	0	0	NULL	NO_REGISTERED_SESSION_SERVER_STOPPED
23936	Musmuw	122	RNDBOT168	1	7	6	0	1787955300	2026-08-29 00:15:00	1	NULL	0000-00-00 00:00:00	0	1	0	0	0	0	0	0	NULL	NO_REGISTERED_SESSION_SERVER_STOPPED
23937	Talicia	122	RNDBOT168	1	3	9	0	1787955292	2026-08-29 00:14:52	1	NULL	0000-00-00 00:00:00	0	1	0	0	0	0	0	0	NULL	NO_REGISTERED_SESSION_SERVER_STOPPED
23938	Clavela	122	RNDBOT168	1	2	10	0	1787955286	2026-08-29 00:14:46	1	NULL	0000-00-00 00:00:00	0	1	0	0	0	0	0	0	NULL	NO_REGISTERED_SESSION_SERVER_STOPPED
23939	Caterey	122	RNDBOT168	1	4	9	0	1787955295	2026-08-29 00:14:55	1	NULL	0000-00-00 00:00:00	0	1	0	0	0	0	0	0	NULL	NO_REGISTERED_SESSION_SERVER_STOPPED
23940	Zishem	122	RNDBOT168	1	3	2	0	1787955294	2026-08-29 00:14:54	1	NULL	0000-00-00 00:00:00	0	1	0	0	0	0	0	0	NULL	NO_REGISTERED_SESSION_SERVER_STOPPED
23941	Carenz	122	RNDBOT168	1	1	10	0	1787955297	2026-08-29 00:14:57	1	NULL	0000-00-00 00:00:00	0	1	0	0	0	0	0	0	NULL	NO_REGISTERED_SESSION_SERVER_STOPPED
23942	Festo	473	RNDBOT169	1	2	10	0	1787955291	2026-08-29 00:14:51	1	NULL	0000-00-00 00:00:00	0	1	0	0	0	0	0	0	NULL	NO_REGISTERED_SESSION_SERVER_STOPPED
23943	Esmeralda	473	RNDBOT169	1	5	5	0	1787955272	2026-08-29 00:14:32	1	NULL	0000-00-00 00:00:00	0	1	0	0	0	0	0	0	NULL	NO_REGISTERED_SESSION_SERVER_STOPPED
23944	Yanil	473	RNDBOT169	1	3	6	0	1787955272	2026-08-29 00:14:32	1	NULL	0000-00-00 00:00:00	0	1	0	0	0	0	0	0	NULL	NO_REGISTERED_SESSION_SERVER_STOPPED
23945	Stellis	473	RNDBOT169	1	1	10	0	1787955297	2026-08-29 00:14:57	1	NULL	0000-00-00 00:00:00	0	1	0	0	0	0	0	0	NULL	NO_REGISTERED_SESSION_SERVER_STOPPED
23946	Belaneya	473	RNDBOT169	1	9	5	0	1787955278	2026-08-29 00:14:38	1	NULL	0000-00-00 00:00:00	0	1	0	0	0	0	0	0	NULL	NO_REGISTERED_SESSION_SERVER_STOPPED
23947	Valerita	473	RNDBOT169	1	2	10	0	1787955278	2026-08-29 00:14:38	1	NULL	0000-00-00 00:00:00	0	1	0	0	0	0	0	0	NULL	NO_REGISTERED_SESSION_SERVER_STOPPED
23948	Alernon	473	RNDBOT169	1	2	1	0	1787955279	2026-08-29 00:14:39	1	NULL	0000-00-00 00:00:00	0	1	0	0	0	0	0	0	NULL	NO_REGISTERED_SESSION_SERVER_STOPPED
23949	Barentin	473	RNDBOT169	1	4	9	0	1787955284	2026-08-29 00:14:44	1	NULL	0000-00-00 00:00:00	0	1	0	0	0	0	0	0	NULL	NO_REGISTERED_SESSION_SERVER_STOPPED
23950	Saste	473	RNDBOT169	1	4	4	0	1787955298	2026-08-29 00:14:58	1	NULL	0000-00-00 00:00:00	0	1	0	0	0	0	0	0	NULL	NO_REGISTERED_SESSION_SERVER_STOPPED
23951	Rhamy	123	RNDBOT170	1	8	1	0	1787955298	2026-08-29 00:14:58	1	NULL	0000-00-00 00:00:00	0	1	0	0	0	0	0	0	NULL	NO_REGISTERED_SESSION_SERVER_STOPPED
23952	Picuwin	123	RNDBOT170	1	8	7	0	1787955290	2026-08-29 00:14:50	1	NULL	0000-00-00 00:00:00	0	1	0	0	0	0	0	0	NULL	NO_REGISTERED_SESSION_SERVER_STOPPED
23953	Elythaes	123	RNDBOT170	1	1	4	0	1787955292	2026-08-29 00:14:52	1	NULL	0000-00-00 00:00:00	0	1	0	0	0	0	0	0	NULL	NO_REGISTERED_SESSION_SERVER_STOPPED
23954	Maktokk	123	RNDBOT170	1	3	2	0	1787955271	2026-08-29 00:14:31	1	NULL	0000-00-00 00:00:00	0	1	0	0	0	0	0	0	NULL	NO_REGISTERED_SESSION_SERVER_STOPPED
23955	Ungormun	123	RNDBOT170	1	5	3	0	1787955298	2026-08-29 00:14:58	1	NULL	0000-00-00 00:00:00	0	1	0	0	0	0	0	0	NULL	NO_REGISTERED_SESSION_SERVER_STOPPED
23956	Felindy	123	RNDBOT170	1	1	9	0	1787955275	2026-08-29 00:14:35	1	NULL	0000-00-00 00:00:00	0	1	0	0	0	0	0	0	NULL	NO_REGISTERED_SESSION_SERVER_STOPPED
23957	Borodel	123	RNDBOT170	1	1	9	0	1787955272	2026-08-29 00:14:32	1	NULL	0000-00-00 00:00:00	0	1	0	0	0	0	0	0	NULL	NO_REGISTERED_SESSION_SERVER_STOPPED
23958	Gnipida	123	RNDBOT170	1	8	7	0	1787955288	2026-08-29 00:14:48	1	NULL	0000-00-00 00:00:00	0	1	0	0	0	0	0	0	NULL	NO_REGISTERED_SESSION_SERVER_STOPPED
23959	Lilianne	123	RNDBOT170	1	3	9	0	1787955300	2026-08-29 00:15:00	1	NULL	0000-00-00 00:00:00	0	1	0	0	0	0	0	0	NULL	NO_REGISTERED_SESSION_SERVER_STOPPED
23960	Odinn	382	RNDBOT171	1	3	8	0	1787955292	2026-08-29 00:14:52	1	NULL	0000-00-00 00:00:00	0	1	0	0	0	0	0	0	NULL	NO_REGISTERED_SESSION_SERVER_STOPPED
23961	Miliano	382	RNDBOT171	1	9	9	0	1787955290	2026-08-29 00:14:50	1	NULL	0000-00-00 00:00:00	0	1	0	0	0	0	0	0	NULL	NO_REGISTERED_SESSION_SERVER_STOPPED
23962	Jantan	382	RNDBOT171	1	2	1	0	1787955294	2026-08-29 00:14:54	1	NULL	0000-00-00 00:00:00	0	1	0	0	0	0	0	0	NULL	NO_REGISTERED_SESSION_SERVER_STOPPED
23963	Xavian	382	RNDBOT171	1	3	9	0	1787955276	2026-08-29 00:14:36	1	NULL	0000-00-00 00:00:00	0	1	0	0	0	0	0	0	NULL	NO_REGISTERED_SESSION_SERVER_STOPPED
23964	Shuwe	382	RNDBOT171	1	7	6	0	1787955289	2026-08-29 00:14:49	1	NULL	0000-00-00 00:00:00	0	1	0	0	0	0	0	0	NULL	NO_REGISTERED_SESSION_SERVER_STOPPED
23965	Gerrandiir	382	RNDBOT171	1	4	4	0	1787955277	2026-08-29 00:14:37	1	NULL	0000-00-00 00:00:00	0	1	0	0	0	0	0	0	NULL	NO_REGISTERED_SESSION_SERVER_STOPPED
23966	Evelaine	382	RNDBOT171	1	2	1	0	1787955300	2026-08-29 00:15:00	1	NULL	0000-00-00 00:00:00	0	1	0	0	0	0	0	0	NULL	NO_REGISTERED_SESSION_SERVER_STOPPED
23967	Ricar	382	RNDBOT171	1	4	10	0	1787955290	2026-08-29 00:14:50	1	NULL	0000-00-00 00:00:00	0	1	0	0	0	0	0	0	NULL	NO_REGISTERED_SESSION_SERVER_STOPPED
23968	Detklu	382	RNDBOT171	1	8	7	0	1787955275	2026-08-29 00:14:35	1	NULL	0000-00-00 00:00:00	0	1	0	0	0	0	0	0	NULL	NO_REGISTERED_SESSION_SERVER_STOPPED
23969	Oberent	124	RNDBOT172	1	2	1	0	1787955299	2026-08-29 00:14:59	1	NULL	0000-00-00 00:00:00	0	1	0	0	0	0	0	0	NULL	NO_REGISTERED_SESSION_SERVER_STOPPED
23970	Hamiliam	124	RNDBOT172	1	1	1	0	1787955276	2026-08-29 00:14:36	1	NULL	0000-00-00 00:00:00	0	1	0	0	0	0	0	0	NULL	NO_REGISTERED_SESSION_SERVER_STOPPED
23971	Mastinic	124	RNDBOT172	1	4	9	0	1787955294	2026-08-29 00:14:54	1	NULL	0000-00-00 00:00:00	0	1	0	0	0	0	0	0	NULL	NO_REGISTERED_SESSION_SERVER_STOPPED
23972	Delerine	124	RNDBOT172	1	1	10	0	1787955278	2026-08-29 00:14:38	1	NULL	0000-00-00 00:00:00	0	1	0	0	0	0	0	0	NULL	NO_REGISTERED_SESSION_SERVER_STOPPED
23973	Minevela	124	RNDBOT172	1	1	9	0	1787955293	2026-08-29 00:14:53	1	NULL	0000-00-00 00:00:00	0	1	0	0	0	0	0	0	NULL	NO_REGISTERED_SESSION_SERVER_STOPPED
23974	Ainevaria	124	RNDBOT172	1	3	4	0	1787955293	2026-08-29 00:14:53	1	NULL	0000-00-00 00:00:00	0	1	0	0	0	0	0	0	NULL	NO_REGISTERED_SESSION_SERVER_STOPPED
23975	Dador	124	RNDBOT172	1	11	4	0	1787955279	2026-08-29 00:14:39	1	NULL	0000-00-00 00:00:00	0	1	0	0	0	0	0	0	NULL	NO_REGISTERED_SESSION_SERVER_STOPPED
23976	Demaro	124	RNDBOT172	1	8	9	0	1787955280	2026-08-29 00:14:40	1	NULL	0000-00-00 00:00:00	0	1	0	0	0	0	0	0	NULL	NO_REGISTERED_SESSION_SERVER_STOPPED
23977	Evernard	124	RNDBOT172	1	4	5	0	1787955289	2026-08-29 00:14:49	1	NULL	0000-00-00 00:00:00	0	1	0	0	0	0	0	0	NULL	NO_REGISTERED_SESSION_SERVER_STOPPED
23978	Natin	443	RNDBOT173	1	9	9	0	1787955271	2026-08-29 00:14:31	1	NULL	0000-00-00 00:00:00	0	1	0	0	0	0	0	0	NULL	NO_REGISTERED_SESSION_SERVER_STOPPED
23979	Ibranco	443	RNDBOT173	1	1	9	0	1787955285	2026-08-29 00:14:45	1	NULL	0000-00-00 00:00:00	0	1	0	0	0	0	0	0	NULL	NO_REGISTERED_SESSION_SERVER_STOPPED
23980	Kuserg	443	RNDBOT173	1	3	2	0	1787955293	2026-08-29 00:14:53	1	NULL	0000-00-00 00:00:00	0	1	0	0	0	0	0	0	NULL	NO_REGISTERED_SESSION_SERVER_STOPPED
23981	Theylu	443	RNDBOT173	1	3	3	0	1787955294	2026-08-29 00:14:54	1	NULL	0000-00-00 00:00:00	0	1	0	0	0	0	0	0	NULL	NO_REGISTERED_SESSION_SERVER_STOPPED
23982	Rinette	443	RNDBOT173	1	1	10	0	1787955291	2026-08-29 00:14:51	1	NULL	0000-00-00 00:00:00	0	1	0	0	0	0	0	0	NULL	NO_REGISTERED_SESSION_SERVER_STOPPED
23983	Arabella	443	RNDBOT173	1	9	9	0	1787955289	2026-08-29 00:14:49	1	NULL	0000-00-00 00:00:00	0	1	0	0	0	0	0	0	NULL	NO_REGISTERED_SESSION_SERVER_STOPPED
23984	Faramilo	443	RNDBOT173	1	5	1	0	1787955276	2026-08-29 00:14:36	1	NULL	0000-00-00 00:00:00	0	1	0	0	0	0	0	0	NULL	NO_REGISTERED_SESSION_SERVER_STOPPED
23985	Therek	443	RNDBOT173	1	1	9	0	1787955295	2026-08-29 00:14:55	1	NULL	0000-00-00 00:00:00	0	1	0	0	0	0	0	0	NULL	NO_REGISTERED_SESSION_SERVER_STOPPED
23986	Jymdol	443	RNDBOT173	1	5	3	0	1787955279	2026-08-29 00:14:39	1	NULL	0000-00-00 00:00:00	0	1	0	0	0	0	0	0	NULL	NO_REGISTERED_SESSION_SERVER_STOPPED
23987	Agatho	125	RNDBOT174	5	1	9	0	1788124445	2026-08-30 23:14:05	1	NULL	0000-00-00 00:00:00	1	1	0	0	0	1	0	0	NULL	NO_REGISTERED_SESSION_SERVER_STOPPED
23988	Arren	125	RNDBOT174	4	1	9	0	1788124432	2026-08-30 23:13:52	1	NULL	0000-00-00 00:00:00	1	1	0	0	0	0	0	0	NULL	NO_REGISTERED_SESSION_SERVER_STOPPED
23989	Graveline	125	RNDBOT174	1	1	9	0	1787955275	2026-08-29 00:14:35	1	NULL	0000-00-00 00:00:00	1	1	0	0	0	0	0	0	NULL	NO_REGISTERED_SESSION_SERVER_STOPPED
23990	Kylano	125	RNDBOT174	1	1	1	0	1787955272	2026-08-29 00:14:32	1	NULL	0000-00-00 00:00:00	1	1	0	0	0	0	0	0	NULL	NO_REGISTERED_SESSION_SERVER_STOPPED
23991	Samy	125	RNDBOT174	5	8	9	0	1788124455	2026-08-30 23:14:15	1	NULL	0000-00-00 00:00:00	1	1	0	0	0	1	0	0	NULL	NO_REGISTERED_SESSION_SERVER_STOPPED
23992	Benelina	125	RNDBOT174	5	1	10	0	1788124435	2026-08-30 23:13:55	1	NULL	0000-00-00 00:00:00	1	1	0	0	0	1	0	0	NULL	NO_REGISTERED_SESSION_SERVER_STOPPED
23993	Stalander	125	RNDBOT174	6	1	10	0	1788124439	2026-08-30 23:13:59	1	NULL	0000-00-00 00:00:00	1	1	0	0	0	1	0	0	NULL	NO_REGISTERED_SESSION_SERVER_STOPPED
23994	Argorouth	125	RNDBOT174	6	5	3	0	1788124437	2026-08-30 23:13:57	1	NULL	0000-00-00 00:00:00	1	1	0	0	0	1	0	0	NULL	NO_REGISTERED_SESSION_SERVER_STOPPED
23995	Blandorion	125	RNDBOT174	2	3	9	0	1788124450	2026-08-30 23:14:10	1	NULL	0000-00-00 00:00:00	1	1	0	0	0	1	0	0	NULL	NO_REGISTERED_SESSION_SERVER_STOPPED
23996	Caedarin	383	RNDBOT175	1	4	9	0	1787955284	2026-08-29 00:14:44	1	NULL	0000-00-00 00:00:00	0	1	0	0	0	0	0	0	NULL	NO_REGISTERED_SESSION_SERVER_STOPPED
23997	Thokylbick	383	RNDBOT175	1	1	7	0	1787955298	2026-08-29 00:14:58	1	NULL	0000-00-00 00:00:00	0	1	0	0	0	0	0	0	NULL	NO_REGISTERED_SESSION_SERVER_STOPPED
23998	Cora	383	RNDBOT175	1	8	1	0	1787955286	2026-08-29 00:14:46	1	NULL	0000-00-00 00:00:00	0	1	0	0	0	0	0	0	NULL	NO_REGISTERED_SESSION_SERVER_STOPPED
23999	Owaimo	383	RNDBOT175	1	3	10	0	1787955279	2026-08-29 00:14:39	1	NULL	0000-00-00 00:00:00	0	1	0	0	0	0	0	0	NULL	NO_REGISTERED_SESSION_SERVER_STOPPED
24000	Nesterine	383	RNDBOT175	1	3	9	0	1787955293	2026-08-29 00:14:53	1	NULL	0000-00-00 00:00:00	0	1	0	0	0	0	0	0	NULL	NO_REGISTERED_SESSION_SERVER_STOPPED
24001	Dormoth	383	RNDBOT175	1	9	2	0	1787955272	2026-08-29 00:14:32	1	NULL	0000-00-00 00:00:00	0	1	0	0	0	0	0	0	NULL	NO_REGISTERED_SESSION_SERVER_STOPPED
24002	Kwimuk	383	RNDBOT175	1	7	6	0	1787955294	2026-08-29 00:14:54	1	NULL	0000-00-00 00:00:00	0	1	0	0	0	0	0	0	NULL	NO_REGISTERED_SESSION_SERVER_STOPPED
24003	Speran	383	RNDBOT175	1	3	1	0	1787955287	2026-08-29 00:14:47	1	NULL	0000-00-00 00:00:00	0	1	0	0	0	0	0	0	NULL	NO_REGISTERED_SESSION_SERVER_STOPPED
24004	Cameliam	383	RNDBOT175	1	8	9	0	1787955275	2026-08-29 00:14:35	1	NULL	0000-00-00 00:00:00	0	1	0	0	0	0	0	0	NULL	NO_REGISTERED_SESSION_SERVER_STOPPED
24005	Finigor	126	RNDBOT176	1	8	9	0	1787955274	2026-08-29 00:14:34	1	NULL	0000-00-00 00:00:00	0	1	0	0	0	0	0	0	NULL	NO_REGISTERED_SESSION_SERVER_STOPPED
24006	Minevanne	126	RNDBOT176	1	3	1	0	1787955276	2026-08-29 00:14:36	1	NULL	0000-00-00 00:00:00	0	1	0	0	0	0	0	0	NULL	NO_REGISTERED_SESSION_SERVER_STOPPED
24007	Jolani	126	RNDBOT176	1	8	10	0	1787955292	2026-08-29 00:14:52	1	NULL	0000-00-00 00:00:00	0	1	0	0	0	0	0	0	NULL	NO_REGISTERED_SESSION_SERVER_STOPPED
24008	Adorene	126	RNDBOT176	1	4	10	0	1787955279	2026-08-29 00:14:39	1	NULL	0000-00-00 00:00:00	0	1	0	0	0	0	0	0	NULL	NO_REGISTERED_SESSION_SERVER_STOPPED
24009	Caltho	126	RNDBOT176	1	9	1	0	1787955280	2026-08-29 00:14:40	1	NULL	0000-00-00 00:00:00	0	1	0	0	0	0	0	0	NULL	NO_REGISTERED_SESSION_SERVER_STOPPED
24010	Peekyossu	126	RNDBOT176	1	7	6	0	1787955299	2026-08-29 00:14:59	1	NULL	0000-00-00 00:00:00	0	1	0	0	0	0	0	0	NULL	NO_REGISTERED_SESSION_SERVER_STOPPED
24011	Ronimo	126	RNDBOT176	1	8	5	0	1787955289	2026-08-29 00:14:49	1	NULL	0000-00-00 00:00:00	0	1	0	0	0	0	0	0	NULL	NO_REGISTERED_SESSION_SERVER_STOPPED
24012	Herin	126	RNDBOT176	1	2	10	0	1787955280	2026-08-29 00:14:40	1	NULL	0000-00-00 00:00:00	0	1	0	0	0	0	0	0	NULL	NO_REGISTERED_SESSION_SERVER_STOPPED
24013	Lelinne	126	RNDBOT176	1	3	4	0	1787955280	2026-08-29 00:14:40	1	NULL	0000-00-00 00:00:00	0	1	0	0	0	0	0	0	NULL	NO_REGISTERED_SESSION_SERVER_STOPPED
24014	Nilallaeth	496	RNDBOT177	1	1	4	0	1787955297	2026-08-29 00:14:57	1	NULL	0000-00-00 00:00:00	0	1	0	0	0	0	0	0	NULL	NO_REGISTERED_SESSION_SERVER_STOPPED
24015	Dazku	496	RNDBOT177	1	3	8	0	1787955287	2026-08-29 00:14:47	1	NULL	0000-00-00 00:00:00	0	1	0	0	0	0	0	0	NULL	NO_REGISTERED_SESSION_SERVER_STOPPED
24016	Fraik	496	RNDBOT177	1	4	9	0	1787955300	2026-08-29 00:15:00	1	NULL	0000-00-00 00:00:00	0	1	0	0	0	0	0	0	NULL	NO_REGISTERED_SESSION_SERVER_STOPPED
24017	Kangun	496	RNDBOT177	1	2	3	0	1787955281	2026-08-29 00:14:41	1	NULL	0000-00-00 00:00:00	0	1	0	0	0	0	0	0	NULL	NO_REGISTERED_SESSION_SERVER_STOPPED
24018	Iwarion	496	RNDBOT177	1	3	10	0	1787955292	2026-08-29 00:14:52	1	NULL	0000-00-00 00:00:00	0	1	0	0	0	0	0	0	NULL	NO_REGISTERED_SESSION_SERVER_STOPPED
24019	Thozmudu	496	RNDBOT177	1	9	2	0	1787955281	2026-08-29 00:14:41	1	NULL	0000-00-00 00:00:00	0	1	0	0	0	0	0	0	NULL	NO_REGISTERED_SESSION_SERVER_STOPPED
24020	Gomalle	496	RNDBOT177	1	11	6	0	1787955288	2026-08-29 00:14:48	1	NULL	0000-00-00 00:00:00	0	1	0	0	0	0	0	0	NULL	NO_REGISTERED_SESSION_SERVER_STOPPED
24021	Enellorn	496	RNDBOT177	1	3	4	0	1787955279	2026-08-29 00:14:39	1	NULL	0000-00-00 00:00:00	0	1	0	0	0	0	0	0	NULL	NO_REGISTERED_SESSION_SERVER_STOPPED
24022	Ellie	496	RNDBOT177	1	4	9	0	1787955287	2026-08-29 00:14:47	1	NULL	0000-00-00 00:00:00	0	1	0	0	0	0	0	0	NULL	NO_REGISTERED_SESSION_SERVER_STOPPED
24023	Heralea	127	RNDBOT178	1	2	10	0	1787955295	2026-08-29 00:14:55	1	NULL	0000-00-00 00:00:00	0	1	0	0	0	0	0	0	NULL	NO_REGISTERED_SESSION_SERVER_STOPPED
24024	Xerdahn	127	RNDBOT178	1	7	8	0	1787955285	2026-08-29 00:14:45	1	NULL	0000-00-00 00:00:00	0	1	0	0	0	0	0	0	NULL	NO_REGISTERED_SESSION_SERVER_STOPPED
24025	Ametheru	127	RNDBOT178	1	3	9	0	1787955273	2026-08-29 00:14:33	1	NULL	0000-00-00 00:00:00	0	1	0	0	0	0	0	0	NULL	NO_REGISTERED_SESSION_SERVER_STOPPED
24026	Antaras	127	RNDBOT178	1	4	4	0	1787955292	2026-08-29 00:14:52	1	NULL	0000-00-00 00:00:00	0	1	0	0	0	0	0	0	NULL	NO_REGISTERED_SESSION_SERVER_STOPPED
24027	Pagosta	127	RNDBOT178	1	1	6	0	1787955281	2026-08-29 00:14:41	1	NULL	0000-00-00 00:00:00	0	1	0	0	0	0	0	0	NULL	NO_REGISTERED_SESSION_SERVER_STOPPED
24028	Emkuk	127	RNDBOT178	1	8	7	0	1787955281	2026-08-29 00:14:41	1	NULL	0000-00-00 00:00:00	0	1	0	0	0	0	0	0	NULL	NO_REGISTERED_SESSION_SERVER_STOPPED
24029	Seldas	127	RNDBOT178	1	3	4	0	1787955283	2026-08-29 00:14:43	1	NULL	0000-00-00 00:00:00	0	1	0	0	0	0	0	0	NULL	NO_REGISTERED_SESSION_SERVER_STOPPED
24030	Manrengyl	127	RNDBOT178	1	11	4	0	1787955278	2026-08-29 00:14:38	1	NULL	0000-00-00 00:00:00	0	1	0	0	0	0	0	0	NULL	NO_REGISTERED_SESSION_SERVER_STOPPED
24031	Anarina	127	RNDBOT178	1	8	9	0	1787955289	2026-08-29 00:14:49	1	NULL	0000-00-00 00:00:00	0	1	0	0	0	0	0	0	NULL	NO_REGISTERED_SESSION_SERVER_STOPPED
24032	Guchmi	384	RNDBOT179	1	7	6	0	1787955271	2026-08-29 00:14:31	1	NULL	0000-00-00 00:00:00	0	1	0	0	0	0	0	0	NULL	NO_REGISTERED_SESSION_SERVER_STOPPED
24033	Hannie	384	RNDBOT179	1	1	10	0	1787955274	2026-08-29 00:14:34	1	NULL	0000-00-00 00:00:00	0	1	0	0	0	0	0	0	NULL	NO_REGISTERED_SESSION_SERVER_STOPPED
24034	Elneth	384	RNDBOT179	1	1	4	0	1787955285	2026-08-29 00:14:45	1	NULL	0000-00-00 00:00:00	0	1	0	0	0	0	0	0	NULL	NO_REGISTERED_SESSION_SERVER_STOPPED
24035	Wezhaze	384	RNDBOT179	1	7	6	0	1787955287	2026-08-29 00:14:47	1	NULL	0000-00-00 00:00:00	0	1	0	0	0	0	0	0	NULL	NO_REGISTERED_SESSION_SERVER_STOPPED
24036	Gascaland	384	RNDBOT179	1	8	5	0	1787955273	2026-08-29 00:14:33	1	NULL	0000-00-00 00:00:00	0	1	0	0	0	0	0	0	NULL	NO_REGISTERED_SESSION_SERVER_STOPPED
24037	Haroger	384	RNDBOT179	1	8	10	0	1787955288	2026-08-29 00:14:48	1	NULL	0000-00-00 00:00:00	0	1	0	0	0	0	0	0	NULL	NO_REGISTERED_SESSION_SERVER_STOPPED
24038	Belerie	384	RNDBOT179	1	4	10	0	1787955298	2026-08-29 00:14:58	1	NULL	0000-00-00 00:00:00	0	1	0	0	0	0	0	0	NULL	NO_REGISTERED_SESSION_SERVER_STOPPED
24039	Loweny	384	RNDBOT179	1	3	9	0	1787955291	2026-08-29 00:14:51	1	NULL	0000-00-00 00:00:00	0	1	0	0	0	0	0	0	NULL	NO_REGISTERED_SESSION_SERVER_STOPPED
24040	Horenz	384	RNDBOT179	1	1	9	0	1787955284	2026-08-29 00:14:44	1	NULL	0000-00-00 00:00:00	0	1	0	0	0	0	0	0	NULL	NO_REGISTERED_SESSION_SERVER_STOPPED
24041	Gydarm	128	RNDBOT180	1	3	3	0	1787955277	2026-08-29 00:14:37	1	NULL	0000-00-00 00:00:00	0	1	0	0	0	0	0	0	NULL	NO_REGISTERED_SESSION_SERVER_STOPPED
24042	Chamin	128	RNDBOT180	1	4	10	0	1787955282	2026-08-29 00:14:42	1	NULL	0000-00-00 00:00:00	0	1	0	0	0	0	0	0	NULL	NO_REGISTERED_SESSION_SERVER_STOPPED
24043	Herea	128	RNDBOT180	1	3	4	0	1787955286	2026-08-29 00:14:46	1	NULL	0000-00-00 00:00:00	0	1	0	0	0	0	0	0	NULL	NO_REGISTERED_SESSION_SERVER_STOPPED
24044	Lenelle	128	RNDBOT180	1	5	5	0	1787955276	2026-08-29 00:14:36	1	NULL	0000-00-00 00:00:00	0	1	0	0	0	0	0	0	NULL	NO_REGISTERED_SESSION_SERVER_STOPPED
24045	Antius	128	RNDBOT180	1	3	9	0	1787955274	2026-08-29 00:14:34	1	NULL	0000-00-00 00:00:00	0	1	0	0	0	0	0	0	NULL	NO_REGISTERED_SESSION_SERVER_STOPPED
24046	Averie	128	RNDBOT180	1	2	1	0	1787955271	2026-08-29 00:14:31	1	NULL	0000-00-00 00:00:00	0	1	0	0	0	0	0	0	NULL	NO_REGISTERED_SESSION_SERVER_STOPPED
24047	Trinerolo	128	RNDBOT180	1	4	10	0	1787955287	2026-08-29 00:14:47	1	NULL	0000-00-00 00:00:00	0	1	0	0	0	0	0	0	NULL	NO_REGISTERED_SESSION_SERVER_STOPPED
24048	Marcon	128	RNDBOT180	1	2	10	0	1787955291	2026-08-29 00:14:51	1	NULL	0000-00-00 00:00:00	0	1	0	0	0	0	0	0	NULL	NO_REGISTERED_SESSION_SERVER_STOPPED
24049	Ristor	128	RNDBOT180	1	2	1	0	1787955299	2026-08-29 00:14:59	1	NULL	0000-00-00 00:00:00	0	1	0	0	0	0	0	0	NULL	NO_REGISTERED_SESSION_SERVER_STOPPED
24050	Jaljinu	129	RNDBOT181	1	8	8	0	1787955286	2026-08-29 00:14:46	1	NULL	0000-00-00 00:00:00	0	1	0	0	0	0	0	0	NULL	NO_REGISTERED_SESSION_SERVER_STOPPED
24051	Zatki	129	RNDBOT181	1	11	6	0	1787955299	2026-08-29 00:14:59	1	NULL	0000-00-00 00:00:00	0	1	0	0	0	0	0	0	NULL	NO_REGISTERED_SESSION_SERVER_STOPPED
24052	Darisalie	129	RNDBOT181	1	9	1	0	1787955287	2026-08-29 00:14:47	1	NULL	0000-00-00 00:00:00	0	1	0	0	0	0	0	0	NULL	NO_REGISTERED_SESSION_SERVER_STOPPED
24053	Loreodo	129	RNDBOT181	1	1	9	0	1787955293	2026-08-29 00:14:53	1	NULL	0000-00-00 00:00:00	0	1	0	0	0	0	0	0	NULL	NO_REGISTERED_SESSION_SERVER_STOPPED
24054	Amely	129	RNDBOT181	1	8	10	0	1787955295	2026-08-29 00:14:55	1	NULL	0000-00-00 00:00:00	0	1	0	0	0	0	0	0	NULL	NO_REGISTERED_SESSION_SERVER_STOPPED
24055	Thellyn	129	RNDBOT181	1	3	4	0	1787955295	2026-08-29 00:14:55	1	NULL	0000-00-00 00:00:00	0	1	0	0	0	0	0	0	NULL	NO_REGISTERED_SESSION_SERVER_STOPPED
24056	Narmo	129	RNDBOT181	1	11	6	0	1787955272	2026-08-29 00:14:32	1	NULL	0000-00-00 00:00:00	0	1	0	0	0	0	0	0	NULL	NO_REGISTERED_SESSION_SERVER_STOPPED
24057	Robinico	129	RNDBOT181	1	1	1	0	1787955275	2026-08-29 00:14:35	1	NULL	0000-00-00 00:00:00	0	1	0	0	0	0	0	0	NULL	NO_REGISTERED_SESSION_SERVER_STOPPED
24058	Zurink	129	RNDBOT181	1	3	2	0	1787955276	2026-08-29 00:14:36	1	NULL	0000-00-00 00:00:00	0	1	0	0	0	0	0	0	NULL	NO_REGISTERED_SESSION_SERVER_STOPPED
24059	Herineri	130	RNDBOT182	1	2	1	0	1787955277	2026-08-29 00:14:37	1	NULL	0000-00-00 00:00:00	0	1	0	0	0	0	0	0	NULL	NO_REGISTERED_SESSION_SERVER_STOPPED
24060	Omord	130	RNDBOT182	1	1	10	0	1787955293	2026-08-29 00:14:53	1	NULL	0000-00-00 00:00:00	0	1	0	0	0	0	0	0	NULL	NO_REGISTERED_SESSION_SERVER_STOPPED
24061	Celessa	130	RNDBOT182	1	3	9	0	1787955299	2026-08-29 00:14:59	1	NULL	0000-00-00 00:00:00	0	1	0	0	0	0	0	0	NULL	NO_REGISTERED_SESSION_SERVER_STOPPED
24062	Rusta	130	RNDBOT182	1	3	9	0	1787955275	2026-08-29 00:14:35	1	NULL	0000-00-00 00:00:00	0	1	0	0	0	0	0	0	NULL	NO_REGISTERED_SESSION_SERVER_STOPPED
24063	Adries	130	RNDBOT182	1	3	4	0	1787955295	2026-08-29 00:14:55	1	NULL	0000-00-00 00:00:00	0	1	0	0	0	0	0	0	NULL	NO_REGISTERED_SESSION_SERVER_STOPPED
24064	Zallie	130	RNDBOT182	1	8	9	0	1787955287	2026-08-29 00:14:47	1	NULL	0000-00-00 00:00:00	0	1	0	0	0	0	0	0	NULL	NO_REGISTERED_SESSION_SERVER_STOPPED
24065	Gineriana	130	RNDBOT182	1	4	9	0	1787955291	2026-08-29 00:14:51	1	NULL	0000-00-00 00:00:00	0	1	0	0	0	0	0	0	NULL	NO_REGISTERED_SESSION_SERVER_STOPPED
24066	Tias	130	RNDBOT182	1	4	9	0	1787955284	2026-08-29 00:14:44	1	NULL	0000-00-00 00:00:00	0	1	0	0	0	0	0	0	NULL	NO_REGISTERED_SESSION_SERVER_STOPPED
24067	Bevelane	130	RNDBOT182	1	9	1	0	1787955272	2026-08-29 00:14:32	1	NULL	0000-00-00 00:00:00	0	1	0	0	0	0	0	0	NULL	NO_REGISTERED_SESSION_SERVER_STOPPED
24068	Thogmarn	385	RNDBOT183	1	3	2	0	1787955281	2026-08-29 00:14:41	1	NULL	0000-00-00 00:00:00	1	1	0	0	0	0	0	0	NULL	NO_REGISTERED_SESSION_SERVER_STOPPED
24069	Seliah	385	RNDBOT183	1	2	1	0	1787955297	2026-08-29 00:14:57	1	NULL	0000-00-00 00:00:00	1	1	0	0	0	0	0	0	NULL	NO_REGISTERED_SESSION_SERVER_STOPPED
24070	Nerent	385	RNDBOT183	1	1	9	0	1787955299	2026-08-29 00:14:59	1	NULL	0000-00-00 00:00:00	1	1	0	0	0	0	0	0	NULL	NO_REGISTERED_SESSION_SERVER_STOPPED
24071	Eleneya	385	RNDBOT183	1	8	1	0	1787955300	2026-08-29 00:15:00	1	NULL	0000-00-00 00:00:00	1	1	0	0	0	0	0	0	NULL	NO_REGISTERED_SESSION_SERVER_STOPPED
24072	Thigel	385	RNDBOT183	1	2	3	0	1787955288	2026-08-29 00:14:48	1	NULL	0000-00-00 00:00:00	1	1	0	0	0	0	0	0	NULL	NO_REGISTERED_SESSION_SERVER_STOPPED
24073	Aseam	385	RNDBOT183	1	5	4	0	1787955298	2026-08-29 00:14:58	1	NULL	0000-00-00 00:00:00	1	1	0	0	0	0	0	0	NULL	NO_REGISTERED_SESSION_SERVER_STOPPED
24074	Sterena	385	RNDBOT183	1	3	1	0	1787955289	2026-08-29 00:14:49	1	NULL	0000-00-00 00:00:00	1	1	0	0	0	0	0	0	NULL	NO_REGISTERED_SESSION_SERVER_STOPPED
24075	Wistanie	385	RNDBOT183	1	8	9	0	1787955282	2026-08-29 00:14:42	1	NULL	0000-00-00 00:00:00	1	1	0	0	0	0	0	0	NULL	NO_REGISTERED_SESSION_SERVER_STOPPED
24076	Zewet	385	RNDBOT183	1	3	2	0	1787955297	2026-08-29 00:14:57	1	NULL	0000-00-00 00:00:00	1	1	0	0	0	0	0	0	NULL	NO_REGISTERED_SESSION_SERVER_STOPPED
24077	Taramon	474	RNDBOT184	1	4	9	0	1787955284	2026-08-29 00:14:44	1	NULL	0000-00-00 00:00:00	0	1	0	0	0	0	0	0	NULL	NO_REGISTERED_SESSION_SERVER_STOPPED
24078	Elinata	474	RNDBOT184	1	4	10	0	1787955275	2026-08-29 00:14:35	1	NULL	0000-00-00 00:00:00	0	1	0	0	0	0	0	0	NULL	NO_REGISTERED_SESSION_SERVER_STOPPED
24079	Palome	474	RNDBOT184	1	4	1	0	1787955292	2026-08-29 00:14:52	1	NULL	0000-00-00 00:00:00	0	1	0	0	0	0	0	0	NULL	NO_REGISTERED_SESSION_SERVER_STOPPED
24080	Emaedan	474	RNDBOT184	1	11	4	0	1787955275	2026-08-29 00:14:35	1	NULL	0000-00-00 00:00:00	0	1	0	0	0	0	0	0	NULL	NO_REGISTERED_SESSION_SERVER_STOPPED
24081	Erander	474	RNDBOT184	1	5	10	0	1787955295	2026-08-29 00:14:55	1	NULL	0000-00-00 00:00:00	0	1	0	0	0	0	0	0	NULL	NO_REGISTERED_SESSION_SERVER_STOPPED
24082	Nelanea	474	RNDBOT184	1	4	4	0	1787955276	2026-08-29 00:14:36	1	NULL	0000-00-00 00:00:00	0	1	0	0	0	0	0	0	NULL	NO_REGISTERED_SESSION_SERVER_STOPPED
24083	Ozengu	474	RNDBOT184	1	1	3	0	1787955297	2026-08-29 00:14:57	1	NULL	0000-00-00 00:00:00	0	1	0	0	0	0	0	0	NULL	NO_REGISTERED_SESSION_SERVER_STOPPED
24084	Jeneya	474	RNDBOT184	1	1	10	0	1787955295	2026-08-29 00:14:55	1	NULL	0000-00-00 00:00:00	0	1	0	0	0	0	0	0	NULL	NO_REGISTERED_SESSION_SERVER_STOPPED
24085	Selasia	474	RNDBOT184	1	1	4	0	1787955286	2026-08-29 00:14:46	1	NULL	0000-00-00 00:00:00	0	1	0	0	0	0	0	0	NULL	NO_REGISTERED_SESSION_SERVER_STOPPED
24086	Geranie	131	RNDBOT185	1	9	9	0	1787955286	2026-08-29 00:14:46	1	NULL	0000-00-00 00:00:00	0	1	0	0	0	0	0	0	NULL	NO_REGISTERED_SESSION_SERVER_STOPPED
24087	Jaellin	131	RNDBOT185	1	11	4	0	1787955298	2026-08-29 00:14:58	1	NULL	0000-00-00 00:00:00	0	1	0	0	0	0	0	0	NULL	NO_REGISTERED_SESSION_SERVER_STOPPED
24088	Reverice	131	RNDBOT185	1	1	5	0	1787955271	2026-08-29 00:14:31	1	NULL	0000-00-00 00:00:00	0	1	0	0	0	0	0	0	NULL	NO_REGISTERED_SESSION_SERVER_STOPPED
24089	Pahu	131	RNDBOT185	1	3	8	0	1787955296	2026-08-29 00:14:56	1	NULL	0000-00-00 00:00:00	0	1	0	0	0	0	0	0	NULL	NO_REGISTERED_SESSION_SERVER_STOPPED
24090	Selnysil	131	RNDBOT185	1	3	4	0	1787955281	2026-08-29 00:14:41	1	NULL	0000-00-00 00:00:00	0	1	0	0	0	0	0	0	NULL	NO_REGISTERED_SESSION_SERVER_STOPPED
24091	Ceceve	131	RNDBOT185	1	1	6	0	1787955294	2026-08-29 00:14:54	1	NULL	0000-00-00 00:00:00	0	1	0	0	0	0	0	0	NULL	NO_REGISTERED_SESSION_SERVER_STOPPED
24092	Casper	131	RNDBOT185	1	3	1	0	1787955280	2026-08-29 00:14:40	1	NULL	0000-00-00 00:00:00	0	1	0	0	0	0	0	0	NULL	NO_REGISTERED_SESSION_SERVER_STOPPED
24093	Taneya	131	RNDBOT185	1	8	5	0	1787955279	2026-08-29 00:14:39	1	NULL	0000-00-00 00:00:00	0	1	0	0	0	0	0	0	NULL	NO_REGISTERED_SESSION_SERVER_STOPPED
24094	Sileath	131	RNDBOT185	1	11	4	0	1787955285	2026-08-29 00:14:45	1	NULL	0000-00-00 00:00:00	0	1	0	0	0	0	0	0	NULL	NO_REGISTERED_SESSION_SERVER_STOPPED
24095	Zitani	386	RNDBOT186	1	8	9	0	1787955282	2026-08-29 00:14:42	1	NULL	0000-00-00 00:00:00	0	1	0	0	0	0	0	0	NULL	NO_REGISTERED_SESSION_SERVER_STOPPED
24096	Stalon	386	RNDBOT186	1	9	9	0	1787955278	2026-08-29 00:14:38	1	NULL	0000-00-00 00:00:00	0	1	0	0	0	0	0	0	NULL	NO_REGISTERED_SESSION_SERVER_STOPPED
24097	Leledon	386	RNDBOT186	1	11	4	0	1787955295	2026-08-29 00:14:55	1	NULL	0000-00-00 00:00:00	0	1	0	0	0	0	0	0	NULL	NO_REGISTERED_SESSION_SERVER_STOPPED
24098	Kadryn	386	RNDBOT186	1	4	4	0	1787955283	2026-08-29 00:14:43	1	NULL	0000-00-00 00:00:00	0	1	0	0	0	0	0	0	NULL	NO_REGISTERED_SESSION_SERVER_STOPPED
24099	Zarandiir	386	RNDBOT186	1	3	4	0	1787955280	2026-08-29 00:14:40	1	NULL	0000-00-00 00:00:00	0	1	0	0	0	0	0	0	NULL	NO_REGISTERED_SESSION_SERVER_STOPPED
24100	Clestine	386	RNDBOT186	1	8	5	0	1787955291	2026-08-29 00:14:51	1	NULL	0000-00-00 00:00:00	0	1	0	0	0	0	0	0	NULL	NO_REGISTERED_SESSION_SERVER_STOPPED
24101	Thevoztokk	386	RNDBOT186	1	7	2	0	1787955272	2026-08-29 00:14:32	1	NULL	0000-00-00 00:00:00	0	1	0	0	0	0	0	0	NULL	NO_REGISTERED_SESSION_SERVER_STOPPED
24102	Gerodin	386	RNDBOT186	1	2	1	0	1787955299	2026-08-29 00:14:59	1	NULL	0000-00-00 00:00:00	0	1	0	0	0	0	0	0	NULL	NO_REGISTERED_SESSION_SERVER_STOPPED
24103	Vinceno	386	RNDBOT186	1	4	9	0	1787955280	2026-08-29 00:14:40	1	NULL	0000-00-00 00:00:00	0	1	0	0	0	0	0	0	NULL	NO_REGISTERED_SESSION_SERVER_STOPPED
24104	Katea	132	RNDBOT187	5	1	9	0	1788124451	2026-08-30 23:14:11	1	NULL	0000-00-00 00:00:00	1	1	0	0	0	1	0	1	13	NO_REGISTERED_SESSION_SERVER_STOPPED
24105	Denelario	132	RNDBOT187	5	3	1	0	1788124440	2026-08-30 23:14:00	1	NULL	0000-00-00 00:00:00	1	1	0	0	0	1	0	1	7	NO_REGISTERED_SESSION_SERVER_STOPPED
24106	Salleas	132	RNDBOT187	6	3	4	0	1788124463	2026-08-30 23:14:23	1	NULL	0000-00-00 00:00:00	1	1	0	0	0	0	0	0	NULL	NO_REGISTERED_SESSION_SERVER_STOPPED
24107	Willio	132	RNDBOT187	5	2	10	0	1788124435	2026-08-30 23:13:55	1	NULL	0000-00-00 00:00:00	1	1	0	0	0	1	0	0	NULL	NO_REGISTERED_SESSION_SERVER_STOPPED
24108	Ponnelu	132	RNDBOT187	5	7	8	0	1788124425	2026-08-30 23:13:45	1	NULL	0000-00-00 00:00:00	1	1	0	0	0	1	0	0	NULL	NO_REGISTERED_SESSION_SERVER_STOPPED
24109	Kaldric	132	RNDBOT187	1	8	9	0	1787955296	2026-08-29 00:14:56	1	NULL	0000-00-00 00:00:00	1	1	0	0	0	1	0	0	NULL	NO_REGISTERED_SESSION_SERVER_STOPPED
24110	Saranu	132	RNDBOT187	1	3	1	0	1787955275	2026-08-29 00:14:35	1	NULL	0000-00-00 00:00:00	1	1	0	0	0	1	0	0	NULL	NO_REGISTERED_SESSION_SERVER_STOPPED
24111	Catere	132	RNDBOT187	1	4	9	0	1787955275	2026-08-29 00:14:35	1	NULL	0000-00-00 00:00:00	1	1	0	0	0	1	0	0	NULL	NO_REGISTERED_SESSION_SERVER_STOPPED
24112	Guinerina	132	RNDBOT187	1	8	1	0	1787955285	2026-08-29 00:14:45	1	NULL	0000-00-00 00:00:00	1	1	0	0	0	1	0	0	NULL	NO_REGISTERED_SESSION_SERVER_STOPPED
24113	Ioleni	445	RNDBOT188	1	2	10	0	1787955290	2026-08-29 00:14:50	1	NULL	0000-00-00 00:00:00	0	1	0	0	0	0	0	0	NULL	NO_REGISTERED_SESSION_SERVER_STOPPED
24114	Illira	445	RNDBOT188	1	5	4	0	1787955279	2026-08-29 00:14:39	1	NULL	0000-00-00 00:00:00	0	1	0	0	0	0	0	0	NULL	NO_REGISTERED_SESSION_SERVER_STOPPED
24115	Fladona	445	RNDBOT188	1	1	1	0	1787955285	2026-08-29 00:14:45	1	NULL	0000-00-00 00:00:00	0	1	0	0	0	0	0	0	NULL	NO_REGISTERED_SESSION_SERVER_STOPPED
24116	Celerinny	445	RNDBOT188	1	1	9	0	1787955297	2026-08-29 00:14:57	1	NULL	0000-00-00 00:00:00	0	1	0	0	0	0	0	0	NULL	NO_REGISTERED_SESSION_SERVER_STOPPED
24117	Caspen	445	RNDBOT188	1	2	1	0	1787955283	2026-08-29 00:14:43	1	NULL	0000-00-00 00:00:00	0	1	0	0	0	0	0	0	NULL	NO_REGISTERED_SESSION_SERVER_STOPPED
24118	Marsa	445	RNDBOT188	1	5	4	0	1787955294	2026-08-29 00:14:54	1	NULL	0000-00-00 00:00:00	0	1	0	0	0	0	0	0	NULL	NO_REGISTERED_SESSION_SERVER_STOPPED
24119	Moromun	445	RNDBOT188	1	7	8	0	1787955295	2026-08-29 00:14:55	1	NULL	0000-00-00 00:00:00	0	1	0	0	0	0	0	0	NULL	NO_REGISTERED_SESSION_SERVER_STOPPED
24120	Rohander	445	RNDBOT188	1	2	10	0	1787955287	2026-08-29 00:14:47	1	NULL	0000-00-00 00:00:00	0	1	0	0	0	0	0	0	NULL	NO_REGISTERED_SESSION_SERVER_STOPPED
24121	Nythaste	445	RNDBOT188	1	4	4	0	1787955294	2026-08-29 00:14:54	1	NULL	0000-00-00 00:00:00	0	1	0	0	0	0	0	0	NULL	NO_REGISTERED_SESSION_SERVER_STOPPED
24122	Ferres	133	RNDBOT189	1	3	1	0	1787955279	2026-08-29 00:14:39	1	NULL	0000-00-00 00:00:00	0	1	0	0	0	0	0	0	NULL	NO_REGISTERED_SESSION_SERVER_STOPPED
24123	Draengopohn	133	RNDBOT189	1	5	8	0	1787955284	2026-08-29 00:14:44	1	NULL	0000-00-00 00:00:00	0	1	0	0	0	0	0	0	NULL	NO_REGISTERED_SESSION_SERVER_STOPPED
24124	Kwachmach	133	RNDBOT189	1	3	6	0	1787955279	2026-08-29 00:14:39	1	NULL	0000-00-00 00:00:00	0	1	0	0	0	0	0	0	NULL	NO_REGISTERED_SESSION_SERVER_STOPPED
24125	Siridi	133	RNDBOT189	1	3	10	0	1787955283	2026-08-29 00:14:43	1	NULL	0000-00-00 00:00:00	0	1	0	0	0	0	0	0	NULL	NO_REGISTERED_SESSION_SERVER_STOPPED
24126	Thedri	133	RNDBOT189	1	4	4	0	1787955294	2026-08-29 00:14:54	1	NULL	0000-00-00 00:00:00	0	1	0	0	0	0	0	0	NULL	NO_REGISTERED_SESSION_SERVER_STOPPED
24127	Argag	133	RNDBOT189	1	3	3	0	1787955298	2026-08-29 00:14:58	1	NULL	0000-00-00 00:00:00	0	1	0	0	0	0	0	0	NULL	NO_REGISTERED_SESSION_SERVER_STOPPED
24128	Zolariana	133	RNDBOT189	1	4	5	0	1787955290	2026-08-29 00:14:50	1	NULL	0000-00-00 00:00:00	0	1	0	0	0	0	0	0	NULL	NO_REGISTERED_SESSION_SERVER_STOPPED
24129	Cavol	133	RNDBOT189	1	3	2	0	1787955279	2026-08-29 00:14:39	1	NULL	0000-00-00 00:00:00	0	1	0	0	0	0	0	0	NULL	NO_REGISTERED_SESSION_SERVER_STOPPED
24130	Zevo	133	RNDBOT189	1	4	1	0	1787955289	2026-08-29 00:14:49	1	NULL	0000-00-00 00:00:00	0	1	0	0	0	0	0	0	NULL	NO_REGISTERED_SESSION_SERVER_STOPPED
24131	Eraney	387	RNDBOT190	1	9	1	0	1787955289	2026-08-29 00:14:49	1	NULL	0000-00-00 00:00:00	0	1	0	0	0	0	0	0	NULL	NO_REGISTERED_SESSION_SERVER_STOPPED
24132	Mitia	387	RNDBOT190	1	11	4	0	1787955279	2026-08-29 00:14:39	1	NULL	0000-00-00 00:00:00	0	1	0	0	0	0	0	0	NULL	NO_REGISTERED_SESSION_SERVER_STOPPED
24133	Cromdentez	387	RNDBOT190	1	1	2	0	1787955275	2026-08-29 00:14:35	1	NULL	0000-00-00 00:00:00	0	1	0	0	0	0	0	0	NULL	NO_REGISTERED_SESSION_SERVER_STOPPED
24134	Lione	387	RNDBOT190	1	9	1	0	1787955294	2026-08-29 00:14:54	1	NULL	0000-00-00 00:00:00	0	1	0	0	0	0	0	0	NULL	NO_REGISTERED_SESSION_SERVER_STOPPED
24135	Adoraney	387	RNDBOT190	1	2	10	0	1787955275	2026-08-29 00:14:35	1	NULL	0000-00-00 00:00:00	0	1	0	0	0	0	0	0	NULL	NO_REGISTERED_SESSION_SERVER_STOPPED
24136	Finte	387	RNDBOT190	1	4	2	0	1787955295	2026-08-29 00:14:55	1	NULL	0000-00-00 00:00:00	0	1	0	0	0	0	0	0	NULL	NO_REGISTERED_SESSION_SERVER_STOPPED
24137	Sandorin	387	RNDBOT190	1	2	10	0	1787955281	2026-08-29 00:14:41	1	NULL	0000-00-00 00:00:00	0	1	0	0	0	0	0	0	NULL	NO_REGISTERED_SESSION_SERVER_STOPPED
24138	Doriand	387	RNDBOT190	1	1	1	0	1787955291	2026-08-29 00:14:51	1	NULL	0000-00-00 00:00:00	0	1	0	0	0	0	0	0	NULL	NO_REGISTERED_SESSION_SERVER_STOPPED
24139	Nanthir	387	RNDBOT190	1	3	4	0	1787955295	2026-08-29 00:14:55	1	NULL	0000-00-00 00:00:00	0	1	0	0	0	0	0	0	NULL	NO_REGISTERED_SESSION_SERVER_STOPPED
24140	Nelarion	134	RNDBOT191	1	9	1	0	1787955284	2026-08-29 00:14:44	1	NULL	0000-00-00 00:00:00	0	1	0	0	0	0	0	0	NULL	NO_REGISTERED_SESSION_SERVER_STOPPED
24141	Tashketzum	134	RNDBOT191	1	3	2	0	1787955274	2026-08-29 00:14:34	1	NULL	0000-00-00 00:00:00	0	1	0	0	0	0	0	0	NULL	NO_REGISTERED_SESSION_SERVER_STOPPED
24142	Zanorton	134	RNDBOT191	1	4	9	0	1787955276	2026-08-29 00:14:36	1	NULL	0000-00-00 00:00:00	0	1	0	0	0	0	0	0	NULL	NO_REGISTERED_SESSION_SERVER_STOPPED
24143	Minariana	134	RNDBOT191	1	3	1	0	1787955284	2026-08-29 00:14:44	1	NULL	0000-00-00 00:00:00	0	1	0	0	0	0	0	0	NULL	NO_REGISTERED_SESSION_SERVER_STOPPED
24144	Meta	134	RNDBOT191	1	3	3	0	1787955288	2026-08-29 00:14:48	1	NULL	0000-00-00 00:00:00	0	1	0	0	0	0	0	0	NULL	NO_REGISTERED_SESSION_SERVER_STOPPED
24145	Nader	134	RNDBOT191	1	2	1	0	1787955275	2026-08-29 00:14:35	1	NULL	0000-00-00 00:00:00	0	1	0	0	0	0	0	0	NULL	NO_REGISTERED_SESSION_SERVER_STOPPED
24146	Lantinigo	134	RNDBOT191	1	3	1	0	1787955296	2026-08-29 00:14:56	1	NULL	0000-00-00 00:00:00	0	1	0	0	0	0	0	0	NULL	NO_REGISTERED_SESSION_SERVER_STOPPED
24147	Bregmartank	134	RNDBOT191	1	3	2	0	1787955274	2026-08-29 00:14:34	1	NULL	0000-00-00 00:00:00	0	1	0	0	0	0	0	0	NULL	NO_REGISTERED_SESSION_SERVER_STOPPED
24148	Taranco	134	RNDBOT191	1	5	5	0	1787955285	2026-08-29 00:14:45	1	NULL	0000-00-00 00:00:00	0	1	0	0	0	0	0	0	NULL	NO_REGISTERED_SESSION_SERVER_STOPPED
24149	Nolzie	489	RNDBOT192	1	3	8	0	1787955297	2026-08-29 00:14:57	1	NULL	0000-00-00 00:00:00	0	1	0	0	0	0	0	0	NULL	NO_REGISTERED_SESSION_SERVER_STOPPED
24150	Lydran	489	RNDBOT192	1	11	4	0	1787955274	2026-08-29 00:14:34	1	NULL	0000-00-00 00:00:00	0	1	0	0	0	0	0	0	NULL	NO_REGISTERED_SESSION_SERVER_STOPPED
24151	Estienna	489	RNDBOT192	1	9	9	0	1787955296	2026-08-29 00:14:56	1	NULL	0000-00-00 00:00:00	0	1	0	0	0	0	0	0	NULL	NO_REGISTERED_SESSION_SERVER_STOPPED
24152	Elanrias	489	RNDBOT192	1	5	4	0	1787955290	2026-08-29 00:14:50	1	NULL	0000-00-00 00:00:00	0	1	0	0	0	0	0	0	NULL	NO_REGISTERED_SESSION_SERVER_STOPPED
24153	Caramero	489	RNDBOT192	1	8	1	0	1787955289	2026-08-29 00:14:49	1	NULL	0000-00-00 00:00:00	0	1	0	0	0	0	0	0	NULL	NO_REGISTERED_SESSION_SERVER_STOPPED
24154	Uriond	489	RNDBOT192	1	2	10	0	1787955282	2026-08-29 00:14:42	1	NULL	0000-00-00 00:00:00	0	1	0	0	0	0	0	0	NULL	NO_REGISTERED_SESSION_SERVER_STOPPED
24155	Alasco	489	RNDBOT192	1	9	9	0	1787955297	2026-08-29 00:14:57	1	NULL	0000-00-00 00:00:00	0	1	0	0	0	0	0	0	NULL	NO_REGISTERED_SESSION_SERVER_STOPPED
24156	Ilydriel	489	RNDBOT192	1	1	4	0	1787955275	2026-08-29 00:14:35	1	NULL	0000-00-00 00:00:00	0	1	0	0	0	0	0	0	NULL	NO_REGISTERED_SESSION_SERVER_STOPPED
24157	Janno	489	RNDBOT192	1	9	9	0	1787955271	2026-08-29 00:14:31	1	NULL	0000-00-00 00:00:00	0	1	0	0	0	0	0	0	NULL	NO_REGISTERED_SESSION_SERVER_STOPPED
24158	Ferenz	135	RNDBOT193	1	3	9	0	1787955295	2026-08-29 00:14:55	1	NULL	0000-00-00 00:00:00	0	1	0	0	0	0	0	0	NULL	NO_REGISTERED_SESSION_SERVER_STOPPED
24159	Ivaleric	135	RNDBOT193	1	4	9	0	1787955275	2026-08-29 00:14:35	1	NULL	0000-00-00 00:00:00	0	1	0	0	0	0	0	0	NULL	NO_REGISTERED_SESSION_SERVER_STOPPED
24160	Midai	135	RNDBOT193	1	2	1	0	1787955298	2026-08-29 00:14:58	1	NULL	0000-00-00 00:00:00	0	1	0	0	0	0	0	0	NULL	NO_REGISTERED_SESSION_SERVER_STOPPED
24161	Kalasta	135	RNDBOT193	1	4	5	0	1787955282	2026-08-29 00:14:42	1	NULL	0000-00-00 00:00:00	0	1	0	0	0	0	0	0	NULL	NO_REGISTERED_SESSION_SERVER_STOPPED
24162	Clennon	135	RNDBOT193	1	3	10	0	1787955295	2026-08-29 00:14:55	1	NULL	0000-00-00 00:00:00	0	1	0	0	0	0	0	0	NULL	NO_REGISTERED_SESSION_SERVER_STOPPED
24163	Levid	135	RNDBOT193	1	1	10	0	1787955274	2026-08-29 00:14:34	1	NULL	0000-00-00 00:00:00	0	1	0	0	0	0	0	0	NULL	NO_REGISTERED_SESSION_SERVER_STOPPED
24164	Estim	135	RNDBOT193	1	1	1	0	1787955286	2026-08-29 00:14:46	1	NULL	0000-00-00 00:00:00	0	1	0	0	0	0	0	0	NULL	NO_REGISTERED_SESSION_SERVER_STOPPED
24165	Tuthihtut	135	RNDBOT193	1	3	6	0	1787955286	2026-08-29 00:14:46	1	NULL	0000-00-00 00:00:00	0	1	0	0	0	0	0	0	NULL	NO_REGISTERED_SESSION_SERVER_STOPPED
24166	Imill	135	RNDBOT193	1	4	7	0	1787955289	2026-08-29 00:14:49	1	NULL	0000-00-00 00:00:00	0	1	0	0	0	0	0	0	NULL	NO_REGISTERED_SESSION_SERVER_STOPPED
24167	Orim	446	RNDBOT194	1	2	1	0	1787955290	2026-08-29 00:14:50	1	NULL	0000-00-00 00:00:00	1	1	0	0	0	0	0	0	NULL	NO_REGISTERED_SESSION_SERVER_STOPPED
24168	Rhylarin	446	RNDBOT194	1	3	4	0	1787955272	2026-08-29 00:14:32	1	NULL	0000-00-00 00:00:00	1	1	0	0	0	0	0	0	NULL	NO_REGISTERED_SESSION_SERVER_STOPPED
24169	Gustor	446	RNDBOT194	1	1	9	0	1787955274	2026-08-29 00:14:34	1	NULL	0000-00-00 00:00:00	1	1	0	0	0	0	0	0	NULL	NO_REGISTERED_SESSION_SERVER_STOPPED
24170	Santandel	446	RNDBOT194	1	5	5	0	1787955271	2026-08-29 00:14:31	1	NULL	0000-00-00 00:00:00	1	1	0	0	0	0	0	0	NULL	NO_REGISTERED_SESSION_SERVER_STOPPED
24171	Olcarad	446	RNDBOT194	1	8	9	0	1787955288	2026-08-29 00:14:48	1	NULL	0000-00-00 00:00:00	1	1	0	0	0	0	0	0	NULL	NO_REGISTERED_SESSION_SERVER_STOPPED
24172	Ilylean	446	RNDBOT194	1	3	4	0	1787955296	2026-08-29 00:14:56	1	NULL	0000-00-00 00:00:00	1	1	0	0	0	0	0	0	NULL	NO_REGISTERED_SESSION_SERVER_STOPPED
24173	Sesge	446	RNDBOT194	1	3	2	0	1787955288	2026-08-29 00:14:48	1	NULL	0000-00-00 00:00:00	1	1	0	0	0	0	0	0	NULL	NO_REGISTERED_SESSION_SERVER_STOPPED
24174	Violly	446	RNDBOT194	1	9	5	0	1787955276	2026-08-29 00:14:36	1	NULL	0000-00-00 00:00:00	1	1	0	0	0	0	0	0	NULL	NO_REGISTERED_SESSION_SERVER_STOPPED
24175	Flortos	446	RNDBOT194	1	8	10	0	1787955278	2026-08-29 00:14:38	1	NULL	0000-00-00 00:00:00	1	1	0	0	0	0	0	0	NULL	NO_REGISTERED_SESSION_SERVER_STOPPED
24176	Daviano	388	RNDBOT195	1	2	10	0	1787955278	2026-08-29 00:14:38	1	NULL	0000-00-00 00:00:00	0	1	0	0	0	0	0	0	NULL	NO_REGISTERED_SESSION_SERVER_STOPPED
24177	Berina	388	RNDBOT195	1	8	10	0	1787955291	2026-08-29 00:14:51	1	NULL	0000-00-00 00:00:00	0	1	0	0	0	0	0	0	NULL	NO_REGISTERED_SESSION_SERVER_STOPPED
24178	Sebal	388	RNDBOT195	1	3	10	0	1787955286	2026-08-29 00:14:46	1	NULL	0000-00-00 00:00:00	0	1	0	0	0	0	0	0	NULL	NO_REGISTERED_SESSION_SERVER_STOPPED
24179	Rinerva	388	RNDBOT195	1	9	9	0	1787955290	2026-08-29 00:14:50	1	NULL	0000-00-00 00:00:00	0	1	0	0	0	0	0	0	NULL	NO_REGISTERED_SESSION_SERVER_STOPPED
24180	Adricar	388	RNDBOT195	1	4	10	0	1787955285	2026-08-29 00:14:45	1	NULL	0000-00-00 00:00:00	0	1	0	0	0	0	0	0	NULL	NO_REGISTERED_SESSION_SERVER_STOPPED
24181	Celianca	388	RNDBOT195	1	1	9	0	1787955284	2026-08-29 00:14:44	1	NULL	0000-00-00 00:00:00	0	1	0	0	0	0	0	0	NULL	NO_REGISTERED_SESSION_SERVER_STOPPED
24182	Aslantan	388	RNDBOT195	1	3	10	0	1787955272	2026-08-29 00:14:32	1	NULL	0000-00-00 00:00:00	0	1	0	0	0	0	0	0	NULL	NO_REGISTERED_SESSION_SERVER_STOPPED
24183	Valen	388	RNDBOT195	1	9	9	0	1787955275	2026-08-29 00:14:35	1	NULL	0000-00-00 00:00:00	0	1	0	0	0	0	0	0	NULL	NO_REGISTERED_SESSION_SERVER_STOPPED
24184	Imko	388	RNDBOT195	1	8	7	0	1787955286	2026-08-29 00:14:46	1	NULL	0000-00-00 00:00:00	0	1	0	0	0	0	0	0	NULL	NO_REGISTERED_SESSION_SERVER_STOPPED
24185	Waland	136	RNDBOT196	1	8	1	0	1787955278	2026-08-29 00:14:38	1	NULL	0000-00-00 00:00:00	0	1	0	0	0	0	0	0	NULL	NO_REGISTERED_SESSION_SERVER_STOPPED
24186	Eraldo	136	RNDBOT196	1	1	10	0	1787955272	2026-08-29 00:14:32	1	NULL	0000-00-00 00:00:00	0	1	0	0	0	0	0	0	NULL	NO_REGISTERED_SESSION_SERVER_STOPPED
24187	Dily	136	RNDBOT196	1	4	9	0	1787955297	2026-08-29 00:14:57	1	NULL	0000-00-00 00:00:00	0	1	0	0	0	0	0	0	NULL	NO_REGISTERED_SESSION_SERVER_STOPPED
24188	Indohronn	136	RNDBOT196	1	2	3	0	1787955278	2026-08-29 00:14:38	1	NULL	0000-00-00 00:00:00	0	1	0	0	0	0	0	0	NULL	NO_REGISTERED_SESSION_SERVER_STOPPED
24189	Seladri	136	RNDBOT196	1	3	4	0	1787955280	2026-08-29 00:14:40	1	NULL	0000-00-00 00:00:00	0	1	0	0	0	0	0	0	NULL	NO_REGISTERED_SESSION_SERVER_STOPPED
24190	Kidinn	136	RNDBOT196	1	3	3	0	1787955278	2026-08-29 00:14:38	1	NULL	0000-00-00 00:00:00	0	1	0	0	0	0	0	0	NULL	NO_REGISTERED_SESSION_SERVER_STOPPED
24191	Jandorio	136	RNDBOT196	1	9	9	0	1787955273	2026-08-29 00:14:33	1	NULL	0000-00-00 00:00:00	0	1	0	0	0	0	0	0	NULL	NO_REGISTERED_SESSION_SERVER_STOPPED
24192	Alantho	136	RNDBOT196	1	8	10	0	1787955274	2026-08-29 00:14:34	1	NULL	0000-00-00 00:00:00	0	1	0	0	0	0	0	0	NULL	NO_REGISTERED_SESSION_SERVER_STOPPED
24193	Ograrnom	136	RNDBOT196	1	3	3	0	1787955271	2026-08-29 00:14:31	1	NULL	0000-00-00 00:00:00	0	1	0	0	0	0	0	0	NULL	NO_REGISTERED_SESSION_SERVER_STOPPED
24194	Chelina	137	RNDBOT197	1	9	9	0	1787955278	2026-08-29 00:14:38	1	NULL	0000-00-00 00:00:00	1	1	0	0	0	0	0	0	NULL	NO_REGISTERED_SESSION_SERVER_STOPPED
24195	Liklidill	137	RNDBOT197	1	8	7	0	1787955299	2026-08-29 00:14:59	1	NULL	0000-00-00 00:00:00	1	1	0	0	0	0	0	0	NULL	NO_REGISTERED_SESSION_SERVER_STOPPED
24196	Agra	137	RNDBOT197	1	2	1	0	1787955286	2026-08-29 00:14:46	1	NULL	0000-00-00 00:00:00	1	1	0	0	0	0	0	0	NULL	NO_REGISTERED_SESSION_SERVER_STOPPED
24197	Toligky	137	RNDBOT197	1	3	2	0	1787955294	2026-08-29 00:14:54	1	NULL	0000-00-00 00:00:00	1	1	0	0	0	0	0	0	NULL	NO_REGISTERED_SESSION_SERVER_STOPPED
24198	Zevor	137	RNDBOT197	1	3	9	0	1787955287	2026-08-29 00:14:47	1	NULL	0000-00-00 00:00:00	1	1	0	0	0	0	0	0	NULL	NO_REGISTERED_SESSION_SERVER_STOPPED
24199	Alengi	137	RNDBOT197	1	1	10	0	1787955292	2026-08-29 00:14:52	1	NULL	0000-00-00 00:00:00	1	1	0	0	0	0	0	0	NULL	NO_REGISTERED_SESSION_SERVER_STOPPED
24200	Leanna	137	RNDBOT197	1	3	9	0	1787955292	2026-08-29 00:14:52	1	NULL	0000-00-00 00:00:00	1	1	0	0	0	0	0	0	NULL	NO_REGISTERED_SESSION_SERVER_STOPPED
24201	Galai	137	RNDBOT197	1	8	9	0	1787955272	2026-08-29 00:14:32	1	NULL	0000-00-00 00:00:00	1	1	0	0	0	0	0	0	NULL	NO_REGISTERED_SESSION_SERVER_STOPPED
24202	Menik	137	RNDBOT197	1	1	1	0	1787955295	2026-08-29 00:14:55	1	NULL	0000-00-00 00:00:00	1	1	0	0	0	0	0	0	NULL	NO_REGISTERED_SESSION_SERVER_STOPPED
24203	Santho	475	RNDBOT198	1	3	1	0	1787955276	2026-08-29 00:14:36	1	NULL	0000-00-00 00:00:00	0	1	0	0	0	0	0	0	NULL	NO_REGISTERED_SESSION_SERVER_STOPPED
24204	Hygyl	475	RNDBOT198	1	3	4	0	1787955287	2026-08-29 00:14:47	1	NULL	0000-00-00 00:00:00	0	1	0	0	0	0	0	0	NULL	NO_REGISTERED_SESSION_SERVER_STOPPED
24205	Bharengyl	475	RNDBOT198	1	3	4	0	1787955283	2026-08-29 00:14:43	1	NULL	0000-00-00 00:00:00	0	1	0	0	0	0	0	0	NULL	NO_REGISTERED_SESSION_SERVER_STOPPED
24206	Graveri	475	RNDBOT198	1	5	1	0	1787955276	2026-08-29 00:14:36	1	NULL	0000-00-00 00:00:00	0	1	0	0	0	0	0	0	NULL	NO_REGISTERED_SESSION_SERVER_STOPPED
24207	Llanaya	475	RNDBOT198	1	11	4	0	1787955281	2026-08-29 00:14:41	1	NULL	0000-00-00 00:00:00	0	1	0	0	0	0	0	0	NULL	NO_REGISTERED_SESSION_SERVER_STOPPED
24208	Channohuk	475	RNDBOT198	1	7	6	0	1787955274	2026-08-29 00:14:34	1	NULL	0000-00-00 00:00:00	0	1	0	0	0	0	0	0	NULL	NO_REGISTERED_SESSION_SERVER_STOPPED
24209	Talane	475	RNDBOT198	1	9	9	0	1787955277	2026-08-29 00:14:37	1	NULL	0000-00-00 00:00:00	0	1	0	0	0	0	0	0	NULL	NO_REGISTERED_SESSION_SERVER_STOPPED
24210	Baldorian	475	RNDBOT198	1	9	9	0	1787955293	2026-08-29 00:14:53	1	NULL	0000-00-00 00:00:00	0	1	0	0	0	0	0	0	NULL	NO_REGISTERED_SESSION_SERVER_STOPPED
24211	Cecilli	475	RNDBOT198	1	2	1	0	1787955286	2026-08-29 00:14:46	1	NULL	0000-00-00 00:00:00	0	1	0	0	0	0	0	0	NULL	NO_REGISTERED_SESSION_SERVER_STOPPED
24212	Athard	389	RNDBOT199	1	4	9	0	1787955295	2026-08-29 00:14:55	1	NULL	0000-00-00 00:00:00	0	1	0	0	0	0	0	0	NULL	NO_REGISTERED_SESSION_SERVER_STOPPED
24213	Nelianny	389	RNDBOT199	1	1	9	0	1787955289	2026-08-29 00:14:49	1	NULL	0000-00-00 00:00:00	0	1	0	0	0	0	0	0	NULL	NO_REGISTERED_SESSION_SERVER_STOPPED
24214	Nadini	389	RNDBOT199	1	8	1	0	1787955275	2026-08-29 00:14:35	1	NULL	0000-00-00 00:00:00	0	1	0	0	0	0	0	0	NULL	NO_REGISTERED_SESSION_SERVER_STOPPED
24215	Kutdim	389	RNDBOT199	1	1	2	0	1787955275	2026-08-29 00:14:35	1	NULL	0000-00-00 00:00:00	0	1	0	0	0	0	0	0	NULL	NO_REGISTERED_SESSION_SERVER_STOPPED
24216	Xantin	389	RNDBOT199	1	8	9	0	1787955274	2026-08-29 00:14:34	1	NULL	0000-00-00 00:00:00	0	1	0	0	0	0	0	0	NULL	NO_REGISTERED_SESSION_SERVER_STOPPED
24217	Felinda	389	RNDBOT199	1	5	10	0	1787955276	2026-08-29 00:14:36	1	NULL	0000-00-00 00:00:00	0	1	0	0	0	0	0	0	NULL	NO_REGISTERED_SESSION_SERVER_STOPPED
24218	Orino	389	RNDBOT199	1	4	9	0	1787955293	2026-08-29 00:14:53	1	NULL	0000-00-00 00:00:00	0	1	0	0	0	0	0	0	NULL	NO_REGISTERED_SESSION_SERVER_STOPPED
24219	Pirlosh	389	RNDBOT199	1	4	7	0	1787955281	2026-08-29 00:14:41	1	NULL	0000-00-00 00:00:00	0	1	0	0	0	0	0	0	NULL	NO_REGISTERED_SESSION_SERVER_STOPPED
24220	Roltanon	389	RNDBOT199	1	1	9	0	1787955271	2026-08-29 00:14:31	1	NULL	0000-00-00 00:00:00	0	1	0	0	0	0	0	0	NULL	NO_REGISTERED_SESSION_SERVER_STOPPED
24221	Jonavando	138	RNDBOT200	1	3	9	0	1787955283	2026-08-29 00:14:43	1	NULL	0000-00-00 00:00:00	0	1	0	0	0	0	0	0	NULL	NO_REGISTERED_SESSION_SERVER_STOPPED
24222	Nesterina	138	RNDBOT200	1	5	10	0	1787955285	2026-08-29 00:14:45	1	NULL	0000-00-00 00:00:00	0	1	0	0	0	0	0	0	NULL	NO_REGISTERED_SESSION_SERVER_STOPPED
24223	Felsa	138	RNDBOT200	1	9	5	0	1787955278	2026-08-29 00:14:38	1	NULL	0000-00-00 00:00:00	0	1	0	0	0	0	0	0	NULL	NO_REGISTERED_SESSION_SERVER_STOPPED
24224	Landerico	138	RNDBOT200	1	8	9	0	1787955295	2026-08-29 00:14:55	1	NULL	0000-00-00 00:00:00	0	1	0	0	0	0	0	0	NULL	NO_REGISTERED_SESSION_SERVER_STOPPED
24225	Narineria	138	RNDBOT200	1	8	10	0	1787955284	2026-08-29 00:14:44	1	NULL	0000-00-00 00:00:00	0	1	0	0	0	0	0	0	NULL	NO_REGISTERED_SESSION_SERVER_STOPPED
24226	Sildaar	138	RNDBOT200	1	11	4	0	1787955281	2026-08-29 00:14:41	1	NULL	0000-00-00 00:00:00	0	1	0	0	0	0	0	0	NULL	NO_REGISTERED_SESSION_SERVER_STOPPED
24227	Atherina	138	RNDBOT200	1	8	1	0	1787955281	2026-08-29 00:14:41	1	NULL	0000-00-00 00:00:00	0	1	0	0	0	0	0	0	NULL	NO_REGISTERED_SESSION_SERVER_STOPPED
24228	Mytlynn	138	RNDBOT200	1	11	4	0	1787955290	2026-08-29 00:14:50	1	NULL	0000-00-00 00:00:00	0	1	0	0	0	0	0	0	NULL	NO_REGISTERED_SESSION_SERVER_STOPPED
24229	Keraei	138	RNDBOT200	1	11	4	0	1787955287	2026-08-29 00:14:47	1	NULL	0000-00-00 00:00:00	0	1	0	0	0	0	0	0	NULL	NO_REGISTERED_SESSION_SERVER_STOPPED
24230	Charles	139	RNDBOT201	1	2	10	0	1787955290	2026-08-29 00:14:50	1	NULL	0000-00-00 00:00:00	0	1	0	0	0	0	0	0	NULL	NO_REGISTERED_SESSION_SERVER_STOPPED
24231	Dregtest	139	RNDBOT201	1	3	2	0	1787955300	2026-08-29 00:15:00	1	NULL	0000-00-00 00:00:00	0	1	0	0	0	0	0	0	NULL	NO_REGISTERED_SESSION_SERVER_STOPPED
24232	Nassenu	139	RNDBOT201	1	1	7	0	1787955285	2026-08-29 00:14:45	1	NULL	0000-00-00 00:00:00	0	1	0	0	0	0	0	0	NULL	NO_REGISTERED_SESSION_SERVER_STOPPED
24233	Everus	139	RNDBOT201	1	2	10	0	1787955283	2026-08-29 00:14:43	1	NULL	0000-00-00 00:00:00	0	1	0	0	0	0	0	0	NULL	NO_REGISTERED_SESSION_SERVER_STOPPED
24234	Antaran	139	RNDBOT201	1	1	4	0	1787955286	2026-08-29 00:14:46	1	NULL	0000-00-00 00:00:00	0	1	0	0	0	0	0	0	NULL	NO_REGISTERED_SESSION_SERVER_STOPPED
24235	Lothano	139	RNDBOT201	1	9	9	0	1787955274	2026-08-29 00:14:34	1	NULL	0000-00-00 00:00:00	0	1	0	0	0	0	0	0	NULL	NO_REGISTERED_SESSION_SERVER_STOPPED
24236	Shuchinsiw	139	RNDBOT201	1	11	6	0	1787955282	2026-08-29 00:14:42	1	NULL	0000-00-00 00:00:00	0	1	0	0	0	0	0	0	NULL	NO_REGISTERED_SESSION_SERVER_STOPPED
24237	Baleralt	139	RNDBOT201	1	9	1	0	1787955297	2026-08-29 00:14:57	1	NULL	0000-00-00 00:00:00	0	1	0	0	0	0	0	0	NULL	NO_REGISTERED_SESSION_SERVER_STOPPED
24238	Laralda	139	RNDBOT201	1	1	10	0	1787955288	2026-08-29 00:14:48	1	NULL	0000-00-00 00:00:00	0	1	0	0	0	0	0	0	NULL	NO_REGISTERED_SESSION_SERVER_STOPPED
24239	Justalorio	141	RNDBOT202	1	8	10	0	1787955287	2026-08-29 00:14:47	1	NULL	0000-00-00 00:00:00	0	1	0	0	0	0	0	0	NULL	NO_REGISTERED_SESSION_SERVER_STOPPED
24240	Vandy	141	RNDBOT202	1	1	9	0	1787955274	2026-08-29 00:14:34	1	NULL	0000-00-00 00:00:00	0	1	0	0	0	0	0	0	NULL	NO_REGISTERED_SESSION_SERVER_STOPPED
24241	Flaveew	141	RNDBOT202	1	1	6	0	1787955287	2026-08-29 00:14:47	1	NULL	0000-00-00 00:00:00	0	1	0	0	0	0	0	0	NULL	NO_REGISTERED_SESSION_SERVER_STOPPED
24242	Armario	141	RNDBOT202	1	2	10	0	1787955273	2026-08-29 00:14:33	1	NULL	0000-00-00 00:00:00	0	1	0	0	0	0	0	0	NULL	NO_REGISTERED_SESSION_SERVER_STOPPED
24243	Trayaena	141	RNDBOT202	1	4	8	0	1787955294	2026-08-29 00:14:54	1	NULL	0000-00-00 00:00:00	0	1	0	0	0	0	0	0	NULL	NO_REGISTERED_SESSION_SERVER_STOPPED
24244	Balavo	141	RNDBOT202	1	4	10	0	1787955285	2026-08-29 00:14:45	1	NULL	0000-00-00 00:00:00	0	1	0	0	0	0	0	0	NULL	NO_REGISTERED_SESSION_SERVER_STOPPED
24245	Mezei	141	RNDBOT202	1	4	8	0	1787955281	2026-08-29 00:14:41	1	NULL	0000-00-00 00:00:00	0	1	0	0	0	0	0	0	NULL	NO_REGISTERED_SESSION_SERVER_STOPPED
24246	Aelzaeh	141	RNDBOT202	1	4	8	0	1787955271	2026-08-29 00:14:31	1	NULL	0000-00-00 00:00:00	0	1	0	0	0	0	0	0	NULL	NO_REGISTERED_SESSION_SERVER_STOPPED
24247	Therinne	141	RNDBOT202	1	1	10	0	1787955292	2026-08-29 00:14:52	1	NULL	0000-00-00 00:00:00	0	1	0	0	0	0	0	0	NULL	NO_REGISTERED_SESSION_SERVER_STOPPED
24248	Lamela	447	RNDBOT203	1	4	5	0	1787955274	2026-08-29 00:14:34	1	NULL	0000-00-00 00:00:00	0	1	0	0	0	0	0	0	NULL	NO_REGISTERED_SESSION_SERVER_STOPPED
24249	Danthras	447	RNDBOT203	1	3	4	0	1787955285	2026-08-29 00:14:45	1	NULL	0000-00-00 00:00:00	0	1	0	0	0	0	0	0	NULL	NO_REGISTERED_SESSION_SERVER_STOPPED
24250	Amoni	447	RNDBOT203	1	3	9	0	1787955275	2026-08-29 00:14:35	1	NULL	0000-00-00 00:00:00	0	1	0	0	0	0	0	0	NULL	NO_REGISTERED_SESSION_SERVER_STOPPED
24251	Doralda	447	RNDBOT203	1	5	10	0	1787955276	2026-08-29 00:14:36	1	NULL	0000-00-00 00:00:00	0	1	0	0	0	0	0	0	NULL	NO_REGISTERED_SESSION_SERVER_STOPPED
24252	Gnoli	447	RNDBOT203	1	8	7	0	1787955284	2026-08-29 00:14:44	1	NULL	0000-00-00 00:00:00	0	1	0	0	0	0	0	0	NULL	NO_REGISTERED_SESSION_SERVER_STOPPED
24253	Jugniay	447	RNDBOT203	1	7	8	0	1787955291	2026-08-29 00:14:51	1	NULL	0000-00-00 00:00:00	0	1	0	0	0	0	0	0	NULL	NO_REGISTERED_SESSION_SERVER_STOPPED
24254	Nevander	447	RNDBOT203	1	3	9	0	1787955294	2026-08-29 00:14:54	1	NULL	0000-00-00 00:00:00	0	1	0	0	0	0	0	0	NULL	NO_REGISTERED_SESSION_SERVER_STOPPED
24255	Calandeo	447	RNDBOT203	1	3	9	0	1787955282	2026-08-29 00:14:42	1	NULL	0000-00-00 00:00:00	0	1	0	0	0	0	0	0	NULL	NO_REGISTERED_SESSION_SERVER_STOPPED
24256	Sasae	447	RNDBOT203	1	3	4	0	1787955288	2026-08-29 00:14:48	1	NULL	0000-00-00 00:00:00	0	1	0	0	0	0	0	0	NULL	NO_REGISTERED_SESSION_SERVER_STOPPED
24257	Alallaes	140	RNDBOT204	8	4	4	0	1787965724	2026-08-29 03:08:44	1	NULL	0000-00-00 00:00:00	1	1	0	0	0	0	0	0	NULL	NO_REGISTERED_SESSION_SERVER_STOPPED
24258	Harolan	140	RNDBOT204	6	8	5	0	1788027380	2026-08-29 20:16:20	1	NULL	0000-00-00 00:00:00	1	1	0	0	0	0	0	0	NULL	NO_REGISTERED_SESSION_SERVER_STOPPED
24259	Bellista	140	RNDBOT204	7	1	10	0	1787965724	2026-08-29 03:08:44	1	NULL	0000-00-00 00:00:00	1	1	0	0	0	0	0	1	1	NO_REGISTERED_SESSION_SERVER_STOPPED
24260	Nevanne	140	RNDBOT204	7	4	10	0	1787965724	2026-08-29 03:08:44	1	NULL	0000-00-00 00:00:00	1	1	0	0	0	0	0	0	NULL	NO_REGISTERED_SESSION_SERVER_STOPPED
24261	Lothermes	140	RNDBOT204	6	2	1	0	1787965724	2026-08-29 03:08:44	1	NULL	0000-00-00 00:00:00	1	1	0	0	0	0	0	0	NULL	NO_REGISTERED_SESSION_SERVER_STOPPED
24262	Aledant	140	RNDBOT204	7	3	4	0	1788044101	2026-08-30 00:55:01	1	NULL	0000-00-00 00:00:00	1	1	0	0	0	0	0	0	NULL	NO_REGISTERED_SESSION_SERVER_STOPPED
24263	Eshyr	140	RNDBOT204	6	3	2	0	1787965724	2026-08-29 03:08:44	1	NULL	0000-00-00 00:00:00	1	1	0	0	0	0	0	1	3	NO_REGISTERED_SESSION_SERVER_STOPPED
24264	Buso	140	RNDBOT204	6	1	2	0	1787965724	2026-08-29 03:08:44	1	NULL	0000-00-00 00:00:00	1	1	0	0	0	0	0	0	NULL	NO_REGISTERED_SESSION_SERVER_STOPPED
24265	Ragonol	140	RNDBOT204	9	8	8	0	1788124443	2026-08-30 23:14:03	1	NULL	0000-00-00 00:00:00	1	1	0	0	0	0	0	0	NULL	NO_REGISTERED_SESSION_SERVER_STOPPED
24266	Atherie	391	RNDBOT205	1	4	9	0	1787955282	2026-08-29 00:14:42	1	NULL	0000-00-00 00:00:00	0	1	0	0	0	0	0	0	NULL	NO_REGISTERED_SESSION_SERVER_STOPPED
24267	Delias	391	RNDBOT205	1	9	9	0	1787955295	2026-08-29 00:14:55	1	NULL	0000-00-00 00:00:00	0	1	0	0	0	0	0	0	NULL	NO_REGISTERED_SESSION_SERVER_STOPPED
24268	Vlazar	391	RNDBOT205	1	8	1	0	1787955275	2026-08-29 00:14:35	1	NULL	0000-00-00 00:00:00	0	1	0	0	0	0	0	0	NULL	NO_REGISTERED_SESSION_SERVER_STOPPED
24269	Bellara	391	RNDBOT205	1	2	10	0	1787955280	2026-08-29 00:14:40	1	NULL	0000-00-00 00:00:00	0	1	0	0	0	0	0	0	NULL	NO_REGISTERED_SESSION_SERVER_STOPPED
24270	Caram	391	RNDBOT205	1	8	10	0	1787955298	2026-08-29 00:14:58	1	NULL	0000-00-00 00:00:00	0	1	0	0	0	0	0	0	NULL	NO_REGISTERED_SESSION_SERVER_STOPPED
24271	Nalyssae	391	RNDBOT205	1	3	4	0	1787955271	2026-08-29 00:14:31	1	NULL	0000-00-00 00:00:00	0	1	0	0	0	0	0	0	NULL	NO_REGISTERED_SESSION_SERVER_STOPPED
24272	Geraneira	391	RNDBOT205	1	8	10	0	1787955278	2026-08-29 00:14:38	1	NULL	0000-00-00 00:00:00	0	1	0	0	0	0	0	0	NULL	NO_REGISTERED_SESSION_SERVER_STOPPED
24273	Koumags	391	RNDBOT205	1	2	3	0	1787955288	2026-08-29 00:14:48	1	NULL	0000-00-00 00:00:00	0	1	0	0	0	0	0	0	NULL	NO_REGISTERED_SESSION_SERVER_STOPPED
24274	Kallista	391	RNDBOT205	1	3	10	0	1787955291	2026-08-29 00:14:51	1	NULL	0000-00-00 00:00:00	0	1	0	0	0	0	0	0	NULL	NO_REGISTERED_SESSION_SERVER_STOPPED
24275	Kaelantin	392	RNDBOT206	1	9	5	0	1787955287	2026-08-29 00:14:47	1	NULL	0000-00-00 00:00:00	0	1	0	0	0	0	0	0	NULL	NO_REGISTERED_SESSION_SERVER_STOPPED
24276	Balorinek	392	RNDBOT206	1	9	5	0	1787955292	2026-08-29 00:14:52	1	NULL	0000-00-00 00:00:00	0	1	0	0	0	0	0	0	NULL	NO_REGISTERED_SESSION_SERVER_STOPPED
24277	Helamie	392	RNDBOT206	1	8	9	0	1787955298	2026-08-29 00:14:58	1	NULL	0000-00-00 00:00:00	0	1	0	0	0	0	0	0	NULL	NO_REGISTERED_SESSION_SERVER_STOPPED
24278	Odericia	392	RNDBOT206	1	3	1	0	1787955281	2026-08-29 00:14:41	1	NULL	0000-00-00 00:00:00	0	1	0	0	0	0	0	0	NULL	NO_REGISTERED_SESSION_SERVER_STOPPED
24279	Kendario	392	RNDBOT206	1	5	10	0	1787955286	2026-08-29 00:14:46	1	NULL	0000-00-00 00:00:00	0	1	0	0	0	0	0	0	NULL	NO_REGISTERED_SESSION_SERVER_STOPPED
24280	Param	392	RNDBOT206	1	2	1	0	1787955278	2026-08-29 00:14:38	1	NULL	0000-00-00 00:00:00	0	1	0	0	0	0	0	0	NULL	NO_REGISTERED_SESSION_SERVER_STOPPED
24281	Bronatari	392	RNDBOT206	1	5	10	0	1787955299	2026-08-29 00:14:59	1	NULL	0000-00-00 00:00:00	0	1	0	0	0	0	0	0	NULL	NO_REGISTERED_SESSION_SERVER_STOPPED
24282	Umghush	392	RNDBOT206	1	3	8	0	1787955297	2026-08-29 00:14:57	1	NULL	0000-00-00 00:00:00	0	1	0	0	0	0	0	0	NULL	NO_REGISTERED_SESSION_SERVER_STOPPED
24283	Judege	392	RNDBOT206	1	8	7	0	1787955288	2026-08-29 00:14:48	1	NULL	0000-00-00 00:00:00	0	1	0	0	0	0	0	0	NULL	NO_REGISTERED_SESSION_SERVER_STOPPED
24284	Balan	142	RNDBOT207	1	8	5	0	1787955292	2026-08-29 00:14:52	1	NULL	0000-00-00 00:00:00	0	1	0	0	0	0	0	0	NULL	NO_REGISTERED_SESSION_SERVER_STOPPED
24285	Kadent	142	RNDBOT207	1	3	4	0	1787955271	2026-08-29 00:14:31	1	NULL	0000-00-00 00:00:00	0	1	0	0	0	0	0	0	NULL	NO_REGISTERED_SESSION_SERVER_STOPPED
24286	Raphanda	142	RNDBOT207	1	1	1	0	1787955285	2026-08-29 00:14:45	1	NULL	0000-00-00 00:00:00	0	1	0	0	0	0	0	0	NULL	NO_REGISTERED_SESSION_SERVER_STOPPED
24287	Hanno	142	RNDBOT207	1	2	1	0	1787955288	2026-08-29 00:14:48	1	NULL	0000-00-00 00:00:00	0	1	0	0	0	0	0	0	NULL	NO_REGISTERED_SESSION_SERVER_STOPPED
24288	Roderine	142	RNDBOT207	1	4	5	0	1787955295	2026-08-29 00:14:55	1	NULL	0000-00-00 00:00:00	0	1	0	0	0	0	0	0	NULL	NO_REGISTERED_SESSION_SERVER_STOPPED
24289	Makan	142	RNDBOT207	1	2	3	0	1787955272	2026-08-29 00:14:32	1	NULL	0000-00-00 00:00:00	0	1	0	0	0	0	0	0	NULL	NO_REGISTERED_SESSION_SERVER_STOPPED
24290	Hannoren	142	RNDBOT207	1	2	10	0	1787955278	2026-08-29 00:14:38	1	NULL	0000-00-00 00:00:00	0	1	0	0	0	0	0	0	NULL	NO_REGISTERED_SESSION_SERVER_STOPPED
24291	Athki	142	RNDBOT207	1	4	7	0	1787955290	2026-08-29 00:14:50	1	NULL	0000-00-00 00:00:00	0	1	0	0	0	0	0	0	NULL	NO_REGISTERED_SESSION_SERVER_STOPPED
24292	Nostra	142	RNDBOT207	1	3	1	0	1787955285	2026-08-29 00:14:45	1	NULL	0000-00-00 00:00:00	0	1	0	0	0	0	0	0	NULL	NO_REGISTERED_SESSION_SERVER_STOPPED
24293	Gero	143	RNDBOT208	1	8	9	0	1787955279	2026-08-29 00:14:39	1	NULL	0000-00-00 00:00:00	0	1	0	0	0	0	0	0	NULL	NO_REGISTERED_SESSION_SERVER_STOPPED
24294	Ronora	143	RNDBOT208	1	1	10	0	1787955296	2026-08-29 00:14:56	1	NULL	0000-00-00 00:00:00	0	1	0	0	0	0	0	0	NULL	NO_REGISTERED_SESSION_SERVER_STOPPED
24295	Aaylene	143	RNDBOT208	1	11	4	0	1787955278	2026-08-29 00:14:38	1	NULL	0000-00-00 00:00:00	0	1	0	0	0	0	0	0	NULL	NO_REGISTERED_SESSION_SERVER_STOPPED
24296	Landerick	143	RNDBOT208	1	8	9	0	1787955271	2026-08-29 00:14:31	1	NULL	0000-00-00 00:00:00	0	1	0	0	0	0	0	0	NULL	NO_REGISTERED_SESSION_SERVER_STOPPED
24297	Camone	143	RNDBOT208	1	1	10	0	1787955300	2026-08-29 00:15:00	1	NULL	0000-00-00 00:00:00	0	1	0	0	0	0	0	0	NULL	NO_REGISTERED_SESSION_SERVER_STOPPED
24298	Dradrin	143	RNDBOT208	1	4	9	0	1787955293	2026-08-29 00:14:53	1	NULL	0000-00-00 00:00:00	0	1	0	0	0	0	0	0	NULL	NO_REGISTERED_SESSION_SERVER_STOPPED
24299	Celyne	143	RNDBOT208	1	2	1	0	1787955280	2026-08-29 00:14:40	1	NULL	0000-00-00 00:00:00	0	1	0	0	0	0	0	0	NULL	NO_REGISTERED_SESSION_SERVER_STOPPED
24300	Nelope	143	RNDBOT208	1	8	9	0	1787955299	2026-08-29 00:14:59	1	NULL	0000-00-00 00:00:00	0	1	0	0	0	0	0	0	NULL	NO_REGISTERED_SESSION_SERVER_STOPPED
24301	Ellata	143	RNDBOT208	1	2	10	0	1787955282	2026-08-29 00:14:42	1	NULL	0000-00-00 00:00:00	0	1	0	0	0	0	0	0	NULL	NO_REGISTERED_SESSION_SERVER_STOPPED
24302	Veronwyn	448	RNDBOT210	1	8	10	0	1787955278	2026-08-29 00:14:38	1	NULL	0000-00-00 00:00:00	0	1	0	0	0	0	0	0	NULL	NO_REGISTERED_SESSION_SERVER_STOPPED
24303	Vernac	448	RNDBOT210	1	5	1	0	1787955293	2026-08-29 00:14:53	1	NULL	0000-00-00 00:00:00	0	1	0	0	0	0	0	0	NULL	NO_REGISTERED_SESSION_SERVER_STOPPED
24304	Shorzet	448	RNDBOT210	1	7	2	0	1787955290	2026-08-29 00:14:50	1	NULL	0000-00-00 00:00:00	0	1	0	0	0	0	0	0	NULL	NO_REGISTERED_SESSION_SERVER_STOPPED
24305	Genna	448	RNDBOT210	1	4	9	0	1787955272	2026-08-29 00:14:32	1	NULL	0000-00-00 00:00:00	0	1	0	0	0	0	0	0	NULL	NO_REGISTERED_SESSION_SERVER_STOPPED
24306	Zulutke	448	RNDBOT210	1	7	6	0	1787955283	2026-08-29 00:14:43	1	NULL	0000-00-00 00:00:00	0	1	0	0	0	0	0	0	NULL	NO_REGISTERED_SESSION_SERVER_STOPPED
24307	Oderica	448	RNDBOT210	1	5	10	0	1787955281	2026-08-29 00:14:41	1	NULL	0000-00-00 00:00:00	0	1	0	0	0	0	0	0	NULL	NO_REGISTERED_SESSION_SERVER_STOPPED
24308	Hamerolai	448	RNDBOT210	1	8	10	0	1787955287	2026-08-29 00:14:47	1	NULL	0000-00-00 00:00:00	0	1	0	0	0	0	0	0	NULL	NO_REGISTERED_SESSION_SERVER_STOPPED
24309	Evelanie	448	RNDBOT210	1	4	10	0	1787955284	2026-08-29 00:14:44	1	NULL	0000-00-00 00:00:00	0	1	0	0	0	0	0	0	NULL	NO_REGISTERED_SESSION_SERVER_STOPPED
24310	Zerano	448	RNDBOT210	1	2	1	0	1787955273	2026-08-29 00:14:33	1	NULL	0000-00-00 00:00:00	0	1	0	0	0	0	0	0	NULL	NO_REGISTERED_SESSION_SERVER_STOPPED
24311	Redario	144	RNDBOT211	1	2	10	0	1787955289	2026-08-29 00:14:49	1	NULL	0000-00-00 00:00:00	0	1	0	0	0	0	0	0	NULL	NO_REGISTERED_SESSION_SERVER_STOPPED
24312	Yelessa	144	RNDBOT211	1	5	10	0	1787955275	2026-08-29 00:14:35	1	NULL	0000-00-00 00:00:00	0	1	0	0	0	0	0	0	NULL	NO_REGISTERED_SESSION_SERVER_STOPPED
24313	Krerrol	144	RNDBOT211	1	5	3	0	1787955273	2026-08-29 00:14:33	1	NULL	0000-00-00 00:00:00	0	1	0	0	0	0	0	0	NULL	NO_REGISTERED_SESSION_SERVER_STOPPED
24314	Ladanair	144	RNDBOT211	1	3	4	0	1787955285	2026-08-29 00:14:45	1	NULL	0000-00-00 00:00:00	0	1	0	0	0	0	0	0	NULL	NO_REGISTERED_SESSION_SERVER_STOPPED
24315	Blantand	144	RNDBOT211	1	8	9	0	1787955289	2026-08-29 00:14:49	1	NULL	0000-00-00 00:00:00	0	1	0	0	0	0	0	0	NULL	NO_REGISTERED_SESSION_SERVER_STOPPED
24316	Krernu	144	RNDBOT211	1	1	2	0	1787955272	2026-08-29 00:14:32	1	NULL	0000-00-00 00:00:00	0	1	0	0	0	0	0	0	NULL	NO_REGISTERED_SESSION_SERVER_STOPPED
24317	Sterea	144	RNDBOT211	1	4	5	0	1787955282	2026-08-29 00:14:42	1	NULL	0000-00-00 00:00:00	0	1	0	0	0	0	0	0	NULL	NO_REGISTERED_SESSION_SERVER_STOPPED
24318	Homguntil	144	RNDBOT211	1	1	2	0	1787955285	2026-08-29 00:14:45	1	NULL	0000-00-00 00:00:00	0	1	0	0	0	0	0	0	NULL	NO_REGISTERED_SESSION_SERVER_STOPPED
24319	Arceline	144	RNDBOT211	1	4	10	0	1787955271	2026-08-29 00:14:31	1	NULL	0000-00-00 00:00:00	0	1	0	0	0	0	0	0	NULL	NO_REGISTERED_SESSION_SERVER_STOPPED
24320	Mihde	145	RNDBOT212	1	3	3	0	1787955282	2026-08-29 00:14:42	1	NULL	0000-00-00 00:00:00	0	1	0	0	0	0	0	0	NULL	NO_REGISTERED_SESSION_SERVER_STOPPED
24321	Aleriane	145	RNDBOT212	1	8	1	0	1787955279	2026-08-29 00:14:39	1	NULL	0000-00-00 00:00:00	0	1	0	0	0	0	0	0	NULL	NO_REGISTERED_SESSION_SERVER_STOPPED
24322	Emien	145	RNDBOT212	1	7	8	0	1787955284	2026-08-29 00:14:44	1	NULL	0000-00-00 00:00:00	0	1	0	0	0	0	0	0	NULL	NO_REGISTERED_SESSION_SERVER_STOPPED
24323	Morinek	145	RNDBOT212	1	1	9	0	1787955274	2026-08-29 00:14:34	1	NULL	0000-00-00 00:00:00	0	1	0	0	0	0	0	0	NULL	NO_REGISTERED_SESSION_SERVER_STOPPED
24324	Fellan	145	RNDBOT212	1	3	4	0	1787955277	2026-08-29 00:14:37	1	NULL	0000-00-00 00:00:00	0	1	0	0	0	0	0	0	NULL	NO_REGISTERED_SESSION_SERVER_STOPPED
24325	Aragorn	145	RNDBOT212	1	11	4	0	1787955279	2026-08-29 00:14:39	1	NULL	0000-00-00 00:00:00	0	1	0	0	0	0	0	0	NULL	NO_REGISTERED_SESSION_SERVER_STOPPED
24326	Steranu	145	RNDBOT212	1	8	10	0	1787955274	2026-08-29 00:14:34	1	NULL	0000-00-00 00:00:00	0	1	0	0	0	0	0	0	NULL	NO_REGISTERED_SESSION_SERVER_STOPPED
24327	Gnondes	145	RNDBOT212	1	9	7	0	1787955274	2026-08-29 00:14:34	1	NULL	0000-00-00 00:00:00	0	1	0	0	0	0	0	0	NULL	NO_REGISTERED_SESSION_SERVER_STOPPED
24328	Hithink	145	RNDBOT212	1	1	7	0	1787955276	2026-08-29 00:14:36	1	NULL	0000-00-00 00:00:00	0	1	0	0	0	0	0	0	NULL	NO_REGISTERED_SESSION_SERVER_STOPPED
24329	Jonathor	393	RNDBOT213	1	1	9	0	1787955276	2026-08-29 00:14:36	1	NULL	0000-00-00 00:00:00	0	1	0	0	0	0	0	0	NULL	NO_REGISTERED_SESSION_SERVER_STOPPED
24330	Nildari	393	RNDBOT213	1	4	10	0	1787955272	2026-08-29 00:14:32	1	NULL	0000-00-00 00:00:00	0	1	0	0	0	0	0	0	NULL	NO_REGISTERED_SESSION_SERVER_STOPPED
24331	Serlo	393	RNDBOT213	1	5	5	0	1787955283	2026-08-29 00:14:43	1	NULL	0000-00-00 00:00:00	0	1	0	0	0	0	0	0	NULL	NO_REGISTERED_SESSION_SERVER_STOPPED
24332	Ealania	393	RNDBOT213	1	4	4	0	1787955275	2026-08-29 00:14:35	1	NULL	0000-00-00 00:00:00	0	1	0	0	0	0	0	0	NULL	NO_REGISTERED_SESSION_SERVER_STOPPED
24333	Stinico	393	RNDBOT213	1	8	9	0	1787955277	2026-08-29 00:14:37	1	NULL	0000-00-00 00:00:00	0	1	0	0	0	0	0	0	NULL	NO_REGISTERED_SESSION_SERVER_STOPPED
24334	Arissandy	393	RNDBOT213	1	9	9	0	1787955280	2026-08-29 00:14:40	1	NULL	0000-00-00 00:00:00	0	1	0	0	0	0	0	0	NULL	NO_REGISTERED_SESSION_SERVER_STOPPED
24335	Lotharmin	393	RNDBOT213	1	2	10	0	1787955294	2026-08-29 00:14:54	1	NULL	0000-00-00 00:00:00	0	1	0	0	0	0	0	0	NULL	NO_REGISTERED_SESSION_SERVER_STOPPED
24336	Sherea	393	RNDBOT213	1	1	4	0	1787955276	2026-08-29 00:14:36	1	NULL	0000-00-00 00:00:00	0	1	0	0	0	0	0	0	NULL	NO_REGISTERED_SESSION_SERVER_STOPPED
24337	Alanya	393	RNDBOT213	1	3	4	0	1787955283	2026-08-29 00:14:43	1	NULL	0000-00-00 00:00:00	0	1	0	0	0	0	0	0	NULL	NO_REGISTERED_SESSION_SERVER_STOPPED
24338	Caloa	146	RNDBOT214	1	4	9	0	1787955280	2026-08-29 00:14:40	1	NULL	0000-00-00 00:00:00	0	1	0	0	0	0	0	0	NULL	NO_REGISTERED_SESSION_SERVER_STOPPED
24339	Hennah	146	RNDBOT214	1	9	9	0	1787955285	2026-08-29 00:14:45	1	NULL	0000-00-00 00:00:00	0	1	0	0	0	0	0	0	NULL	NO_REGISTERED_SESSION_SERVER_STOPPED
24340	Walo	146	RNDBOT214	1	2	1	0	1787955273	2026-08-29 00:14:33	1	NULL	0000-00-00 00:00:00	0	1	0	0	0	0	0	0	NULL	NO_REGISTERED_SESSION_SERVER_STOPPED
24341	Alanderic	146	RNDBOT214	1	3	1	0	1787955284	2026-08-29 00:14:44	1	NULL	0000-00-00 00:00:00	0	1	0	0	0	0	0	0	NULL	NO_REGISTERED_SESSION_SERVER_STOPPED
24342	Dailea	146	RNDBOT214	1	2	10	0	1787955275	2026-08-29 00:14:35	1	NULL	0000-00-00 00:00:00	0	1	0	0	0	0	0	0	NULL	NO_REGISTERED_SESSION_SERVER_STOPPED
24343	Jangel	146	RNDBOT214	1	9	9	0	1787955295	2026-08-29 00:14:55	1	NULL	0000-00-00 00:00:00	0	1	0	0	0	0	0	0	NULL	NO_REGISTERED_SESSION_SERVER_STOPPED
24344	Morenia	146	RNDBOT214	1	2	1	0	1787955275	2026-08-29 00:14:35	1	NULL	0000-00-00 00:00:00	0	1	0	0	0	0	0	0	NULL	NO_REGISTERED_SESSION_SERVER_STOPPED
24345	Lorennor	146	RNDBOT214	1	9	9	0	1787955291	2026-08-29 00:14:51	1	NULL	0000-00-00 00:00:00	0	1	0	0	0	0	0	0	NULL	NO_REGISTERED_SESSION_SERVER_STOPPED
24346	Lucastino	146	RNDBOT214	1	2	10	0	1787955286	2026-08-29 00:14:46	1	NULL	0000-00-00 00:00:00	0	1	0	0	0	0	0	0	NULL	NO_REGISTERED_SESSION_SERVER_STOPPED
24347	Amaris	476	RNDBOT215	1	1	5	0	1787955299	2026-08-29 00:14:59	1	NULL	0000-00-00 00:00:00	0	1	0	0	0	0	0	0	NULL	NO_REGISTERED_SESSION_SERVER_STOPPED
24348	Rolanton	476	RNDBOT215	1	3	9	0	1787955298	2026-08-29 00:14:58	1	NULL	0000-00-00 00:00:00	0	1	0	0	0	0	0	0	NULL	NO_REGISTERED_SESSION_SERVER_STOPPED
24349	Babellie	476	RNDBOT215	1	5	10	0	1787955293	2026-08-29 00:14:53	1	NULL	0000-00-00 00:00:00	0	1	0	0	0	0	0	0	NULL	NO_REGISTERED_SESSION_SERVER_STOPPED
24350	Noreny	476	RNDBOT215	1	8	10	0	1787955275	2026-08-29 00:14:35	1	NULL	0000-00-00 00:00:00	0	1	0	0	0	0	0	0	NULL	NO_REGISTERED_SESSION_SERVER_STOPPED
24351	Malygli	476	RNDBOT215	1	3	3	0	1787955284	2026-08-29 00:14:44	1	NULL	0000-00-00 00:00:00	0	1	0	0	0	0	0	0	NULL	NO_REGISTERED_SESSION_SERVER_STOPPED
24352	Endoc	476	RNDBOT215	1	4	9	0	1787955289	2026-08-29 00:14:49	1	NULL	0000-00-00 00:00:00	0	1	0	0	0	0	0	0	NULL	NO_REGISTERED_SESSION_SERVER_STOPPED
24353	Suralar	476	RNDBOT215	1	11	4	0	1787955287	2026-08-29 00:14:47	1	NULL	0000-00-00 00:00:00	0	1	0	0	0	0	0	0	NULL	NO_REGISTERED_SESSION_SERVER_STOPPED
24354	Lynderon	476	RNDBOT215	1	1	1	0	1787955281	2026-08-29 00:14:41	1	NULL	0000-00-00 00:00:00	0	1	0	0	0	0	0	0	NULL	NO_REGISTERED_SESSION_SERVER_STOPPED
24355	Iyraei	476	RNDBOT215	1	11	4	0	1787955298	2026-08-29 00:14:58	1	NULL	0000-00-00 00:00:00	0	1	0	0	0	0	0	0	NULL	NO_REGISTERED_SESSION_SERVER_STOPPED
24356	Derolt	449	RNDBOT216	1	1	9	0	1787955274	2026-08-29 00:14:34	1	NULL	0000-00-00 00:00:00	0	1	0	0	0	0	0	0	NULL	NO_REGISTERED_SESSION_SERVER_STOPPED
24357	Knuhmico	449	RNDBOT216	1	1	6	0	1787955285	2026-08-29 00:14:45	1	NULL	0000-00-00 00:00:00	0	1	0	0	0	0	0	0	NULL	NO_REGISTERED_SESSION_SERVER_STOPPED
24358	Enor	449	RNDBOT216	1	3	10	0	1787955297	2026-08-29 00:14:57	1	NULL	0000-00-00 00:00:00	0	1	0	0	0	0	0	0	NULL	NO_REGISTERED_SESSION_SERVER_STOPPED
24359	Ocinwi	449	RNDBOT216	1	3	8	0	1787955283	2026-08-29 00:14:43	1	NULL	0000-00-00 00:00:00	0	1	0	0	0	0	0	0	NULL	NO_REGISTERED_SESSION_SERVER_STOPPED
24360	Illank	449	RNDBOT216	1	9	7	0	1787955297	2026-08-29 00:14:57	1	NULL	0000-00-00 00:00:00	0	1	0	0	0	0	0	0	NULL	NO_REGISTERED_SESSION_SERVER_STOPPED
24361	Menelario	449	RNDBOT216	1	9	9	0	1787955296	2026-08-29 00:14:56	1	NULL	0000-00-00 00:00:00	0	1	0	0	0	0	0	0	NULL	NO_REGISTERED_SESSION_SERVER_STOPPED
24362	Standriano	449	RNDBOT216	1	3	10	0	1787955292	2026-08-29 00:14:52	1	NULL	0000-00-00 00:00:00	0	1	0	0	0	0	0	0	NULL	NO_REGISTERED_SESSION_SERVER_STOPPED
24363	Baldorim	449	RNDBOT216	1	2	1	0	1787955273	2026-08-29 00:14:33	1	NULL	0000-00-00 00:00:00	0	1	0	0	0	0	0	0	NULL	NO_REGISTERED_SESSION_SERVER_STOPPED
24364	Kanor	449	RNDBOT216	1	1	9	0	1787955289	2026-08-29 00:14:49	1	NULL	0000-00-00 00:00:00	0	1	0	0	0	0	0	0	NULL	NO_REGISTERED_SESSION_SERVER_STOPPED
24365	Amdoun	394	RNDBOT217	1	3	3	0	1787955282	2026-08-29 00:14:42	1	NULL	0000-00-00 00:00:00	0	1	0	0	0	0	0	0	NULL	NO_REGISTERED_SESSION_SERVER_STOPPED
24366	Elte	394	RNDBOT217	1	1	2	0	1787955274	2026-08-29 00:14:34	1	NULL	0000-00-00 00:00:00	0	1	0	0	0	0	0	0	NULL	NO_REGISTERED_SESSION_SERVER_STOPPED
24367	Kydlass	394	RNDBOT217	1	4	4	0	1787955283	2026-08-29 00:14:43	1	NULL	0000-00-00 00:00:00	0	1	0	0	0	0	0	0	NULL	NO_REGISTERED_SESSION_SERVER_STOPPED
24368	Illindae	394	RNDBOT217	1	4	4	0	1787955273	2026-08-29 00:14:33	1	NULL	0000-00-00 00:00:00	0	1	0	0	0	0	0	0	NULL	NO_REGISTERED_SESSION_SERVER_STOPPED
24369	Soye	394	RNDBOT217	1	8	10	0	1787955276	2026-08-29 00:14:36	1	NULL	0000-00-00 00:00:00	0	1	0	0	0	0	0	0	NULL	NO_REGISTERED_SESSION_SERVER_STOPPED
24370	Astinik	394	RNDBOT217	1	3	10	0	1787955289	2026-08-29 00:14:49	1	NULL	0000-00-00 00:00:00	0	1	0	0	0	0	0	0	NULL	NO_REGISTERED_SESSION_SERVER_STOPPED
24371	Ellene	394	RNDBOT217	1	1	9	0	1787955285	2026-08-29 00:14:45	1	NULL	0000-00-00 00:00:00	0	1	0	0	0	0	0	0	NULL	NO_REGISTERED_SESSION_SERVER_STOPPED
24372	Calain	394	RNDBOT217	1	2	1	0	1787955296	2026-08-29 00:14:56	1	NULL	0000-00-00 00:00:00	0	1	0	0	0	0	0	0	NULL	NO_REGISTERED_SESSION_SERVER_STOPPED
24373	Edario	394	RNDBOT217	1	8	9	0	1787955300	2026-08-29 00:15:00	1	NULL	0000-00-00 00:00:00	0	1	0	0	0	0	0	0	NULL	NO_REGISTERED_SESSION_SERVER_STOPPED
24374	Tiahde	147	RNDBOT218	1	3	8	0	1787955275	2026-08-29 00:14:35	1	NULL	0000-00-00 00:00:00	0	1	0	0	0	0	0	0	NULL	NO_REGISTERED_SESSION_SERVER_STOPPED
24375	Ricia	147	RNDBOT218	1	5	10	0	1787955298	2026-08-29 00:14:58	1	NULL	0000-00-00 00:00:00	0	1	0	0	0	0	0	0	NULL	NO_REGISTERED_SESSION_SERVER_STOPPED
24376	Yoju	147	RNDBOT218	1	1	8	0	1787955289	2026-08-29 00:14:49	1	NULL	0000-00-00 00:00:00	0	1	0	0	0	0	0	0	NULL	NO_REGISTERED_SESSION_SERVER_STOPPED
24377	Benlor	147	RNDBOT218	1	5	4	0	1787955273	2026-08-29 00:14:33	1	NULL	0000-00-00 00:00:00	0	1	0	0	0	0	0	0	NULL	NO_REGISTERED_SESSION_SERVER_STOPPED
24378	Dundick	147	RNDBOT218	1	9	7	0	1787955294	2026-08-29 00:14:54	1	NULL	0000-00-00 00:00:00	0	1	0	0	0	0	0	0	NULL	NO_REGISTERED_SESSION_SERVER_STOPPED
24379	Ellengi	147	RNDBOT218	1	3	1	0	1787955287	2026-08-29 00:14:47	1	NULL	0000-00-00 00:00:00	0	1	0	0	0	0	0	0	NULL	NO_REGISTERED_SESSION_SERVER_STOPPED
24380	Arisannah	147	RNDBOT218	1	4	5	0	1787955273	2026-08-29 00:14:33	1	NULL	0000-00-00 00:00:00	0	1	0	0	0	0	0	0	NULL	NO_REGISTERED_SESSION_SERVER_STOPPED
24381	Liekiazdia	147	RNDBOT218	1	3	8	0	1787955274	2026-08-29 00:14:34	1	NULL	0000-00-00 00:00:00	0	1	0	0	0	0	0	0	NULL	NO_REGISTERED_SESSION_SERVER_STOPPED
24382	Ehgiol	147	RNDBOT218	1	3	3	0	1787955289	2026-08-29 00:14:49	1	NULL	0000-00-00 00:00:00	0	1	0	0	0	0	0	0	NULL	NO_REGISTERED_SESSION_SERVER_STOPPED
24383	Gerolan	148	RNDBOT219	1	2	10	0	1787955288	2026-08-29 00:14:48	1	NULL	0000-00-00 00:00:00	0	1	0	0	0	0	0	0	NULL	NO_REGISTERED_SESSION_SERVER_STOPPED
24384	Ellessa	148	RNDBOT219	1	8	5	0	1787955300	2026-08-29 00:15:00	1	NULL	0000-00-00 00:00:00	0	1	0	0	0	0	0	0	NULL	NO_REGISTERED_SESSION_SERVER_STOPPED
24385	Shorto	148	RNDBOT219	1	9	2	0	1787955289	2026-08-29 00:14:49	1	NULL	0000-00-00 00:00:00	0	1	0	0	0	0	0	0	NULL	NO_REGISTERED_SESSION_SERVER_STOPPED
24386	Elerica	148	RNDBOT219	1	2	1	0	1787955282	2026-08-29 00:14:42	1	NULL	0000-00-00 00:00:00	0	1	0	0	0	0	0	0	NULL	NO_REGISTERED_SESSION_SERVER_STOPPED
24387	Salia	148	RNDBOT219	1	11	4	0	1787955288	2026-08-29 00:14:48	1	NULL	0000-00-00 00:00:00	0	1	0	0	0	0	0	0	NULL	NO_REGISTERED_SESSION_SERVER_STOPPED
24388	Asedret	148	RNDBOT219	1	1	2	0	1787955271	2026-08-29 00:14:31	1	NULL	0000-00-00 00:00:00	0	1	0	0	0	0	0	0	NULL	NO_REGISTERED_SESSION_SERVER_STOPPED
24389	Johannah	148	RNDBOT219	1	8	1	0	1787955276	2026-08-29 00:14:36	1	NULL	0000-00-00 00:00:00	0	1	0	0	0	0	0	0	NULL	NO_REGISTERED_SESSION_SERVER_STOPPED
24390	Emmilly	148	RNDBOT219	1	3	10	0	1787955292	2026-08-29 00:14:52	1	NULL	0000-00-00 00:00:00	0	1	0	0	0	0	0	0	NULL	NO_REGISTERED_SESSION_SERVER_STOPPED
24391	Nhenar	148	RNDBOT219	1	4	4	0	1787955274	2026-08-29 00:14:34	1	NULL	0000-00-00 00:00:00	0	1	0	0	0	0	0	0	NULL	NO_REGISTERED_SESSION_SERVER_STOPPED
24392	Walaes	490	RNDBOT220	1	11	4	0	1787955291	2026-08-29 00:14:51	1	NULL	0000-00-00 00:00:00	0	1	0	0	0	0	0	0	NULL	NO_REGISTERED_SESSION_SERVER_STOPPED
24393	Alerie	490	RNDBOT220	1	3	9	0	1787955279	2026-08-29 00:14:39	1	NULL	0000-00-00 00:00:00	0	1	0	0	0	0	0	0	NULL	NO_REGISTERED_SESSION_SERVER_STOPPED
24394	Chames	490	RNDBOT220	1	4	5	0	1787955298	2026-08-29 00:14:58	1	NULL	0000-00-00 00:00:00	0	1	0	0	0	0	0	0	NULL	NO_REGISTERED_SESSION_SERVER_STOPPED
24395	Dorianey	490	RNDBOT220	1	3	9	0	1787955273	2026-08-29 00:14:33	1	NULL	0000-00-00 00:00:00	0	1	0	0	0	0	0	0	NULL	NO_REGISTERED_SESSION_SERVER_STOPPED
24396	Trakluth	490	RNDBOT220	1	3	2	0	1787955287	2026-08-29 00:14:47	1	NULL	0000-00-00 00:00:00	0	1	0	0	0	0	0	0	NULL	NO_REGISTERED_SESSION_SERVER_STOPPED
24397	Alaim	490	RNDBOT220	1	9	9	0	1787955272	2026-08-29 00:14:32	1	NULL	0000-00-00 00:00:00	0	1	0	0	0	0	0	0	NULL	NO_REGISTERED_SESSION_SERVER_STOPPED
24398	Kaungwas	490	RNDBOT220	1	3	6	0	1787955276	2026-08-29 00:14:36	1	NULL	0000-00-00 00:00:00	0	1	0	0	0	0	0	0	NULL	NO_REGISTERED_SESSION_SERVER_STOPPED
24399	Emerie	490	RNDBOT220	1	5	1	0	1787955286	2026-08-29 00:14:46	1	NULL	0000-00-00 00:00:00	0	1	0	0	0	0	0	0	NULL	NO_REGISTERED_SESSION_SERVER_STOPPED
24400	Kogruam	490	RNDBOT220	1	2	3	0	1787955279	2026-08-29 00:14:39	1	NULL	0000-00-00 00:00:00	0	1	0	0	0	0	0	0	NULL	NO_REGISTERED_SESSION_SERVER_STOPPED
24401	Legyael	149	RNDBOT221	1	11	4	0	1787955291	2026-08-29 00:14:51	1	NULL	0000-00-00 00:00:00	0	1	0	0	0	0	0	0	NULL	NO_REGISTERED_SESSION_SERVER_STOPPED
24402	Arinnie	149	RNDBOT221	1	2	10	0	1787955276	2026-08-29 00:14:36	1	NULL	0000-00-00 00:00:00	0	1	0	0	0	0	0	0	NULL	NO_REGISTERED_SESSION_SERVER_STOPPED
24403	Kianesta	149	RNDBOT221	1	4	9	0	1787955284	2026-08-29 00:14:44	1	NULL	0000-00-00 00:00:00	0	1	0	0	0	0	0	0	NULL	NO_REGISTERED_SESSION_SERVER_STOPPED
24404	Caralco	149	RNDBOT221	1	9	9	0	1787955277	2026-08-29 00:14:37	1	NULL	0000-00-00 00:00:00	0	1	0	0	0	0	0	0	NULL	NO_REGISTERED_SESSION_SERVER_STOPPED
24405	Kuva	149	RNDBOT221	1	2	3	0	1787955285	2026-08-29 00:14:45	1	NULL	0000-00-00 00:00:00	0	1	0	0	0	0	0	0	NULL	NO_REGISTERED_SESSION_SERVER_STOPPED
24406	Achma	149	RNDBOT221	1	7	6	0	1787955293	2026-08-29 00:14:53	1	NULL	0000-00-00 00:00:00	0	1	0	0	0	0	0	0	NULL	NO_REGISTERED_SESSION_SERVER_STOPPED
24407	Avinny	149	RNDBOT221	1	1	10	0	1787955289	2026-08-29 00:14:49	1	NULL	0000-00-00 00:00:00	0	1	0	0	0	0	0	0	NULL	NO_REGISTERED_SESSION_SERVER_STOPPED
24408	Krutast	149	RNDBOT221	1	3	2	0	1787955283	2026-08-29 00:14:43	1	NULL	0000-00-00 00:00:00	0	1	0	0	0	0	0	0	NULL	NO_REGISTERED_SESSION_SERVER_STOPPED
24409	Hesia	149	RNDBOT221	1	1	10	0	1787955275	2026-08-29 00:14:35	1	NULL	0000-00-00 00:00:00	0	1	0	0	0	0	0	0	NULL	NO_REGISTERED_SESSION_SERVER_STOPPED
24410	Darceline	395	RNDBOT222	1	2	10	0	1787955295	2026-08-29 00:14:55	1	NULL	0000-00-00 00:00:00	0	1	0	0	0	0	0	0	NULL	NO_REGISTERED_SESSION_SERVER_STOPPED
24411	Aleniah	395	RNDBOT222	1	2	1	0	1787955298	2026-08-29 00:14:58	1	NULL	0000-00-00 00:00:00	0	1	0	0	0	0	0	0	NULL	NO_REGISTERED_SESSION_SERVER_STOPPED
24412	Arantian	395	RNDBOT222	1	4	5	0	1787955289	2026-08-29 00:14:49	1	NULL	0000-00-00 00:00:00	0	1	0	0	0	0	0	0	NULL	NO_REGISTERED_SESSION_SERVER_STOPPED
24413	Damilas	395	RNDBOT222	1	9	5	0	1787955283	2026-08-29 00:14:43	1	NULL	0000-00-00 00:00:00	0	1	0	0	0	0	0	0	NULL	NO_REGISTERED_SESSION_SERVER_STOPPED
24414	Xavianon	395	RNDBOT222	1	2	10	0	1787955282	2026-08-29 00:14:42	1	NULL	0000-00-00 00:00:00	0	1	0	0	0	0	0	0	NULL	NO_REGISTERED_SESSION_SERVER_STOPPED
24415	Knudan	395	RNDBOT222	1	3	6	0	1787955286	2026-08-29 00:14:46	1	NULL	0000-00-00 00:00:00	0	1	0	0	0	0	0	0	NULL	NO_REGISTERED_SESSION_SERVER_STOPPED
24416	Dartin	395	RNDBOT222	1	8	9	0	1787955298	2026-08-29 00:14:58	1	NULL	0000-00-00 00:00:00	0	1	0	0	0	0	0	0	NULL	NO_REGISTERED_SESSION_SERVER_STOPPED
24417	Andas	395	RNDBOT222	1	1	10	0	1787955275	2026-08-29 00:14:35	1	NULL	0000-00-00 00:00:00	0	1	0	0	0	0	0	0	NULL	NO_REGISTERED_SESSION_SERVER_STOPPED
24418	Aveni	395	RNDBOT222	1	4	1	0	1787955286	2026-08-29 00:14:46	1	NULL	0000-00-00 00:00:00	0	1	0	0	0	0	0	0	NULL	NO_REGISTERED_SESSION_SERVER_STOPPED
24419	Dalmatio	150	RNDBOT223	1	8	10	0	1787955300	2026-08-29 00:15:00	1	NULL	0000-00-00 00:00:00	0	1	0	0	0	0	0	0	NULL	NO_REGISTERED_SESSION_SERVER_STOPPED
24420	Carinny	150	RNDBOT223	1	2	1	0	1787955298	2026-08-29 00:14:58	1	NULL	0000-00-00 00:00:00	0	1	0	0	0	0	0	0	NULL	NO_REGISTERED_SESSION_SERVER_STOPPED
24421	Tirmu	150	RNDBOT223	1	1	6	0	1787955298	2026-08-29 00:14:58	1	NULL	0000-00-00 00:00:00	0	1	0	0	0	0	0	0	NULL	NO_REGISTERED_SESSION_SERVER_STOPPED
24422	Derolan	150	RNDBOT223	1	4	1	0	1787955295	2026-08-29 00:14:55	1	NULL	0000-00-00 00:00:00	0	1	0	0	0	0	0	0	NULL	NO_REGISTERED_SESSION_SERVER_STOPPED
24423	Pandra	150	RNDBOT223	1	8	9	0	1787955294	2026-08-29 00:14:54	1	NULL	0000-00-00 00:00:00	0	1	0	0	0	0	0	0	NULL	NO_REGISTERED_SESSION_SERVER_STOPPED
24424	Gordor	150	RNDBOT223	1	4	1	0	1787955289	2026-08-29 00:14:49	1	NULL	0000-00-00 00:00:00	0	1	0	0	0	0	0	0	NULL	NO_REGISTERED_SESSION_SERVER_STOPPED
24425	Bristo	150	RNDBOT223	1	1	1	0	1787955286	2026-08-29 00:14:46	1	NULL	0000-00-00 00:00:00	0	1	0	0	0	0	0	0	NULL	NO_REGISTERED_SESSION_SERVER_STOPPED
24426	Sujilminn	150	RNDBOT223	1	4	8	0	1787955288	2026-08-29 00:14:48	1	NULL	0000-00-00 00:00:00	0	1	0	0	0	0	0	0	NULL	NO_REGISTERED_SESSION_SERVER_STOPPED
24427	Helah	150	RNDBOT223	1	9	1	0	1787955282	2026-08-29 00:14:42	1	NULL	0000-00-00 00:00:00	0	1	0	0	0	0	0	0	NULL	NO_REGISTERED_SESSION_SERVER_STOPPED
24428	Millenta	450	RNDBOT224	1	8	9	0	1787955273	2026-08-29 00:14:33	1	NULL	0000-00-00 00:00:00	0	1	0	0	0	0	0	0	NULL	NO_REGISTERED_SESSION_SERVER_STOPPED
24429	Deanden	450	RNDBOT224	1	3	10	0	1787955292	2026-08-29 00:14:52	1	NULL	0000-00-00 00:00:00	0	1	0	0	0	0	0	0	NULL	NO_REGISTERED_SESSION_SERVER_STOPPED
24430	Emmily	450	RNDBOT224	1	3	1	0	1787955291	2026-08-29 00:14:51	1	NULL	0000-00-00 00:00:00	0	1	0	0	0	0	0	0	NULL	NO_REGISTERED_SESSION_SERVER_STOPPED
24431	Merietta	450	RNDBOT224	1	3	9	0	1787955272	2026-08-29 00:14:32	1	NULL	0000-00-00 00:00:00	0	1	0	0	0	0	0	0	NULL	NO_REGISTERED_SESSION_SERVER_STOPPED
24432	Alengar	450	RNDBOT224	1	4	9	0	1787955274	2026-08-29 00:14:34	1	NULL	0000-00-00 00:00:00	0	1	0	0	0	0	0	0	NULL	NO_REGISTERED_SESSION_SERVER_STOPPED
24433	Omard	450	RNDBOT224	1	4	9	0	1787955298	2026-08-29 00:14:58	1	NULL	0000-00-00 00:00:00	0	1	0	0	0	0	0	0	NULL	NO_REGISTERED_SESSION_SERVER_STOPPED
24434	Ninnu	450	RNDBOT224	1	4	7	0	1787955290	2026-08-29 00:14:50	1	NULL	0000-00-00 00:00:00	0	1	0	0	0	0	0	0	NULL	NO_REGISTERED_SESSION_SERVER_STOPPED
24435	Endorio	450	RNDBOT224	1	5	1	0	1787955281	2026-08-29 00:14:41	1	NULL	0000-00-00 00:00:00	0	1	0	0	0	0	0	0	NULL	NO_REGISTERED_SESSION_SERVER_STOPPED
24436	Kapemti	450	RNDBOT224	1	7	6	0	1787955272	2026-08-29 00:14:32	1	NULL	0000-00-00 00:00:00	0	1	0	0	0	0	0	0	NULL	NO_REGISTERED_SESSION_SERVER_STOPPED
24437	Zerwin	151	RNDBOT225	1	4	10	0	1787955289	2026-08-29 00:14:49	1	NULL	0000-00-00 00:00:00	0	1	0	0	0	0	0	0	NULL	NO_REGISTERED_SESSION_SERVER_STOPPED
24438	Berany	151	RNDBOT225	1	9	5	0	1787955283	2026-08-29 00:14:43	1	NULL	0000-00-00 00:00:00	0	1	0	0	0	0	0	0	NULL	NO_REGISTERED_SESSION_SERVER_STOPPED
24439	Deronimond	151	RNDBOT225	1	4	9	0	1787955292	2026-08-29 00:14:52	1	NULL	0000-00-00 00:00:00	0	1	0	0	0	0	0	0	NULL	NO_REGISTERED_SESSION_SERVER_STOPPED
24440	Molo	151	RNDBOT225	1	8	8	0	1787955295	2026-08-29 00:14:55	1	NULL	0000-00-00 00:00:00	0	1	0	0	0	0	0	0	NULL	NO_REGISTERED_SESSION_SERVER_STOPPED
24441	Dalmast	151	RNDBOT225	1	1	10	0	1787955282	2026-08-29 00:14:42	1	NULL	0000-00-00 00:00:00	0	1	0	0	0	0	0	0	NULL	NO_REGISTERED_SESSION_SERVER_STOPPED
24442	Nueliam	151	RNDBOT225	1	3	9	0	1787955277	2026-08-29 00:14:37	1	NULL	0000-00-00 00:00:00	0	1	0	0	0	0	0	0	NULL	NO_REGISTERED_SESSION_SERVER_STOPPED
24443	Beveronata	151	RNDBOT225	1	9	1	0	1787955277	2026-08-29 00:14:37	1	NULL	0000-00-00 00:00:00	0	1	0	0	0	0	0	0	NULL	NO_REGISTERED_SESSION_SERVER_STOPPED
24444	Adreanna	151	RNDBOT225	1	9	9	0	1787955280	2026-08-29 00:14:40	1	NULL	0000-00-00 00:00:00	0	1	0	0	0	0	0	0	NULL	NO_REGISTERED_SESSION_SERVER_STOPPED
24445	Bonlilla	151	RNDBOT225	1	7	6	0	1787955274	2026-08-29 00:14:34	1	NULL	0000-00-00 00:00:00	0	1	0	0	0	0	0	0	NULL	NO_REGISTERED_SESSION_SERVER_STOPPED
24446	Vandrin	152	RNDBOT226	1	5	10	0	1787955273	2026-08-29 00:14:33	1	NULL	0000-00-00 00:00:00	0	1	0	0	0	0	0	0	NULL	NO_REGISTERED_SESSION_SERVER_STOPPED
24447	Damoll	152	RNDBOT226	1	8	7	0	1787955281	2026-08-29 00:14:41	1	NULL	0000-00-00 00:00:00	0	1	0	0	0	0	0	0	NULL	NO_REGISTERED_SESSION_SERVER_STOPPED
24448	Lorenne	152	RNDBOT226	1	4	1	0	1787955296	2026-08-29 00:14:56	1	NULL	0000-00-00 00:00:00	0	1	0	0	0	0	0	0	NULL	NO_REGISTERED_SESSION_SERVER_STOPPED
24449	Chelanna	152	RNDBOT226	1	5	5	0	1787955271	2026-08-29 00:14:31	1	NULL	0000-00-00 00:00:00	0	1	0	0	0	0	0	0	NULL	NO_REGISTERED_SESSION_SERVER_STOPPED
24450	Eladore	152	RNDBOT226	1	2	10	0	1787955299	2026-08-29 00:14:59	1	NULL	0000-00-00 00:00:00	0	1	0	0	0	0	0	0	NULL	NO_REGISTERED_SESSION_SERVER_STOPPED
24451	Lorinaris	152	RNDBOT226	1	8	1	0	1787955287	2026-08-29 00:14:47	1	NULL	0000-00-00 00:00:00	0	1	0	0	0	0	0	0	NULL	NO_REGISTERED_SESSION_SERVER_STOPPED
24452	Natarine	152	RNDBOT226	1	9	5	0	1787955271	2026-08-29 00:14:31	1	NULL	0000-00-00 00:00:00	0	1	0	0	0	0	0	0	NULL	NO_REGISTERED_SESSION_SERVER_STOPPED
24453	Aranor	152	RNDBOT226	1	8	10	0	1787955294	2026-08-29 00:14:54	1	NULL	0000-00-00 00:00:00	0	1	0	0	0	0	0	0	NULL	NO_REGISTERED_SESSION_SERVER_STOPPED
24454	Tarandel	152	RNDBOT226	1	2	10	0	1787955297	2026-08-29 00:14:57	1	NULL	0000-00-00 00:00:00	0	1	0	0	0	0	0	0	NULL	NO_REGISTERED_SESSION_SERVER_STOPPED
24455	Raveny	153	RNDBOT227	1	5	5	0	1787955286	2026-08-29 00:14:46	1	NULL	0000-00-00 00:00:00	0	1	0	0	0	0	0	0	NULL	NO_REGISTERED_SESSION_SERVER_STOPPED
24456	Ylian	153	RNDBOT227	1	11	4	0	1787955275	2026-08-29 00:14:35	1	NULL	0000-00-00 00:00:00	0	1	0	0	0	0	0	0	NULL	NO_REGISTERED_SESSION_SERVER_STOPPED
24457	Dustandero	153	RNDBOT227	1	5	10	0	1787955274	2026-08-29 00:14:34	1	NULL	0000-00-00 00:00:00	0	1	0	0	0	0	0	0	NULL	NO_REGISTERED_SESSION_SERVER_STOPPED
24458	Veriela	153	RNDBOT227	1	2	1	0	1787955276	2026-08-29 00:14:36	1	NULL	0000-00-00 00:00:00	0	1	0	0	0	0	0	0	NULL	NO_REGISTERED_SESSION_SERVER_STOPPED
24459	Chaelda	153	RNDBOT227	1	2	10	0	1787955296	2026-08-29 00:14:56	1	NULL	0000-00-00 00:00:00	0	1	0	0	0	0	0	0	NULL	NO_REGISTERED_SESSION_SERVER_STOPPED
24460	Derie	153	RNDBOT227	1	2	10	0	1787955272	2026-08-29 00:14:32	1	NULL	0000-00-00 00:00:00	0	1	0	0	0	0	0	0	NULL	NO_REGISTERED_SESSION_SERVER_STOPPED
24461	Vivienna	153	RNDBOT227	1	9	5	0	1787955277	2026-08-29 00:14:37	1	NULL	0000-00-00 00:00:00	0	1	0	0	0	0	0	0	NULL	NO_REGISTERED_SESSION_SERVER_STOPPED
24462	Lucinny	153	RNDBOT227	1	3	1	0	1787955283	2026-08-29 00:14:43	1	NULL	0000-00-00 00:00:00	0	1	0	0	0	0	0	0	NULL	NO_REGISTERED_SESSION_SERVER_STOPPED
24463	Keyngro	153	RNDBOT227	1	2	3	0	1787955286	2026-08-29 00:14:46	1	NULL	0000-00-00 00:00:00	0	1	0	0	0	0	0	0	NULL	NO_REGISTERED_SESSION_SERVER_STOPPED
24464	Caran	154	RNDBOT228	1	8	9	0	1787955295	2026-08-29 00:14:55	1	NULL	0000-00-00 00:00:00	0	1	0	0	0	0	0	0	NULL	NO_REGISTERED_SESSION_SERVER_STOPPED
24465	Shaldo	154	RNDBOT228	1	3	10	0	1787955276	2026-08-29 00:14:36	1	NULL	0000-00-00 00:00:00	0	1	0	0	0	0	0	0	NULL	NO_REGISTERED_SESSION_SERVER_STOPPED
24466	Thogags	154	RNDBOT228	1	3	3	0	1787955281	2026-08-29 00:14:41	1	NULL	0000-00-00 00:00:00	0	1	0	0	0	0	0	0	NULL	NO_REGISTERED_SESSION_SERVER_STOPPED
24467	Rinevelia	154	RNDBOT228	1	9	9	0	1787955291	2026-08-29 00:14:51	1	NULL	0000-00-00 00:00:00	0	1	0	0	0	0	0	0	NULL	NO_REGISTERED_SESSION_SERVER_STOPPED
24468	Bakarn	154	RNDBOT228	1	1	7	0	1787955300	2026-08-29 00:15:00	1	NULL	0000-00-00 00:00:00	0	1	0	0	0	0	0	0	NULL	NO_REGISTERED_SESSION_SERVER_STOPPED
24469	Vandro	154	RNDBOT228	1	2	10	0	1787955289	2026-08-29 00:14:49	1	NULL	0000-00-00 00:00:00	0	1	0	0	0	0	0	0	NULL	NO_REGISTERED_SESSION_SERVER_STOPPED
24470	Bernard	154	RNDBOT228	1	3	9	0	1787955285	2026-08-29 00:14:45	1	NULL	0000-00-00 00:00:00	0	1	0	0	0	0	0	0	NULL	NO_REGISTERED_SESSION_SERVER_STOPPED
24471	Vanik	154	RNDBOT228	1	8	1	0	1787955291	2026-08-29 00:14:51	1	NULL	0000-00-00 00:00:00	0	1	0	0	0	0	0	0	NULL	NO_REGISTERED_SESSION_SERVER_STOPPED
24472	Wadryn	154	RNDBOT228	1	3	4	0	1787955277	2026-08-29 00:14:37	1	NULL	0000-00-00 00:00:00	0	1	0	0	0	0	0	0	NULL	NO_REGISTERED_SESSION_SERVER_STOPPED
24473	Traegmu	477	RNDBOT229	1	4	8	0	1787955295	2026-08-29 00:14:55	1	NULL	0000-00-00 00:00:00	0	1	0	0	0	0	0	0	NULL	NO_REGISTERED_SESSION_SERVER_STOPPED
24474	Lagius	477	RNDBOT229	1	8	10	0	1787955291	2026-08-29 00:14:51	1	NULL	0000-00-00 00:00:00	0	1	0	0	0	0	0	0	NULL	NO_REGISTERED_SESSION_SERVER_STOPPED
24475	Chaelin	477	RNDBOT229	1	2	1	0	1787955290	2026-08-29 00:14:50	1	NULL	0000-00-00 00:00:00	0	1	0	0	0	0	0	0	NULL	NO_REGISTERED_SESSION_SERVER_STOPPED
24476	Everan	477	RNDBOT229	1	3	1	0	1787955293	2026-08-29 00:14:53	1	NULL	0000-00-00 00:00:00	0	1	0	0	0	0	0	0	NULL	NO_REGISTERED_SESSION_SERVER_STOPPED
24477	Ilyelylah	477	RNDBOT229	1	4	4	0	1787955273	2026-08-29 00:14:33	1	NULL	0000-00-00 00:00:00	0	1	0	0	0	0	0	0	NULL	NO_REGISTERED_SESSION_SERVER_STOPPED
24478	Chrina	477	RNDBOT229	1	3	1	0	1787955287	2026-08-29 00:14:47	1	NULL	0000-00-00 00:00:00	0	1	0	0	0	0	0	0	NULL	NO_REGISTERED_SESSION_SERVER_STOPPED
24479	Patia	477	RNDBOT229	1	8	9	0	1787955287	2026-08-29 00:14:47	1	NULL	0000-00-00 00:00:00	0	1	0	0	0	0	0	0	NULL	NO_REGISTERED_SESSION_SERVER_STOPPED
24480	Prestin	477	RNDBOT229	1	5	10	0	1787955286	2026-08-29 00:14:46	1	NULL	0000-00-00 00:00:00	0	1	0	0	0	0	0	0	NULL	NO_REGISTERED_SESSION_SERVER_STOPPED
24481	Muhtit	477	RNDBOT229	1	1	2	0	1787955292	2026-08-29 00:14:52	1	NULL	0000-00-00 00:00:00	0	1	0	0	0	0	0	0	NULL	NO_REGISTERED_SESSION_SERVER_STOPPED
24482	Corcanon	397	RNDBOT230	1	1	9	0	1787955300	2026-08-29 00:15:00	1	NULL	0000-00-00 00:00:00	0	1	0	0	0	0	0	0	NULL	NO_REGISTERED_SESSION_SERVER_STOPPED
24483	Solandora	397	RNDBOT230	1	5	1	0	1787955290	2026-08-29 00:14:50	1	NULL	0000-00-00 00:00:00	0	1	0	0	0	0	0	0	NULL	NO_REGISTERED_SESSION_SERVER_STOPPED
24484	Leonham	397	RNDBOT230	1	9	5	0	1787955273	2026-08-29 00:14:33	1	NULL	0000-00-00 00:00:00	0	1	0	0	0	0	0	0	NULL	NO_REGISTERED_SESSION_SERVER_STOPPED
24485	Aurelli	397	RNDBOT230	1	4	9	0	1787955279	2026-08-29 00:14:39	1	NULL	0000-00-00 00:00:00	0	1	0	0	0	0	0	0	NULL	NO_REGISTERED_SESSION_SERVER_STOPPED
24486	Rinny	397	RNDBOT230	1	4	5	0	1787955300	2026-08-29 00:15:00	1	NULL	0000-00-00 00:00:00	0	1	0	0	0	0	0	0	NULL	NO_REGISTERED_SESSION_SERVER_STOPPED
24487	Ylalaeas	397	RNDBOT230	1	3	4	0	1787955273	2026-08-29 00:14:33	1	NULL	0000-00-00 00:00:00	0	1	0	0	0	0	0	0	NULL	NO_REGISTERED_SESSION_SERVER_STOPPED
24488	Hesterie	397	RNDBOT230	1	3	9	0	1787955289	2026-08-29 00:14:49	1	NULL	0000-00-00 00:00:00	0	1	0	0	0	0	0	0	NULL	NO_REGISTERED_SESSION_SERVER_STOPPED
24489	Andoc	397	RNDBOT230	1	3	1	0	1787955298	2026-08-29 00:14:58	1	NULL	0000-00-00 00:00:00	0	1	0	0	0	0	0	0	NULL	NO_REGISTERED_SESSION_SERVER_STOPPED
24490	Amyna	397	RNDBOT230	1	11	4	0	1787955273	2026-08-29 00:14:33	1	NULL	0000-00-00 00:00:00	0	1	0	0	0	0	0	0	NULL	NO_REGISTERED_SESSION_SERVER_STOPPED
24491	Narolas	155	RNDBOT231	1	11	4	0	1787955283	2026-08-29 00:14:43	1	NULL	0000-00-00 00:00:00	0	1	0	0	0	0	0	0	NULL	NO_REGISTERED_SESSION_SERVER_STOPPED
24492	Cindy	155	RNDBOT231	1	8	10	0	1787955271	2026-08-29 00:14:31	1	NULL	0000-00-00 00:00:00	0	1	0	0	0	0	0	0	NULL	NO_REGISTERED_SESSION_SERVER_STOPPED
24493	Corbiner	155	RNDBOT231	1	3	10	0	1787955296	2026-08-29 00:14:56	1	NULL	0000-00-00 00:00:00	0	1	0	0	0	0	0	0	NULL	NO_REGISTERED_SESSION_SERVER_STOPPED
24494	Emeresia	155	RNDBOT231	1	5	10	0	1787955293	2026-08-29 00:14:53	1	NULL	0000-00-00 00:00:00	0	1	0	0	0	0	0	0	NULL	NO_REGISTERED_SESSION_SERVER_STOPPED
24495	Valennor	155	RNDBOT231	1	5	1	0	1787955288	2026-08-29 00:14:48	1	NULL	0000-00-00 00:00:00	0	1	0	0	0	0	0	0	NULL	NO_REGISTERED_SESSION_SERVER_STOPPED
24496	Castallian	155	RNDBOT231	1	8	5	0	1787955273	2026-08-29 00:14:33	1	NULL	0000-00-00 00:00:00	0	1	0	0	0	0	0	0	NULL	NO_REGISTERED_SESSION_SERVER_STOPPED
24497	Thostandas	155	RNDBOT231	1	1	3	0	1787955272	2026-08-29 00:14:32	1	NULL	0000-00-00 00:00:00	0	1	0	0	0	0	0	0	NULL	NO_REGISTERED_SESSION_SERVER_STOPPED
24498	Felalas	155	RNDBOT231	1	11	4	0	1787955298	2026-08-29 00:14:58	1	NULL	0000-00-00 00:00:00	0	1	0	0	0	0	0	0	NULL	NO_REGISTERED_SESSION_SERVER_STOPPED
24499	Olum	155	RNDBOT231	1	2	3	0	1787955277	2026-08-29 00:14:37	1	NULL	0000-00-00 00:00:00	0	1	0	0	0	0	0	0	NULL	NO_REGISTERED_SESSION_SERVER_STOPPED
24500	Alita	398	RNDBOT232	1	3	9	0	1787955272	2026-08-29 00:14:32	1	NULL	0000-00-00 00:00:00	0	1	0	0	0	0	0	0	NULL	NO_REGISTERED_SESSION_SERVER_STOPPED
24501	Illis	398	RNDBOT232	1	1	1	0	1787955277	2026-08-29 00:14:37	1	NULL	0000-00-00 00:00:00	0	1	0	0	0	0	0	0	NULL	NO_REGISTERED_SESSION_SERVER_STOPPED
24502	Iverett	398	RNDBOT232	1	5	10	0	1787955276	2026-08-29 00:14:36	1	NULL	0000-00-00 00:00:00	0	1	0	0	0	0	0	0	NULL	NO_REGISTERED_SESSION_SERVER_STOPPED
24503	Cellentine	398	RNDBOT232	1	1	5	0	1787955292	2026-08-29 00:14:52	1	NULL	0000-00-00 00:00:00	0	1	0	0	0	0	0	0	NULL	NO_REGISTERED_SESSION_SERVER_STOPPED
24504	Armaron	398	RNDBOT232	1	8	10	0	1787955277	2026-08-29 00:14:37	1	NULL	0000-00-00 00:00:00	0	1	0	0	0	0	0	0	NULL	NO_REGISTERED_SESSION_SERVER_STOPPED
24505	Kadarn	398	RNDBOT232	1	3	4	0	1787955294	2026-08-29 00:14:54	1	NULL	0000-00-00 00:00:00	0	1	0	0	0	0	0	0	NULL	NO_REGISTERED_SESSION_SERVER_STOPPED
24506	Lorelli	398	RNDBOT232	1	2	10	0	1787955280	2026-08-29 00:14:40	1	NULL	0000-00-00 00:00:00	0	1	0	0	0	0	0	0	NULL	NO_REGISTERED_SESSION_SERVER_STOPPED
24507	Larinaris	398	RNDBOT232	1	3	10	0	1787955287	2026-08-29 00:14:47	1	NULL	0000-00-00 00:00:00	0	1	0	0	0	0	0	0	NULL	NO_REGISTERED_SESSION_SERVER_STOPPED
24508	Clarinero	398	RNDBOT232	1	1	10	0	1787955272	2026-08-29 00:14:32	1	NULL	0000-00-00 00:00:00	0	1	0	0	0	0	0	0	NULL	NO_REGISTERED_SESSION_SERVER_STOPPED
24509	Evandriano	156	RNDBOT233	1	2	10	0	1787955286	2026-08-29 00:14:46	1	NULL	0000-00-00 00:00:00	0	1	0	0	0	0	0	0	NULL	NO_REGISTERED_SESSION_SERVER_STOPPED
24510	Mimian	156	RNDBOT233	1	9	9	0	1787955277	2026-08-29 00:14:37	1	NULL	0000-00-00 00:00:00	0	1	0	0	0	0	0	0	NULL	NO_REGISTERED_SESSION_SERVER_STOPPED
24511	Eerkirn	156	RNDBOT233	1	9	7	0	1787955279	2026-08-29 00:14:39	1	NULL	0000-00-00 00:00:00	0	1	0	0	0	0	0	0	NULL	NO_REGISTERED_SESSION_SERVER_STOPPED
24512	Calastorio	156	RNDBOT233	1	2	10	0	1787955293	2026-08-29 00:14:53	1	NULL	0000-00-00 00:00:00	0	1	0	0	0	0	0	0	NULL	NO_REGISTERED_SESSION_SERVER_STOPPED
24513	Fenbiklu	156	RNDBOT233	1	8	7	0	1787955284	2026-08-29 00:14:44	1	NULL	0000-00-00 00:00:00	0	1	0	0	0	0	0	0	NULL	NO_REGISTERED_SESSION_SERVER_STOPPED
24514	Talio	156	RNDBOT233	1	3	9	0	1787955277	2026-08-29 00:14:37	1	NULL	0000-00-00 00:00:00	0	1	0	0	0	0	0	0	NULL	NO_REGISTERED_SESSION_SERVER_STOPPED
24515	Rygamuth	156	RNDBOT233	1	2	3	0	1787955292	2026-08-29 00:14:52	1	NULL	0000-00-00 00:00:00	0	1	0	0	0	0	0	0	NULL	NO_REGISTERED_SESSION_SERVER_STOPPED
24516	Welean	156	RNDBOT233	1	11	4	0	1787955280	2026-08-29 00:14:40	1	NULL	0000-00-00 00:00:00	0	1	0	0	0	0	0	0	NULL	NO_REGISTERED_SESSION_SERVER_STOPPED
24517	Aletta	156	RNDBOT233	1	1	1	0	1787955283	2026-08-29 00:14:43	1	NULL	0000-00-00 00:00:00	0	1	0	0	0	0	0	0	NULL	NO_REGISTERED_SESSION_SERVER_STOPPED
24518	Severeo	399	RNDBOT234	1	8	9	0	1787955278	2026-08-29 00:14:38	1	NULL	0000-00-00 00:00:00	0	1	0	0	0	0	0	0	NULL	NO_REGISTERED_SESSION_SERVER_STOPPED
24519	Colenta	399	RNDBOT234	1	1	9	0	1787955272	2026-08-29 00:14:32	1	NULL	0000-00-00 00:00:00	0	1	0	0	0	0	0	0	NULL	NO_REGISTERED_SESSION_SERVER_STOPPED
24520	Khasin	399	RNDBOT234	1	4	4	0	1787955279	2026-08-29 00:14:39	1	NULL	0000-00-00 00:00:00	0	1	0	0	0	0	0	0	NULL	NO_REGISTERED_SESSION_SERVER_STOPPED
24521	Fernon	399	RNDBOT234	1	1	10	0	1787955277	2026-08-29 00:14:37	1	NULL	0000-00-00 00:00:00	0	1	0	0	0	0	0	0	NULL	NO_REGISTERED_SESSION_SERVER_STOPPED
24522	Nyrink	399	RNDBOT234	1	4	7	0	1787955294	2026-08-29 00:14:54	1	NULL	0000-00-00 00:00:00	0	1	0	0	0	0	0	0	NULL	NO_REGISTERED_SESSION_SERVER_STOPPED
24523	Bevigor	399	RNDBOT234	1	4	5	0	1787955293	2026-08-29 00:14:53	1	NULL	0000-00-00 00:00:00	0	1	0	0	0	0	0	0	NULL	NO_REGISTERED_SESSION_SERVER_STOPPED
24524	Efaralt	399	RNDBOT234	1	2	1	0	1787955282	2026-08-29 00:14:42	1	NULL	0000-00-00 00:00:00	0	1	0	0	0	0	0	0	NULL	NO_REGISTERED_SESSION_SERVER_STOPPED
24525	Flezhi	399	RNDBOT234	1	11	6	0	1787955297	2026-08-29 00:14:57	1	NULL	0000-00-00 00:00:00	0	1	0	0	0	0	0	0	NULL	NO_REGISTERED_SESSION_SERVER_STOPPED
24526	Elsere	399	RNDBOT234	1	8	5	0	1787955276	2026-08-29 00:14:36	1	NULL	0000-00-00 00:00:00	0	1	0	0	0	0	0	0	NULL	NO_REGISTERED_SESSION_SERVER_STOPPED
24527	Kloskaz	157	RNDBOT235	1	8	7	0	1787955276	2026-08-29 00:14:36	1	NULL	0000-00-00 00:00:00	0	1	0	0	0	0	0	0	NULL	NO_REGISTERED_SESSION_SERVER_STOPPED
24528	Evelini	157	RNDBOT235	1	4	9	0	1787955271	2026-08-29 00:14:31	1	NULL	0000-00-00 00:00:00	0	1	0	0	0	0	0	0	NULL	NO_REGISTERED_SESSION_SERVER_STOPPED
24529	Gabriam	157	RNDBOT235	1	1	10	0	1787955275	2026-08-29 00:14:35	1	NULL	0000-00-00 00:00:00	0	1	0	0	0	0	0	0	NULL	NO_REGISTERED_SESSION_SERVER_STOPPED
24530	Plastor	157	RNDBOT235	1	2	1	0	1787955293	2026-08-29 00:14:53	1	NULL	0000-00-00 00:00:00	0	1	0	0	0	0	0	0	NULL	NO_REGISTERED_SESSION_SERVER_STOPPED
24531	Valennaro	157	RNDBOT235	1	8	5	0	1787955295	2026-08-29 00:14:55	1	NULL	0000-00-00 00:00:00	0	1	0	0	0	0	0	0	NULL	NO_REGISTERED_SESSION_SERVER_STOPPED
24532	Bhasin	157	RNDBOT235	1	5	4	0	1787955280	2026-08-29 00:14:40	1	NULL	0000-00-00 00:00:00	0	1	0	0	0	0	0	0	NULL	NO_REGISTERED_SESSION_SERVER_STOPPED
24533	Temaric	157	RNDBOT235	1	3	1	0	1787955275	2026-08-29 00:14:35	1	NULL	0000-00-00 00:00:00	0	1	0	0	0	0	0	0	NULL	NO_REGISTERED_SESSION_SERVER_STOPPED
24534	Gerene	157	RNDBOT235	1	3	1	0	1787955298	2026-08-29 00:14:58	1	NULL	0000-00-00 00:00:00	0	1	0	0	0	0	0	0	NULL	NO_REGISTERED_SESSION_SERVER_STOPPED
24535	Aledral	157	RNDBOT235	1	3	4	0	1787955275	2026-08-29 00:14:35	1	NULL	0000-00-00 00:00:00	0	1	0	0	0	0	0	0	NULL	NO_REGISTERED_SESSION_SERVER_STOPPED
24536	Nakitku	307	RNDBOT236	1	1	6	0	1787955284	2026-08-29 00:14:44	1	NULL	0000-00-00 00:00:00	0	1	0	0	0	0	0	0	NULL	NO_REGISTERED_SESSION_SERVER_STOPPED
24537	Temguzde	307	RNDBOT236	1	7	2	0	1787955289	2026-08-29 00:14:49	1	NULL	0000-00-00 00:00:00	0	1	0	0	0	0	0	0	NULL	NO_REGISTERED_SESSION_SERVER_STOPPED
24538	Kunzo	307	RNDBOT236	1	3	8	0	1787955276	2026-08-29 00:14:36	1	NULL	0000-00-00 00:00:00	0	1	0	0	0	0	0	0	NULL	NO_REGISTERED_SESSION_SERVER_STOPPED
24539	Seshok	307	RNDBOT236	1	7	6	0	1787955273	2026-08-29 00:14:33	1	NULL	0000-00-00 00:00:00	0	1	0	0	0	0	0	0	NULL	NO_REGISTERED_SESSION_SERVER_STOPPED
24540	Poruk	307	RNDBOT236	1	9	7	0	1787955298	2026-08-29 00:14:58	1	NULL	0000-00-00 00:00:00	0	1	0	0	0	0	0	0	NULL	NO_REGISTERED_SESSION_SERVER_STOPPED
24541	Sidevy	307	RNDBOT236	1	3	2	0	1787955282	2026-08-29 00:14:42	1	NULL	0000-00-00 00:00:00	0	1	0	0	0	0	0	0	NULL	NO_REGISTERED_SESSION_SERVER_STOPPED
24542	Nytaelar	307	RNDBOT236	1	1	4	0	1787955298	2026-08-29 00:14:58	1	NULL	0000-00-00 00:00:00	0	1	0	0	0	0	0	0	NULL	NO_REGISTERED_SESSION_SERVER_STOPPED
24543	Uranden	307	RNDBOT236	1	4	5	0	1787955287	2026-08-29 00:14:47	1	NULL	0000-00-00 00:00:00	0	1	0	0	0	0	0	0	NULL	NO_REGISTERED_SESSION_SERVER_STOPPED
24544	Iveline	307	RNDBOT236	1	1	9	0	1787955271	2026-08-29 00:14:31	1	NULL	0000-00-00 00:00:00	0	1	0	0	0	0	0	0	NULL	NO_REGISTERED_SESSION_SERVER_STOPPED
24545	Grast	158	RNDBOT237	1	9	2	0	1787955278	2026-08-29 00:14:38	1	NULL	0000-00-00 00:00:00	0	1	0	0	0	0	0	0	NULL	NO_REGISTERED_SESSION_SERVER_STOPPED
24546	Viene	158	RNDBOT237	1	3	9	0	1787955291	2026-08-29 00:14:51	1	NULL	0000-00-00 00:00:00	0	1	0	0	0	0	0	0	NULL	NO_REGISTERED_SESSION_SERVER_STOPPED
24547	Fithkin	158	RNDBOT237	1	8	7	0	1787955275	2026-08-29 00:14:35	1	NULL	0000-00-00 00:00:00	0	1	0	0	0	0	0	0	NULL	NO_REGISTERED_SESSION_SERVER_STOPPED
24548	Keriela	158	RNDBOT237	1	8	10	0	1787955284	2026-08-29 00:14:44	1	NULL	0000-00-00 00:00:00	0	1	0	0	0	0	0	0	NULL	NO_REGISTERED_SESSION_SERVER_STOPPED
24549	Pethuhmu	158	RNDBOT237	1	7	6	0	1787955293	2026-08-29 00:14:53	1	NULL	0000-00-00 00:00:00	0	1	0	0	0	0	0	0	NULL	NO_REGISTERED_SESSION_SERVER_STOPPED
24550	Arisadora	158	RNDBOT237	1	2	1	0	1787955293	2026-08-29 00:14:53	1	NULL	0000-00-00 00:00:00	0	1	0	0	0	0	0	0	NULL	NO_REGISTERED_SESSION_SERVER_STOPPED
24551	Delina	158	RNDBOT237	1	2	1	0	1787955280	2026-08-29 00:14:40	1	NULL	0000-00-00 00:00:00	0	1	0	0	0	0	0	0	NULL	NO_REGISTERED_SESSION_SERVER_STOPPED
24552	Danorion	158	RNDBOT237	1	3	4	0	1787955281	2026-08-29 00:14:41	1	NULL	0000-00-00 00:00:00	0	1	0	0	0	0	0	0	NULL	NO_REGISTERED_SESSION_SERVER_STOPPED
24553	Genella	158	RNDBOT237	1	4	1	0	1787955278	2026-08-29 00:14:38	1	NULL	0000-00-00 00:00:00	0	1	0	0	0	0	0	0	NULL	NO_REGISTERED_SESSION_SERVER_STOPPED
24554	Orindo	411	RNDBOT238	1	8	1	0	1787955300	2026-08-29 00:15:00	1	NULL	0000-00-00 00:00:00	0	1	0	0	0	0	0	0	NULL	NO_REGISTERED_SESSION_SERVER_STOPPED
24555	Ferica	411	RNDBOT238	1	3	1	0	1787955277	2026-08-29 00:14:37	1	NULL	0000-00-00 00:00:00	0	1	0	0	0	0	0	0	NULL	NO_REGISTERED_SESSION_SERVER_STOPPED
24556	Norelindy	411	RNDBOT238	1	1	9	0	1787955289	2026-08-29 00:14:49	1	NULL	0000-00-00 00:00:00	0	1	0	0	0	0	0	0	NULL	NO_REGISTERED_SESSION_SERVER_STOPPED
24557	Letilly	411	RNDBOT238	1	2	1	0	1787955275	2026-08-29 00:14:35	1	NULL	0000-00-00 00:00:00	0	1	0	0	0	0	0	0	NULL	NO_REGISTERED_SESSION_SERVER_STOPPED
24558	Brabela	411	RNDBOT238	1	8	9	0	1787955271	2026-08-29 00:14:31	1	NULL	0000-00-00 00:00:00	0	1	0	0	0	0	0	0	NULL	NO_REGISTERED_SESSION_SERVER_STOPPED
24559	Beven	411	RNDBOT238	1	8	5	0	1787955292	2026-08-29 00:14:52	1	NULL	0000-00-00 00:00:00	0	1	0	0	0	0	0	0	NULL	NO_REGISTERED_SESSION_SERVER_STOPPED
24560	Saralda	411	RNDBOT238	1	9	5	0	1787955297	2026-08-29 00:14:57	1	NULL	0000-00-00 00:00:00	0	1	0	0	0	0	0	0	NULL	NO_REGISTERED_SESSION_SERVER_STOPPED
24561	Gabos	411	RNDBOT238	1	3	10	0	1787955279	2026-08-29 00:14:39	1	NULL	0000-00-00 00:00:00	0	1	0	0	0	0	0	0	NULL	NO_REGISTERED_SESSION_SERVER_STOPPED
24562	Kylia	411	RNDBOT238	1	3	4	0	1787955296	2026-08-29 00:14:56	1	NULL	0000-00-00 00:00:00	0	1	0	0	0	0	0	0	NULL	NO_REGISTERED_SESSION_SERVER_STOPPED
24563	Dorione	159	RNDBOT239	1	8	5	0	1787955280	2026-08-29 00:14:40	1	NULL	0000-00-00 00:00:00	0	1	0	0	0	0	0	0	NULL	NO_REGISTERED_SESSION_SERVER_STOPPED
24564	Shawgothit	159	RNDBOT239	1	3	2	0	1787955286	2026-08-29 00:14:46	1	NULL	0000-00-00 00:00:00	0	1	0	0	0	0	0	0	NULL	NO_REGISTERED_SESSION_SERVER_STOPPED
24565	Ascar	159	RNDBOT239	1	9	1	0	1787955274	2026-08-29 00:14:34	1	NULL	0000-00-00 00:00:00	0	1	0	0	0	0	0	0	NULL	NO_REGISTERED_SESSION_SERVER_STOPPED
24566	Nerica	159	RNDBOT239	1	9	9	0	1787955271	2026-08-29 00:14:31	1	NULL	0000-00-00 00:00:00	0	1	0	0	0	0	0	0	NULL	NO_REGISTERED_SESSION_SERVER_STOPPED
24567	Felinarine	159	RNDBOT239	1	9	9	0	1787955282	2026-08-29 00:14:42	1	NULL	0000-00-00 00:00:00	0	1	0	0	0	0	0	0	NULL	NO_REGISTERED_SESSION_SERVER_STOPPED
24568	Saerol	159	RNDBOT239	1	11	4	0	1787955277	2026-08-29 00:14:37	1	NULL	0000-00-00 00:00:00	0	1	0	0	0	0	0	0	NULL	NO_REGISTERED_SESSION_SERVER_STOPPED
24569	Lonohpudook	159	RNDBOT239	1	7	6	0	1787955286	2026-08-29 00:14:46	1	NULL	0000-00-00 00:00:00	0	1	0	0	0	0	0	0	NULL	NO_REGISTERED_SESSION_SERVER_STOPPED
24570	Thilerias	159	RNDBOT239	1	11	4	0	1787955298	2026-08-29 00:14:58	1	NULL	0000-00-00 00:00:00	0	1	0	0	0	0	0	0	NULL	NO_REGISTERED_SESSION_SERVER_STOPPED
24571	Henore	159	RNDBOT239	1	3	10	0	1787955278	2026-08-29 00:14:38	1	NULL	0000-00-00 00:00:00	0	1	0	0	0	0	0	0	NULL	NO_REGISTERED_SESSION_SERVER_STOPPED
24572	Flarim	418	RNDBOT240	1	1	9	0	1787955294	2026-08-29 00:14:54	1	NULL	0000-00-00 00:00:00	0	1	0	0	0	0	0	0	NULL	NO_REGISTERED_SESSION_SERVER_STOPPED
24573	Cally	418	RNDBOT240	1	9	9	0	1787955300	2026-08-29 00:15:00	1	NULL	0000-00-00 00:00:00	0	1	0	0	0	0	0	0	NULL	NO_REGISTERED_SESSION_SERVER_STOPPED
24574	Solt	418	RNDBOT240	1	8	10	0	1787955275	2026-08-29 00:14:35	1	NULL	0000-00-00 00:00:00	0	1	0	0	0	0	0	0	NULL	NO_REGISTERED_SESSION_SERVER_STOPPED
24575	Goleas	418	RNDBOT240	1	4	9	0	1787955294	2026-08-29 00:14:54	1	NULL	0000-00-00 00:00:00	0	1	0	0	0	0	0	0	NULL	NO_REGISTERED_SESSION_SERVER_STOPPED
24576	Gweyde	418	RNDBOT240	1	2	3	0	1787955275	2026-08-29 00:14:35	1	NULL	0000-00-00 00:00:00	0	1	0	0	0	0	0	0	NULL	NO_REGISTERED_SESSION_SERVER_STOPPED
24577	David	418	RNDBOT240	1	3	1	0	1787955276	2026-08-29 00:14:36	1	NULL	0000-00-00 00:00:00	0	1	0	0	0	0	0	0	NULL	NO_REGISTERED_SESSION_SERVER_STOPPED
24578	Galeralt	418	RNDBOT240	1	8	1	0	1787955280	2026-08-29 00:14:40	1	NULL	0000-00-00 00:00:00	0	1	0	0	0	0	0	0	NULL	NO_REGISTERED_SESSION_SERVER_STOPPED
24579	Alerad	418	RNDBOT240	1	3	10	0	1787955287	2026-08-29 00:14:47	1	NULL	0000-00-00 00:00:00	0	1	0	0	0	0	0	0	NULL	NO_REGISTERED_SESSION_SERVER_STOPPED
24580	Norean	418	RNDBOT240	1	5	10	0	1787955276	2026-08-29 00:14:36	1	NULL	0000-00-00 00:00:00	0	1	0	0	0	0	0	0	NULL	NO_REGISTERED_SESSION_SERVER_STOPPED
24581	Rogtehlmer	417	RNDBOT241	1	9	2	0	1787955272	2026-08-29 00:14:32	1	NULL	0000-00-00 00:00:00	0	1	0	0	0	0	0	0	NULL	NO_REGISTERED_SESSION_SERVER_STOPPED
24582	Richarlo	417	RNDBOT241	1	4	9	0	1787955272	2026-08-29 00:14:32	1	NULL	0000-00-00 00:00:00	0	1	0	0	0	0	0	0	NULL	NO_REGISTERED_SESSION_SERVER_STOPPED
24583	Sooche	417	RNDBOT241	1	3	6	0	1787955289	2026-08-29 00:14:49	1	NULL	0000-00-00 00:00:00	0	1	0	0	0	0	0	0	NULL	NO_REGISTERED_SESSION_SERVER_STOPPED
24584	Florina	417	RNDBOT241	1	1	9	0	1787955278	2026-08-29 00:14:38	1	NULL	0000-00-00 00:00:00	0	1	0	0	0	0	0	0	NULL	NO_REGISTERED_SESSION_SERVER_STOPPED
24585	Kiancy	417	RNDBOT241	1	3	10	0	1787955281	2026-08-29 00:14:41	1	NULL	0000-00-00 00:00:00	0	1	0	0	0	0	0	0	NULL	NO_REGISTERED_SESSION_SERVER_STOPPED
24586	Kaelard	417	RNDBOT241	1	5	5	0	1787955273	2026-08-29 00:14:33	1	NULL	0000-00-00 00:00:00	0	1	0	0	0	0	0	0	NULL	NO_REGISTERED_SESSION_SERVER_STOPPED
24587	Evenz	417	RNDBOT241	1	1	9	0	1787955286	2026-08-29 00:14:46	1	NULL	0000-00-00 00:00:00	0	1	0	0	0	0	0	0	NULL	NO_REGISTERED_SESSION_SERVER_STOPPED
24588	Henrietta	417	RNDBOT241	1	4	1	0	1787955280	2026-08-29 00:14:40	1	NULL	0000-00-00 00:00:00	0	1	0	0	0	0	0	0	NULL	NO_REGISTERED_SESSION_SERVER_STOPPED
24589	Mereneya	417	RNDBOT241	1	1	10	0	1787955291	2026-08-29 00:14:51	1	NULL	0000-00-00 00:00:00	0	1	0	0	0	0	0	0	NULL	NO_REGISTERED_SESSION_SERVER_STOPPED
24590	Alianasta	161	RNDBOT242	1	2	10	0	1787955276	2026-08-29 00:14:36	1	NULL	0000-00-00 00:00:00	0	1	0	0	0	0	0	0	NULL	NO_REGISTERED_SESSION_SERVER_STOPPED
24591	Esteriane	161	RNDBOT242	1	4	10	0	1787955298	2026-08-29 00:14:58	1	NULL	0000-00-00 00:00:00	0	1	0	0	0	0	0	0	NULL	NO_REGISTERED_SESSION_SERVER_STOPPED
24592	Elleny	161	RNDBOT242	1	8	9	0	1787955281	2026-08-29 00:14:41	1	NULL	0000-00-00 00:00:00	0	1	0	0	0	0	0	0	NULL	NO_REGISTERED_SESSION_SERVER_STOPPED
24593	Awanki	161	RNDBOT242	1	7	2	0	1787955288	2026-08-29 00:14:48	1	NULL	0000-00-00 00:00:00	0	1	0	0	0	0	0	0	NULL	NO_REGISTERED_SESSION_SERVER_STOPPED
24594	Molandy	161	RNDBOT242	1	4	1	0	1787955272	2026-08-29 00:14:32	1	NULL	0000-00-00 00:00:00	0	1	0	0	0	0	0	0	NULL	NO_REGISTERED_SESSION_SERVER_STOPPED
24595	Roszu	161	RNDBOT242	1	4	8	0	1787955275	2026-08-29 00:14:35	1	NULL	0000-00-00 00:00:00	0	1	0	0	0	0	0	0	NULL	NO_REGISTERED_SESSION_SERVER_STOPPED
24596	Serick	161	RNDBOT242	1	2	10	0	1787955271	2026-08-29 00:14:31	1	NULL	0000-00-00 00:00:00	0	1	0	0	0	0	0	0	NULL	NO_REGISTERED_SESSION_SERVER_STOPPED
24597	Rolock	161	RNDBOT242	1	4	10	0	1787955287	2026-08-29 00:14:47	1	NULL	0000-00-00 00:00:00	0	1	0	0	0	0	0	0	NULL	NO_REGISTERED_SESSION_SERVER_STOPPED
24598	Adelanne	161	RNDBOT242	1	8	1	0	1787955279	2026-08-29 00:14:39	1	NULL	0000-00-00 00:00:00	0	1	0	0	0	0	0	0	NULL	NO_REGISTERED_SESSION_SERVER_STOPPED
24599	Zowegka	160	RNDBOT243	1	1	2	0	1787955281	2026-08-29 00:14:41	1	NULL	0000-00-00 00:00:00	0	1	0	0	0	0	0	0	NULL	NO_REGISTERED_SESSION_SERVER_STOPPED
24600	Icton	160	RNDBOT243	1	2	10	0	1787955276	2026-08-29 00:14:36	1	NULL	0000-00-00 00:00:00	0	1	0	0	0	0	0	0	NULL	NO_REGISTERED_SESSION_SERVER_STOPPED
24601	Ladora	160	RNDBOT243	1	4	10	0	1787955285	2026-08-29 00:14:45	1	NULL	0000-00-00 00:00:00	0	1	0	0	0	0	0	0	NULL	NO_REGISTERED_SESSION_SERVER_STOPPED
24602	Graik	160	RNDBOT243	1	2	10	0	1787955295	2026-08-29 00:14:55	1	NULL	0000-00-00 00:00:00	0	1	0	0	0	0	0	0	NULL	NO_REGISTERED_SESSION_SERVER_STOPPED
24603	Irria	160	RNDBOT243	1	3	4	0	1787955297	2026-08-29 00:14:57	1	NULL	0000-00-00 00:00:00	0	1	0	0	0	0	0	0	NULL	NO_REGISTERED_SESSION_SERVER_STOPPED
24604	Unlen	160	RNDBOT243	1	9	7	0	1787955294	2026-08-29 00:14:54	1	NULL	0000-00-00 00:00:00	0	1	0	0	0	0	0	0	NULL	NO_REGISTERED_SESSION_SERVER_STOPPED
24605	Farance	160	RNDBOT243	1	4	10	0	1787955298	2026-08-29 00:14:58	1	NULL	0000-00-00 00:00:00	0	1	0	0	0	0	0	0	NULL	NO_REGISTERED_SESSION_SERVER_STOPPED
24606	Ohduigrim	160	RNDBOT243	1	1	3	0	1787955275	2026-08-29 00:14:35	1	NULL	0000-00-00 00:00:00	0	1	0	0	0	0	0	0	NULL	NO_REGISTERED_SESSION_SERVER_STOPPED
24607	Nadille	160	RNDBOT243	1	2	1	0	1787955295	2026-08-29 00:14:55	1	NULL	0000-00-00 00:00:00	0	1	0	0	0	0	0	0	NULL	NO_REGISTERED_SESSION_SERVER_STOPPED
24608	Rakardurm	333	RNDBOT244	1	3	3	0	1787955283	2026-08-29 00:14:43	1	NULL	0000-00-00 00:00:00	0	1	0	0	0	0	0	0	NULL	NO_REGISTERED_SESSION_SERVER_STOPPED
24609	Brili	333	RNDBOT244	1	1	3	0	1787955290	2026-08-29 00:14:50	1	NULL	0000-00-00 00:00:00	0	1	0	0	0	0	0	0	NULL	NO_REGISTERED_SESSION_SERVER_STOPPED
24610	Zende	333	RNDBOT244	1	3	2	0	1787955298	2026-08-29 00:14:58	1	NULL	0000-00-00 00:00:00	0	1	0	0	0	0	0	0	NULL	NO_REGISTERED_SESSION_SERVER_STOPPED
24611	Khenwu	333	RNDBOT244	1	4	8	0	1787955285	2026-08-29 00:14:45	1	NULL	0000-00-00 00:00:00	0	1	0	0	0	0	0	0	NULL	NO_REGISTERED_SESSION_SERVER_STOPPED
24612	Kylandor	333	RNDBOT244	1	1	1	0	1787955295	2026-08-29 00:14:55	1	NULL	0000-00-00 00:00:00	0	1	0	0	0	0	0	0	NULL	NO_REGISTERED_SESSION_SERVER_STOPPED
24613	Seladan	333	RNDBOT244	1	4	4	0	1787955286	2026-08-29 00:14:46	1	NULL	0000-00-00 00:00:00	0	1	0	0	0	0	0	0	NULL	NO_REGISTERED_SESSION_SERVER_STOPPED
24614	Torian	333	RNDBOT244	1	1	10	0	1787955275	2026-08-29 00:14:35	1	NULL	0000-00-00 00:00:00	0	1	0	0	0	0	0	0	NULL	NO_REGISTERED_SESSION_SERVER_STOPPED
24615	Blanderen	333	RNDBOT244	1	1	1	0	1787955299	2026-08-29 00:14:59	1	NULL	0000-00-00 00:00:00	0	1	0	0	0	0	0	0	NULL	NO_REGISTERED_SESSION_SERVER_STOPPED
24616	Mabeez	333	RNDBOT244	1	8	7	0	1787955293	2026-08-29 00:14:53	1	NULL	0000-00-00 00:00:00	0	1	0	0	0	0	0	0	NULL	NO_REGISTERED_SESSION_SERVER_STOPPED
24617	Harolok	162	RNDBOT245	1	1	9	0	1787955280	2026-08-29 00:14:40	1	NULL	0000-00-00 00:00:00	0	1	0	0	0	0	0	0	NULL	NO_REGISTERED_SESSION_SERVER_STOPPED
24618	Balastin	162	RNDBOT245	1	8	10	0	1787955287	2026-08-29 00:14:47	1	NULL	0000-00-00 00:00:00	0	1	0	0	0	0	0	0	NULL	NO_REGISTERED_SESSION_SERVER_STOPPED
24619	Nadarin	162	RNDBOT245	1	1	10	0	1787955285	2026-08-29 00:14:45	1	NULL	0000-00-00 00:00:00	0	1	0	0	0	0	0	0	NULL	NO_REGISTERED_SESSION_SERVER_STOPPED
24620	Elenelia	162	RNDBOT245	1	5	10	0	1787955271	2026-08-29 00:14:31	1	NULL	0000-00-00 00:00:00	0	1	0	0	0	0	0	0	NULL	NO_REGISTERED_SESSION_SERVER_STOPPED
24621	Waleno	162	RNDBOT245	1	1	9	0	1787955275	2026-08-29 00:14:35	1	NULL	0000-00-00 00:00:00	0	1	0	0	0	0	0	0	NULL	NO_REGISTERED_SESSION_SERVER_STOPPED
24622	Wariel	162	RNDBOT245	1	8	1	0	1787955286	2026-08-29 00:14:46	1	NULL	0000-00-00 00:00:00	0	1	0	0	0	0	0	0	NULL	NO_REGISTERED_SESSION_SERVER_STOPPED
24623	Freli	162	RNDBOT245	1	3	9	0	1787955289	2026-08-29 00:14:49	1	NULL	0000-00-00 00:00:00	0	1	0	0	0	0	0	0	NULL	NO_REGISTERED_SESSION_SERVER_STOPPED
24624	Fylallaes	162	RNDBOT245	1	3	4	0	1787955280	2026-08-29 00:14:40	1	NULL	0000-00-00 00:00:00	0	1	0	0	0	0	0	0	NULL	NO_REGISTERED_SESSION_SERVER_STOPPED
24625	Selily	162	RNDBOT245	1	3	9	0	1787955280	2026-08-29 00:14:40	1	NULL	0000-00-00 00:00:00	0	1	0	0	0	0	0	0	NULL	NO_REGISTERED_SESSION_SERVER_STOPPED
24626	Icasper	461	RNDBOT246	1	2	10	0	1787955279	2026-08-29 00:14:39	1	NULL	0000-00-00 00:00:00	0	1	0	0	0	0	0	0	NULL	NO_REGISTERED_SESSION_SERVER_STOPPED
24627	Linevere	461	RNDBOT246	1	9	9	0	1787955280	2026-08-29 00:14:40	1	NULL	0000-00-00 00:00:00	0	1	0	0	0	0	0	0	NULL	NO_REGISTERED_SESSION_SERVER_STOPPED
24628	Handra	461	RNDBOT246	1	1	1	0	1787955275	2026-08-29 00:14:35	1	NULL	0000-00-00 00:00:00	0	1	0	0	0	0	0	0	NULL	NO_REGISTERED_SESSION_SERVER_STOPPED
24629	Floreneva	461	RNDBOT246	1	1	9	0	1787955297	2026-08-29 00:14:57	1	NULL	0000-00-00 00:00:00	0	1	0	0	0	0	0	0	NULL	NO_REGISTERED_SESSION_SERVER_STOPPED
24630	Synysa	461	RNDBOT246	1	5	4	0	1787955276	2026-08-29 00:14:36	1	NULL	0000-00-00 00:00:00	0	1	0	0	0	0	0	0	NULL	NO_REGISTERED_SESSION_SERVER_STOPPED
24631	Iwgi	461	RNDBOT246	1	3	2	0	1787955297	2026-08-29 00:14:57	1	NULL	0000-00-00 00:00:00	0	1	0	0	0	0	0	0	NULL	NO_REGISTERED_SESSION_SERVER_STOPPED
24632	Debrillezz	461	RNDBOT246	1	8	7	0	1787955276	2026-08-29 00:14:36	1	NULL	0000-00-00 00:00:00	0	1	0	0	0	0	0	0	NULL	NO_REGISTERED_SESSION_SERVER_STOPPED
24633	Kasgur	461	RNDBOT246	1	3	2	0	1787955292	2026-08-29 00:14:52	1	NULL	0000-00-00 00:00:00	0	1	0	0	0	0	0	0	NULL	NO_REGISTERED_SESSION_SERVER_STOPPED
24634	Trerdirer	461	RNDBOT246	1	7	8	0	1787955298	2026-08-29 00:14:58	1	NULL	0000-00-00 00:00:00	0	1	0	0	0	0	0	0	NULL	NO_REGISTERED_SESSION_SERVER_STOPPED
24635	Egoro	163	RNDBOT247	1	4	9	0	1787955279	2026-08-29 00:14:39	1	NULL	0000-00-00 00:00:00	0	1	0	0	0	0	0	0	NULL	NO_REGISTERED_SESSION_SERVER_STOPPED
24636	Baldorin	163	RNDBOT247	1	3	9	0	1787955272	2026-08-29 00:14:32	1	NULL	0000-00-00 00:00:00	0	1	0	0	0	0	0	0	NULL	NO_REGISTERED_SESSION_SERVER_STOPPED
24637	Deanderio	163	RNDBOT247	1	4	9	0	1787955298	2026-08-29 00:14:58	1	NULL	0000-00-00 00:00:00	0	1	0	0	0	0	0	0	NULL	NO_REGISTERED_SESSION_SERVER_STOPPED
24638	Fider	163	RNDBOT247	1	9	9	0	1787955277	2026-08-29 00:14:37	1	NULL	0000-00-00 00:00:00	0	1	0	0	0	0	0	0	NULL	NO_REGISTERED_SESSION_SERVER_STOPPED
24639	Soleni	163	RNDBOT247	1	9	1	0	1787955275	2026-08-29 00:14:35	1	NULL	0000-00-00 00:00:00	0	1	0	0	0	0	0	0	NULL	NO_REGISTERED_SESSION_SERVER_STOPPED
24640	Lydran	163	RNDBOT247	1	3	4	0	1787955286	2026-08-29 00:14:46	1	NULL	0000-00-00 00:00:00	0	1	0	0	0	0	0	0	NULL	NO_REGISTERED_SESSION_SERVER_STOPPED
24641	Rendaar	163	RNDBOT247	1	4	4	0	1787955300	2026-08-29 00:15:00	1	NULL	0000-00-00 00:00:00	0	1	0	0	0	0	0	0	NULL	NO_REGISTERED_SESSION_SERVER_STOPPED
24642	Gravenna	163	RNDBOT247	1	1	9	0	1787955284	2026-08-29 00:14:44	1	NULL	0000-00-00 00:00:00	0	1	0	0	0	0	0	0	NULL	NO_REGISTERED_SESSION_SERVER_STOPPED
24643	Dorest	163	RNDBOT247	1	3	10	0	1787955275	2026-08-29 00:14:35	1	NULL	0000-00-00 00:00:00	0	1	0	0	0	0	0	0	NULL	NO_REGISTERED_SESSION_SERVER_STOPPED
24644	Velinari	164	RNDBOT248	1	1	9	0	1787955300	2026-08-29 00:15:00	1	NULL	0000-00-00 00:00:00	0	1	0	0	0	0	0	0	NULL	NO_REGISTERED_SESSION_SERVER_STOPPED
24645	Demeranu	164	RNDBOT248	1	1	10	0	1787955290	2026-08-29 00:14:50	1	NULL	0000-00-00 00:00:00	0	1	0	0	0	0	0	0	NULL	NO_REGISTERED_SESSION_SERVER_STOPPED
24646	Ciah	164	RNDBOT248	1	3	9	0	1787955273	2026-08-29 00:14:33	1	NULL	0000-00-00 00:00:00	0	1	0	0	0	0	0	0	NULL	NO_REGISTERED_SESSION_SERVER_STOPPED
24647	Ilumon	164	RNDBOT248	1	3	4	0	1787955283	2026-08-29 00:14:43	1	NULL	0000-00-00 00:00:00	0	1	0	0	0	0	0	0	NULL	NO_REGISTERED_SESSION_SERVER_STOPPED
24648	Reldius	164	RNDBOT248	1	3	3	0	1787955298	2026-08-29 00:14:58	1	NULL	0000-00-00 00:00:00	0	1	0	0	0	0	0	0	NULL	NO_REGISTERED_SESSION_SERVER_STOPPED
24649	Gwysheinwe	164	RNDBOT248	1	3	3	0	1787955277	2026-08-29 00:14:37	1	NULL	0000-00-00 00:00:00	0	1	0	0	0	0	0	0	NULL	NO_REGISTERED_SESSION_SERVER_STOPPED
24650	Trekesh	164	RNDBOT248	1	7	8	0	1787955287	2026-08-29 00:14:47	1	NULL	0000-00-00 00:00:00	0	1	0	0	0	0	0	0	NULL	NO_REGISTERED_SESSION_SERVER_STOPPED
24651	Kendal	164	RNDBOT248	1	1	9	0	1787955287	2026-08-29 00:14:47	1	NULL	0000-00-00 00:00:00	0	1	0	0	0	0	0	0	NULL	NO_REGISTERED_SESSION_SERVER_STOPPED
24652	Ozriwe	164	RNDBOT248	1	7	2	0	1787955291	2026-08-29 00:14:51	1	NULL	0000-00-00 00:00:00	0	1	0	0	0	0	0	0	NULL	NO_REGISTERED_SESSION_SERVER_STOPPED
24653	Charadal	419	RNDBOT249	1	8	9	0	1788116556	2026-08-30 21:02:36	1	NULL	0000-00-00 00:00:00	1	1	0	0	0	1	0	0	NULL	NO_REGISTERED_SESSION_SERVER_STOPPED
24654	Baranna	419	RNDBOT249	1	4	10	0	1788116594	2026-08-30 21:03:14	1	NULL	0000-00-00 00:00:00	1	1	0	0	0	1	0	0	NULL	NO_REGISTERED_SESSION_SERVER_STOPPED
24655	Rhyrynn	419	RNDBOT249	1	11	4	0	1788116598	2026-08-30 21:03:18	1	NULL	0000-00-00 00:00:00	1	1	0	0	0	1	0	0	NULL	NO_REGISTERED_SESSION_SERVER_STOPPED
24656	Taliara	419	RNDBOT249	1	3	10	0	1788116600	2026-08-30 21:03:20	1	NULL	0000-00-00 00:00:00	1	1	0	0	0	1	0	0	NULL	NO_REGISTERED_SESSION_SERVER_STOPPED
24657	Amadam	419	RNDBOT249	1	5	10	0	1788116599	2026-08-30 21:03:19	1	NULL	0000-00-00 00:00:00	1	1	0	0	0	1	0	0	NULL	NO_REGISTERED_SESSION_SERVER_STOPPED
24658	Araim	419	RNDBOT249	1	3	10	0	1787955278	2026-08-29 00:14:38	1	NULL	0000-00-00 00:00:00	1	1	0	0	0	1	0	0	NULL	NO_REGISTERED_SESSION_SERVER_STOPPED
24659	Tianle	419	RNDBOT249	1	1	6	0	1788116542	2026-08-30 21:02:22	1	NULL	0000-00-00 00:00:00	1	1	0	0	0	1	0	0	NULL	NO_REGISTERED_SESSION_SERVER_STOPPED
24660	Mytlynn	419	RNDBOT249	1	11	4	0	1788116555	2026-08-30 21:02:35	1	NULL	0000-00-00 00:00:00	1	1	0	0	0	1	0	0	NULL	NO_REGISTERED_SESSION_SERVER_STOPPED
24661	Chelie	419	RNDBOT249	1	1	10	0	1787955286	2026-08-29 00:14:46	1	NULL	0000-00-00 00:00:00	1	1	0	0	0	1	0	0	NULL	NO_REGISTERED_SESSION_SERVER_STOPPED
24662	Vojan	165	RNDBOT250	1	3	8	0	1787955290	2026-08-29 00:14:50	1	NULL	0000-00-00 00:00:00	1	1	0	0	0	0	0	0	NULL	NO_REGISTERED_SESSION_SERVER_STOPPED
24663	Thitik	165	RNDBOT250	1	1	7	0	1787955276	2026-08-29 00:14:36	1	NULL	0000-00-00 00:00:00	1	1	0	0	0	0	0	0	NULL	NO_REGISTERED_SESSION_SERVER_STOPPED
24664	Ahehuhn	165	RNDBOT250	1	3	8	0	1787955280	2026-08-29 00:14:40	1	NULL	0000-00-00 00:00:00	1	1	0	0	0	0	0	0	NULL	NO_REGISTERED_SESSION_SERVER_STOPPED
24665	Radam	165	RNDBOT250	1	2	10	0	1787955282	2026-08-29 00:14:42	1	NULL	0000-00-00 00:00:00	1	1	0	0	0	0	0	0	NULL	NO_REGISTERED_SESSION_SERVER_STOPPED
24666	Sulkosh	165	RNDBOT250	1	1	7	0	1787955298	2026-08-29 00:14:58	1	NULL	0000-00-00 00:00:00	1	1	0	0	0	0	0	0	NULL	NO_REGISTERED_SESSION_SERVER_STOPPED
24667	Nerinetta	165	RNDBOT250	1	3	9	0	1787955276	2026-08-29 00:14:36	1	NULL	0000-00-00 00:00:00	1	1	0	0	0	0	0	0	NULL	NO_REGISTERED_SESSION_SERVER_STOPPED
24668	Lashek	165	RNDBOT250	1	7	6	0	1787955273	2026-08-29 00:14:33	1	NULL	0000-00-00 00:00:00	1	1	0	0	0	0	0	0	NULL	NO_REGISTERED_SESSION_SERVER_STOPPED
24669	Erse	165	RNDBOT250	1	3	10	0	1787955298	2026-08-29 00:14:58	1	NULL	0000-00-00 00:00:00	1	1	0	0	0	0	0	0	NULL	NO_REGISTERED_SESSION_SERVER_STOPPED
24670	Theodo	165	RNDBOT250	1	4	9	0	1787955279	2026-08-29 00:14:39	1	NULL	0000-00-00 00:00:00	1	1	0	0	0	0	0	0	NULL	NO_REGISTERED_SESSION_SERVER_STOPPED
24671	Caranoren	335	RNDBOT251	1	4	5	0	1787955274	2026-08-29 00:14:34	1	NULL	0000-00-00 00:00:00	1	1	0	0	0	0	0	0	NULL	NO_REGISTERED_SESSION_SERVER_STOPPED
24672	Olista	335	RNDBOT251	1	8	5	0	1787955282	2026-08-29 00:14:42	1	NULL	0000-00-00 00:00:00	1	1	0	0	0	0	0	0	NULL	NO_REGISTERED_SESSION_SERVER_STOPPED
24673	Endrino	335	RNDBOT251	1	4	9	0	1787955281	2026-08-29 00:14:41	1	NULL	0000-00-00 00:00:00	1	1	0	0	0	0	0	0	NULL	NO_REGISTERED_SESSION_SERVER_STOPPED
24674	Garinon	335	RNDBOT251	1	3	9	0	1787955299	2026-08-29 00:14:59	1	NULL	0000-00-00 00:00:00	1	1	0	0	0	0	0	0	NULL	NO_REGISTERED_SESSION_SERVER_STOPPED
24675	Acily	335	RNDBOT251	1	5	1	0	1787955273	2026-08-29 00:14:33	1	NULL	0000-00-00 00:00:00	1	1	0	0	0	0	0	0	NULL	NO_REGISTERED_SESSION_SERVER_STOPPED
24676	Elarlo	335	RNDBOT251	1	8	10	0	1787955276	2026-08-29 00:14:36	1	NULL	0000-00-00 00:00:00	1	1	0	0	0	0	0	0	NULL	NO_REGISTERED_SESSION_SERVER_STOPPED
24677	Derald	335	RNDBOT251	1	3	10	0	1787955278	2026-08-29 00:14:38	1	NULL	0000-00-00 00:00:00	1	1	0	0	0	0	0	0	NULL	NO_REGISTERED_SESSION_SERVER_STOPPED
24678	Glilee	335	RNDBOT251	1	8	7	0	1787955278	2026-08-29 00:14:38	1	NULL	0000-00-00 00:00:00	1	1	0	0	0	0	0	0	NULL	NO_REGISTERED_SESSION_SERVER_STOPPED
24679	Temer	335	RNDBOT251	1	4	9	0	1787955276	2026-08-29 00:14:36	1	NULL	0000-00-00 00:00:00	1	1	0	0	0	0	0	0	NULL	NO_REGISTERED_SESSION_SERVER_STOPPED
24680	Ascea	166	RNDBOT252	1	4	5	0	1787955284	2026-08-29 00:14:44	1	NULL	0000-00-00 00:00:00	0	1	0	0	0	0	0	0	NULL	NO_REGISTERED_SESSION_SERVER_STOPPED
24681	Ivette	166	RNDBOT252	1	3	1	0	1787955275	2026-08-29 00:14:35	1	NULL	0000-00-00 00:00:00	0	1	0	0	0	0	0	0	NULL	NO_REGISTERED_SESSION_SERVER_STOPPED
24682	Erianni	166	RNDBOT252	1	4	9	0	1787955271	2026-08-29 00:14:31	1	NULL	0000-00-00 00:00:00	0	1	0	0	0	0	0	0	NULL	NO_REGISTERED_SESSION_SERVER_STOPPED
24683	Nanca	166	RNDBOT252	1	2	1	0	1787955288	2026-08-29 00:14:48	1	NULL	0000-00-00 00:00:00	0	1	0	0	0	0	0	0	NULL	NO_REGISTERED_SESSION_SERVER_STOPPED
24684	Throrn	166	RNDBOT252	1	1	2	0	1787955296	2026-08-29 00:14:56	1	NULL	0000-00-00 00:00:00	0	1	0	0	0	0	0	0	NULL	NO_REGISTERED_SESSION_SERVER_STOPPED
24685	Cosera	166	RNDBOT252	1	2	1	0	1787955288	2026-08-29 00:14:48	1	NULL	0000-00-00 00:00:00	0	1	0	0	0	0	0	0	NULL	NO_REGISTERED_SESSION_SERVER_STOPPED
24686	Erinerice	166	RNDBOT252	1	8	9	0	1787955285	2026-08-29 00:14:45	1	NULL	0000-00-00 00:00:00	0	1	0	0	0	0	0	0	NULL	NO_REGISTERED_SESSION_SERVER_STOPPED
24687	Orinerolo	166	RNDBOT252	1	2	10	0	1787955298	2026-08-29 00:14:58	1	NULL	0000-00-00 00:00:00	0	1	0	0	0	0	0	0	NULL	NO_REGISTERED_SESSION_SERVER_STOPPED
24688	Boscanon	166	RNDBOT252	1	4	9	0	1787955287	2026-08-29 00:14:47	1	NULL	0000-00-00 00:00:00	0	1	0	0	0	0	0	0	NULL	NO_REGISTERED_SESSION_SERVER_STOPPED
24689	Deladora	493	RNDBOT253	1	2	1	0	1787955296	2026-08-29 00:14:56	1	NULL	0000-00-00 00:00:00	0	1	0	0	0	0	0	0	NULL	NO_REGISTERED_SESSION_SERVER_STOPPED
24690	Aemo	493	RNDBOT253	1	7	8	0	1787955275	2026-08-29 00:14:35	1	NULL	0000-00-00 00:00:00	0	1	0	0	0	0	0	0	NULL	NO_REGISTERED_SESSION_SERVER_STOPPED
24691	Ibric	493	RNDBOT253	1	9	9	0	1787955282	2026-08-29 00:14:42	1	NULL	0000-00-00 00:00:00	0	1	0	0	0	0	0	0	NULL	NO_REGISTERED_SESSION_SERVER_STOPPED
24692	Idone	493	RNDBOT253	1	8	5	0	1787955281	2026-08-29 00:14:41	1	NULL	0000-00-00 00:00:00	0	1	0	0	0	0	0	0	NULL	NO_REGISTERED_SESSION_SERVER_STOPPED
24693	Britne	493	RNDBOT253	1	1	9	0	1787955299	2026-08-29 00:14:59	1	NULL	0000-00-00 00:00:00	0	1	0	0	0	0	0	0	NULL	NO_REGISTERED_SESSION_SERVER_STOPPED
24694	Jonim	493	RNDBOT253	1	9	9	0	1787955276	2026-08-29 00:14:36	1	NULL	0000-00-00 00:00:00	0	1	0	0	0	0	0	0	NULL	NO_REGISTERED_SESSION_SERVER_STOPPED
24695	Thomar	493	RNDBOT253	1	4	1	0	1787955292	2026-08-29 00:14:52	1	NULL	0000-00-00 00:00:00	0	1	0	0	0	0	0	0	NULL	NO_REGISTERED_SESSION_SERVER_STOPPED
24696	Alily	493	RNDBOT253	1	1	10	0	1787955274	2026-08-29 00:14:34	1	NULL	0000-00-00 00:00:00	0	1	0	0	0	0	0	0	NULL	NO_REGISTERED_SESSION_SERVER_STOPPED
24697	Apollo	493	RNDBOT253	1	4	10	0	1787955295	2026-08-29 00:14:55	1	NULL	0000-00-00 00:00:00	0	1	0	0	0	0	0	0	NULL	NO_REGISTERED_SESSION_SERVER_STOPPED
24698	Philie	167	RNDBOT254	1	5	10	0	1787955295	2026-08-29 00:14:55	1	NULL	0000-00-00 00:00:00	0	1	0	0	0	0	0	0	NULL	NO_REGISTERED_SESSION_SERVER_STOPPED
24699	Pilopa	167	RNDBOT254	1	3	6	0	1787955281	2026-08-29 00:14:41	1	NULL	0000-00-00 00:00:00	0	1	0	0	0	0	0	0	NULL	NO_REGISTERED_SESSION_SERVER_STOPPED
24700	Vanni	167	RNDBOT254	1	8	1	0	1787955297	2026-08-29 00:14:57	1	NULL	0000-00-00 00:00:00	0	1	0	0	0	0	0	0	NULL	NO_REGISTERED_SESSION_SERVER_STOPPED
24701	Darino	167	RNDBOT254	1	3	9	0	1787955279	2026-08-29 00:14:39	1	NULL	0000-00-00 00:00:00	0	1	0	0	0	0	0	0	NULL	NO_REGISTERED_SESSION_SERVER_STOPPED
24702	Lianko	167	RNDBOT254	1	1	10	0	1787955282	2026-08-29 00:14:42	1	NULL	0000-00-00 00:00:00	0	1	0	0	0	0	0	0	NULL	NO_REGISTERED_SESSION_SERVER_STOPPED
24703	Veron	167	RNDBOT254	1	4	1	0	1787955284	2026-08-29 00:14:44	1	NULL	0000-00-00 00:00:00	0	1	0	0	0	0	0	0	NULL	NO_REGISTERED_SESSION_SERVER_STOPPED
24704	Oudrohr	167	RNDBOT254	1	5	3	0	1787955298	2026-08-29 00:14:58	1	NULL	0000-00-00 00:00:00	0	1	0	0	0	0	0	0	NULL	NO_REGISTERED_SESSION_SERVER_STOPPED
24705	Alent	167	RNDBOT254	1	3	10	0	1787955282	2026-08-29 00:14:42	1	NULL	0000-00-00 00:00:00	0	1	0	0	0	0	0	0	NULL	NO_REGISTERED_SESSION_SERVER_STOPPED
24706	Shanso	167	RNDBOT254	1	11	6	0	1787955291	2026-08-29 00:14:51	1	NULL	0000-00-00 00:00:00	0	1	0	0	0	0	0	0	NULL	NO_REGISTERED_SESSION_SERVER_STOPPED
24707	Erieve	336	RNDBOT255	1	1	1	0	1787955275	2026-08-29 00:14:35	1	NULL	0000-00-00 00:00:00	1	1	0	0	0	0	0	0	NULL	NO_REGISTERED_SESSION_SERVER_STOPPED
24708	Heleneya	336	RNDBOT255	3	2	10	0	1788116563	2026-08-30 21:02:43	1	NULL	0000-00-00 00:00:00	1	1	0	0	0	1	0	0	NULL	NO_REGISTERED_SESSION_SERVER_STOPPED
24709	Junva	336	RNDBOT255	4	3	3	0	1788116590	2026-08-30 21:03:10	1	NULL	0000-00-00 00:00:00	1	1	0	0	0	1	0	0	NULL	NO_REGISTERED_SESSION_SERVER_STOPPED
24710	Nerlo	336	RNDBOT255	6	9	9	0	1788044154	2026-08-30 00:55:54	1	NULL	0000-00-00 00:00:00	1	1	0	0	0	0	0	0	NULL	NO_REGISTERED_SESSION_SERVER_STOPPED
24711	Emanea	336	RNDBOT255	1	3	4	0	1787955294	2026-08-29 00:14:54	1	NULL	0000-00-00 00:00:00	1	1	0	0	0	0	0	0	NULL	NO_REGISTERED_SESSION_SERVER_STOPPED
24712	Eveliora	336	RNDBOT255	1	4	9	0	1787955275	2026-08-29 00:14:35	1	NULL	0000-00-00 00:00:00	1	1	0	0	0	0	0	0	NULL	NO_REGISTERED_SESSION_SERVER_STOPPED
24713	Kegu	336	RNDBOT255	1	1	6	0	1787955283	2026-08-29 00:14:43	1	NULL	0000-00-00 00:00:00	1	1	0	0	0	0	0	0	NULL	NO_REGISTERED_SESSION_SERVER_STOPPED
24714	Prederon	336	RNDBOT255	1	5	10	0	1787955297	2026-08-29 00:14:57	1	NULL	0000-00-00 00:00:00	1	1	0	0	0	0	0	0	NULL	NO_REGISTERED_SESSION_SERVER_STOPPED
24715	Serwyn	336	RNDBOT255	1	1	9	0	1787955285	2026-08-29 00:14:45	1	NULL	0000-00-00 00:00:00	1	1	0	0	0	0	0	0	NULL	NO_REGISTERED_SESSION_SERVER_STOPPED
24716	Vicanna	168	RNDBOT256	1	4	4	0	1787955275	2026-08-29 00:14:35	1	NULL	0000-00-00 00:00:00	0	1	0	0	0	0	0	0	NULL	NO_REGISTERED_SESSION_SERVER_STOPPED
24717	Shylaelar	168	RNDBOT256	1	3	4	0	1787955297	2026-08-29 00:14:57	1	NULL	0000-00-00 00:00:00	0	1	0	0	0	0	0	0	NULL	NO_REGISTERED_SESSION_SERVER_STOPPED
24718	Dalorenzo	168	RNDBOT256	1	5	10	0	1787955296	2026-08-29 00:14:56	1	NULL	0000-00-00 00:00:00	0	1	0	0	0	0	0	0	NULL	NO_REGISTERED_SESSION_SERVER_STOPPED
24719	Caspholo	168	RNDBOT256	1	2	1	0	1787955285	2026-08-29 00:14:45	1	NULL	0000-00-00 00:00:00	0	1	0	0	0	0	0	0	NULL	NO_REGISTERED_SESSION_SERVER_STOPPED
24720	Domenes	168	RNDBOT256	1	1	10	0	1787955286	2026-08-29 00:14:46	1	NULL	0000-00-00 00:00:00	0	1	0	0	0	0	0	0	NULL	NO_REGISTERED_SESSION_SERVER_STOPPED
24721	Eliana	168	RNDBOT256	1	4	1	0	1787955281	2026-08-29 00:14:41	1	NULL	0000-00-00 00:00:00	0	1	0	0	0	0	0	0	NULL	NO_REGISTERED_SESSION_SERVER_STOPPED
24722	Aspenico	168	RNDBOT256	1	1	10	0	1787955282	2026-08-29 00:14:42	1	NULL	0000-00-00 00:00:00	0	1	0	0	0	0	0	0	NULL	NO_REGISTERED_SESSION_SERVER_STOPPED
24723	Draren	168	RNDBOT256	1	11	4	0	1787955298	2026-08-29 00:14:58	1	NULL	0000-00-00 00:00:00	0	1	0	0	0	0	0	0	NULL	NO_REGISTERED_SESSION_SERVER_STOPPED
24724	Aberollo	168	RNDBOT256	1	4	5	0	1787955295	2026-08-29 00:14:55	1	NULL	0000-00-00 00:00:00	0	1	0	0	0	0	0	0	NULL	NO_REGISTERED_SESSION_SERVER_STOPPED
24725	Shalais	420	RNDBOT257	1	11	4	0	1787955288	2026-08-29 00:14:48	1	NULL	0000-00-00 00:00:00	0	1	0	0	0	0	0	0	NULL	NO_REGISTERED_SESSION_SERVER_STOPPED
24726	Januelio	420	RNDBOT257	1	3	10	0	1787955300	2026-08-29 00:15:00	1	NULL	0000-00-00 00:00:00	0	1	0	0	0	0	0	0	NULL	NO_REGISTERED_SESSION_SERVER_STOPPED
24727	Barent	420	RNDBOT257	1	1	9	0	1787955274	2026-08-29 00:14:34	1	NULL	0000-00-00 00:00:00	0	1	0	0	0	0	0	0	NULL	NO_REGISTERED_SESSION_SERVER_STOPPED
24728	Apolt	420	RNDBOT257	1	2	1	0	1787955279	2026-08-29 00:14:39	1	NULL	0000-00-00 00:00:00	0	1	0	0	0	0	0	0	NULL	NO_REGISTERED_SESSION_SERVER_STOPPED
24729	Patricia	420	RNDBOT257	1	8	5	0	1787955294	2026-08-29 00:14:54	1	NULL	0000-00-00 00:00:00	0	1	0	0	0	0	0	0	NULL	NO_REGISTERED_SESSION_SERVER_STOPPED
24730	Dainald	420	RNDBOT257	1	8	9	0	1787955275	2026-08-29 00:14:35	1	NULL	0000-00-00 00:00:00	0	1	0	0	0	0	0	0	NULL	NO_REGISTERED_SESSION_SERVER_STOPPED
24731	Loweny	420	RNDBOT257	1	4	5	0	1787955276	2026-08-29 00:14:36	1	NULL	0000-00-00 00:00:00	0	1	0	0	0	0	0	0	NULL	NO_REGISTERED_SESSION_SERVER_STOPPED
24732	Waldin	420	RNDBOT257	1	2	1	0	1787955287	2026-08-29 00:14:47	1	NULL	0000-00-00 00:00:00	0	1	0	0	0	0	0	0	NULL	NO_REGISTERED_SESSION_SERVER_STOPPED
24733	Thileria	420	RNDBOT257	1	4	4	0	1787955284	2026-08-29 00:14:44	1	NULL	0000-00-00 00:00:00	0	1	0	0	0	0	0	0	NULL	NO_REGISTERED_SESSION_SERVER_STOPPED
24734	Balazar	169	RNDBOT258	1	5	10	0	1787955276	2026-08-29 00:14:36	1	NULL	0000-00-00 00:00:00	0	1	0	0	0	0	0	0	NULL	NO_REGISTERED_SESSION_SERVER_STOPPED
24735	Alainerie	169	RNDBOT258	1	3	1	0	1787955296	2026-08-29 00:14:56	1	NULL	0000-00-00 00:00:00	0	1	0	0	0	0	0	0	NULL	NO_REGISTERED_SESSION_SERVER_STOPPED
24736	Pelvin	169	RNDBOT258	1	4	10	0	1787955272	2026-08-29 00:14:32	1	NULL	0000-00-00 00:00:00	0	1	0	0	0	0	0	0	NULL	NO_REGISTERED_SESSION_SERVER_STOPPED
24737	Asphoder	169	RNDBOT258	1	5	5	0	1787955280	2026-08-29 00:14:40	1	NULL	0000-00-00 00:00:00	0	1	0	0	0	0	0	0	NULL	NO_REGISTERED_SESSION_SERVER_STOPPED
24738	Mushengli	169	RNDBOT258	1	3	3	0	1787955295	2026-08-29 00:14:55	1	NULL	0000-00-00 00:00:00	0	1	0	0	0	0	0	0	NULL	NO_REGISTERED_SESSION_SERVER_STOPPED
24739	Merita	169	RNDBOT258	1	1	9	0	1787955291	2026-08-29 00:14:51	1	NULL	0000-00-00 00:00:00	0	1	0	0	0	0	0	0	NULL	NO_REGISTERED_SESSION_SERVER_STOPPED
24740	Hadas	169	RNDBOT258	1	3	1	0	1787955286	2026-08-29 00:14:46	1	NULL	0000-00-00 00:00:00	0	1	0	0	0	0	0	0	NULL	NO_REGISTERED_SESSION_SERVER_STOPPED
24741	Desa	169	RNDBOT258	1	4	10	0	1787955286	2026-08-29 00:14:46	1	NULL	0000-00-00 00:00:00	0	1	0	0	0	0	0	0	NULL	NO_REGISTERED_SESSION_SERVER_STOPPED
24742	Fahnar	169	RNDBOT258	1	3	4	0	1787955274	2026-08-29 00:14:34	1	NULL	0000-00-00 00:00:00	0	1	0	0	0	0	0	0	NULL	NO_REGISTERED_SESSION_SERVER_STOPPED
24743	Haradon	337	RNDBOT259	1	8	10	0	1787955279	2026-08-29 00:14:39	1	NULL	0000-00-00 00:00:00	0	1	0	0	0	0	0	0	NULL	NO_REGISTERED_SESSION_SERVER_STOPPED
24744	Nelianca	337	RNDBOT259	1	8	9	0	1787955284	2026-08-29 00:14:44	1	NULL	0000-00-00 00:00:00	0	1	0	0	0	0	0	0	NULL	NO_REGISTERED_SESSION_SERVER_STOPPED
24745	Severen	337	RNDBOT259	1	9	5	0	1787955271	2026-08-29 00:14:31	1	NULL	0000-00-00 00:00:00	0	1	0	0	0	0	0	0	NULL	NO_REGISTERED_SESSION_SERVER_STOPPED
24746	Amanka	337	RNDBOT259	1	3	9	0	1787955284	2026-08-29 00:14:44	1	NULL	0000-00-00 00:00:00	0	1	0	0	0	0	0	0	NULL	NO_REGISTERED_SESSION_SERVER_STOPPED
24747	Iloni	337	RNDBOT259	1	1	5	0	1787955299	2026-08-29 00:14:59	1	NULL	0000-00-00 00:00:00	0	1	0	0	0	0	0	0	NULL	NO_REGISTERED_SESSION_SERVER_STOPPED
24748	Omastorin	337	RNDBOT259	1	3	10	0	1787955289	2026-08-29 00:14:49	1	NULL	0000-00-00 00:00:00	0	1	0	0	0	0	0	0	NULL	NO_REGISTERED_SESSION_SERVER_STOPPED
24749	Sadoriana	337	RNDBOT259	1	4	9	0	1787955272	2026-08-29 00:14:32	1	NULL	0000-00-00 00:00:00	0	1	0	0	0	0	0	0	NULL	NO_REGISTERED_SESSION_SERVER_STOPPED
24750	Eriette	337	RNDBOT259	1	9	9	0	1787955278	2026-08-29 00:14:38	1	NULL	0000-00-00 00:00:00	0	1	0	0	0	0	0	0	NULL	NO_REGISTERED_SESSION_SERVER_STOPPED
24751	Charonald	337	RNDBOT259	1	8	9	0	1787955277	2026-08-29 00:14:37	1	NULL	0000-00-00 00:00:00	0	1	0	0	0	0	0	0	NULL	NO_REGISTERED_SESSION_SERVER_STOPPED
24752	Natalia	170	RNDBOT260	1	2	1	0	1787955282	2026-08-29 00:14:42	1	NULL	0000-00-00 00:00:00	0	1	0	0	0	0	0	0	NULL	NO_REGISTERED_SESSION_SERVER_STOPPED
24753	Thrisuzzu	170	RNDBOT260	1	1	2	0	1787955292	2026-08-29 00:14:52	1	NULL	0000-00-00 00:00:00	0	1	0	0	0	0	0	0	NULL	NO_REGISTERED_SESSION_SERVER_STOPPED
24754	Clatera	170	RNDBOT260	1	4	1	0	1787955273	2026-08-29 00:14:33	1	NULL	0000-00-00 00:00:00	0	1	0	0	0	0	0	0	NULL	NO_REGISTERED_SESSION_SERVER_STOPPED
24755	Drorial	170	RNDBOT260	1	3	8	0	1787955297	2026-08-29 00:14:57	1	NULL	0000-00-00 00:00:00	0	1	0	0	0	0	0	0	NULL	NO_REGISTERED_SESSION_SERVER_STOPPED
24756	Deborah	170	RNDBOT260	1	3	1	0	1787955278	2026-08-29 00:14:38	1	NULL	0000-00-00 00:00:00	0	1	0	0	0	0	0	0	NULL	NO_REGISTERED_SESSION_SERVER_STOPPED
24757	Branueliam	170	RNDBOT260	1	3	10	0	1787955288	2026-08-29 00:14:48	1	NULL	0000-00-00 00:00:00	0	1	0	0	0	0	0	0	NULL	NO_REGISTERED_SESSION_SERVER_STOPPED
24758	Adoria	170	RNDBOT260	1	9	9	0	1787955285	2026-08-29 00:14:45	1	NULL	0000-00-00 00:00:00	0	1	0	0	0	0	0	0	NULL	NO_REGISTERED_SESSION_SERVER_STOPPED
24759	Landora	170	RNDBOT260	1	9	9	0	1787955291	2026-08-29 00:14:51	1	NULL	0000-00-00 00:00:00	0	1	0	0	0	0	0	0	NULL	NO_REGISTERED_SESSION_SERVER_STOPPED
24760	Klalduki	170	RNDBOT260	1	4	7	0	1787955276	2026-08-29 00:14:36	1	NULL	0000-00-00 00:00:00	0	1	0	0	0	0	0	0	NULL	NO_REGISTERED_SESSION_SERVER_STOPPED
24761	Uraik	462	RNDBOT261	1	2	10	0	1787955290	2026-08-29 00:14:50	1	NULL	0000-00-00 00:00:00	0	1	0	0	0	0	0	0	NULL	NO_REGISTERED_SESSION_SERVER_STOPPED
24762	Zolona	462	RNDBOT261	1	5	1	0	1787955279	2026-08-29 00:14:39	1	NULL	0000-00-00 00:00:00	0	1	0	0	0	0	0	0	NULL	NO_REGISTERED_SESSION_SERVER_STOPPED
24763	Oderie	462	RNDBOT261	1	3	10	0	1787955288	2026-08-29 00:14:48	1	NULL	0000-00-00 00:00:00	0	1	0	0	0	0	0	0	NULL	NO_REGISTERED_SESSION_SERVER_STOPPED
24764	Loristina	462	RNDBOT261	1	8	9	0	1787955299	2026-08-29 00:14:59	1	NULL	0000-00-00 00:00:00	0	1	0	0	0	0	0	0	NULL	NO_REGISTERED_SESSION_SERVER_STOPPED
24765	Bezhna	462	RNDBOT261	1	11	6	0	1787955273	2026-08-29 00:14:33	1	NULL	0000-00-00 00:00:00	0	1	0	0	0	0	0	0	NULL	NO_REGISTERED_SESSION_SERVER_STOPPED
24766	Arineve	462	RNDBOT261	1	3	1	0	1787955295	2026-08-29 00:14:55	1	NULL	0000-00-00 00:00:00	0	1	0	0	0	0	0	0	NULL	NO_REGISTERED_SESSION_SERVER_STOPPED
24767	Meligorn	462	RNDBOT261	1	11	4	0	1787955299	2026-08-29 00:14:59	1	NULL	0000-00-00 00:00:00	0	1	0	0	0	0	0	0	NULL	NO_REGISTERED_SESSION_SERVER_STOPPED
24768	Hanorond	462	RNDBOT261	1	4	3	0	1787955287	2026-08-29 00:14:47	1	NULL	0000-00-00 00:00:00	0	1	0	0	0	0	0	0	NULL	NO_REGISTERED_SESSION_SERVER_STOPPED
24769	Denelander	462	RNDBOT261	1	9	9	0	1787955272	2026-08-29 00:14:32	1	NULL	0000-00-00 00:00:00	0	1	0	0	0	0	0	0	NULL	NO_REGISTERED_SESSION_SERVER_STOPPED
24770	Guina	171	RNDBOT262	1	3	10	0	1787955295	2026-08-29 00:14:55	1	NULL	0000-00-00 00:00:00	0	1	0	0	0	0	0	0	NULL	NO_REGISTERED_SESSION_SERVER_STOPPED
24771	Consto	171	RNDBOT262	1	1	5	0	1787955293	2026-08-29 00:14:53	1	NULL	0000-00-00 00:00:00	0	1	0	0	0	0	0	0	NULL	NO_REGISTERED_SESSION_SERVER_STOPPED
24772	Lesteri	171	RNDBOT262	1	3	9	0	1787955287	2026-08-29 00:14:47	1	NULL	0000-00-00 00:00:00	0	1	0	0	0	0	0	0	NULL	NO_REGISTERED_SESSION_SERVER_STOPPED
24773	Renora	171	RNDBOT262	1	9	9	0	1787955279	2026-08-29 00:14:39	1	NULL	0000-00-00 00:00:00	0	1	0	0	0	0	0	0	NULL	NO_REGISTERED_SESSION_SERVER_STOPPED
24774	Astra	171	RNDBOT262	1	8	1	0	1787955292	2026-08-29 00:14:52	1	NULL	0000-00-00 00:00:00	0	1	0	0	0	0	0	0	NULL	NO_REGISTERED_SESSION_SERVER_STOPPED
24775	Lemena	171	RNDBOT262	1	2	10	0	1787955292	2026-08-29 00:14:52	1	NULL	0000-00-00 00:00:00	0	1	0	0	0	0	0	0	NULL	NO_REGISTERED_SESSION_SERVER_STOPPED
24776	Suchen	171	RNDBOT262	1	7	6	0	1787955276	2026-08-29 00:14:36	1	NULL	0000-00-00 00:00:00	0	1	0	0	0	0	0	0	NULL	NO_REGISTERED_SESSION_SERVER_STOPPED
24777	Lenora	171	RNDBOT262	1	4	10	0	1787955285	2026-08-29 00:14:45	1	NULL	0000-00-00 00:00:00	0	1	0	0	0	0	0	0	NULL	NO_REGISTERED_SESSION_SERVER_STOPPED
24778	Erico	171	RNDBOT262	1	5	1	0	1787955287	2026-08-29 00:14:47	1	NULL	0000-00-00 00:00:00	0	1	0	0	0	0	0	0	NULL	NO_REGISTERED_SESSION_SERVER_STOPPED
24779	Monmoia	338	RNDBOT263	1	3	6	0	1787955283	2026-08-29 00:14:43	1	NULL	0000-00-00 00:00:00	0	1	0	0	0	0	0	0	NULL	NO_REGISTERED_SESSION_SERVER_STOPPED
24780	Felande	338	RNDBOT263	1	8	10	0	1787955285	2026-08-29 00:14:45	1	NULL	0000-00-00 00:00:00	0	1	0	0	0	0	0	0	NULL	NO_REGISTERED_SESSION_SERVER_STOPPED
24781	Leonimond	338	RNDBOT263	1	3	10	0	1787955290	2026-08-29 00:14:50	1	NULL	0000-00-00 00:00:00	0	1	0	0	0	0	0	0	NULL	NO_REGISTERED_SESSION_SERVER_STOPPED
24782	Derico	338	RNDBOT263	1	8	1	0	1787955278	2026-08-29 00:14:38	1	NULL	0000-00-00 00:00:00	0	1	0	0	0	0	0	0	NULL	NO_REGISTERED_SESSION_SERVER_STOPPED
24783	Aagchiren	338	RNDBOT263	1	4	8	0	1787955275	2026-08-29 00:14:35	1	NULL	0000-00-00 00:00:00	0	1	0	0	0	0	0	0	NULL	NO_REGISTERED_SESSION_SERVER_STOPPED
24784	Mereni	338	RNDBOT263	1	1	10	0	1787955297	2026-08-29 00:14:57	1	NULL	0000-00-00 00:00:00	0	1	0	0	0	0	0	0	NULL	NO_REGISTERED_SESSION_SERVER_STOPPED
24785	Mineriane	338	RNDBOT263	1	5	1	0	1787955284	2026-08-29 00:14:44	1	NULL	0000-00-00 00:00:00	0	1	0	0	0	0	0	0	NULL	NO_REGISTERED_SESSION_SERVER_STOPPED
24786	Melenta	338	RNDBOT263	1	9	5	0	1787955296	2026-08-29 00:14:56	1	NULL	0000-00-00 00:00:00	0	1	0	0	0	0	0	0	NULL	NO_REGISTERED_SESSION_SERVER_STOPPED
24787	Geva	338	RNDBOT263	1	1	3	0	1787955272	2026-08-29 00:14:32	1	NULL	0000-00-00 00:00:00	0	1	0	0	0	0	0	0	NULL	NO_REGISTERED_SESSION_SERVER_STOPPED
24788	Mythaelas	172	RNDBOT264	1	4	4	0	1787955281	2026-08-29 00:14:41	1	NULL	0000-00-00 00:00:00	0	1	0	0	0	0	0	0	NULL	NO_REGISTERED_SESSION_SERVER_STOPPED
24789	Utahzun	172	RNDBOT264	1	3	8	0	1787955297	2026-08-29 00:14:57	1	NULL	0000-00-00 00:00:00	0	1	0	0	0	0	0	0	NULL	NO_REGISTERED_SESSION_SERVER_STOPPED
24790	Yamily	172	RNDBOT264	1	3	10	0	1787955297	2026-08-29 00:14:57	1	NULL	0000-00-00 00:00:00	0	1	0	0	0	0	0	0	NULL	NO_REGISTERED_SESSION_SERVER_STOPPED
24791	Erasco	172	RNDBOT264	1	5	1	0	1787955298	2026-08-29 00:14:58	1	NULL	0000-00-00 00:00:00	0	1	0	0	0	0	0	0	NULL	NO_REGISTERED_SESSION_SERVER_STOPPED
24792	Damaderic	172	RNDBOT264	1	5	10	0	1787955290	2026-08-29 00:14:50	1	NULL	0000-00-00 00:00:00	0	1	0	0	0	0	0	0	NULL	NO_REGISTERED_SESSION_SERVER_STOPPED
24793	Mypos	172	RNDBOT264	1	4	7	0	1787955291	2026-08-29 00:14:51	1	NULL	0000-00-00 00:00:00	0	1	0	0	0	0	0	0	NULL	NO_REGISTERED_SESSION_SERVER_STOPPED
24794	Krok	172	RNDBOT264	1	3	2	0	1787955271	2026-08-29 00:14:31	1	NULL	0000-00-00 00:00:00	0	1	0	0	0	0	0	0	NULL	NO_REGISTERED_SESSION_SERVER_STOPPED
24795	Irenna	172	RNDBOT264	1	2	10	0	1787955292	2026-08-29 00:14:52	1	NULL	0000-00-00 00:00:00	0	1	0	0	0	0	0	0	NULL	NO_REGISTERED_SESSION_SERVER_STOPPED
24796	Ildarcy	172	RNDBOT264	1	2	1	0	1787955288	2026-08-29 00:14:48	1	NULL	0000-00-00 00:00:00	0	1	0	0	0	0	0	0	NULL	NO_REGISTERED_SESSION_SERVER_STOPPED
24797	Emaelath	421	RNDBOT265	1	3	4	0	1787955277	2026-08-29 00:14:37	1	NULL	0000-00-00 00:00:00	0	1	0	0	0	0	0	0	NULL	NO_REGISTERED_SESSION_SERVER_STOPPED
24798	Hodedrakik	421	RNDBOT265	1	7	6	0	1787955289	2026-08-29 00:14:49	1	NULL	0000-00-00 00:00:00	0	1	0	0	0	0	0	0	NULL	NO_REGISTERED_SESSION_SERVER_STOPPED
24799	Aliane	421	RNDBOT265	1	8	10	0	1787955273	2026-08-29 00:14:33	1	NULL	0000-00-00 00:00:00	0	1	0	0	0	0	0	0	NULL	NO_REGISTERED_SESSION_SERVER_STOPPED
24800	Elyshia	421	RNDBOT265	1	5	4	0	1787955294	2026-08-29 00:14:54	1	NULL	0000-00-00 00:00:00	0	1	0	0	0	0	0	0	NULL	NO_REGISTERED_SESSION_SERVER_STOPPED
24801	Paulah	421	RNDBOT265	1	4	10	0	1787955288	2026-08-29 00:14:48	1	NULL	0000-00-00 00:00:00	0	1	0	0	0	0	0	0	NULL	NO_REGISTERED_SESSION_SERVER_STOPPED
24802	Ingugg	421	RNDBOT265	1	2	3	0	1787955295	2026-08-29 00:14:55	1	NULL	0000-00-00 00:00:00	0	1	0	0	0	0	0	0	NULL	NO_REGISTERED_SESSION_SERVER_STOPPED
24803	Motkeesic	421	RNDBOT265	1	9	7	0	1787955296	2026-08-29 00:14:56	1	NULL	0000-00-00 00:00:00	0	1	0	0	0	0	0	0	NULL	NO_REGISTERED_SESSION_SERVER_STOPPED
24804	Coroto	421	RNDBOT265	1	8	10	0	1787955283	2026-08-29 00:14:43	1	NULL	0000-00-00 00:00:00	0	1	0	0	0	0	0	0	NULL	NO_REGISTERED_SESSION_SERVER_STOPPED
24805	Talos	421	RNDBOT265	1	2	1	0	1787955287	2026-08-29 00:14:47	1	NULL	0000-00-00 00:00:00	0	1	0	0	0	0	0	0	NULL	NO_REGISTERED_SESSION_SERVER_STOPPED
24806	Nikan	173	RNDBOT266	1	4	10	0	1787955282	2026-08-29 00:14:42	1	NULL	0000-00-00 00:00:00	0	1	0	0	0	0	0	0	NULL	NO_REGISTERED_SESSION_SERVER_STOPPED
24807	Kohde	173	RNDBOT266	1	3	3	0	1787955286	2026-08-29 00:14:46	1	NULL	0000-00-00 00:00:00	0	1	0	0	0	0	0	0	NULL	NO_REGISTERED_SESSION_SERVER_STOPPED
24808	Elilyn	173	RNDBOT266	1	2	10	0	1787955291	2026-08-29 00:14:51	1	NULL	0000-00-00 00:00:00	0	1	0	0	0	0	0	0	NULL	NO_REGISTERED_SESSION_SERVER_STOPPED
24809	Paso	173	RNDBOT266	1	4	10	0	1787955284	2026-08-29 00:14:44	1	NULL	0000-00-00 00:00:00	0	1	0	0	0	0	0	0	NULL	NO_REGISTERED_SESSION_SERVER_STOPPED
24810	Elaelas	173	RNDBOT266	1	5	4	0	1787955282	2026-08-29 00:14:42	1	NULL	0000-00-00 00:00:00	0	1	0	0	0	0	0	0	NULL	NO_REGISTERED_SESSION_SERVER_STOPPED
24811	Iyleass	173	RNDBOT266	1	4	4	0	1787955290	2026-08-29 00:14:50	1	NULL	0000-00-00 00:00:00	0	1	0	0	0	0	0	0	NULL	NO_REGISTERED_SESSION_SERVER_STOPPED
24812	Celiana	173	RNDBOT266	1	3	10	0	1787955288	2026-08-29 00:14:48	1	NULL	0000-00-00 00:00:00	0	1	0	0	0	0	0	0	NULL	NO_REGISTERED_SESSION_SERVER_STOPPED
24813	Cari	173	RNDBOT266	1	5	4	0	1787955294	2026-08-29 00:14:54	1	NULL	0000-00-00 00:00:00	0	1	0	0	0	0	0	0	NULL	NO_REGISTERED_SESSION_SERVER_STOPPED
24814	Caradam	173	RNDBOT266	1	9	9	0	1787955291	2026-08-29 00:14:51	1	NULL	0000-00-00 00:00:00	0	1	0	0	0	0	0	0	NULL	NO_REGISTERED_SESSION_SERVER_STOPPED
24815	Donaldrick	339	RNDBOT267	1	1	10	0	1787955286	2026-08-29 00:14:46	1	NULL	0000-00-00 00:00:00	0	1	0	0	0	0	0	0	NULL	NO_REGISTERED_SESSION_SERVER_STOPPED
24816	Brico	339	RNDBOT267	1	3	10	0	1787955274	2026-08-29 00:14:34	1	NULL	0000-00-00 00:00:00	0	1	0	0	0	0	0	0	NULL	NO_REGISTERED_SESSION_SERVER_STOPPED
24817	Vanestere	339	RNDBOT267	1	1	9	0	1787955284	2026-08-29 00:14:44	1	NULL	0000-00-00 00:00:00	0	1	0	0	0	0	0	0	NULL	NO_REGISTERED_SESSION_SERVER_STOPPED
24818	Gredags	339	RNDBOT267	1	2	3	0	1787955272	2026-08-29 00:14:32	1	NULL	0000-00-00 00:00:00	0	1	0	0	0	0	0	0	NULL	NO_REGISTERED_SESSION_SERVER_STOPPED
24819	Ildaria	339	RNDBOT267	1	1	9	0	1787955290	2026-08-29 00:14:50	1	NULL	0000-00-00 00:00:00	0	1	0	0	0	0	0	0	NULL	NO_REGISTERED_SESSION_SERVER_STOPPED
24820	Yllaellorn	339	RNDBOT267	1	11	4	0	1787955271	2026-08-29 00:14:31	1	NULL	0000-00-00 00:00:00	0	1	0	0	0	0	0	0	NULL	NO_REGISTERED_SESSION_SERVER_STOPPED
24821	Galeranus	339	RNDBOT267	1	4	9	0	1787955279	2026-08-29 00:14:39	1	NULL	0000-00-00 00:00:00	0	1	0	0	0	0	0	0	NULL	NO_REGISTERED_SESSION_SERVER_STOPPED
24822	Callio	339	RNDBOT267	1	8	10	0	1787955272	2026-08-29 00:14:32	1	NULL	0000-00-00 00:00:00	0	1	0	0	0	0	0	0	NULL	NO_REGISTERED_SESSION_SERVER_STOPPED
24823	Ristia	339	RNDBOT267	1	3	9	0	1787955298	2026-08-29 00:14:58	1	NULL	0000-00-00 00:00:00	0	1	0	0	0	0	0	0	NULL	NO_REGISTERED_SESSION_SERVER_STOPPED
24824	Astoriana	174	RNDBOT268	1	3	10	0	1787955271	2026-08-29 00:14:31	1	NULL	0000-00-00 00:00:00	0	1	0	0	0	0	0	0	NULL	NO_REGISTERED_SESSION_SERVER_STOPPED
24825	Merollo	174	RNDBOT268	1	8	10	0	1787955284	2026-08-29 00:14:44	1	NULL	0000-00-00 00:00:00	0	1	0	0	0	0	0	0	NULL	NO_REGISTERED_SESSION_SERVER_STOPPED
24826	Fedison	174	RNDBOT268	1	4	10	0	1787955290	2026-08-29 00:14:50	1	NULL	0000-00-00 00:00:00	0	1	0	0	0	0	0	0	NULL	NO_REGISTERED_SESSION_SERVER_STOPPED
24827	Emeran	174	RNDBOT268	1	1	10	0	1787955275	2026-08-29 00:14:35	1	NULL	0000-00-00 00:00:00	0	1	0	0	0	0	0	0	NULL	NO_REGISTERED_SESSION_SERVER_STOPPED
24828	Terodor	174	RNDBOT268	1	4	4	0	1787955293	2026-08-29 00:14:53	1	NULL	0000-00-00 00:00:00	0	1	0	0	0	0	0	0	NULL	NO_REGISTERED_SESSION_SERVER_STOPPED
24829	Feladona	174	RNDBOT268	1	1	9	0	1787955278	2026-08-29 00:14:38	1	NULL	0000-00-00 00:00:00	0	1	0	0	0	0	0	0	NULL	NO_REGISTERED_SESSION_SERVER_STOPPED
24830	Lisy	174	RNDBOT268	1	5	10	0	1787955295	2026-08-29 00:14:55	1	NULL	0000-00-00 00:00:00	0	1	0	0	0	0	0	0	NULL	NO_REGISTERED_SESSION_SERVER_STOPPED
24831	Aritaria	174	RNDBOT268	1	11	4	0	1787955287	2026-08-29 00:14:47	1	NULL	0000-00-00 00:00:00	0	1	0	0	0	0	0	0	NULL	NO_REGISTERED_SESSION_SERVER_STOPPED
24832	Letteri	174	RNDBOT268	1	5	1	0	1787955299	2026-08-29 00:14:59	1	NULL	0000-00-00 00:00:00	0	1	0	0	0	0	0	0	NULL	NO_REGISTERED_SESSION_SERVER_STOPPED
24833	Selodren	483	RNDBOT269	2	1	4	0	1788116564	2026-08-30 21:02:44	1	NULL	0000-00-00 00:00:00	1	1	0	0	0	1	0	0	NULL	NO_REGISTERED_SESSION_SERVER_STOPPED
24834	Isaloa	483	RNDBOT269	6	9	9	0	1788027380	2026-08-29 20:16:20	1	NULL	0000-00-00 00:00:00	1	1	0	0	0	0	0	0	NULL	NO_REGISTERED_SESSION_SERVER_STOPPED
24835	Agard	483	RNDBOT269	6	8	5	0	1788027380	2026-08-29 20:16:20	1	NULL	0000-00-00 00:00:00	1	1	0	0	0	0	0	0	NULL	NO_REGISTERED_SESSION_SERVER_STOPPED
24836	Jonaimo	483	RNDBOT269	7	1	9	0	1788024278	2026-08-29 19:24:38	1	NULL	0000-00-00 00:00:00	1	1	0	0	0	0	0	0	NULL	NO_REGISTERED_SESSION_SERVER_STOPPED
24837	Femu	483	RNDBOT269	6	3	6	0	1787965724	2026-08-29 03:08:44	1	NULL	0000-00-00 00:00:00	1	1	0	0	0	0	0	0	NULL	NO_REGISTERED_SESSION_SERVER_STOPPED
24838	Lethanno	483	RNDBOT269	5	4	9	0	1788116577	2026-08-30 21:02:57	1	NULL	0000-00-00 00:00:00	1	1	0	0	0	1	0	0	NULL	NO_REGISTERED_SESSION_SERVER_STOPPED
24839	Sinderion	483	RNDBOT269	2	5	10	0	1788116544	2026-08-30 21:02:24	1	NULL	0000-00-00 00:00:00	1	1	0	0	0	1	0	0	NULL	NO_REGISTERED_SESSION_SERVER_STOPPED
24840	Elenlor	483	RNDBOT269	6	1	4	0	1787965724	2026-08-29 03:08:44	1	NULL	0000-00-00 00:00:00	1	1	0	0	0	0	0	0	NULL	NO_REGISTERED_SESSION_SERVER_STOPPED
24841	Galazar	483	RNDBOT269	6	2	10	0	1788024320	2026-08-29 19:25:20	1	NULL	0000-00-00 00:00:00	1	1	0	0	0	0	0	0	NULL	NO_REGISTERED_SESSION_SERVER_STOPPED
24842	Merineri	175	RNDBOT270	1	2	10	0	1787955290	2026-08-29 00:14:50	1	NULL	0000-00-00 00:00:00	0	1	0	0	0	0	0	0	NULL	NO_REGISTERED_SESSION_SERVER_STOPPED
24843	Melinerina	175	RNDBOT270	1	3	10	0	1787955285	2026-08-29 00:14:45	1	NULL	0000-00-00 00:00:00	0	1	0	0	0	0	0	0	NULL	NO_REGISTERED_SESSION_SERVER_STOPPED
24844	Alyrya	175	RNDBOT270	1	4	4	0	1787955295	2026-08-29 00:14:55	1	NULL	0000-00-00 00:00:00	0	1	0	0	0	0	0	0	NULL	NO_REGISTERED_SESSION_SERVER_STOPPED
24845	Bernac	175	RNDBOT270	1	1	10	0	1787955274	2026-08-29 00:14:34	1	NULL	0000-00-00 00:00:00	0	1	0	0	0	0	0	0	NULL	NO_REGISTERED_SESSION_SERVER_STOPPED
24846	Nangruhglio	175	RNDBOT270	1	3	3	0	1787955273	2026-08-29 00:14:33	1	NULL	0000-00-00 00:00:00	0	1	0	0	0	0	0	0	NULL	NO_REGISTERED_SESSION_SERVER_STOPPED
24847	Ferek	175	RNDBOT270	1	1	10	0	1787955295	2026-08-29 00:14:55	1	NULL	0000-00-00 00:00:00	0	1	0	0	0	0	0	0	NULL	NO_REGISTERED_SESSION_SERVER_STOPPED
24848	Eladone	175	RNDBOT270	1	8	1	0	1787955300	2026-08-29 00:15:00	1	NULL	0000-00-00 00:00:00	0	1	0	0	0	0	0	0	NULL	NO_REGISTERED_SESSION_SERVER_STOPPED
24849	Nhevana	175	RNDBOT270	1	4	4	0	1787955300	2026-08-29 00:15:00	1	NULL	0000-00-00 00:00:00	0	1	0	0	0	0	0	0	NULL	NO_REGISTERED_SESSION_SERVER_STOPPED
24850	Bujmo	175	RNDBOT270	1	4	8	0	1787955275	2026-08-29 00:14:35	1	NULL	0000-00-00 00:00:00	0	1	0	0	0	0	0	0	NULL	NO_REGISTERED_SESSION_SERVER_STOPPED
24851	Dunyuthil	340	RNDBOT271	1	1	6	0	1787955286	2026-08-29 00:14:46	1	NULL	0000-00-00 00:00:00	0	1	0	0	0	0	0	0	NULL	NO_REGISTERED_SESSION_SERVER_STOPPED
24852	Flanesta	340	RNDBOT271	1	5	10	0	1787955283	2026-08-29 00:14:43	1	NULL	0000-00-00 00:00:00	0	1	0	0	0	0	0	0	NULL	NO_REGISTERED_SESSION_SERVER_STOPPED
24853	Tarino	340	RNDBOT271	1	4	9	0	1787955285	2026-08-29 00:14:45	1	NULL	0000-00-00 00:00:00	0	1	0	0	0	0	0	0	NULL	NO_REGISTERED_SESSION_SERVER_STOPPED
24854	Kermina	340	RNDBOT271	1	3	10	0	1787955296	2026-08-29 00:14:56	1	NULL	0000-00-00 00:00:00	0	1	0	0	0	0	0	0	NULL	NO_REGISTERED_SESSION_SERVER_STOPPED
24855	Cunoland	340	RNDBOT271	1	1	5	0	1787955290	2026-08-29 00:14:50	1	NULL	0000-00-00 00:00:00	0	1	0	0	0	0	0	0	NULL	NO_REGISTERED_SESSION_SERVER_STOPPED
24856	Calie	340	RNDBOT271	1	3	1	0	1787955274	2026-08-29 00:14:34	1	NULL	0000-00-00 00:00:00	0	1	0	0	0	0	0	0	NULL	NO_REGISTERED_SESSION_SERVER_STOPPED
24857	Valenia	340	RNDBOT271	1	4	9	0	1787955300	2026-08-29 00:15:00	1	NULL	0000-00-00 00:00:00	0	1	0	0	0	0	0	0	NULL	NO_REGISTERED_SESSION_SERVER_STOPPED
24858	Farkon	340	RNDBOT271	1	1	9	0	1787955285	2026-08-29 00:14:45	1	NULL	0000-00-00 00:00:00	0	1	0	0	0	0	0	0	NULL	NO_REGISTERED_SESSION_SERVER_STOPPED
24859	Pirmi	340	RNDBOT271	1	3	6	0	1787955273	2026-08-29 00:14:33	1	NULL	0000-00-00 00:00:00	0	1	0	0	0	0	0	0	NULL	NO_REGISTERED_SESSION_SERVER_STOPPED
24860	Anktisa	422	RNDBOT272	1	7	6	0	1787955289	2026-08-29 00:14:49	1	NULL	0000-00-00 00:00:00	0	1	0	0	0	0	0	0	NULL	NO_REGISTERED_SESSION_SERVER_STOPPED
24861	Dandal	422	RNDBOT272	1	1	4	0	1787955298	2026-08-29 00:14:58	1	NULL	0000-00-00 00:00:00	0	1	0	0	0	0	0	0	NULL	NO_REGISTERED_SESSION_SERVER_STOPPED
24862	Erynna	422	RNDBOT272	1	3	4	0	1787955286	2026-08-29 00:14:46	1	NULL	0000-00-00 00:00:00	0	1	0	0	0	0	0	0	NULL	NO_REGISTERED_SESSION_SERVER_STOPPED
24863	Baphinaria	422	RNDBOT272	1	1	9	0	1787955296	2026-08-29 00:14:56	1	NULL	0000-00-00 00:00:00	0	1	0	0	0	0	0	0	NULL	NO_REGISTERED_SESSION_SERVER_STOPPED
24864	Ginevanna	422	RNDBOT272	1	1	10	0	1787955292	2026-08-29 00:14:52	1	NULL	0000-00-00 00:00:00	0	1	0	0	0	0	0	0	NULL	NO_REGISTERED_SESSION_SERVER_STOPPED
24865	Agato	422	RNDBOT272	1	3	10	0	1787955288	2026-08-29 00:14:48	1	NULL	0000-00-00 00:00:00	0	1	0	0	0	0	0	0	NULL	NO_REGISTERED_SESSION_SERVER_STOPPED
24866	Fyllas	422	RNDBOT272	1	11	4	0	1787955298	2026-08-29 00:14:58	1	NULL	0000-00-00 00:00:00	0	1	0	0	0	0	0	0	NULL	NO_REGISTERED_SESSION_SERVER_STOPPED
24867	Throkdast	422	RNDBOT272	1	1	2	0	1787955300	2026-08-29 00:15:00	1	NULL	0000-00-00 00:00:00	0	1	0	0	0	0	0	0	NULL	NO_REGISTERED_SESSION_SERVER_STOPPED
24868	Elineia	422	RNDBOT272	1	3	10	0	1787955296	2026-08-29 00:14:56	1	NULL	0000-00-00 00:00:00	0	1	0	0	0	0	0	0	NULL	NO_REGISTERED_SESSION_SERVER_STOPPED
24869	Astera	177	RNDBOT273	1	9	9	0	1787955271	2026-08-29 00:14:31	1	NULL	0000-00-00 00:00:00	0	1	0	0	0	0	0	0	NULL	NO_REGISTERED_SESSION_SERVER_STOPPED
24870	Mannian	177	RNDBOT273	1	3	4	0	1787955297	2026-08-29 00:14:57	1	NULL	0000-00-00 00:00:00	0	1	0	0	0	0	0	0	NULL	NO_REGISTERED_SESSION_SERVER_STOPPED
24871	Hectorion	177	RNDBOT273	1	4	10	0	1787955288	2026-08-29 00:14:48	1	NULL	0000-00-00 00:00:00	0	1	0	0	0	0	0	0	NULL	NO_REGISTERED_SESSION_SERVER_STOPPED
24872	Nariste	177	RNDBOT273	1	3	9	0	1787955292	2026-08-29 00:14:52	1	NULL	0000-00-00 00:00:00	0	1	0	0	0	0	0	0	NULL	NO_REGISTERED_SESSION_SERVER_STOPPED
24873	Felanu	177	RNDBOT273	1	1	10	0	1787955288	2026-08-29 00:14:48	1	NULL	0000-00-00 00:00:00	0	1	0	0	0	0	0	0	NULL	NO_REGISTERED_SESSION_SERVER_STOPPED
24874	Boscal	177	RNDBOT273	1	8	9	0	1787955279	2026-08-29 00:14:39	1	NULL	0000-00-00 00:00:00	0	1	0	0	0	0	0	0	NULL	NO_REGISTERED_SESSION_SERVER_STOPPED
24875	Greno	177	RNDBOT273	1	1	1	0	1787955286	2026-08-29 00:14:46	1	NULL	0000-00-00 00:00:00	0	1	0	0	0	0	0	0	NULL	NO_REGISTERED_SESSION_SERVER_STOPPED
24876	Efarin	177	RNDBOT273	1	2	10	0	1787955293	2026-08-29 00:14:53	1	NULL	0000-00-00 00:00:00	0	1	0	0	0	0	0	0	NULL	NO_REGISTERED_SESSION_SERVER_STOPPED
24877	Morrent	177	RNDBOT273	1	4	10	0	1787955275	2026-08-29 00:14:35	1	NULL	0000-00-00 00:00:00	0	1	0	0	0	0	0	0	NULL	NO_REGISTERED_SESSION_SERVER_STOPPED
24878	Aeyana	341	RNDBOT274	1	3	4	0	1787955279	2026-08-29 00:14:39	1	NULL	0000-00-00 00:00:00	0	1	0	0	0	0	0	0	NULL	NO_REGISTERED_SESSION_SERVER_STOPPED
24879	Galerido	341	RNDBOT274	1	3	1	0	1787955280	2026-08-29 00:14:40	1	NULL	0000-00-00 00:00:00	0	1	0	0	0	0	0	0	NULL	NO_REGISTERED_SESSION_SERVER_STOPPED
24880	Renduhr	341	RNDBOT274	1	3	3	0	1787955286	2026-08-29 00:14:46	1	NULL	0000-00-00 00:00:00	0	1	0	0	0	0	0	0	NULL	NO_REGISTERED_SESSION_SERVER_STOPPED
24881	Alaok	341	RNDBOT274	1	8	9	0	1787955288	2026-08-29 00:14:48	1	NULL	0000-00-00 00:00:00	0	1	0	0	0	0	0	0	NULL	NO_REGISTERED_SESSION_SERVER_STOPPED
24882	Danortin	341	RNDBOT274	1	1	9	0	1787955271	2026-08-29 00:14:31	1	NULL	0000-00-00 00:00:00	0	1	0	0	0	0	0	0	NULL	NO_REGISTERED_SESSION_SERVER_STOPPED
24883	Sineria	341	RNDBOT274	1	8	9	0	1787955290	2026-08-29 00:14:50	1	NULL	0000-00-00 00:00:00	0	1	0	0	0	0	0	0	NULL	NO_REGISTERED_SESSION_SERVER_STOPPED
24884	Vanta	341	RNDBOT274	1	9	9	0	1787955273	2026-08-29 00:14:33	1	NULL	0000-00-00 00:00:00	0	1	0	0	0	0	0	0	NULL	NO_REGISTERED_SESSION_SERVER_STOPPED
24885	Jesterrec	341	RNDBOT274	1	9	9	0	1787955299	2026-08-29 00:14:59	1	NULL	0000-00-00 00:00:00	0	1	0	0	0	0	0	0	NULL	NO_REGISTERED_SESSION_SERVER_STOPPED
24886	Singranna	341	RNDBOT274	1	3	3	0	1787955287	2026-08-29 00:14:47	1	NULL	0000-00-00 00:00:00	0	1	0	0	0	0	0	0	NULL	NO_REGISTERED_SESSION_SERVER_STOPPED
24887	Elenevela	178	RNDBOT275	1	8	10	0	1787955283	2026-08-29 00:14:43	1	NULL	0000-00-00 00:00:00	0	1	0	0	0	0	0	0	NULL	NO_REGISTERED_SESSION_SERVER_STOPPED
24888	Erand	178	RNDBOT275	1	9	9	0	1787955287	2026-08-29 00:14:47	1	NULL	0000-00-00 00:00:00	0	1	0	0	0	0	0	0	NULL	NO_REGISTERED_SESSION_SERVER_STOPPED
24889	Alediir	178	RNDBOT275	1	1	4	0	1787955281	2026-08-29 00:14:41	1	NULL	0000-00-00 00:00:00	0	1	0	0	0	0	0	0	NULL	NO_REGISTERED_SESSION_SERVER_STOPPED
24890	Lenadea	178	RNDBOT275	1	4	5	0	1787955295	2026-08-29 00:14:55	1	NULL	0000-00-00 00:00:00	0	1	0	0	0	0	0	0	NULL	NO_REGISTERED_SESSION_SERVER_STOPPED
24891	Ascata	178	RNDBOT275	1	4	9	0	1787955291	2026-08-29 00:14:51	1	NULL	0000-00-00 00:00:00	0	1	0	0	0	0	0	0	NULL	NO_REGISTERED_SESSION_SERVER_STOPPED
24892	Sergio	178	RNDBOT275	1	5	10	0	1787955280	2026-08-29 00:14:40	1	NULL	0000-00-00 00:00:00	0	1	0	0	0	0	0	0	NULL	NO_REGISTERED_SESSION_SERVER_STOPPED
24893	Nike	178	RNDBOT275	1	7	6	0	1787955271	2026-08-29 00:14:31	1	NULL	0000-00-00 00:00:00	0	1	0	0	0	0	0	0	NULL	NO_REGISTERED_SESSION_SERVER_STOPPED
24894	Rion	178	RNDBOT275	1	4	10	0	1787955297	2026-08-29 00:14:57	1	NULL	0000-00-00 00:00:00	0	1	0	0	0	0	0	0	NULL	NO_REGISTERED_SESSION_SERVER_STOPPED
24895	Daviano	178	RNDBOT275	1	4	9	0	1787955295	2026-08-29 00:14:55	1	NULL	0000-00-00 00:00:00	0	1	0	0	0	0	0	0	NULL	NO_REGISTERED_SESSION_SERVER_STOPPED
24896	Riela	463	RNDBOT276	1	1	10	0	1787955274	2026-08-29 00:14:34	1	NULL	0000-00-00 00:00:00	0	1	0	0	0	0	0	0	NULL	NO_REGISTERED_SESSION_SERVER_STOPPED
24897	Umu	463	RNDBOT276	1	1	6	0	1787955292	2026-08-29 00:14:52	1	NULL	0000-00-00 00:00:00	0	1	0	0	0	0	0	0	NULL	NO_REGISTERED_SESSION_SERVER_STOPPED
24898	Oberonid	463	RNDBOT276	1	5	1	0	1787955281	2026-08-29 00:14:41	1	NULL	0000-00-00 00:00:00	0	1	0	0	0	0	0	0	NULL	NO_REGISTERED_SESSION_SERVER_STOPPED
24899	Willoren	463	RNDBOT276	1	1	10	0	1787955296	2026-08-29 00:14:56	1	NULL	0000-00-00 00:00:00	0	1	0	0	0	0	0	0	NULL	NO_REGISTERED_SESSION_SERVER_STOPPED
24900	Neronimon	463	RNDBOT276	1	4	1	0	1787955284	2026-08-29 00:14:44	1	NULL	0000-00-00 00:00:00	0	1	0	0	0	0	0	0	NULL	NO_REGISTERED_SESSION_SERVER_STOPPED
24901	Aleerany	463	RNDBOT276	1	5	10	0	1787955290	2026-08-29 00:14:50	1	NULL	0000-00-00 00:00:00	0	1	0	0	0	0	0	0	NULL	NO_REGISTERED_SESSION_SERVER_STOPPED
24902	Krato	463	RNDBOT276	1	1	9	0	1787955298	2026-08-29 00:14:58	1	NULL	0000-00-00 00:00:00	0	1	0	0	0	0	0	0	NULL	NO_REGISTERED_SESSION_SERVER_STOPPED
24903	Broduthun	463	RNDBOT276	1	2	3	0	1787955291	2026-08-29 00:14:51	1	NULL	0000-00-00 00:00:00	0	1	0	0	0	0	0	0	NULL	NO_REGISTERED_SESSION_SERVER_STOPPED
24904	Sellene	463	RNDBOT276	1	2	1	0	1787955291	2026-08-29 00:14:51	1	NULL	0000-00-00 00:00:00	0	1	0	0	0	0	0	0	NULL	NO_REGISTERED_SESSION_SERVER_STOPPED
24905	Theiwehgion	179	RNDBOT277	7	1	3	0	1788044097	2026-08-30 00:54:57	1	NULL	0000-00-00 00:00:00	1	1	0	0	0	0	0	0	NULL	NO_REGISTERED_SESSION_SERVER_STOPPED
24906	Kylad	179	RNDBOT277	1	3	9	0	1787955278	2026-08-29 00:14:38	1	NULL	0000-00-00 00:00:00	1	1	0	0	0	0	0	0	NULL	NO_REGISTERED_SESSION_SERVER_STOPPED
24907	Lottlido	179	RNDBOT277	1	4	7	0	1787955275	2026-08-29 00:14:35	1	NULL	0000-00-00 00:00:00	1	1	0	0	0	0	0	0	NULL	NO_REGISTERED_SESSION_SERVER_STOPPED
24908	Mathegorn	179	RNDBOT277	1	1	4	0	1787955290	2026-08-29 00:14:50	1	NULL	0000-00-00 00:00:00	1	1	0	0	0	0	0	0	NULL	NO_REGISTERED_SESSION_SERVER_STOPPED
24909	Kamanu	179	RNDBOT277	6	3	6	0	1788036640	2026-08-29 22:50:40	1	NULL	0000-00-00 00:00:00	1	1	0	0	0	0	0	0	NULL	NO_REGISTERED_SESSION_SERVER_STOPPED
24910	Obinic	179	RNDBOT277	6	8	1	0	1788044097	2026-08-30 00:54:57	1	NULL	0000-00-00 00:00:00	1	1	0	0	0	0	0	0	NULL	NO_REGISTERED_SESSION_SERVER_STOPPED
24911	Ryarisse	179	RNDBOT277	7	3	4	0	1788042980	2026-08-30 00:36:20	1	NULL	0000-00-00 00:00:00	1	1	0	0	0	0	0	0	NULL	NO_REGISTERED_SESSION_SERVER_STOPPED
24912	Evenac	179	RNDBOT277	7	8	10	0	1788043036	2026-08-30 00:37:16	1	NULL	0000-00-00 00:00:00	1	1	0	0	0	0	0	0	NULL	NO_REGISTERED_SESSION_SERVER_STOPPED
24913	Gwuhgu	179	RNDBOT277	1	4	3	0	1787955277	2026-08-29 00:14:37	1	NULL	0000-00-00 00:00:00	1	1	0	0	0	0	0	0	NULL	NO_REGISTERED_SESSION_SERVER_STOPPED
24914	Sterrick	342	RNDBOT278	5	3	9	0	1788116580	2026-08-30 21:03:00	1	NULL	0000-00-00 00:00:00	1	1	0	0	0	1	0	0	NULL	NO_REGISTERED_SESSION_SERVER_STOPPED
24915	Elvane	342	RNDBOT278	1	1	9	0	1787955279	2026-08-29 00:14:39	1	NULL	0000-00-00 00:00:00	1	1	0	0	0	0	0	0	NULL	NO_REGISTERED_SESSION_SERVER_STOPPED
24916	Minaris	342	RNDBOT278	1	1	10	0	1787955275	2026-08-29 00:14:35	1	NULL	0000-00-00 00:00:00	1	1	0	0	0	0	0	0	NULL	NO_REGISTERED_SESSION_SERVER_STOPPED
24917	Kalerenz	342	RNDBOT278	6	1	9	0	1788038577	2026-08-29 23:22:57	1	NULL	0000-00-00 00:00:00	1	1	0	0	0	0	0	0	NULL	NO_REGISTERED_SESSION_SERVER_STOPPED
24918	Walon	342	RNDBOT278	6	5	10	0	1788043032	2026-08-30 00:37:12	1	NULL	0000-00-00 00:00:00	1	1	0	0	0	0	0	0	NULL	NO_REGISTERED_SESSION_SERVER_STOPPED
24919	Elaei	342	RNDBOT278	3	11	4	0	1788116588	2026-08-30 21:03:08	1	NULL	0000-00-00 00:00:00	1	1	0	0	0	1	0	0	NULL	NO_REGISTERED_SESSION_SERVER_STOPPED
24920	Samarani	342	RNDBOT278	6	2	1	0	1788043015	2026-08-30 00:36:55	1	NULL	0000-00-00 00:00:00	1	1	0	0	0	0	0	1	6	NO_REGISTERED_SESSION_SERVER_STOPPED
24921	Palie	342	RNDBOT278	7	1	9	0	1788044148	2026-08-30 00:55:48	1	NULL	0000-00-00 00:00:00	1	1	0	0	0	0	0	0	NULL	NO_REGISTERED_SESSION_SERVER_STOPPED
24922	Dirmohrduhm	342	RNDBOT278	7	5	3	0	1788044129	2026-08-30 00:55:29	1	NULL	0000-00-00 00:00:00	1	1	0	0	0	0	0	0	NULL	NO_REGISTERED_SESSION_SERVER_STOPPED
24923	Saleah	180	RNDBOT279	1	8	10	0	1787955295	2026-08-29 00:14:55	1	NULL	0000-00-00 00:00:00	0	1	0	0	0	0	0	0	NULL	NO_REGISTERED_SESSION_SERVER_STOPPED
24924	Westorin	180	RNDBOT279	1	2	10	0	1787955290	2026-08-29 00:14:50	1	NULL	0000-00-00 00:00:00	0	1	0	0	0	0	0	0	NULL	NO_REGISTERED_SESSION_SERVER_STOPPED
24925	Alasia	180	RNDBOT279	1	4	5	0	1787955282	2026-08-29 00:14:42	1	NULL	0000-00-00 00:00:00	0	1	0	0	0	0	0	0	NULL	NO_REGISTERED_SESSION_SERVER_STOPPED
24926	Agnuhm	180	RNDBOT279	1	5	3	0	1787955289	2026-08-29 00:14:49	1	NULL	0000-00-00 00:00:00	0	1	0	0	0	0	0	0	NULL	NO_REGISTERED_SESSION_SERVER_STOPPED
24927	Herenna	180	RNDBOT279	1	1	9	0	1787955276	2026-08-29 00:14:36	1	NULL	0000-00-00 00:00:00	0	1	0	0	0	0	0	0	NULL	NO_REGISTERED_SESSION_SERVER_STOPPED
24928	Donalio	180	RNDBOT279	1	9	1	0	1787955289	2026-08-29 00:14:49	1	NULL	0000-00-00 00:00:00	0	1	0	0	0	0	0	0	NULL	NO_REGISTERED_SESSION_SERVER_STOPPED
24929	Leandrick	180	RNDBOT279	1	4	10	0	1787955298	2026-08-29 00:14:58	1	NULL	0000-00-00 00:00:00	0	1	0	0	0	0	0	0	NULL	NO_REGISTERED_SESSION_SERVER_STOPPED
24930	Parkond	180	RNDBOT279	1	4	10	0	1787955277	2026-08-29 00:14:37	1	NULL	0000-00-00 00:00:00	0	1	0	0	0	0	0	0	NULL	NO_REGISTERED_SESSION_SERVER_STOPPED
24931	Estondor	180	RNDBOT279	1	3	1	0	1787955299	2026-08-29 00:14:59	1	NULL	0000-00-00 00:00:00	0	1	0	0	0	0	0	0	NULL	NO_REGISTERED_SESSION_SERVER_STOPPED
24932	Sinderion	423	RNDBOT280	1	4	10	0	1787955274	2026-08-29 00:14:34	1	NULL	0000-00-00 00:00:00	0	1	0	0	0	0	0	0	NULL	NO_REGISTERED_SESSION_SERVER_STOPPED
24933	Frestian	423	RNDBOT280	1	1	5	0	1787955291	2026-08-29 00:14:51	1	NULL	0000-00-00 00:00:00	0	1	0	0	0	0	0	0	NULL	NO_REGISTERED_SESSION_SERVER_STOPPED
24934	Zuwgiry	423	RNDBOT280	1	9	2	0	1787955280	2026-08-29 00:14:40	1	NULL	0000-00-00 00:00:00	0	1	0	0	0	0	0	0	NULL	NO_REGISTERED_SESSION_SERVER_STOPPED
24935	Norelice	423	RNDBOT280	1	8	1	0	1787955290	2026-08-29 00:14:50	1	NULL	0000-00-00 00:00:00	0	1	0	0	0	0	0	0	NULL	NO_REGISTERED_SESSION_SERVER_STOPPED
24936	Thorodo	423	RNDBOT280	1	5	10	0	1787955281	2026-08-29 00:14:41	1	NULL	0000-00-00 00:00:00	0	1	0	0	0	0	0	0	NULL	NO_REGISTERED_SESSION_SERVER_STOPPED
24937	Delecata	423	RNDBOT280	1	4	1	0	1787955296	2026-08-29 00:14:56	1	NULL	0000-00-00 00:00:00	0	1	0	0	0	0	0	0	NULL	NO_REGISTERED_SESSION_SERVER_STOPPED
24938	Caranden	423	RNDBOT280	1	9	1	0	1787955297	2026-08-29 00:14:57	1	NULL	0000-00-00 00:00:00	0	1	0	0	0	0	0	0	NULL	NO_REGISTERED_SESSION_SERVER_STOPPED
24939	Ukor	423	RNDBOT280	1	1	2	0	1787955275	2026-08-29 00:14:35	1	NULL	0000-00-00 00:00:00	0	1	0	0	0	0	0	0	NULL	NO_REGISTERED_SESSION_SERVER_STOPPED
24940	Glittlick	423	RNDBOT280	1	8	7	0	1787955278	2026-08-29 00:14:38	1	NULL	0000-00-00 00:00:00	0	1	0	0	0	0	0	0	NULL	NO_REGISTERED_SESSION_SERVER_STOPPED
24941	Demeteria	181	RNDBOT281	1	1	10	0	1787955272	2026-08-29 00:14:32	1	NULL	0000-00-00 00:00:00	0	1	0	0	0	0	0	0	NULL	NO_REGISTERED_SESSION_SERVER_STOPPED
24942	Damastor	181	RNDBOT281	1	9	1	0	1787955280	2026-08-29 00:14:40	1	NULL	0000-00-00 00:00:00	0	1	0	0	0	0	0	0	NULL	NO_REGISTERED_SESSION_SERVER_STOPPED
24943	Mezle	181	RNDBOT281	1	7	8	0	1787955298	2026-08-29 00:14:58	1	NULL	0000-00-00 00:00:00	0	1	0	0	0	0	0	0	NULL	NO_REGISTERED_SESSION_SERVER_STOPPED
24944	Amelyn	181	RNDBOT281	1	2	1	0	1787955272	2026-08-29 00:14:32	1	NULL	0000-00-00 00:00:00	0	1	0	0	0	0	0	0	NULL	NO_REGISTERED_SESSION_SERVER_STOPPED
24945	Narcis	181	RNDBOT281	1	2	10	0	1787955275	2026-08-29 00:14:35	1	NULL	0000-00-00 00:00:00	0	1	0	0	0	0	0	0	NULL	NO_REGISTERED_SESSION_SERVER_STOPPED
24946	Leanden	181	RNDBOT281	1	9	1	0	1787955273	2026-08-29 00:14:33	1	NULL	0000-00-00 00:00:00	0	1	0	0	0	0	0	0	NULL	NO_REGISTERED_SESSION_SERVER_STOPPED
24947	Thector	181	RNDBOT281	1	8	9	0	1787955279	2026-08-29 00:14:39	1	NULL	0000-00-00 00:00:00	0	1	0	0	0	0	0	0	NULL	NO_REGISTERED_SESSION_SERVER_STOPPED
24948	Branik	181	RNDBOT281	1	4	9	0	1787955271	2026-08-29 00:14:31	1	NULL	0000-00-00 00:00:00	0	1	0	0	0	0	0	0	NULL	NO_REGISTERED_SESSION_SERVER_STOPPED
24949	Amelandra	181	RNDBOT281	1	4	1	0	1787955300	2026-08-29 00:15:00	1	NULL	0000-00-00 00:00:00	0	1	0	0	0	0	0	0	NULL	NO_REGISTERED_SESSION_SERVER_STOPPED
24950	Brilunn	343	RNDBOT282	1	5	3	0	1787955293	2026-08-29 00:14:53	1	NULL	0000-00-00 00:00:00	1	1	0	0	0	0	0	0	NULL	NO_REGISTERED_SESSION_SERVER_STOPPED
24951	Perano	343	RNDBOT282	1	8	9	0	1787955297	2026-08-29 00:14:57	1	NULL	0000-00-00 00:00:00	1	1	0	0	0	0	0	0	NULL	NO_REGISTERED_SESSION_SERVER_STOPPED
24952	Lunghukiar	343	RNDBOT282	1	1	8	0	1787955294	2026-08-29 00:14:54	1	NULL	0000-00-00 00:00:00	1	1	0	0	0	0	0	0	NULL	NO_REGISTERED_SESSION_SERVER_STOPPED
24953	Brinevanna	343	RNDBOT282	1	1	9	0	1787955290	2026-08-29 00:14:50	1	NULL	0000-00-00 00:00:00	1	1	0	0	0	0	0	0	NULL	NO_REGISTERED_SESSION_SERVER_STOPPED
24954	Guhee	343	RNDBOT282	1	7	6	0	1787955295	2026-08-29 00:14:55	1	NULL	0000-00-00 00:00:00	1	1	0	0	0	0	0	0	NULL	NO_REGISTERED_SESSION_SERVER_STOPPED
24955	Endron	343	RNDBOT282	1	9	9	0	1787955297	2026-08-29 00:14:57	1	NULL	0000-00-00 00:00:00	1	1	0	0	0	0	0	0	NULL	NO_REGISTERED_SESSION_SERVER_STOPPED
24956	Babelly	343	RNDBOT282	1	5	10	0	1787955293	2026-08-29 00:14:53	1	NULL	0000-00-00 00:00:00	1	1	0	0	0	0	0	0	NULL	NO_REGISTERED_SESSION_SERVER_STOPPED
24957	Eduid	343	RNDBOT282	1	5	5	0	1787955292	2026-08-29 00:14:52	1	NULL	0000-00-00 00:00:00	1	1	0	0	0	0	0	0	NULL	NO_REGISTERED_SESSION_SERVER_STOPPED
24958	Maurizion	343	RNDBOT282	1	1	1	0	1787955292	2026-08-29 00:14:52	1	NULL	0000-00-00 00:00:00	1	1	0	0	0	0	0	0	NULL	NO_REGISTERED_SESSION_SERVER_STOPPED
24959	Jammo	182	RNDBOT283	1	9	9	0	1787955288	2026-08-29 00:14:48	1	NULL	0000-00-00 00:00:00	0	1	0	0	0	0	0	0	NULL	NO_REGISTERED_SESSION_SERVER_STOPPED
24960	Llarela	182	RNDBOT283	1	3	4	0	1787955273	2026-08-29 00:14:33	1	NULL	0000-00-00 00:00:00	0	1	0	0	0	0	0	0	NULL	NO_REGISTERED_SESSION_SERVER_STOPPED
24961	Keirabe	182	RNDBOT283	1	3	1	0	1787955290	2026-08-29 00:14:50	1	NULL	0000-00-00 00:00:00	0	1	0	0	0	0	0	0	NULL	NO_REGISTERED_SESSION_SERVER_STOPPED
24962	Ryshul	182	RNDBOT283	1	4	3	0	1787955290	2026-08-29 00:14:50	1	NULL	0000-00-00 00:00:00	0	1	0	0	0	0	0	0	NULL	NO_REGISTERED_SESSION_SERVER_STOPPED
24963	Dunok	182	RNDBOT283	1	3	1	0	1787955285	2026-08-29 00:14:45	1	NULL	0000-00-00 00:00:00	0	1	0	0	0	0	0	0	NULL	NO_REGISTERED_SESSION_SERVER_STOPPED
24964	Eledrieth	182	RNDBOT283	1	4	4	0	1787955289	2026-08-29 00:14:49	1	NULL	0000-00-00 00:00:00	0	1	0	0	0	0	0	0	NULL	NO_REGISTERED_SESSION_SERVER_STOPPED
24965	Filalleath	182	RNDBOT283	1	11	4	0	1787955297	2026-08-29 00:14:57	1	NULL	0000-00-00 00:00:00	0	1	0	0	0	0	0	0	NULL	NO_REGISTERED_SESSION_SERVER_STOPPED
24966	Dorgugrahm	182	RNDBOT283	1	3	3	0	1787955274	2026-08-29 00:14:34	1	NULL	0000-00-00 00:00:00	0	1	0	0	0	0	0	0	NULL	NO_REGISTERED_SESSION_SERVER_STOPPED
24967	Ivona	182	RNDBOT283	1	5	1	0	1787955291	2026-08-29 00:14:51	1	NULL	0000-00-00 00:00:00	0	1	0	0	0	0	0	0	NULL	NO_REGISTERED_SESSION_SERVER_STOPPED
24968	Verielah	183	RNDBOT285	1	5	1	0	1787955295	2026-08-29 00:14:55	1	NULL	0000-00-00 00:00:00	0	1	0	0	0	1	0	0	NULL	NO_REGISTERED_SESSION_SERVER_STOPPED
24969	Mosaos	183	RNDBOT285	1	4	9	0	1787955296	2026-08-29 00:14:56	1	NULL	0000-00-00 00:00:00	0	1	0	0	0	0	0	0	NULL	NO_REGISTERED_SESSION_SERVER_STOPPED
24970	Morealaeth	183	RNDBOT285	1	4	4	0	1787955285	2026-08-29 00:14:45	1	NULL	0000-00-00 00:00:00	0	1	0	0	0	0	0	0	NULL	NO_REGISTERED_SESSION_SERVER_STOPPED
24971	Dithizz	183	RNDBOT285	1	9	7	0	1787955275	2026-08-29 00:14:35	1	NULL	0000-00-00 00:00:00	0	1	0	0	0	1	0	0	NULL	NO_REGISTERED_SESSION_SERVER_STOPPED
24972	Fisyklol	183	RNDBOT285	1	9	7	0	1787955287	2026-08-29 00:14:47	1	NULL	0000-00-00 00:00:00	0	1	0	0	0	0	0	0	NULL	NO_REGISTERED_SESSION_SERVER_STOPPED
24973	Flunmuloiaw	183	RNDBOT285	1	11	6	0	1787955283	2026-08-29 00:14:43	1	NULL	0000-00-00 00:00:00	0	1	0	0	0	0	0	0	NULL	NO_REGISTERED_SESSION_SERVER_STOPPED
24974	Pallih	183	RNDBOT285	1	11	6	0	1787955300	2026-08-29 00:15:00	1	NULL	0000-00-00 00:00:00	0	1	0	0	0	0	0	0	NULL	NO_REGISTERED_SESSION_SERVER_STOPPED
24975	Ivelina	183	RNDBOT285	1	5	10	0	1787955284	2026-08-29 00:14:44	1	NULL	0000-00-00 00:00:00	0	1	0	0	0	0	0	0	NULL	NO_REGISTERED_SESSION_SERVER_STOPPED
24976	Severett	183	RNDBOT285	1	2	10	0	1787955294	2026-08-29 00:14:54	1	NULL	0000-00-00 00:00:00	0	1	0	0	0	0	0	0	NULL	NO_REGISTERED_SESSION_SERVER_STOPPED
24977	Nadeleni	344	RNDBOT286	1	3	10	0	1787955297	2026-08-29 00:14:57	1	NULL	0000-00-00 00:00:00	0	1	0	0	0	0	0	0	NULL	NO_REGISTERED_SESSION_SERVER_STOPPED
24978	Ollo	344	RNDBOT286	1	8	9	0	1787955288	2026-08-29 00:14:48	1	NULL	0000-00-00 00:00:00	0	1	0	0	0	0	0	0	NULL	NO_REGISTERED_SESSION_SERVER_STOPPED
24979	Hiklatklall	344	RNDBOT286	1	9	7	0	1787955296	2026-08-29 00:14:56	1	NULL	0000-00-00 00:00:00	0	1	0	0	0	0	0	0	NULL	NO_REGISTERED_SESSION_SERVER_STOPPED
24980	Erinie	344	RNDBOT286	1	5	5	0	1787955296	2026-08-29 00:14:56	1	NULL	0000-00-00 00:00:00	0	1	0	0	0	0	0	0	NULL	NO_REGISTERED_SESSION_SERVER_STOPPED
24981	Adanden	344	RNDBOT286	1	4	9	0	1787955288	2026-08-29 00:14:48	1	NULL	0000-00-00 00:00:00	0	1	0	0	0	0	0	0	NULL	NO_REGISTERED_SESSION_SERVER_STOPPED
24982	Sient	344	RNDBOT286	1	5	10	0	1787955288	2026-08-29 00:14:48	1	NULL	0000-00-00 00:00:00	0	1	0	0	0	0	0	0	NULL	NO_REGISTERED_SESSION_SERVER_STOPPED
24983	Aphilla	344	RNDBOT286	1	3	9	0	1787955282	2026-08-29 00:14:42	1	NULL	0000-00-00 00:00:00	0	1	0	0	0	0	0	0	NULL	NO_REGISTERED_SESSION_SERVER_STOPPED
24984	Maldos	344	RNDBOT286	1	4	4	0	1787955278	2026-08-29 00:14:38	1	NULL	0000-00-00 00:00:00	0	1	0	0	0	0	0	0	NULL	NO_REGISTERED_SESSION_SERVER_STOPPED
24985	Eygos	344	RNDBOT286	1	1	4	0	1787955277	2026-08-29 00:14:37	1	NULL	0000-00-00 00:00:00	0	1	0	0	0	0	0	0	NULL	NO_REGISTERED_SESSION_SERVER_STOPPED
24986	Terielania	184	RNDBOT287	1	9	1	0	1787955280	2026-08-29 00:14:40	1	NULL	0000-00-00 00:00:00	0	1	0	0	0	0	0	0	NULL	NO_REGISTERED_SESSION_SERVER_STOPPED
24987	Shel	184	RNDBOT287	1	8	9	0	1787955281	2026-08-29 00:14:41	1	NULL	0000-00-00 00:00:00	0	1	0	0	0	0	0	0	NULL	NO_REGISTERED_SESSION_SERVER_STOPPED
24988	Violda	184	RNDBOT287	1	3	10	0	1787955293	2026-08-29 00:14:53	1	NULL	0000-00-00 00:00:00	0	1	0	0	0	0	0	0	NULL	NO_REGISTERED_SESSION_SERVER_STOPPED
24989	Melesta	184	RNDBOT287	1	2	1	0	1787955289	2026-08-29 00:14:49	1	NULL	0000-00-00 00:00:00	0	1	0	0	0	0	0	0	NULL	NO_REGISTERED_SESSION_SERVER_STOPPED
24990	Tanma	184	RNDBOT287	1	3	2	0	1787955277	2026-08-29 00:14:37	1	NULL	0000-00-00 00:00:00	0	1	0	0	0	0	0	0	NULL	NO_REGISTERED_SESSION_SERVER_STOPPED
24991	Achanta	184	RNDBOT287	1	2	10	0	1787955290	2026-08-29 00:14:50	1	NULL	0000-00-00 00:00:00	0	1	0	0	0	0	0	0	NULL	NO_REGISTERED_SESSION_SERVER_STOPPED
24992	Ferno	184	RNDBOT287	1	1	5	0	1787955297	2026-08-29 00:14:57	1	NULL	0000-00-00 00:00:00	0	1	0	0	0	0	0	0	NULL	NO_REGISTERED_SESSION_SERVER_STOPPED
24993	Nelalaeth	184	RNDBOT287	1	3	4	0	1787955275	2026-08-29 00:14:35	1	NULL	0000-00-00 00:00:00	0	1	0	0	0	0	0	0	NULL	NO_REGISTERED_SESSION_SERVER_STOPPED
24994	Rodari	184	RNDBOT287	1	4	2	0	1787955282	2026-08-29 00:14:42	1	NULL	0000-00-00 00:00:00	0	1	0	0	0	0	0	0	NULL	NO_REGISTERED_SESSION_SERVER_STOPPED
24995	Abernac	424	RNDBOT288	9	2	10	0	1788044116	2026-08-30 00:55:16	1	NULL	0000-00-00 00:00:00	1	1	0	0	0	0	0	0	NULL	NO_REGISTERED_SESSION_SERVER_STOPPED
24996	Alano	424	RNDBOT288	6	8	10	0	1788044156	2026-08-30 00:55:56	1	NULL	0000-00-00 00:00:00	1	1	0	0	0	0	0	0	NULL	NO_REGISTERED_SESSION_SERVER_STOPPED
24997	Mygos	424	RNDBOT288	1	4	4	0	1787955277	2026-08-29 00:14:37	1	NULL	0000-00-00 00:00:00	1	1	0	0	0	0	0	0	NULL	NO_REGISTERED_SESSION_SERVER_STOPPED
24998	Conac	424	RNDBOT288	6	8	9	0	1788044148	2026-08-30 00:55:48	1	NULL	0000-00-00 00:00:00	1	1	0	0	0	0	0	0	NULL	NO_REGISTERED_SESSION_SERVER_STOPPED
24999	Amilda	424	RNDBOT288	5	3	9	0	1788116577	2026-08-30 21:02:57	1	NULL	0000-00-00 00:00:00	1	1	0	0	0	1	0	0	NULL	NO_REGISTERED_SESSION_SERVER_STOPPED
25000	Iwarius	424	RNDBOT288	1	5	10	0	1787955277	2026-08-29 00:14:37	1	NULL	0000-00-00 00:00:00	1	1	0	0	0	0	0	0	NULL	NO_REGISTERED_SESSION_SERVER_STOPPED
25001	Vizdea	424	RNDBOT288	3	3	8	0	1788116590	2026-08-30 21:03:10	1	NULL	0000-00-00 00:00:00	1	1	0	0	0	1	0	0	NULL	NO_REGISTERED_SESSION_SERVER_STOPPED
25002	Indum	424	RNDBOT288	1	3	3	0	1787955288	2026-08-29 00:14:48	1	NULL	0000-00-00 00:00:00	1	1	0	0	0	0	0	0	NULL	NO_REGISTERED_SESSION_SERVER_STOPPED
25003	Thadaen	424	RNDBOT288	3	11	4	0	1788116554	2026-08-30 21:02:34	1	NULL	0000-00-00 00:00:00	1	1	0	0	0	1	0	0	NULL	NO_REGISTERED_SESSION_SERVER_STOPPED
25004	Pelarius	185	RNDBOT289	1	8	9	0	1787955272	2026-08-29 00:14:32	1	NULL	0000-00-00 00:00:00	0	1	0	0	0	0	0	0	NULL	NO_REGISTERED_SESSION_SERVER_STOPPED
25005	Hailaney	185	RNDBOT289	1	3	10	0	1787955299	2026-08-29 00:14:59	1	NULL	0000-00-00 00:00:00	0	1	0	0	0	0	0	0	NULL	NO_REGISTERED_SESSION_SERVER_STOPPED
25006	Sandered	185	RNDBOT289	1	8	10	0	1787955281	2026-08-29 00:14:41	1	NULL	0000-00-00 00:00:00	0	1	0	0	0	0	0	0	NULL	NO_REGISTERED_SESSION_SERVER_STOPPED
25007	Janok	185	RNDBOT289	1	9	9	0	1787955293	2026-08-29 00:14:53	1	NULL	0000-00-00 00:00:00	0	1	0	0	0	0	0	0	NULL	NO_REGISTERED_SESSION_SERVER_STOPPED
25008	Ebecca	185	RNDBOT289	1	2	1	0	1787955294	2026-08-29 00:14:54	1	NULL	0000-00-00 00:00:00	0	1	0	0	0	0	0	0	NULL	NO_REGISTERED_SESSION_SERVER_STOPPED
25009	Kherrogg	185	RNDBOT289	1	2	3	0	1787955299	2026-08-29 00:14:59	1	NULL	0000-00-00 00:00:00	0	1	0	0	0	0	0	0	NULL	NO_REGISTERED_SESSION_SERVER_STOPPED
25010	Ashonu	185	RNDBOT289	1	7	8	0	1787955271	2026-08-29 00:14:31	1	NULL	0000-00-00 00:00:00	0	1	0	0	0	0	0	0	NULL	NO_REGISTERED_SESSION_SERVER_STOPPED
25011	Blandenok	185	RNDBOT289	1	8	10	0	1787955275	2026-08-29 00:14:35	1	NULL	0000-00-00 00:00:00	0	1	0	0	0	0	0	0	NULL	NO_REGISTERED_SESSION_SERVER_STOPPED
25012	Jessull	185	RNDBOT289	1	9	7	0	1787955285	2026-08-29 00:14:45	1	NULL	0000-00-00 00:00:00	0	1	0	0	0	0	0	0	NULL	NO_REGISTERED_SESSION_SERVER_STOPPED
25013	Deneliam	345	RNDBOT290	1	8	5	0	1787955289	2026-08-29 00:14:49	1	NULL	0000-00-00 00:00:00	0	1	0	0	0	0	0	0	NULL	NO_REGISTERED_SESSION_SERVER_STOPPED
25014	Alyreath	345	RNDBOT290	1	3	4	0	1787955291	2026-08-29 00:14:51	1	NULL	0000-00-00 00:00:00	0	1	0	0	0	0	0	0	NULL	NO_REGISTERED_SESSION_SERVER_STOPPED
25015	Lorena	345	RNDBOT290	1	8	5	0	1787955295	2026-08-29 00:14:55	1	NULL	0000-00-00 00:00:00	0	1	0	0	0	0	0	0	NULL	NO_REGISTERED_SESSION_SERVER_STOPPED
25016	Olian	345	RNDBOT290	1	4	4	0	1787955282	2026-08-29 00:14:42	1	NULL	0000-00-00 00:00:00	0	1	0	0	0	0	0	0	NULL	NO_REGISTERED_SESSION_SERVER_STOPPED
25017	Balantin	345	RNDBOT290	1	2	1	0	1787955300	2026-08-29 00:15:00	1	NULL	0000-00-00 00:00:00	0	1	0	0	0	0	0	0	NULL	NO_REGISTERED_SESSION_SERVER_STOPPED
25018	Doriance	345	RNDBOT290	1	3	1	0	1787955283	2026-08-29 00:14:43	1	NULL	0000-00-00 00:00:00	0	1	0	0	0	0	0	0	NULL	NO_REGISTERED_SESSION_SERVER_STOPPED
25019	Minarinne	345	RNDBOT290	1	4	5	0	1787955272	2026-08-29 00:14:32	1	NULL	0000-00-00 00:00:00	0	1	0	0	0	0	0	0	NULL	NO_REGISTERED_SESSION_SERVER_STOPPED
25020	Caria	345	RNDBOT290	1	4	9	0	1787955296	2026-08-29 00:14:56	1	NULL	0000-00-00 00:00:00	0	1	0	0	0	0	0	0	NULL	NO_REGISTERED_SESSION_SERVER_STOPPED
25021	Sylysea	345	RNDBOT290	1	11	4	0	1787955277	2026-08-29 00:14:37	1	NULL	0000-00-00 00:00:00	0	1	0	0	0	0	0	0	NULL	NO_REGISTERED_SESSION_SERVER_STOPPED
25022	Pelrandiir	186	RNDBOT291	1	3	4	0	1787955291	2026-08-29 00:14:51	1	NULL	0000-00-00 00:00:00	1	1	0	0	0	0	0	0	NULL	NO_REGISTERED_SESSION_SERVER_STOPPED
25023	Eathotcho	186	RNDBOT291	1	7	6	0	1787955287	2026-08-29 00:14:47	1	NULL	0000-00-00 00:00:00	1	1	0	0	0	0	0	0	NULL	NO_REGISTERED_SESSION_SERVER_STOPPED
25024	Merios	186	RNDBOT291	1	3	10	0	1787955280	2026-08-29 00:14:40	1	NULL	0000-00-00 00:00:00	1	1	0	0	0	0	0	0	NULL	NO_REGISTERED_SESSION_SERVER_STOPPED
25025	Elanton	186	RNDBOT291	1	4	10	0	1787955285	2026-08-29 00:14:45	1	NULL	0000-00-00 00:00:00	1	1	0	0	0	0	0	0	NULL	NO_REGISTERED_SESSION_SERVER_STOPPED
25026	Thurmoris	186	RNDBOT291	1	2	3	0	1787955277	2026-08-29 00:14:37	1	NULL	0000-00-00 00:00:00	1	1	0	0	0	0	0	0	NULL	NO_REGISTERED_SESSION_SERVER_STOPPED
25027	Zolona	186	RNDBOT291	1	3	9	0	1787955271	2026-08-29 00:14:31	1	NULL	0000-00-00 00:00:00	1	1	0	0	0	0	0	0	NULL	NO_REGISTERED_SESSION_SERVER_STOPPED
25028	Sandriel	186	RNDBOT291	1	4	9	0	1787955278	2026-08-29 00:14:38	1	NULL	0000-00-00 00:00:00	1	1	0	0	0	0	0	0	NULL	NO_REGISTERED_SESSION_SERVER_STOPPED
25029	Antandor	186	RNDBOT291	1	9	5	0	1787955299	2026-08-29 00:14:59	1	NULL	0000-00-00 00:00:00	1	1	0	0	0	0	0	0	NULL	NO_REGISTERED_SESSION_SERVER_STOPPED
25030	Tarianna	186	RNDBOT291	1	3	10	0	1787955291	2026-08-29 00:14:51	1	NULL	0000-00-00 00:00:00	1	1	0	0	0	0	0	0	NULL	NO_REGISTERED_SESSION_SERVER_STOPPED
25031	Olindy	464	RNDBOT292	1	4	10	0	1787955271	2026-08-29 00:14:31	1	NULL	0000-00-00 00:00:00	0	1	0	0	0	0	0	0	NULL	NO_REGISTERED_SESSION_SERVER_STOPPED
25032	Emerra	464	RNDBOT292	1	3	1	0	1787955285	2026-08-29 00:14:45	1	NULL	0000-00-00 00:00:00	0	1	0	0	0	0	0	0	NULL	NO_REGISTERED_SESSION_SERVER_STOPPED
25033	Jullion	464	RNDBOT292	1	2	1	0	1787955275	2026-08-29 00:14:35	1	NULL	0000-00-00 00:00:00	0	1	0	0	0	0	0	0	NULL	NO_REGISTERED_SESSION_SERVER_STOPPED
25034	Lalysia	464	RNDBOT292	1	1	4	0	1787955280	2026-08-29 00:14:40	1	NULL	0000-00-00 00:00:00	0	1	0	0	0	0	0	0	NULL	NO_REGISTERED_SESSION_SERVER_STOPPED
25035	Yuru	464	RNDBOT292	1	4	1	0	1787955292	2026-08-29 00:14:52	1	NULL	0000-00-00 00:00:00	0	1	0	0	0	0	0	0	NULL	NO_REGISTERED_SESSION_SERVER_STOPPED
25036	Huhashah	464	RNDBOT292	1	7	8	0	1787955294	2026-08-29 00:14:54	1	NULL	0000-00-00 00:00:00	0	1	0	0	0	0	0	0	NULL	NO_REGISTERED_SESSION_SERVER_STOPPED
25037	Sileah	464	RNDBOT292	1	8	9	0	1787955298	2026-08-29 00:14:58	1	NULL	0000-00-00 00:00:00	0	1	0	0	0	0	0	0	NULL	NO_REGISTERED_SESSION_SERVER_STOPPED
25038	Aladral	464	RNDBOT292	1	4	4	0	1787955276	2026-08-29 00:14:36	1	NULL	0000-00-00 00:00:00	0	1	0	0	0	0	0	0	NULL	NO_REGISTERED_SESSION_SERVER_STOPPED
25039	Gerek	464	RNDBOT292	1	5	1	0	1787955279	2026-08-29 00:14:39	1	NULL	0000-00-00 00:00:00	0	1	0	0	0	0	0	0	NULL	NO_REGISTERED_SESSION_SERVER_STOPPED
25040	Feder	346	RNDBOT293	1	4	9	0	1787955281	2026-08-29 00:14:41	1	NULL	0000-00-00 00:00:00	0	1	0	0	0	0	0	0	NULL	NO_REGISTERED_SESSION_SERVER_STOPPED
25041	Aristani	346	RNDBOT293	1	8	9	0	1787955293	2026-08-29 00:14:53	1	NULL	0000-00-00 00:00:00	0	1	0	0	0	0	0	0	NULL	NO_REGISTERED_SESSION_SERVER_STOPPED
25042	Spenceron	346	RNDBOT293	1	9	9	0	1787955279	2026-08-29 00:14:39	1	NULL	0000-00-00 00:00:00	0	1	0	0	0	0	0	0	NULL	NO_REGISTERED_SESSION_SERVER_STOPPED
25043	Betkobru	346	RNDBOT293	1	8	7	0	1787955273	2026-08-29 00:14:33	1	NULL	0000-00-00 00:00:00	0	1	0	0	0	0	0	0	NULL	NO_REGISTERED_SESSION_SERVER_STOPPED
25044	Borodin	346	RNDBOT293	1	1	10	0	1787955282	2026-08-29 00:14:42	1	NULL	0000-00-00 00:00:00	0	1	0	0	0	0	0	0	NULL	NO_REGISTERED_SESSION_SERVER_STOPPED
25045	Elivienna	346	RNDBOT293	1	1	9	0	1787955282	2026-08-29 00:14:42	1	NULL	0000-00-00 00:00:00	0	1	0	0	0	0	0	0	NULL	NO_REGISTERED_SESSION_SERVER_STOPPED
25046	Masterek	346	RNDBOT293	1	2	10	0	1787955273	2026-08-29 00:14:33	1	NULL	0000-00-00 00:00:00	0	1	0	0	0	0	0	0	NULL	NO_REGISTERED_SESSION_SERVER_STOPPED
25047	Turgirm	346	RNDBOT293	1	3	3	0	1787955275	2026-08-29 00:14:35	1	NULL	0000-00-00 00:00:00	0	1	0	0	0	0	0	0	NULL	NO_REGISTERED_SESSION_SERVER_STOPPED
25048	Calanny	346	RNDBOT293	1	1	1	0	1787955280	2026-08-29 00:14:40	1	NULL	0000-00-00 00:00:00	0	1	0	0	0	0	0	0	NULL	NO_REGISTERED_SESSION_SERVER_STOPPED
25049	Beryllis	188	RNDBOT294	1	4	9	0	1787955285	2026-08-29 00:14:45	1	NULL	0000-00-00 00:00:00	0	1	0	0	0	0	0	0	NULL	NO_REGISTERED_SESSION_SERVER_STOPPED
25050	Verene	188	RNDBOT294	1	3	9	0	1787955277	2026-08-29 00:14:37	1	NULL	0000-00-00 00:00:00	0	1	0	0	0	0	0	0	NULL	NO_REGISTERED_SESSION_SERVER_STOPPED
25051	Calanik	188	RNDBOT294	1	2	1	0	1787955288	2026-08-29 00:14:48	1	NULL	0000-00-00 00:00:00	0	1	0	0	0	0	0	0	NULL	NO_REGISTERED_SESSION_SERVER_STOPPED
25052	Erineri	188	RNDBOT294	1	8	10	0	1787955272	2026-08-29 00:14:32	1	NULL	0000-00-00 00:00:00	0	1	0	0	0	0	0	0	NULL	NO_REGISTERED_SESSION_SERVER_STOPPED
25053	Wella	188	RNDBOT294	1	11	6	0	1787955295	2026-08-29 00:14:55	1	NULL	0000-00-00 00:00:00	0	1	0	0	0	0	0	0	NULL	NO_REGISTERED_SESSION_SERVER_STOPPED
25054	Wezhnobola	188	RNDBOT294	1	3	6	0	1787955286	2026-08-29 00:14:46	1	NULL	0000-00-00 00:00:00	0	1	0	0	0	0	0	0	NULL	NO_REGISTERED_SESSION_SERVER_STOPPED
25055	Garrengar	188	RNDBOT294	1	4	9	0	1787955290	2026-08-29 00:14:50	1	NULL	0000-00-00 00:00:00	0	1	0	0	0	0	0	0	NULL	NO_REGISTERED_SESSION_SERVER_STOPPED
25056	Idoni	188	RNDBOT294	1	4	1	0	1787955296	2026-08-29 00:14:56	1	NULL	0000-00-00 00:00:00	0	1	0	0	0	0	0	0	NULL	NO_REGISTERED_SESSION_SERVER_STOPPED
25057	Jeso	188	RNDBOT294	1	2	3	0	1787955284	2026-08-29 00:14:44	1	NULL	0000-00-00 00:00:00	0	1	0	0	0	0	0	0	NULL	NO_REGISTERED_SESSION_SERVER_STOPPED
25058	Golgy	425	RNDBOT295	1	7	2	0	1787955287	2026-08-29 00:14:47	1	NULL	0000-00-00 00:00:00	0	1	0	0	0	0	0	0	NULL	NO_REGISTERED_SESSION_SERVER_STOPPED
25059	Molaryl	425	RNDBOT295	1	2	1	0	1787955288	2026-08-29 00:14:48	1	NULL	0000-00-00 00:00:00	0	1	0	0	0	0	0	0	NULL	NO_REGISTERED_SESSION_SERVER_STOPPED
25060	Gnittlac	425	RNDBOT295	1	8	7	0	1787955298	2026-08-29 00:14:58	1	NULL	0000-00-00 00:00:00	0	1	0	0	0	0	0	0	NULL	NO_REGISTERED_SESSION_SERVER_STOPPED
25061	Urizio	425	RNDBOT295	1	8	1	0	1787955297	2026-08-29 00:14:57	1	NULL	0000-00-00 00:00:00	0	1	0	0	0	0	0	0	NULL	NO_REGISTERED_SESSION_SERVER_STOPPED
25062	Taragon	425	RNDBOT295	1	2	1	0	1787955275	2026-08-29 00:14:35	1	NULL	0000-00-00 00:00:00	0	1	0	0	0	0	0	0	NULL	NO_REGISTERED_SESSION_SERVER_STOPPED
25063	Adora	425	RNDBOT295	1	9	1	0	1787955296	2026-08-29 00:14:56	1	NULL	0000-00-00 00:00:00	0	1	0	0	0	0	0	0	NULL	NO_REGISTERED_SESSION_SERVER_STOPPED
25064	Denla	425	RNDBOT295	1	4	4	0	1787955274	2026-08-29 00:14:34	1	NULL	0000-00-00 00:00:00	0	1	0	0	0	0	0	0	NULL	NO_REGISTERED_SESSION_SERVER_STOPPED
25065	Heleni	425	RNDBOT295	1	9	1	0	1787955277	2026-08-29 00:14:37	1	NULL	0000-00-00 00:00:00	0	1	0	0	0	0	0	0	NULL	NO_REGISTERED_SESSION_SERVER_STOPPED
25066	Vilenai	425	RNDBOT295	1	1	4	0	1787955292	2026-08-29 00:14:52	1	NULL	0000-00-00 00:00:00	0	1	0	0	0	0	0	0	NULL	NO_REGISTERED_SESSION_SERVER_STOPPED
25067	Borodin	189	RNDBOT296	1	4	10	0	1787955278	2026-08-29 00:14:38	1	NULL	0000-00-00 00:00:00	1	1	0	0	0	0	0	0	NULL	NO_REGISTERED_SESSION_SERVER_STOPPED
25068	Helianor	189	RNDBOT296	1	9	9	0	1787955296	2026-08-29 00:14:56	1	NULL	0000-00-00 00:00:00	1	1	0	0	0	0	0	0	NULL	NO_REGISTERED_SESSION_SERVER_STOPPED
25069	Fegeney	189	RNDBOT296	1	4	7	0	1787955294	2026-08-29 00:14:54	1	NULL	0000-00-00 00:00:00	1	1	0	0	0	0	0	0	NULL	NO_REGISTERED_SESSION_SERVER_STOPPED
25070	Domeneliam	189	RNDBOT296	1	4	9	0	1787955289	2026-08-29 00:14:49	1	NULL	0000-00-00 00:00:00	1	1	0	0	0	0	0	0	NULL	NO_REGISTERED_SESSION_SERVER_STOPPED
25071	Kunkun	189	RNDBOT296	1	4	7	0	1787955278	2026-08-29 00:14:38	1	NULL	0000-00-00 00:00:00	1	1	0	0	0	0	0	0	NULL	NO_REGISTERED_SESSION_SERVER_STOPPED
25072	Dier	189	RNDBOT296	1	8	10	0	1787955275	2026-08-29 00:14:35	1	NULL	0000-00-00 00:00:00	1	1	0	0	0	0	0	0	NULL	NO_REGISTERED_SESSION_SERVER_STOPPED
25073	Amartha	189	RNDBOT296	1	2	10	0	1787955300	2026-08-29 00:15:00	1	NULL	0000-00-00 00:00:00	1	1	0	0	0	0	0	0	NULL	NO_REGISTERED_SESSION_SERVER_STOPPED
25074	Julis	189	RNDBOT296	1	1	10	0	1787955294	2026-08-29 00:14:54	1	NULL	0000-00-00 00:00:00	1	1	0	0	0	0	0	0	NULL	NO_REGISTERED_SESSION_SERVER_STOPPED
25075	Trarg	189	RNDBOT296	1	4	2	0	1787955275	2026-08-29 00:14:35	1	NULL	0000-00-00 00:00:00	1	1	0	0	0	0	0	0	NULL	NO_REGISTERED_SESSION_SERVER_STOPPED
25076	Brolna	347	RNDBOT297	1	1	2	0	1787955300	2026-08-29 00:15:00	1	NULL	0000-00-00 00:00:00	0	1	0	0	0	0	0	0	NULL	NO_REGISTERED_SESSION_SERVER_STOPPED
25077	Lano	347	RNDBOT297	1	4	1	0	1787955290	2026-08-29 00:14:50	1	NULL	0000-00-00 00:00:00	0	1	0	0	0	0	0	0	NULL	NO_REGISTERED_SESSION_SERVER_STOPPED
25078	Regordand	347	RNDBOT297	1	5	10	0	1787955277	2026-08-29 00:14:37	1	NULL	0000-00-00 00:00:00	0	1	0	0	0	0	0	0	NULL	NO_REGISTERED_SESSION_SERVER_STOPPED
25079	Frico	347	RNDBOT297	1	8	1	0	1787955293	2026-08-29 00:14:53	1	NULL	0000-00-00 00:00:00	0	1	0	0	0	0	0	0	NULL	NO_REGISTERED_SESSION_SERVER_STOPPED
25080	Glorisca	347	RNDBOT297	1	8	1	0	1787955277	2026-08-29 00:14:37	1	NULL	0000-00-00 00:00:00	0	1	0	0	0	0	0	0	NULL	NO_REGISTERED_SESSION_SERVER_STOPPED
25081	Oscarald	347	RNDBOT297	1	1	10	0	1787955298	2026-08-29 00:14:58	1	NULL	0000-00-00 00:00:00	0	1	0	0	0	0	0	0	NULL	NO_REGISTERED_SESSION_SERVER_STOPPED
25082	Adalain	347	RNDBOT297	1	3	1	0	1787955300	2026-08-29 00:15:00	1	NULL	0000-00-00 00:00:00	0	1	0	0	0	0	0	0	NULL	NO_REGISTERED_SESSION_SERVER_STOPPED
25083	Batluch	347	RNDBOT297	1	3	6	0	1787955289	2026-08-29 00:14:49	1	NULL	0000-00-00 00:00:00	0	1	0	0	0	0	0	0	NULL	NO_REGISTERED_SESSION_SERVER_STOPPED
25084	Velianne	347	RNDBOT297	1	4	5	0	1787955289	2026-08-29 00:14:49	1	NULL	0000-00-00 00:00:00	0	1	0	0	0	0	0	0	NULL	NO_REGISTERED_SESSION_SERVER_STOPPED
25085	Balaik	190	RNDBOT298	1	9	5	0	1787955300	2026-08-29 00:15:00	1	NULL	0000-00-00 00:00:00	0	1	0	0	0	0	0	0	NULL	NO_REGISTERED_SESSION_SERVER_STOPPED
25086	Aterine	190	RNDBOT298	1	1	10	0	1787955271	2026-08-29 00:14:31	1	NULL	0000-00-00 00:00:00	0	1	0	0	0	0	0	0	NULL	NO_REGISTERED_SESSION_SERVER_STOPPED
25087	Laigla	190	RNDBOT298	1	3	3	0	1787955296	2026-08-29 00:14:56	1	NULL	0000-00-00 00:00:00	0	1	0	0	0	0	0	0	NULL	NO_REGISTERED_SESSION_SERVER_STOPPED
25088	Eleri	190	RNDBOT298	1	3	9	0	1787955274	2026-08-29 00:14:34	1	NULL	0000-00-00 00:00:00	0	1	0	0	0	0	0	0	NULL	NO_REGISTERED_SESSION_SERVER_STOPPED
25089	Kaleran	190	RNDBOT298	1	4	10	0	1787955296	2026-08-29 00:14:56	1	NULL	0000-00-00 00:00:00	0	1	0	0	0	0	0	0	NULL	NO_REGISTERED_SESSION_SERVER_STOPPED
25090	Vellie	190	RNDBOT298	1	1	9	0	1787955299	2026-08-29 00:14:59	1	NULL	0000-00-00 00:00:00	0	1	0	0	0	0	0	0	NULL	NO_REGISTERED_SESSION_SERVER_STOPPED
25091	Urim	190	RNDBOT298	1	9	9	0	1787955283	2026-08-29 00:14:43	1	NULL	0000-00-00 00:00:00	0	1	0	0	0	0	0	0	NULL	NO_REGISTERED_SESSION_SERVER_STOPPED
25092	Merine	190	RNDBOT298	1	1	9	0	1787955289	2026-08-29 00:14:49	1	NULL	0000-00-00 00:00:00	0	1	0	0	0	0	0	0	NULL	NO_REGISTERED_SESSION_SERVER_STOPPED
25093	Larinerie	190	RNDBOT298	1	8	5	0	1787955295	2026-08-29 00:14:55	1	NULL	0000-00-00 00:00:00	0	1	0	0	0	0	0	0	NULL	NO_REGISTERED_SESSION_SERVER_STOPPED
25094	Elanthan	484	RNDBOT299	1	3	10	0	1787955289	2026-08-29 00:14:49	1	NULL	0000-00-00 00:00:00	0	1	0	0	0	0	0	0	NULL	NO_REGISTERED_SESSION_SERVER_STOPPED
25095	Diegon	484	RNDBOT299	1	4	1	0	1787955296	2026-08-29 00:14:56	1	NULL	0000-00-00 00:00:00	0	1	0	0	0	0	0	0	NULL	NO_REGISTERED_SESSION_SERVER_STOPPED
25096	Haldrol	484	RNDBOT299	1	3	4	0	1787955282	2026-08-29 00:14:42	1	NULL	0000-00-00 00:00:00	0	1	0	0	0	0	0	0	NULL	NO_REGISTERED_SESSION_SERVER_STOPPED
25097	Dandel	484	RNDBOT299	1	3	1	0	1787955298	2026-08-29 00:14:58	1	NULL	0000-00-00 00:00:00	0	1	0	0	0	0	0	0	NULL	NO_REGISTERED_SESSION_SERVER_STOPPED
25098	Yldreas	484	RNDBOT299	1	3	4	0	1787955297	2026-08-29 00:14:57	1	NULL	0000-00-00 00:00:00	0	1	0	0	0	0	0	0	NULL	NO_REGISTERED_SESSION_SERVER_STOPPED
25099	Clarinek	484	RNDBOT299	1	4	9	0	1787955272	2026-08-29 00:14:32	1	NULL	0000-00-00 00:00:00	0	1	0	0	0	0	0	0	NULL	NO_REGISTERED_SESSION_SERVER_STOPPED
25100	Vestine	484	RNDBOT299	1	5	10	0	1787955285	2026-08-29 00:14:45	1	NULL	0000-00-00 00:00:00	0	1	0	0	0	0	0	0	NULL	NO_REGISTERED_SESSION_SERVER_STOPPED
25101	Briegord	484	RNDBOT299	1	3	9	0	1787955292	2026-08-29 00:14:52	1	NULL	0000-00-00 00:00:00	0	1	0	0	0	0	0	0	NULL	NO_REGISTERED_SESSION_SERVER_STOPPED
25102	Emumon	484	RNDBOT299	1	1	4	0	1787955283	2026-08-29 00:14:43	1	NULL	0000-00-00 00:00:00	0	1	0	0	0	0	0	0	NULL	NO_REGISTERED_SESSION_SERVER_STOPPED
25103	Evenaro	191	RNDBOT300	1	3	9	0	1787955299	2026-08-29 00:14:59	1	NULL	0000-00-00 00:00:00	0	1	0	0	0	0	0	0	NULL	NO_REGISTERED_SESSION_SERVER_STOPPED
25104	Emilson	191	RNDBOT300	1	5	1	0	1787955284	2026-08-29 00:14:44	1	NULL	0000-00-00 00:00:00	0	1	0	0	0	0	0	0	NULL	NO_REGISTERED_SESSION_SERVER_STOPPED
25105	Floriel	191	RNDBOT300	1	5	5	0	1787955272	2026-08-29 00:14:32	1	NULL	0000-00-00 00:00:00	0	1	0	0	0	0	0	0	NULL	NO_REGISTERED_SESSION_SERVER_STOPPED
25106	Astana	191	RNDBOT300	1	3	9	0	1787955291	2026-08-29 00:14:51	1	NULL	0000-00-00 00:00:00	0	1	0	0	0	0	0	0	NULL	NO_REGISTERED_SESSION_SERVER_STOPPED
25107	Sedor	191	RNDBOT300	1	3	4	0	1787955278	2026-08-29 00:14:38	1	NULL	0000-00-00 00:00:00	0	1	0	0	0	0	0	0	NULL	NO_REGISTERED_SESSION_SERVER_STOPPED
25108	Terido	191	RNDBOT300	1	8	9	0	1787955296	2026-08-29 00:14:56	1	NULL	0000-00-00 00:00:00	0	1	0	0	0	0	0	0	NULL	NO_REGISTERED_SESSION_SERVER_STOPPED
25109	Flanessia	191	RNDBOT300	1	3	1	0	1787955292	2026-08-29 00:14:52	1	NULL	0000-00-00 00:00:00	0	1	0	0	0	0	0	0	NULL	NO_REGISTERED_SESSION_SERVER_STOPPED
25110	Terolo	191	RNDBOT300	1	5	10	0	1787955280	2026-08-29 00:14:40	1	NULL	0000-00-00 00:00:00	0	1	0	0	0	0	0	0	NULL	NO_REGISTERED_SESSION_SERVER_STOPPED
25111	Munva	191	RNDBOT300	1	1	3	0	1787955276	2026-08-29 00:14:36	1	NULL	0000-00-00 00:00:00	0	1	0	0	0	0	0	0	NULL	NO_REGISTERED_SESSION_SERVER_STOPPED
25112	Blantius	348	RNDBOT301	1	9	9	0	1787955293	2026-08-29 00:14:53	1	NULL	0000-00-00 00:00:00	0	1	0	0	0	0	0	0	NULL	NO_REGISTERED_SESSION_SERVER_STOPPED
25113	Khirmohuhr	348	RNDBOT301	1	5	3	0	1787955293	2026-08-29 00:14:53	1	NULL	0000-00-00 00:00:00	0	1	0	0	0	0	0	0	NULL	NO_REGISTERED_SESSION_SERVER_STOPPED
25114	Evanius	348	RNDBOT301	1	1	9	0	1787955300	2026-08-29 00:15:00	1	NULL	0000-00-00 00:00:00	0	1	0	0	0	0	0	0	NULL	NO_REGISTERED_SESSION_SERVER_STOPPED
25115	Ewaldrian	348	RNDBOT301	1	4	1	0	1787955293	2026-08-29 00:14:53	1	NULL	0000-00-00 00:00:00	0	1	0	0	0	0	0	0	NULL	NO_REGISTERED_SESSION_SERVER_STOPPED
25116	Corbin	348	RNDBOT301	1	4	9	0	1787955279	2026-08-29 00:14:39	1	NULL	0000-00-00 00:00:00	0	1	0	0	0	0	0	0	NULL	NO_REGISTERED_SESSION_SERVER_STOPPED
25117	Mikya	348	RNDBOT301	1	7	6	0	1787955290	2026-08-29 00:14:50	1	NULL	0000-00-00 00:00:00	0	1	0	0	0	0	0	0	NULL	NO_REGISTERED_SESSION_SERVER_STOPPED
25118	Edera	348	RNDBOT301	1	1	1	0	1787955277	2026-08-29 00:14:37	1	NULL	0000-00-00 00:00:00	0	1	0	0	0	0	0	0	NULL	NO_REGISTERED_SESSION_SERVER_STOPPED
25119	Hekkue	348	RNDBOT301	1	7	6	0	1787955282	2026-08-29 00:14:42	1	NULL	0000-00-00 00:00:00	0	1	0	0	0	0	0	0	NULL	NO_REGISTERED_SESSION_SERVER_STOPPED
25120	Oderinne	348	RNDBOT301	1	5	10	0	1787955292	2026-08-29 00:14:52	1	NULL	0000-00-00 00:00:00	0	1	0	0	0	0	0	0	NULL	NO_REGISTERED_SESSION_SERVER_STOPPED
25121	Herlino	192	RNDBOT302	1	4	5	0	1787955283	2026-08-29 00:14:43	1	NULL	0000-00-00 00:00:00	0	1	0	0	0	0	0	0	NULL	NO_REGISTERED_SESSION_SERVER_STOPPED
25122	Gaerin	192	RNDBOT302	1	3	4	0	1787955283	2026-08-29 00:14:43	1	NULL	0000-00-00 00:00:00	0	1	0	0	0	0	0	0	NULL	NO_REGISTERED_SESSION_SERVER_STOPPED
25123	Tristando	192	RNDBOT302	1	4	5	0	1787955296	2026-08-29 00:14:56	1	NULL	0000-00-00 00:00:00	0	1	0	0	0	0	0	0	NULL	NO_REGISTERED_SESSION_SERVER_STOPPED
25124	Kaelai	192	RNDBOT302	1	8	1	0	1787955296	2026-08-29 00:14:56	1	NULL	0000-00-00 00:00:00	0	1	0	0	0	0	0	0	NULL	NO_REGISTERED_SESSION_SERVER_STOPPED
25125	Florene	192	RNDBOT302	1	9	9	0	1787955293	2026-08-29 00:14:53	1	NULL	0000-00-00 00:00:00	0	1	0	0	0	0	0	0	NULL	NO_REGISTERED_SESSION_SERVER_STOPPED
25126	Mineva	192	RNDBOT302	1	1	1	0	1787955286	2026-08-29 00:14:46	1	NULL	0000-00-00 00:00:00	0	1	0	0	0	0	0	0	NULL	NO_REGISTERED_SESSION_SERVER_STOPPED
25127	Cenul	192	RNDBOT302	1	3	4	0	1787955278	2026-08-29 00:14:38	1	NULL	0000-00-00 00:00:00	0	1	0	0	0	0	0	0	NULL	NO_REGISTERED_SESSION_SERVER_STOPPED
25128	Yuriannah	192	RNDBOT302	1	8	1	0	1787955284	2026-08-29 00:14:44	1	NULL	0000-00-00 00:00:00	0	1	0	0	0	0	0	0	NULL	NO_REGISTERED_SESSION_SERVER_STOPPED
25129	Elianeia	192	RNDBOT302	1	2	10	0	1787955282	2026-08-29 00:14:42	1	NULL	0000-00-00 00:00:00	0	1	0	0	0	0	0	0	NULL	NO_REGISTERED_SESSION_SERVER_STOPPED
25130	Stani	426	RNDBOT303	1	2	1	0	1787955298	2026-08-29 00:14:58	1	NULL	0000-00-00 00:00:00	0	1	0	0	0	0	0	0	NULL	NO_REGISTERED_SESSION_SERVER_STOPPED
25131	Shanie	426	RNDBOT303	1	4	9	0	1787955295	2026-08-29 00:14:55	1	NULL	0000-00-00 00:00:00	0	1	0	0	0	0	0	0	NULL	NO_REGISTERED_SESSION_SERVER_STOPPED
25132	Aihvaehgi	426	RNDBOT303	1	3	3	0	1787955294	2026-08-29 00:14:54	1	NULL	0000-00-00 00:00:00	0	1	0	0	0	0	0	0	NULL	NO_REGISTERED_SESSION_SERVER_STOPPED
25133	Rahianno	426	RNDBOT303	1	7	6	0	1787955292	2026-08-29 00:14:52	1	NULL	0000-00-00 00:00:00	0	1	0	0	0	0	0	0	NULL	NO_REGISTERED_SESSION_SERVER_STOPPED
25134	Gero	426	RNDBOT303	1	2	1	0	1787955300	2026-08-29 00:15:00	1	NULL	0000-00-00 00:00:00	0	1	0	0	0	0	0	0	NULL	NO_REGISTERED_SESSION_SERVER_STOPPED
25135	Vanneva	426	RNDBOT303	1	4	9	0	1787955273	2026-08-29 00:14:33	1	NULL	0000-00-00 00:00:00	0	1	0	0	0	0	0	0	NULL	NO_REGISTERED_SESSION_SERVER_STOPPED
25136	Humos	426	RNDBOT303	1	5	3	0	1787955280	2026-08-29 00:14:40	1	NULL	0000-00-00 00:00:00	0	1	0	0	0	0	0	0	NULL	NO_REGISTERED_SESSION_SERVER_STOPPED
25137	William	426	RNDBOT303	1	1	10	0	1787955281	2026-08-29 00:14:41	1	NULL	0000-00-00 00:00:00	0	1	0	0	0	0	0	0	NULL	NO_REGISTERED_SESSION_SERVER_STOPPED
25138	Mysta	426	RNDBOT303	1	1	9	0	1787955299	2026-08-29 00:14:59	1	NULL	0000-00-00 00:00:00	0	1	0	0	0	0	0	0	NULL	NO_REGISTERED_SESSION_SERVER_STOPPED
25139	Sadia	193	RNDBOT304	1	11	4	0	1787955275	2026-08-29 00:14:35	1	NULL	0000-00-00 00:00:00	0	1	0	0	0	0	0	0	NULL	NO_REGISTERED_SESSION_SERVER_STOPPED
25140	Reinvingon	193	RNDBOT304	1	2	3	0	1787955273	2026-08-29 00:14:33	1	NULL	0000-00-00 00:00:00	0	1	0	0	0	0	0	0	NULL	NO_REGISTERED_SESSION_SERVER_STOPPED
25141	Ridrono	193	RNDBOT304	1	3	2	0	1787955273	2026-08-29 00:14:33	1	NULL	0000-00-00 00:00:00	0	1	0	0	0	0	0	0	NULL	NO_REGISTERED_SESSION_SERVER_STOPPED
25142	Helivan	193	RNDBOT304	1	8	9	0	1787955293	2026-08-29 00:14:53	1	NULL	0000-00-00 00:00:00	0	1	0	0	0	0	0	0	NULL	NO_REGISTERED_SESSION_SERVER_STOPPED
25143	Kudannu	193	RNDBOT304	1	1	6	0	1787955277	2026-08-29 00:14:37	1	NULL	0000-00-00 00:00:00	0	1	0	0	0	0	0	0	NULL	NO_REGISTERED_SESSION_SERVER_STOPPED
25144	Hina	193	RNDBOT304	1	9	9	0	1787955287	2026-08-29 00:14:47	1	NULL	0000-00-00 00:00:00	0	1	0	0	0	0	0	0	NULL	NO_REGISTERED_SESSION_SERVER_STOPPED
25145	Iora	193	RNDBOT304	1	1	9	0	1787955290	2026-08-29 00:14:50	1	NULL	0000-00-00 00:00:00	0	1	0	0	0	0	0	0	NULL	NO_REGISTERED_SESSION_SERVER_STOPPED
25146	Lador	193	RNDBOT304	1	3	4	0	1787955297	2026-08-29 00:14:57	1	NULL	0000-00-00 00:00:00	0	1	0	0	0	0	0	0	NULL	NO_REGISTERED_SESSION_SERVER_STOPPED
25147	Sildaryn	193	RNDBOT304	1	4	4	0	1787955284	2026-08-29 00:14:44	1	NULL	0000-00-00 00:00:00	0	1	0	0	0	0	0	0	NULL	NO_REGISTERED_SESSION_SERVER_STOPPED
25148	Kailea	349	RNDBOT305	1	3	1	0	1787955285	2026-08-29 00:14:45	1	NULL	0000-00-00 00:00:00	0	1	0	0	0	0	0	0	NULL	NO_REGISTERED_SESSION_SERVER_STOPPED
25149	Hildeblon	349	RNDBOT305	1	8	7	0	1787955293	2026-08-29 00:14:53	1	NULL	0000-00-00 00:00:00	0	1	0	0	0	0	0	0	NULL	NO_REGISTERED_SESSION_SERVER_STOPPED
25150	Drurtodink	349	RNDBOT305	1	1	2	0	1787955276	2026-08-29 00:14:36	1	NULL	0000-00-00 00:00:00	0	1	0	0	0	0	0	0	NULL	NO_REGISTERED_SESSION_SERVER_STOPPED
25151	Oosa	349	RNDBOT305	1	1	8	0	1787955272	2026-08-29 00:14:32	1	NULL	0000-00-00 00:00:00	0	1	0	0	0	0	0	0	NULL	NO_REGISTERED_SESSION_SERVER_STOPPED
25152	Tred	349	RNDBOT305	1	1	10	0	1787955300	2026-08-29 00:15:00	1	NULL	0000-00-00 00:00:00	0	1	0	0	0	0	0	0	NULL	NO_REGISTERED_SESSION_SERVER_STOPPED
25153	Dalothan	349	RNDBOT305	1	5	10	0	1787955274	2026-08-29 00:14:34	1	NULL	0000-00-00 00:00:00	0	1	0	0	0	0	0	0	NULL	NO_REGISTERED_SESSION_SERVER_STOPPED
25154	Syraei	349	RNDBOT305	1	11	4	0	1787955272	2026-08-29 00:14:32	1	NULL	0000-00-00 00:00:00	0	1	0	0	0	0	0	0	NULL	NO_REGISTERED_SESSION_SERVER_STOPPED
25155	Rohanic	349	RNDBOT305	1	1	1	0	1787955282	2026-08-29 00:14:42	1	NULL	0000-00-00 00:00:00	0	1	0	0	0	0	0	0	NULL	NO_REGISTERED_SESSION_SERVER_STOPPED
25156	Raedron	349	RNDBOT305	1	11	4	0	1787955280	2026-08-29 00:14:40	1	NULL	0000-00-00 00:00:00	0	1	0	0	0	0	0	0	NULL	NO_REGISTERED_SESSION_SERVER_STOPPED
25157	Thozahwio	194	RNDBOT306	1	2	3	0	1787955296	2026-08-29 00:14:56	1	NULL	0000-00-00 00:00:00	0	1	0	0	0	0	0	0	NULL	NO_REGISTERED_SESSION_SERVER_STOPPED
25158	Sanden	194	RNDBOT306	1	4	9	0	1787955287	2026-08-29 00:14:47	1	NULL	0000-00-00 00:00:00	0	1	0	0	0	0	0	0	NULL	NO_REGISTERED_SESSION_SERVER_STOPPED
25159	Elore	194	RNDBOT306	1	3	1	0	1787955273	2026-08-29 00:14:33	1	NULL	0000-00-00 00:00:00	0	1	0	0	0	0	0	0	NULL	NO_REGISTERED_SESSION_SERVER_STOPPED
25160	Seto	194	RNDBOT306	1	8	8	0	1787955297	2026-08-29 00:14:57	1	NULL	0000-00-00 00:00:00	0	1	0	0	0	0	0	0	NULL	NO_REGISTERED_SESSION_SERVER_STOPPED
25161	Warimus	194	RNDBOT306	1	3	1	0	1787955279	2026-08-29 00:14:39	1	NULL	0000-00-00 00:00:00	0	1	0	0	0	0	0	0	NULL	NO_REGISTERED_SESSION_SERVER_STOPPED
25162	Solata	194	RNDBOT306	1	8	10	0	1787955277	2026-08-29 00:14:37	1	NULL	0000-00-00 00:00:00	0	1	0	0	0	0	0	0	NULL	NO_REGISTERED_SESSION_SERVER_STOPPED
25163	Glusimash	194	RNDBOT306	1	4	7	0	1787955293	2026-08-29 00:14:53	1	NULL	0000-00-00 00:00:00	0	1	0	0	0	0	0	0	NULL	NO_REGISTERED_SESSION_SERVER_STOPPED
25164	Nelene	194	RNDBOT306	1	3	4	0	1787955292	2026-08-29 00:14:52	1	NULL	0000-00-00 00:00:00	0	1	0	0	0	0	0	0	NULL	NO_REGISTERED_SESSION_SERVER_STOPPED
25165	Flavina	194	RNDBOT306	1	2	1	0	1787955294	2026-08-29 00:14:54	1	NULL	0000-00-00 00:00:00	0	1	0	0	0	0	0	0	NULL	NO_REGISTERED_SESSION_SERVER_STOPPED
25166	Alerna	465	RNDBOT307	1	1	5	0	1787955289	2026-08-29 00:14:49	1	NULL	0000-00-00 00:00:00	0	1	0	0	0	0	0	0	NULL	NO_REGISTERED_SESSION_SERVER_STOPPED
25167	Baphelsea	465	RNDBOT307	1	3	10	0	1787955273	2026-08-29 00:14:33	1	NULL	0000-00-00 00:00:00	0	1	0	0	0	0	0	0	NULL	NO_REGISTERED_SESSION_SERVER_STOPPED
25168	Onlen	465	RNDBOT307	1	4	3	0	1787955295	2026-08-29 00:14:55	1	NULL	0000-00-00 00:00:00	0	1	0	0	0	0	0	0	NULL	NO_REGISTERED_SESSION_SERVER_STOPPED
25169	Einthonmy	465	RNDBOT307	1	3	3	0	1787955273	2026-08-29 00:14:33	1	NULL	0000-00-00 00:00:00	0	1	0	0	0	0	0	0	NULL	NO_REGISTERED_SESSION_SERVER_STOPPED
25170	Eleonore	465	RNDBOT307	1	8	10	0	1787955291	2026-08-29 00:14:51	1	NULL	0000-00-00 00:00:00	0	1	0	0	0	0	0	0	NULL	NO_REGISTERED_SESSION_SERVER_STOPPED
25171	Delentine	465	RNDBOT307	1	2	1	0	1787955280	2026-08-29 00:14:40	1	NULL	0000-00-00 00:00:00	0	1	0	0	0	0	0	0	NULL	NO_REGISTERED_SESSION_SERVER_STOPPED
25172	Selalaes	465	RNDBOT307	1	11	4	0	1787955300	2026-08-29 00:15:00	1	NULL	0000-00-00 00:00:00	0	1	0	0	0	0	0	0	NULL	NO_REGISTERED_SESSION_SERVER_STOPPED
25173	Dominne	465	RNDBOT307	1	8	10	0	1787955280	2026-08-29 00:14:40	1	NULL	0000-00-00 00:00:00	0	1	0	0	0	0	0	0	NULL	NO_REGISTERED_SESSION_SERVER_STOPPED
25174	Wedraen	465	RNDBOT307	1	5	4	0	1787955298	2026-08-29 00:14:58	1	NULL	0000-00-00 00:00:00	0	1	0	0	0	0	0	0	NULL	NO_REGISTERED_SESSION_SERVER_STOPPED
25175	Kildeemee	196	RNDBOT308	1	4	7	0	1787955277	2026-08-29 00:14:37	1	NULL	0000-00-00 00:00:00	0	1	0	0	0	0	0	0	NULL	NO_REGISTERED_SESSION_SERVER_STOPPED
25176	Gwenta	196	RNDBOT308	1	9	5	0	1787955299	2026-08-29 00:14:59	1	NULL	0000-00-00 00:00:00	0	1	0	0	0	0	0	0	NULL	NO_REGISTERED_SESSION_SERVER_STOPPED
25177	Moraelleath	196	RNDBOT308	1	3	4	0	1787955298	2026-08-29 00:14:58	1	NULL	0000-00-00 00:00:00	0	1	0	0	0	0	0	0	NULL	NO_REGISTERED_SESSION_SERVER_STOPPED
25178	Blazar	196	RNDBOT308	1	8	9	0	1787955284	2026-08-29 00:14:44	1	NULL	0000-00-00 00:00:00	0	1	0	0	0	0	0	0	NULL	NO_REGISTERED_SESSION_SERVER_STOPPED
25179	Aliara	196	RNDBOT308	1	4	9	0	1787955289	2026-08-29 00:14:49	1	NULL	0000-00-00 00:00:00	0	1	0	0	0	0	0	0	NULL	NO_REGISTERED_SESSION_SERVER_STOPPED
25180	Nara	196	RNDBOT308	1	4	10	0	1787955287	2026-08-29 00:14:47	1	NULL	0000-00-00 00:00:00	0	1	0	0	0	0	0	0	NULL	NO_REGISTERED_SESSION_SERVER_STOPPED
25181	Letilly	196	RNDBOT308	1	8	10	0	1787955285	2026-08-29 00:14:45	1	NULL	0000-00-00 00:00:00	0	1	0	0	0	0	0	0	NULL	NO_REGISTERED_SESSION_SERVER_STOPPED
25182	Lengwi	196	RNDBOT308	1	11	6	0	1787955289	2026-08-29 00:14:49	1	NULL	0000-00-00 00:00:00	0	1	0	0	0	0	0	0	NULL	NO_REGISTERED_SESSION_SERVER_STOPPED
25183	Benevan	196	RNDBOT308	1	8	5	0	1787955297	2026-08-29 00:14:57	1	NULL	0000-00-00 00:00:00	0	1	0	0	0	0	0	0	NULL	NO_REGISTERED_SESSION_SERVER_STOPPED
25184	Elyleath	427	RNDBOT309	1	11	4	0	1787955280	2026-08-29 00:14:40	1	NULL	0000-00-00 00:00:00	0	1	0	0	0	0	0	0	NULL	NO_REGISTERED_SESSION_SERVER_STOPPED
25185	Iladros	427	RNDBOT309	1	1	4	0	1787955274	2026-08-29 00:14:34	1	NULL	0000-00-00 00:00:00	0	1	0	0	0	0	0	0	NULL	NO_REGISTERED_SESSION_SERVER_STOPPED
25186	Checa	427	RNDBOT309	1	4	10	0	1787955275	2026-08-29 00:14:35	1	NULL	0000-00-00 00:00:00	0	1	0	0	0	0	0	0	NULL	NO_REGISTERED_SESSION_SERVER_STOPPED
25187	Rianna	427	RNDBOT309	1	5	5	0	1787955290	2026-08-29 00:14:50	1	NULL	0000-00-00 00:00:00	0	1	0	0	0	0	0	0	NULL	NO_REGISTERED_SESSION_SERVER_STOPPED
25188	Velrin	427	RNDBOT309	1	4	4	0	1787955287	2026-08-29 00:14:47	1	NULL	0000-00-00 00:00:00	0	1	0	0	0	0	0	0	NULL	NO_REGISTERED_SESSION_SERVER_STOPPED
25189	Calion	427	RNDBOT309	1	8	9	0	1787955292	2026-08-29 00:14:52	1	NULL	0000-00-00 00:00:00	0	1	0	0	0	0	0	0	NULL	NO_REGISTERED_SESSION_SERVER_STOPPED
25190	Pelario	427	RNDBOT309	1	3	10	0	1787955297	2026-08-29 00:14:57	1	NULL	0000-00-00 00:00:00	0	1	0	0	0	0	0	0	NULL	NO_REGISTERED_SESSION_SERVER_STOPPED
25191	Zamgunukk	427	RNDBOT309	1	3	2	0	1787955300	2026-08-29 00:15:00	1	NULL	0000-00-00 00:00:00	0	1	0	0	0	0	0	0	NULL	NO_REGISTERED_SESSION_SERVER_STOPPED
25192	Crurm	427	RNDBOT309	1	1	2	0	1787955291	2026-08-29 00:14:51	1	NULL	0000-00-00 00:00:00	0	1	0	0	0	0	0	0	NULL	NO_REGISTERED_SESSION_SERVER_STOPPED
25193	Emanelle	195	RNDBOT310	1	3	4	0	1787955284	2026-08-29 00:14:44	1	NULL	0000-00-00 00:00:00	0	1	0	0	0	0	0	0	NULL	NO_REGISTERED_SESSION_SERVER_STOPPED
25194	Siegmund	195	RNDBOT310	1	8	5	0	1787955281	2026-08-29 00:14:41	1	NULL	0000-00-00 00:00:00	0	1	0	0	0	0	0	0	NULL	NO_REGISTERED_SESSION_SERVER_STOPPED
25195	Ocey	195	RNDBOT310	1	2	10	0	1787955277	2026-08-29 00:14:37	1	NULL	0000-00-00 00:00:00	0	1	0	0	0	0	0	0	NULL	NO_REGISTERED_SESSION_SERVER_STOPPED
25196	Gider	195	RNDBOT310	1	4	10	0	1787955273	2026-08-29 00:14:33	1	NULL	0000-00-00 00:00:00	0	1	0	0	0	0	0	0	NULL	NO_REGISTERED_SESSION_SERVER_STOPPED
25197	Gadra	195	RNDBOT310	1	4	10	0	1787955295	2026-08-29 00:14:55	1	NULL	0000-00-00 00:00:00	0	1	0	0	0	0	0	0	NULL	NO_REGISTERED_SESSION_SERVER_STOPPED
25198	Yatsahe	195	RNDBOT310	1	8	8	0	1787955288	2026-08-29 00:14:48	1	NULL	0000-00-00 00:00:00	0	1	0	0	0	0	0	0	NULL	NO_REGISTERED_SESSION_SERVER_STOPPED
25199	Rilona	195	RNDBOT310	1	5	5	0	1787955288	2026-08-29 00:14:48	1	NULL	0000-00-00 00:00:00	0	1	0	0	0	0	0	0	NULL	NO_REGISTERED_SESSION_SERVER_STOPPED
25200	Cachia	195	RNDBOT310	1	7	6	0	1787955277	2026-08-29 00:14:37	1	NULL	0000-00-00 00:00:00	0	1	0	0	0	0	0	0	NULL	NO_REGISTERED_SESSION_SERVER_STOPPED
25201	Alennorin	195	RNDBOT310	1	9	9	0	1787955271	2026-08-29 00:14:31	1	NULL	0000-00-00 00:00:00	0	1	0	0	0	0	0	0	NULL	NO_REGISTERED_SESSION_SERVER_STOPPED
25202	Sitarre	350	RNDBOT311	1	3	4	0	1787955275	2026-08-29 00:14:35	1	NULL	0000-00-00 00:00:00	0	1	0	0	0	0	0	0	NULL	NO_REGISTERED_SESSION_SERVER_STOPPED
25203	Uristor	350	RNDBOT311	1	5	10	0	1787955300	2026-08-29 00:15:00	1	NULL	0000-00-00 00:00:00	0	1	0	0	0	0	0	0	NULL	NO_REGISTERED_SESSION_SERVER_STOPPED
25204	Romarco	350	RNDBOT311	1	4	9	0	1787955288	2026-08-29 00:14:48	1	NULL	0000-00-00 00:00:00	0	1	0	0	0	0	0	0	NULL	NO_REGISTERED_SESSION_SERVER_STOPPED
25205	Dodovnan	350	RNDBOT311	1	1	2	0	1787955275	2026-08-29 00:14:35	1	NULL	0000-00-00 00:00:00	0	1	0	0	0	0	0	0	NULL	NO_REGISTERED_SESSION_SERVER_STOPPED
25206	Chelianne	350	RNDBOT311	1	8	9	0	1787955277	2026-08-29 00:14:37	1	NULL	0000-00-00 00:00:00	0	1	0	0	0	0	0	0	NULL	NO_REGISTERED_SESSION_SERVER_STOPPED
25207	Lerlo	350	RNDBOT311	1	9	5	0	1787955274	2026-08-29 00:14:34	1	NULL	0000-00-00 00:00:00	0	1	0	0	0	0	0	0	NULL	NO_REGISTERED_SESSION_SERVER_STOPPED
25208	Uydiir	350	RNDBOT311	1	1	4	0	1787955294	2026-08-29 00:14:54	1	NULL	0000-00-00 00:00:00	0	1	0	0	0	0	0	0	NULL	NO_REGISTERED_SESSION_SERVER_STOPPED
25209	Chaelander	350	RNDBOT311	1	1	1	0	1787955287	2026-08-29 00:14:47	1	NULL	0000-00-00 00:00:00	0	1	0	0	0	0	0	0	NULL	NO_REGISTERED_SESSION_SERVER_STOPPED
25210	Vivitia	350	RNDBOT311	1	11	4	0	1787955300	2026-08-29 00:15:00	1	NULL	0000-00-00 00:00:00	0	1	0	0	0	0	0	0	NULL	NO_REGISTERED_SESSION_SERVER_STOPPED
25211	Ilanie	197	RNDBOT312	1	8	1	0	1787955284	2026-08-29 00:14:44	1	NULL	0000-00-00 00:00:00	0	1	0	0	0	0	0	0	NULL	NO_REGISTERED_SESSION_SERVER_STOPPED
25212	Forim	197	RNDBOT312	1	3	9	0	1787955278	2026-08-29 00:14:38	1	NULL	0000-00-00 00:00:00	0	1	0	0	0	0	0	0	NULL	NO_REGISTERED_SESSION_SERVER_STOPPED
25213	Perietta	197	RNDBOT312	1	4	10	0	1787955274	2026-08-29 00:14:34	1	NULL	0000-00-00 00:00:00	0	1	0	0	0	0	0	0	NULL	NO_REGISTERED_SESSION_SERVER_STOPPED
25214	Joric	197	RNDBOT312	1	8	9	0	1787955291	2026-08-29 00:14:51	1	NULL	0000-00-00 00:00:00	0	1	0	0	0	0	0	0	NULL	NO_REGISTERED_SESSION_SERVER_STOPPED
25215	Elensana	197	RNDBOT312	1	3	4	0	1787955297	2026-08-29 00:14:57	1	NULL	0000-00-00 00:00:00	0	1	0	0	0	0	0	0	NULL	NO_REGISTERED_SESSION_SERVER_STOPPED
25216	Bevelinari	197	RNDBOT312	1	3	10	0	1787955297	2026-08-29 00:14:57	1	NULL	0000-00-00 00:00:00	0	1	0	0	0	0	0	0	NULL	NO_REGISTERED_SESSION_SERVER_STOPPED
25217	Yllo	197	RNDBOT312	1	2	3	0	1787955286	2026-08-29 00:14:46	1	NULL	0000-00-00 00:00:00	0	1	0	0	0	0	0	0	NULL	NO_REGISTERED_SESSION_SERVER_STOPPED
25218	Mordri	197	RNDBOT312	1	11	4	0	1787955293	2026-08-29 00:14:53	1	NULL	0000-00-00 00:00:00	0	1	0	0	0	0	0	0	NULL	NO_REGISTERED_SESSION_SERVER_STOPPED
25219	Agato	197	RNDBOT312	1	8	1	0	1787955298	2026-08-29 00:14:58	1	NULL	0000-00-00 00:00:00	0	1	0	0	0	0	0	0	NULL	NO_REGISTERED_SESSION_SERVER_STOPPED
25220	Melata	199	RNDBOT313	1	4	5	0	1787955294	2026-08-29 00:14:54	1	NULL	0000-00-00 00:00:00	0	1	0	0	0	0	0	0	NULL	NO_REGISTERED_SESSION_SERVER_STOPPED
25221	Zoela	199	RNDBOT313	1	2	1	0	1787955298	2026-08-29 00:14:58	1	NULL	0000-00-00 00:00:00	0	1	0	0	0	0	0	0	NULL	NO_REGISTERED_SESSION_SERVER_STOPPED
25222	Lendric	199	RNDBOT313	1	3	9	0	1787955298	2026-08-29 00:14:58	1	NULL	0000-00-00 00:00:00	0	1	0	0	0	0	0	0	NULL	NO_REGISTERED_SESSION_SERVER_STOPPED
25223	Hanniko	199	RNDBOT313	1	5	10	0	1787955271	2026-08-29 00:14:31	1	NULL	0000-00-00 00:00:00	0	1	0	0	0	0	0	0	NULL	NO_REGISTERED_SESSION_SERVER_STOPPED
25224	Fintse	199	RNDBOT313	1	3	8	0	1787955280	2026-08-29 00:14:40	1	NULL	0000-00-00 00:00:00	0	1	0	0	0	0	0	0	NULL	NO_REGISTERED_SESSION_SERVER_STOPPED
25225	Dandred	199	RNDBOT313	1	3	10	0	1787955293	2026-08-29 00:14:53	1	NULL	0000-00-00 00:00:00	0	1	0	0	0	0	0	0	NULL	NO_REGISTERED_SESSION_SERVER_STOPPED
25226	Remar	199	RNDBOT313	1	3	1	0	1787955278	2026-08-29 00:14:38	1	NULL	0000-00-00 00:00:00	0	1	0	0	0	0	0	0	NULL	NO_REGISTERED_SESSION_SERVER_STOPPED
25227	Wersin	199	RNDBOT313	1	7	8	0	1787955286	2026-08-29 00:14:46	1	NULL	0000-00-00 00:00:00	0	1	0	0	0	0	0	0	NULL	NO_REGISTERED_SESSION_SERVER_STOPPED
25228	Nikano	199	RNDBOT313	1	5	1	0	1787955300	2026-08-29 00:15:00	1	NULL	0000-00-00 00:00:00	0	1	0	0	0	0	0	0	NULL	NO_REGISTERED_SESSION_SERVER_STOPPED
25229	Othkec	494	RNDBOT314	1	1	7	0	1787955276	2026-08-29 00:14:36	1	NULL	0000-00-00 00:00:00	0	1	0	0	0	0	0	0	NULL	NO_REGISTERED_SESSION_SERVER_STOPPED
25230	Cainac	494	RNDBOT314	1	3	1	0	1787955296	2026-08-29 00:14:56	1	NULL	0000-00-00 00:00:00	0	1	0	0	0	0	0	0	NULL	NO_REGISTERED_SESSION_SERVER_STOPPED
25231	Saedan	494	RNDBOT314	1	4	4	0	1787955282	2026-08-29 00:14:42	1	NULL	0000-00-00 00:00:00	0	1	0	0	0	0	0	0	NULL	NO_REGISTERED_SESSION_SERVER_STOPPED
25232	Eliason	494	RNDBOT314	1	9	5	0	1787955282	2026-08-29 00:14:42	1	NULL	0000-00-00 00:00:00	0	1	0	0	0	0	0	0	NULL	NO_REGISTERED_SESSION_SERVER_STOPPED
25233	Rhaansuka	494	RNDBOT314	1	7	8	0	1787955287	2026-08-29 00:14:47	1	NULL	0000-00-00 00:00:00	0	1	0	0	0	0	0	0	NULL	NO_REGISTERED_SESSION_SERVER_STOPPED
25234	Lucily	494	RNDBOT314	1	1	10	0	1787955283	2026-08-29 00:14:43	1	NULL	0000-00-00 00:00:00	0	1	0	0	0	0	0	0	NULL	NO_REGISTERED_SESSION_SERVER_STOPPED
25235	Pahjagian	494	RNDBOT314	1	8	8	0	1787955290	2026-08-29 00:14:50	1	NULL	0000-00-00 00:00:00	0	1	0	0	0	0	0	0	NULL	NO_REGISTERED_SESSION_SERVER_STOPPED
25236	Adalorenz	494	RNDBOT314	1	2	1	0	1787955275	2026-08-29 00:14:35	1	NULL	0000-00-00 00:00:00	0	1	0	0	0	0	0	0	NULL	NO_REGISTERED_SESSION_SERVER_STOPPED
25237	Delari	494	RNDBOT314	1	8	10	0	1787955281	2026-08-29 00:14:41	1	NULL	0000-00-00 00:00:00	0	1	0	0	0	0	0	0	NULL	NO_REGISTERED_SESSION_SERVER_STOPPED
25238	Thylealaes	351	RNDBOT315	1	11	4	0	1787955281	2026-08-29 00:14:41	1	NULL	0000-00-00 00:00:00	0	1	0	0	0	0	0	0	NULL	NO_REGISTERED_SESSION_SERVER_STOPPED
25239	Barnog	351	RNDBOT315	1	2	3	0	1787955271	2026-08-29 00:14:31	1	NULL	0000-00-00 00:00:00	0	1	0	0	0	0	0	0	NULL	NO_REGISTERED_SESSION_SERVER_STOPPED
25240	Basie	351	RNDBOT315	1	4	5	0	1787955293	2026-08-29 00:14:53	1	NULL	0000-00-00 00:00:00	0	1	0	0	0	0	0	0	NULL	NO_REGISTERED_SESSION_SERVER_STOPPED
25241	Bordon	351	RNDBOT315	1	2	1	0	1787955296	2026-08-29 00:14:56	1	NULL	0000-00-00 00:00:00	0	1	0	0	0	0	0	0	NULL	NO_REGISTERED_SESSION_SERVER_STOPPED
25242	Lorito	351	RNDBOT315	1	1	3	0	1787955271	2026-08-29 00:14:31	1	NULL	0000-00-00 00:00:00	0	1	0	0	0	0	0	0	NULL	NO_REGISTERED_SESSION_SERVER_STOPPED
25243	Vestra	351	RNDBOT315	1	4	9	0	1787955286	2026-08-29 00:14:46	1	NULL	0000-00-00 00:00:00	0	1	0	0	0	0	0	0	NULL	NO_REGISTERED_SESSION_SERVER_STOPPED
25244	Astanus	351	RNDBOT315	1	3	9	0	1787955281	2026-08-29 00:14:41	1	NULL	0000-00-00 00:00:00	0	1	0	0	0	0	0	0	NULL	NO_REGISTERED_SESSION_SERVER_STOPPED
25245	Gracie	351	RNDBOT315	1	4	9	0	1787955272	2026-08-29 00:14:32	1	NULL	0000-00-00 00:00:00	0	1	0	0	0	0	0	0	NULL	NO_REGISTERED_SESSION_SERVER_STOPPED
25246	Valennor	351	RNDBOT315	1	8	9	0	1787955290	2026-08-29 00:14:50	1	NULL	0000-00-00 00:00:00	0	1	0	0	0	0	0	0	NULL	NO_REGISTERED_SESSION_SERVER_STOPPED
25247	Stalo	78	RNDBOT316	1	8	10	0	1787955294	2026-08-29 00:14:54	1	NULL	0000-00-00 00:00:00	0	1	0	0	0	0	0	0	NULL	NO_REGISTERED_SESSION_SERVER_STOPPED
25248	Oweno	78	RNDBOT316	1	1	10	0	1787955284	2026-08-29 00:14:44	1	NULL	0000-00-00 00:00:00	0	1	0	0	0	0	0	0	NULL	NO_REGISTERED_SESSION_SERVER_STOPPED
25249	Jocely	78	RNDBOT316	1	3	10	0	1787955277	2026-08-29 00:14:37	1	NULL	0000-00-00 00:00:00	0	1	0	0	0	0	0	0	NULL	NO_REGISTERED_SESSION_SERVER_STOPPED
25250	Barissa	78	RNDBOT316	1	9	9	0	1787955291	2026-08-29 00:14:51	1	NULL	0000-00-00 00:00:00	0	1	0	0	0	0	0	0	NULL	NO_REGISTERED_SESSION_SERVER_STOPPED
25251	Dukkih	78	RNDBOT316	1	7	6	0	1787955285	2026-08-29 00:14:45	1	NULL	0000-00-00 00:00:00	0	1	0	0	0	0	0	0	NULL	NO_REGISTERED_SESSION_SERVER_STOPPED
25252	Oznowty	78	RNDBOT316	1	7	2	0	1787955297	2026-08-29 00:14:57	1	NULL	0000-00-00 00:00:00	0	1	0	0	0	0	0	0	NULL	NO_REGISTERED_SESSION_SERVER_STOPPED
25253	Chelladu	78	RNDBOT316	1	8	9	0	1787955284	2026-08-29 00:14:44	1	NULL	0000-00-00 00:00:00	0	1	0	0	0	0	0	0	NULL	NO_REGISTERED_SESSION_SERVER_STOPPED
25254	Rian	78	RNDBOT316	1	4	10	0	1787955286	2026-08-29 00:14:46	1	NULL	0000-00-00 00:00:00	0	1	0	0	0	0	0	0	NULL	NO_REGISTERED_SESSION_SERVER_STOPPED
25255	Darianny	78	RNDBOT316	1	8	10	0	1787955272	2026-08-29 00:14:32	1	NULL	0000-00-00 00:00:00	0	1	0	0	0	0	0	0	NULL	NO_REGISTERED_SESSION_SERVER_STOPPED
25256	Cascon	200	RNDBOT317	1	8	9	0	1787955284	2026-08-29 00:14:44	1	NULL	0000-00-00 00:00:00	0	1	0	0	0	0	0	0	NULL	NO_REGISTERED_SESSION_SERVER_STOPPED
25257	Leoni	200	RNDBOT317	1	8	9	0	1787955291	2026-08-29 00:14:51	1	NULL	0000-00-00 00:00:00	0	1	0	0	0	0	0	0	NULL	NO_REGISTERED_SESSION_SERVER_STOPPED
25258	Barbaraney	200	RNDBOT317	1	8	5	0	1787955295	2026-08-29 00:14:55	1	NULL	0000-00-00 00:00:00	0	1	0	0	0	0	0	0	NULL	NO_REGISTERED_SESSION_SERVER_STOPPED
25259	Nerianca	200	RNDBOT317	1	5	10	0	1787955283	2026-08-29 00:14:43	1	NULL	0000-00-00 00:00:00	0	1	0	0	0	0	0	0	NULL	NO_REGISTERED_SESSION_SERVER_STOPPED
25260	Lellean	200	RNDBOT317	1	3	4	0	1787955290	2026-08-29 00:14:50	1	NULL	0000-00-00 00:00:00	0	1	0	0	0	0	0	0	NULL	NO_REGISTERED_SESSION_SERVER_STOPPED
25261	Ilaena	200	RNDBOT317	1	11	4	0	1787955289	2026-08-29 00:14:49	1	NULL	0000-00-00 00:00:00	0	1	0	0	0	0	0	0	NULL	NO_REGISTERED_SESSION_SERVER_STOPPED
25262	Kamwu	200	RNDBOT317	1	2	3	0	1787955273	2026-08-29 00:14:33	1	NULL	0000-00-00 00:00:00	0	1	0	0	0	0	0	0	NULL	NO_REGISTERED_SESSION_SERVER_STOPPED
25263	Armian	200	RNDBOT317	1	3	10	0	1787955278	2026-08-29 00:14:38	1	NULL	0000-00-00 00:00:00	0	1	0	0	0	0	0	0	NULL	NO_REGISTERED_SESSION_SERVER_STOPPED
25264	Remilo	200	RNDBOT317	1	1	10	0	1787955272	2026-08-29 00:14:32	1	NULL	0000-00-00 00:00:00	0	1	0	0	0	0	0	0	NULL	NO_REGISTERED_SESSION_SERVER_STOPPED
25265	Berlo	201	RNDBOT318	5	8	5	0	1788116590	2026-08-30 21:03:10	1	NULL	0000-00-00 00:00:00	1	1	0	0	0	1	0	0	NULL	NO_REGISTERED_SESSION_SERVER_STOPPED
25266	Ilianna	201	RNDBOT318	6	9	9	0	1788116563	2026-08-30 21:02:43	1	NULL	0000-00-00 00:00:00	1	1	0	0	0	1	0	0	NULL	NO_REGISTERED_SESSION_SERVER_STOPPED
25267	Thanu	201	RNDBOT318	6	3	2	0	1788035852	2026-08-29 22:37:32	1	NULL	0000-00-00 00:00:00	1	1	0	0	0	0	0	0	NULL	NO_REGISTERED_SESSION_SERVER_STOPPED
25268	Harmo	201	RNDBOT318	6	9	1	0	1788041305	2026-08-30 00:08:25	1	NULL	0000-00-00 00:00:00	1	1	0	0	0	0	0	0	NULL	NO_REGISTERED_SESSION_SERVER_STOPPED
25269	Eturme	201	RNDBOT318	6	4	2	0	1788024309	2026-08-29 19:25:09	1	NULL	0000-00-00 00:00:00	1	1	0	0	0	0	0	0	NULL	NO_REGISTERED_SESSION_SERVER_STOPPED
25270	Sanath	201	RNDBOT318	2	11	4	0	1788116545	2026-08-30 21:02:25	1	NULL	0000-00-00 00:00:00	1	1	0	0	0	1	0	0	NULL	NO_REGISTERED_SESSION_SERVER_STOPPED
25271	Damarto	201	RNDBOT318	6	4	10	0	1788042992	2026-08-30 00:36:32	1	NULL	0000-00-00 00:00:00	1	1	0	0	0	0	0	0	NULL	NO_REGISTERED_SESSION_SERVER_STOPPED
25272	Rhandy	201	RNDBOT318	2	2	1	0	1788116560	2026-08-30 21:02:40	1	NULL	0000-00-00 00:00:00	1	1	0	0	0	1	0	0	NULL	NO_REGISTERED_SESSION_SERVER_STOPPED
25273	Ignatius	201	RNDBOT318	7	8	10	0	1788043019	2026-08-30 00:36:59	1	NULL	0000-00-00 00:00:00	1	1	0	0	0	0	0	0	NULL	NO_REGISTERED_SESSION_SERVER_STOPPED
25274	Melaron	352	RNDBOT319	1	4	4	0	1787955292	2026-08-29 00:14:52	1	NULL	0000-00-00 00:00:00	0	1	0	0	0	0	0	0	NULL	NO_REGISTERED_SESSION_SERVER_STOPPED
25275	Yllumvo	352	RNDBOT319	1	4	3	0	1787955291	2026-08-29 00:14:51	1	NULL	0000-00-00 00:00:00	0	1	0	0	0	0	0	0	NULL	NO_REGISTERED_SESSION_SERVER_STOPPED
25276	Limwy	352	RNDBOT319	1	3	3	0	1787955271	2026-08-29 00:14:31	1	NULL	0000-00-00 00:00:00	0	1	0	0	0	0	0	0	NULL	NO_REGISTERED_SESSION_SERVER_STOPPED
25277	Polori	352	RNDBOT319	1	5	1	0	1787955273	2026-08-29 00:14:33	1	NULL	0000-00-00 00:00:00	0	1	0	0	0	0	0	0	NULL	NO_REGISTERED_SESSION_SERVER_STOPPED
25278	Xandrino	352	RNDBOT319	1	8	9	0	1787955298	2026-08-29 00:14:58	1	NULL	0000-00-00 00:00:00	0	1	0	0	0	0	0	0	NULL	NO_REGISTERED_SESSION_SERVER_STOPPED
25279	Thurhurduth	352	RNDBOT319	1	1	3	0	1787955283	2026-08-29 00:14:43	1	NULL	0000-00-00 00:00:00	0	1	0	0	0	0	0	0	NULL	NO_REGISTERED_SESSION_SERVER_STOPPED
25280	Ophelina	352	RNDBOT319	1	5	10	0	1787955288	2026-08-29 00:14:48	1	NULL	0000-00-00 00:00:00	0	1	0	0	0	0	0	0	NULL	NO_REGISTERED_SESSION_SERVER_STOPPED
25281	Izoria	352	RNDBOT319	1	1	9	0	1787955283	2026-08-29 00:14:43	1	NULL	0000-00-00 00:00:00	0	1	0	0	0	0	0	0	NULL	NO_REGISTERED_SESSION_SERVER_STOPPED
25282	Elicele	352	RNDBOT319	1	3	9	0	1787955292	2026-08-29 00:14:52	1	NULL	0000-00-00 00:00:00	0	1	0	0	0	0	0	0	NULL	NO_REGISTERED_SESSION_SERVER_STOPPED
25283	Brano	428	RNDBOT320	1	3	9	0	1787955278	2026-08-29 00:14:38	1	NULL	0000-00-00 00:00:00	0	1	0	0	0	0	0	0	NULL	NO_REGISTERED_SESSION_SERVER_STOPPED
25284	Bianey	428	RNDBOT320	1	5	10	0	1787955292	2026-08-29 00:14:52	1	NULL	0000-00-00 00:00:00	0	1	0	0	0	0	0	0	NULL	NO_REGISTERED_SESSION_SERVER_STOPPED
25285	Omasterio	428	RNDBOT320	1	1	10	0	1787955286	2026-08-29 00:14:46	1	NULL	0000-00-00 00:00:00	0	1	0	0	0	0	0	0	NULL	NO_REGISTERED_SESSION_SERVER_STOPPED
25286	Erinette	428	RNDBOT320	1	3	10	0	1787955294	2026-08-29 00:14:54	1	NULL	0000-00-00 00:00:00	0	1	0	0	0	0	0	0	NULL	NO_REGISTERED_SESSION_SERVER_STOPPED
25287	Manuela	428	RNDBOT320	1	1	9	0	1787955291	2026-08-29 00:14:51	1	NULL	0000-00-00 00:00:00	0	1	0	0	0	0	0	0	NULL	NO_REGISTERED_SESSION_SERVER_STOPPED
25288	Selalaea	428	RNDBOT320	1	4	4	0	1787955276	2026-08-29 00:14:36	1	NULL	0000-00-00 00:00:00	0	1	0	0	0	0	0	0	NULL	NO_REGISTERED_SESSION_SERVER_STOPPED
25289	Kylandel	428	RNDBOT320	1	9	1	0	1787955273	2026-08-29 00:14:33	1	NULL	0000-00-00 00:00:00	0	1	0	0	0	0	0	0	NULL	NO_REGISTERED_SESSION_SERVER_STOPPED
25290	Shley	428	RNDBOT320	1	3	10	0	1787955283	2026-08-29 00:14:43	1	NULL	0000-00-00 00:00:00	0	1	0	0	0	0	0	0	NULL	NO_REGISTERED_SESSION_SERVER_STOPPED
25291	Susnul	428	RNDBOT320	1	4	8	0	1787955299	2026-08-29 00:14:59	1	NULL	0000-00-00 00:00:00	0	1	0	0	0	0	0	0	NULL	NO_REGISTERED_SESSION_SERVER_STOPPED
25292	Nylaliath	353	RNDBOT321	1	4	4	0	1787955277	2026-08-29 00:14:37	1	NULL	0000-00-00 00:00:00	0	1	0	0	0	0	0	0	NULL	NO_REGISTERED_SESSION_SERVER_STOPPED
25293	Gurzyr	353	RNDBOT321	1	3	2	0	1787955299	2026-08-29 00:14:59	1	NULL	0000-00-00 00:00:00	0	1	0	0	0	0	0	0	NULL	NO_REGISTERED_SESSION_SERVER_STOPPED
25294	Badeand	353	RNDBOT321	1	8	9	0	1787955296	2026-08-29 00:14:56	1	NULL	0000-00-00 00:00:00	0	1	0	0	0	0	0	0	NULL	NO_REGISTERED_SESSION_SERVER_STOPPED
25295	Zurndimm	353	RNDBOT321	1	7	2	0	1787955272	2026-08-29 00:14:32	1	NULL	0000-00-00 00:00:00	0	1	0	0	0	0	0	0	NULL	NO_REGISTERED_SESSION_SERVER_STOPPED
25296	Berino	353	RNDBOT321	1	8	9	0	1787955294	2026-08-29 00:14:54	1	NULL	0000-00-00 00:00:00	0	1	0	0	0	0	0	0	NULL	NO_REGISTERED_SESSION_SERVER_STOPPED
25297	Molaneya	353	RNDBOT321	1	5	1	0	1787955293	2026-08-29 00:14:53	1	NULL	0000-00-00 00:00:00	0	1	0	0	0	0	0	0	NULL	NO_REGISTERED_SESSION_SERVER_STOPPED
25298	Yaeria	353	RNDBOT321	1	4	4	0	1787955291	2026-08-29 00:14:51	1	NULL	0000-00-00 00:00:00	0	1	0	0	0	0	0	0	NULL	NO_REGISTERED_SESSION_SERVER_STOPPED
25299	Bramson	353	RNDBOT321	1	4	10	0	1787955292	2026-08-29 00:14:52	1	NULL	0000-00-00 00:00:00	0	1	0	0	0	0	0	0	NULL	NO_REGISTERED_SESSION_SERVER_STOPPED
25300	Onlou	353	RNDBOT321	1	3	3	0	1787955277	2026-08-29 00:14:37	1	NULL	0000-00-00 00:00:00	0	1	0	0	0	0	0	0	NULL	NO_REGISTERED_SESSION_SERVER_STOPPED
25301	Welaess	466	RNDBOT322	1	11	4	0	1787955291	2026-08-29 00:14:51	1	NULL	0000-00-00 00:00:00	0	1	0	0	0	0	0	0	NULL	NO_REGISTERED_SESSION_SERVER_STOPPED
25302	Dorian	466	RNDBOT322	1	3	10	0	1787955299	2026-08-29 00:14:59	1	NULL	0000-00-00 00:00:00	0	1	0	0	0	0	0	0	NULL	NO_REGISTERED_SESSION_SERVER_STOPPED
25303	Khilju	466	RNDBOT322	1	4	8	0	1787955295	2026-08-29 00:14:55	1	NULL	0000-00-00 00:00:00	0	1	0	0	0	0	0	0	NULL	NO_REGISTERED_SESSION_SERVER_STOPPED
25304	Cindy	466	RNDBOT322	1	8	10	0	1787955281	2026-08-29 00:14:41	1	NULL	0000-00-00 00:00:00	0	1	0	0	0	0	0	0	NULL	NO_REGISTERED_SESSION_SERVER_STOPPED
25305	Inkesosoo	466	RNDBOT322	1	11	6	0	1787955286	2026-08-29 00:14:46	1	NULL	0000-00-00 00:00:00	0	1	0	0	0	0	0	0	NULL	NO_REGISTERED_SESSION_SERVER_STOPPED
25306	Bonle	466	RNDBOT322	1	3	3	0	1787955289	2026-08-29 00:14:49	1	NULL	0000-00-00 00:00:00	0	1	0	0	0	0	0	0	NULL	NO_REGISTERED_SESSION_SERVER_STOPPED
25307	Ugnen	466	RNDBOT322	1	9	2	0	1787955289	2026-08-29 00:14:49	1	NULL	0000-00-00 00:00:00	0	1	0	0	0	0	0	0	NULL	NO_REGISTERED_SESSION_SERVER_STOPPED
25308	Edirgirn	466	RNDBOT322	1	1	7	0	1787955299	2026-08-29 00:14:59	1	NULL	0000-00-00 00:00:00	0	1	0	0	0	0	0	0	NULL	NO_REGISTERED_SESSION_SERVER_STOPPED
25309	Bellea	466	RNDBOT322	1	4	5	0	1787955299	2026-08-29 00:14:59	1	NULL	0000-00-00 00:00:00	0	1	0	0	0	0	0	0	NULL	NO_REGISTERED_SESSION_SERVER_STOPPED
25310	Gerren	354	RNDBOT323	1	8	5	0	1787955297	2026-08-29 00:14:57	1	NULL	0000-00-00 00:00:00	0	1	0	0	0	0	0	0	NULL	NO_REGISTERED_SESSION_SERVER_STOPPED
25311	Rontugez	354	RNDBOT323	1	5	8	0	1787955299	2026-08-29 00:14:59	1	NULL	0000-00-00 00:00:00	0	1	0	0	0	0	0	0	NULL	NO_REGISTERED_SESSION_SERVER_STOPPED
25312	Yejo	354	RNDBOT323	1	4	8	0	1787955297	2026-08-29 00:14:57	1	NULL	0000-00-00 00:00:00	0	1	0	0	0	0	0	0	NULL	NO_REGISTERED_SESSION_SERVER_STOPPED
25313	Verita	354	RNDBOT323	1	2	10	0	1787955271	2026-08-29 00:14:31	1	NULL	0000-00-00 00:00:00	0	1	0	0	0	0	0	0	NULL	NO_REGISTERED_SESSION_SERVER_STOPPED
25314	Hiati	354	RNDBOT323	1	7	6	0	1787955296	2026-08-29 00:14:56	1	NULL	0000-00-00 00:00:00	0	1	0	0	0	0	0	0	NULL	NO_REGISTERED_SESSION_SERVER_STOPPED
25315	Anasta	354	RNDBOT323	1	8	10	0	1787955278	2026-08-29 00:14:38	1	NULL	0000-00-00 00:00:00	0	1	0	0	0	0	0	0	NULL	NO_REGISTERED_SESSION_SERVER_STOPPED
25316	Nadie	354	RNDBOT323	1	2	10	0	1787955291	2026-08-29 00:14:51	1	NULL	0000-00-00 00:00:00	0	1	0	0	0	0	0	0	NULL	NO_REGISTERED_SESSION_SERVER_STOPPED
25317	Chanis	354	RNDBOT323	1	3	1	0	1787955298	2026-08-29 00:14:58	1	NULL	0000-00-00 00:00:00	0	1	0	0	0	0	0	0	NULL	NO_REGISTERED_SESSION_SERVER_STOPPED
25318	Nariannie	354	RNDBOT323	1	3	1	0	1787955298	2026-08-29 00:14:58	1	NULL	0000-00-00 00:00:00	0	1	0	0	0	0	0	0	NULL	NO_REGISTERED_SESSION_SERVER_STOPPED
25319	Cornellie	204	RNDBOT324	1	8	1	0	1787955290	2026-08-29 00:14:50	1	NULL	0000-00-00 00:00:00	0	1	0	0	0	0	0	0	NULL	NO_REGISTERED_SESSION_SERVER_STOPPED
25320	Justalai	204	RNDBOT324	1	3	10	0	1787955298	2026-08-29 00:14:58	1	NULL	0000-00-00 00:00:00	0	1	0	0	0	0	0	0	NULL	NO_REGISTERED_SESSION_SERVER_STOPPED
25321	Antimero	204	RNDBOT324	1	3	10	0	1787955292	2026-08-29 00:14:52	1	NULL	0000-00-00 00:00:00	0	1	0	0	0	0	0	0	NULL	NO_REGISTERED_SESSION_SERVER_STOPPED
25322	Arallie	204	RNDBOT324	1	9	1	0	1787955284	2026-08-29 00:14:44	1	NULL	0000-00-00 00:00:00	0	1	0	0	0	0	0	0	NULL	NO_REGISTERED_SESSION_SERVER_STOPPED
25323	Adoril	204	RNDBOT324	1	4	4	0	1787955287	2026-08-29 00:14:47	1	NULL	0000-00-00 00:00:00	0	1	0	0	0	0	0	0	NULL	NO_REGISTERED_SESSION_SERVER_STOPPED
25324	Kerane	204	RNDBOT324	1	5	10	0	1787955276	2026-08-29 00:14:36	1	NULL	0000-00-00 00:00:00	0	1	0	0	0	0	0	0	NULL	NO_REGISTERED_SESSION_SERVER_STOPPED
25325	Hakmink	204	RNDBOT324	1	1	2	0	1787955294	2026-08-29 00:14:54	1	NULL	0000-00-00 00:00:00	0	1	0	0	0	0	0	0	NULL	NO_REGISTERED_SESSION_SERVER_STOPPED
25326	Ediir	204	RNDBOT324	1	11	4	0	1787955292	2026-08-29 00:14:52	1	NULL	0000-00-00 00:00:00	0	1	0	0	0	0	0	0	NULL	NO_REGISTERED_SESSION_SERVER_STOPPED
25327	Cassanne	204	RNDBOT324	1	3	10	0	1787955295	2026-08-29 00:14:55	1	NULL	0000-00-00 00:00:00	0	1	0	0	0	0	0	0	NULL	NO_REGISTERED_SESSION_SERVER_STOPPED
25328	Demela	203	RNDBOT325	1	3	1	0	1787955289	2026-08-29 00:14:49	1	NULL	0000-00-00 00:00:00	0	1	0	0	0	0	0	0	NULL	NO_REGISTERED_SESSION_SERVER_STOPPED
25329	Icarin	203	RNDBOT325	1	8	9	0	1787955279	2026-08-29 00:14:39	1	NULL	0000-00-00 00:00:00	0	1	0	0	0	0	0	0	NULL	NO_REGISTERED_SESSION_SERVER_STOPPED
25330	Baldorias	203	RNDBOT325	1	9	9	0	1787955293	2026-08-29 00:14:53	1	NULL	0000-00-00 00:00:00	0	1	0	0	0	0	0	0	NULL	NO_REGISTERED_SESSION_SERVER_STOPPED
25331	Zuthura	203	RNDBOT325	1	9	2	0	1787955277	2026-08-29 00:14:37	1	NULL	0000-00-00 00:00:00	0	1	0	0	0	0	0	0	NULL	NO_REGISTERED_SESSION_SERVER_STOPPED
25332	Milin	203	RNDBOT325	1	2	10	0	1787955282	2026-08-29 00:14:42	1	NULL	0000-00-00 00:00:00	0	1	0	0	0	0	0	0	NULL	NO_REGISTERED_SESSION_SERVER_STOPPED
25333	Arisandy	203	RNDBOT325	1	1	9	0	1787955288	2026-08-29 00:14:48	1	NULL	0000-00-00 00:00:00	0	1	0	0	0	0	0	0	NULL	NO_REGISTERED_SESSION_SERVER_STOPPED
25334	Melopa	203	RNDBOT325	1	1	10	0	1787955282	2026-08-29 00:14:42	1	NULL	0000-00-00 00:00:00	0	1	0	0	0	0	0	0	NULL	NO_REGISTERED_SESSION_SERVER_STOPPED
25335	Daedrieth	203	RNDBOT325	1	3	4	0	1787955300	2026-08-29 00:15:00	1	NULL	0000-00-00 00:00:00	0	1	0	0	0	0	0	0	NULL	NO_REGISTERED_SESSION_SERVER_STOPPED
25336	Amillena	203	RNDBOT325	1	9	9	0	1787955296	2026-08-29 00:14:56	1	NULL	0000-00-00 00:00:00	0	1	0	0	0	0	0	0	NULL	NO_REGISTERED_SESSION_SERVER_STOPPED
25337	Nelantin	429	RNDBOT326	1	1	1	0	1787955281	2026-08-29 00:14:41	1	NULL	0000-00-00 00:00:00	0	1	0	0	0	0	0	0	NULL	NO_REGISTERED_SESSION_SERVER_STOPPED
25338	Galenok	429	RNDBOT326	1	8	10	0	1787955286	2026-08-29 00:14:46	1	NULL	0000-00-00 00:00:00	0	1	0	0	0	0	0	0	NULL	NO_REGISTERED_SESSION_SERVER_STOPPED
25339	Balandes	429	RNDBOT326	1	3	1	0	1787955283	2026-08-29 00:14:43	1	NULL	0000-00-00 00:00:00	0	1	0	0	0	0	0	0	NULL	NO_REGISTERED_SESSION_SERVER_STOPPED
25340	Hanian	429	RNDBOT326	1	1	9	0	1787955290	2026-08-29 00:14:50	1	NULL	0000-00-00 00:00:00	0	1	0	0	0	0	0	0	NULL	NO_REGISTERED_SESSION_SERVER_STOPPED
25341	Branko	429	RNDBOT326	1	1	9	0	1787955283	2026-08-29 00:14:43	1	NULL	0000-00-00 00:00:00	0	1	0	0	0	0	0	0	NULL	NO_REGISTERED_SESSION_SERVER_STOPPED
25342	Alestrica	429	RNDBOT326	1	3	1	0	1787955277	2026-08-29 00:14:37	1	NULL	0000-00-00 00:00:00	0	1	0	0	0	0	0	0	NULL	NO_REGISTERED_SESSION_SERVER_STOPPED
25343	Galda	429	RNDBOT326	1	3	1	0	1787955272	2026-08-29 00:14:32	1	NULL	0000-00-00 00:00:00	0	1	0	0	0	0	0	0	NULL	NO_REGISTERED_SESSION_SERVER_STOPPED
25344	Mitia	429	RNDBOT326	1	3	4	0	1787955275	2026-08-29 00:14:35	1	NULL	0000-00-00 00:00:00	0	1	0	0	0	0	0	0	NULL	NO_REGISTERED_SESSION_SERVER_STOPPED
25345	Filaelar	429	RNDBOT326	1	1	4	0	1787955281	2026-08-29 00:14:41	1	NULL	0000-00-00 00:00:00	0	1	0	0	0	0	0	0	NULL	NO_REGISTERED_SESSION_SERVER_STOPPED
25346	Toria	205	RNDBOT327	1	8	9	0	1787955282	2026-08-29 00:14:42	1	NULL	0000-00-00 00:00:00	0	1	0	0	0	0	0	0	NULL	NO_REGISTERED_SESSION_SERVER_STOPPED
25347	Helerna	205	RNDBOT327	1	5	5	0	1787955277	2026-08-29 00:14:37	1	NULL	0000-00-00 00:00:00	0	1	0	0	0	0	0	0	NULL	NO_REGISTERED_SESSION_SERVER_STOPPED
25348	Linerna	205	RNDBOT327	1	4	10	0	1787955280	2026-08-29 00:14:40	1	NULL	0000-00-00 00:00:00	0	1	0	0	0	0	0	0	NULL	NO_REGISTERED_SESSION_SERVER_STOPPED
25349	Balvin	205	RNDBOT327	1	3	10	0	1787955281	2026-08-29 00:14:41	1	NULL	0000-00-00 00:00:00	0	1	0	0	0	0	0	0	NULL	NO_REGISTERED_SESSION_SERVER_STOPPED
25350	Nessandy	205	RNDBOT327	1	9	9	0	1787955297	2026-08-29 00:14:57	1	NULL	0000-00-00 00:00:00	0	1	0	0	0	0	0	0	NULL	NO_REGISTERED_SESSION_SERVER_STOPPED
25351	Ihtot	205	RNDBOT327	1	1	2	0	1787955290	2026-08-29 00:14:50	1	NULL	0000-00-00 00:00:00	0	1	0	0	0	0	0	0	NULL	NO_REGISTERED_SESSION_SERVER_STOPPED
25352	Hihnegraggs	205	RNDBOT327	1	3	3	0	1787955291	2026-08-29 00:14:51	1	NULL	0000-00-00 00:00:00	0	1	0	0	0	0	0	0	NULL	NO_REGISTERED_SESSION_SERVER_STOPPED
25353	Marcer	205	RNDBOT327	1	5	10	0	1787955277	2026-08-29 00:14:37	1	NULL	0000-00-00 00:00:00	0	1	0	0	0	0	0	0	NULL	NO_REGISTERED_SESSION_SERVER_STOPPED
25354	Flannia	205	RNDBOT327	1	4	9	0	1787955281	2026-08-29 00:14:41	1	NULL	0000-00-00 00:00:00	0	1	0	0	0	0	0	0	NULL	NO_REGISTERED_SESSION_SERVER_STOPPED
25355	Liladri	206	RNDBOT328	1	1	4	0	1787955291	2026-08-29 00:14:51	1	NULL	0000-00-00 00:00:00	0	1	0	0	0	0	0	0	NULL	NO_REGISTERED_SESSION_SERVER_STOPPED
25356	Raerin	206	RNDBOT328	1	3	4	0	1787955297	2026-08-29 00:14:57	1	NULL	0000-00-00 00:00:00	0	1	0	0	0	0	0	0	NULL	NO_REGISTERED_SESSION_SERVER_STOPPED
25357	Samarance	206	RNDBOT328	1	1	10	0	1787955295	2026-08-29 00:14:55	1	NULL	0000-00-00 00:00:00	0	1	0	0	0	0	0	0	NULL	NO_REGISTERED_SESSION_SERVER_STOPPED
25358	Guzeyu	206	RNDBOT328	1	4	8	0	1787955276	2026-08-29 00:14:36	1	NULL	0000-00-00 00:00:00	0	1	0	0	0	0	0	0	NULL	NO_REGISTERED_SESSION_SERVER_STOPPED
25359	Catari	206	RNDBOT328	1	2	1	0	1787955281	2026-08-29 00:14:41	1	NULL	0000-00-00 00:00:00	0	1	0	0	0	0	0	0	NULL	NO_REGISTERED_SESSION_SERVER_STOPPED
25360	Calvai	206	RNDBOT328	1	3	9	0	1787955299	2026-08-29 00:14:59	1	NULL	0000-00-00 00:00:00	0	1	0	0	0	0	0	0	NULL	NO_REGISTERED_SESSION_SERVER_STOPPED
25361	Inbik	206	RNDBOT328	1	1	7	0	1787955274	2026-08-29 00:14:34	1	NULL	0000-00-00 00:00:00	0	1	0	0	0	0	0	0	NULL	NO_REGISTERED_SESSION_SERVER_STOPPED
25362	Stia	206	RNDBOT328	1	5	5	0	1787955289	2026-08-29 00:14:49	1	NULL	0000-00-00 00:00:00	0	1	0	0	0	0	0	0	NULL	NO_REGISTERED_SESSION_SERVER_STOPPED
25363	Catella	206	RNDBOT328	1	4	5	0	1787955293	2026-08-29 00:14:53	1	NULL	0000-00-00 00:00:00	0	1	0	0	0	0	0	0	NULL	NO_REGISTERED_SESSION_SERVER_STOPPED
25364	Lamka	355	RNDBOT329	1	1	6	0	1787955299	2026-08-29 00:14:59	1	NULL	0000-00-00 00:00:00	0	1	0	0	0	0	0	0	NULL	NO_REGISTERED_SESSION_SERVER_STOPPED
25365	Gnoclin	355	RNDBOT329	1	9	7	0	1787955295	2026-08-29 00:14:55	1	NULL	0000-00-00 00:00:00	0	1	0	0	0	0	0	0	NULL	NO_REGISTERED_SESSION_SERVER_STOPPED
25366	Leandor	355	RNDBOT329	1	8	1	0	1787955286	2026-08-29 00:14:46	1	NULL	0000-00-00 00:00:00	0	1	0	0	0	0	0	0	NULL	NO_REGISTERED_SESSION_SERVER_STOPPED
25367	Rumua	355	RNDBOT329	1	5	3	0	1787955299	2026-08-29 00:14:59	1	NULL	0000-00-00 00:00:00	0	1	0	0	0	0	0	0	NULL	NO_REGISTERED_SESSION_SERVER_STOPPED
25368	Kamiz	355	RNDBOT329	1	3	2	0	1787955300	2026-08-29 00:15:00	1	NULL	0000-00-00 00:00:00	0	1	0	0	0	0	0	0	NULL	NO_REGISTERED_SESSION_SERVER_STOPPED
25369	Xandelian	355	RNDBOT329	1	3	1	0	1787955274	2026-08-29 00:14:34	1	NULL	0000-00-00 00:00:00	0	1	0	0	0	0	0	0	NULL	NO_REGISTERED_SESSION_SERVER_STOPPED
25370	Elynrena	355	RNDBOT329	1	3	4	0	1787955298	2026-08-29 00:14:58	1	NULL	0000-00-00 00:00:00	0	1	0	0	0	0	0	0	NULL	NO_REGISTERED_SESSION_SERVER_STOPPED
25371	Meliklos	355	RNDBOT329	1	9	7	0	1787955274	2026-08-29 00:14:34	1	NULL	0000-00-00 00:00:00	0	1	0	0	0	0	0	0	NULL	NO_REGISTERED_SESSION_SERVER_STOPPED
25372	Selasa	355	RNDBOT329	1	11	4	0	1787955291	2026-08-29 00:14:51	1	NULL	0000-00-00 00:00:00	0	1	0	0	0	0	0	0	NULL	NO_REGISTERED_SESSION_SERVER_STOPPED
25373	Micharles	485	RNDBOT330	1	9	1	0	1787955297	2026-08-29 00:14:57	1	NULL	0000-00-00 00:00:00	0	1	0	0	0	0	0	0	NULL	NO_REGISTERED_SESSION_SERVER_STOPPED
25374	Nystio	485	RNDBOT330	1	3	3	0	1787955277	2026-08-29 00:14:37	1	NULL	0000-00-00 00:00:00	0	1	0	0	0	0	0	0	NULL	NO_REGISTERED_SESSION_SERVER_STOPPED
25375	Arinarcy	485	RNDBOT330	1	2	1	0	1787955291	2026-08-29 00:14:51	1	NULL	0000-00-00 00:00:00	0	1	0	0	0	0	0	0	NULL	NO_REGISTERED_SESSION_SERVER_STOPPED
25376	Vivanna	485	RNDBOT330	1	3	4	0	1787955284	2026-08-29 00:14:44	1	NULL	0000-00-00 00:00:00	0	1	0	0	0	0	0	0	NULL	NO_REGISTERED_SESSION_SERVER_STOPPED
25377	Merelnea	485	RNDBOT330	1	3	4	0	1787955286	2026-08-29 00:14:46	1	NULL	0000-00-00 00:00:00	0	1	0	0	0	0	0	0	NULL	NO_REGISTERED_SESSION_SERVER_STOPPED
25378	Gronlean	485	RNDBOT330	1	3	4	0	1787955274	2026-08-29 00:14:34	1	NULL	0000-00-00 00:00:00	0	1	0	0	0	0	0	0	NULL	NO_REGISTERED_SESSION_SERVER_STOPPED
25379	Tiana	485	RNDBOT330	1	1	6	0	1787955290	2026-08-29 00:14:50	1	NULL	0000-00-00 00:00:00	0	1	0	0	0	0	0	0	NULL	NO_REGISTERED_SESSION_SERVER_STOPPED
25380	Lorett	485	RNDBOT330	1	3	10	0	1787955277	2026-08-29 00:14:37	1	NULL	0000-00-00 00:00:00	0	1	0	0	0	0	0	0	NULL	NO_REGISTERED_SESSION_SERVER_STOPPED
25381	Ravelaine	485	RNDBOT330	1	3	9	0	1787955294	2026-08-29 00:14:54	1	NULL	0000-00-00 00:00:00	0	1	0	0	0	0	0	0	NULL	NO_REGISTERED_SESSION_SERVER_STOPPED
25382	Ophelah	207	RNDBOT331	1	5	10	0	1787955274	2026-08-29 00:14:34	1	NULL	0000-00-00 00:00:00	0	1	0	0	0	0	0	0	NULL	NO_REGISTERED_SESSION_SERVER_STOPPED
25383	Araelleath	207	RNDBOT331	1	4	4	0	1787955275	2026-08-29 00:14:35	1	NULL	0000-00-00 00:00:00	0	1	0	0	0	0	0	0	NULL	NO_REGISTERED_SESSION_SERVER_STOPPED
25384	Oleando	207	RNDBOT331	1	3	10	0	1787955272	2026-08-29 00:14:32	1	NULL	0000-00-00 00:00:00	0	1	0	0	0	0	0	0	NULL	NO_REGISTERED_SESSION_SERVER_STOPPED
25385	Nelandor	207	RNDBOT331	1	4	9	0	1787955279	2026-08-29 00:14:39	1	NULL	0000-00-00 00:00:00	0	1	0	0	0	0	0	0	NULL	NO_REGISTERED_SESSION_SERVER_STOPPED
25386	Marinah	207	RNDBOT331	1	4	9	0	1787955276	2026-08-29 00:14:36	1	NULL	0000-00-00 00:00:00	0	1	0	0	0	0	0	0	NULL	NO_REGISTERED_SESSION_SERVER_STOPPED
25387	Lalora	207	RNDBOT331	1	5	4	0	1787955277	2026-08-29 00:14:37	1	NULL	0000-00-00 00:00:00	0	1	0	0	0	0	0	0	NULL	NO_REGISTERED_SESSION_SERVER_STOPPED
25388	Basily	207	RNDBOT331	1	1	10	0	1787955278	2026-08-29 00:14:38	1	NULL	0000-00-00 00:00:00	0	1	0	0	0	0	0	0	NULL	NO_REGISTERED_SESSION_SERVER_STOPPED
25389	Gardak	207	RNDBOT331	1	5	3	0	1787955290	2026-08-29 00:14:50	1	NULL	0000-00-00 00:00:00	0	1	0	0	0	0	0	0	NULL	NO_REGISTERED_SESSION_SERVER_STOPPED
25390	Urancano	207	RNDBOT331	1	8	10	0	1787955281	2026-08-29 00:14:41	1	NULL	0000-00-00 00:00:00	0	1	0	0	0	0	0	0	NULL	NO_REGISTERED_SESSION_SERVER_STOPPED
25391	Caelazar	356	RNDBOT332	1	8	9	0	1787955299	2026-08-29 00:14:59	1	NULL	0000-00-00 00:00:00	0	1	0	0	0	0	0	0	NULL	NO_REGISTERED_SESSION_SERVER_STOPPED
25392	Shacon	356	RNDBOT332	1	8	10	0	1787955285	2026-08-29 00:14:45	1	NULL	0000-00-00 00:00:00	0	1	0	0	0	0	0	0	NULL	NO_REGISTERED_SESSION_SERVER_STOPPED
25393	Aragor	356	RNDBOT332	1	8	9	0	1787955293	2026-08-29 00:14:53	1	NULL	0000-00-00 00:00:00	0	1	0	0	0	0	0	0	NULL	NO_REGISTERED_SESSION_SERVER_STOPPED
25394	Bapheli	356	RNDBOT332	1	4	9	0	1787955297	2026-08-29 00:14:57	1	NULL	0000-00-00 00:00:00	0	1	0	0	0	0	0	0	NULL	NO_REGISTERED_SESSION_SERVER_STOPPED
25395	Leand	356	RNDBOT332	1	9	1	0	1787955298	2026-08-29 00:14:58	1	NULL	0000-00-00 00:00:00	0	1	0	0	0	0	0	0	NULL	NO_REGISTERED_SESSION_SERVER_STOPPED
25396	Alyssae	356	RNDBOT332	1	4	4	0	1787955274	2026-08-29 00:14:34	1	NULL	0000-00-00 00:00:00	0	1	0	0	0	0	0	0	NULL	NO_REGISTERED_SESSION_SERVER_STOPPED
25397	Selalara	356	RNDBOT332	1	11	4	0	1787955277	2026-08-29 00:14:37	1	NULL	0000-00-00 00:00:00	0	1	0	0	0	0	0	0	NULL	NO_REGISTERED_SESSION_SERVER_STOPPED
25398	Restor	356	RNDBOT332	1	2	10	0	1787955297	2026-08-29 00:14:57	1	NULL	0000-00-00 00:00:00	0	1	0	0	0	0	0	0	NULL	NO_REGISTERED_SESSION_SERVER_STOPPED
25399	Kincu	356	RNDBOT332	1	4	7	0	1787955298	2026-08-29 00:14:58	1	NULL	0000-00-00 00:00:00	0	1	0	0	0	0	0	0	NULL	NO_REGISTERED_SESSION_SERVER_STOPPED
25400	Miloreo	208	RNDBOT333	1	2	1	0	1787955299	2026-08-29 00:14:59	1	NULL	0000-00-00 00:00:00	0	1	0	0	0	0	0	0	NULL	NO_REGISTERED_SESSION_SERVER_STOPPED
25401	Zelokush	208	RNDBOT333	1	7	2	0	1787955283	2026-08-29 00:14:43	1	NULL	0000-00-00 00:00:00	0	1	0	0	0	0	0	0	NULL	NO_REGISTERED_SESSION_SERVER_STOPPED
25402	Talantino	208	RNDBOT333	1	4	10	0	1787955295	2026-08-29 00:14:55	1	NULL	0000-00-00 00:00:00	0	1	0	0	0	0	0	0	NULL	NO_REGISTERED_SESSION_SERVER_STOPPED
25403	Nengwo	208	RNDBOT333	1	7	6	0	1787955294	2026-08-29 00:14:54	1	NULL	0000-00-00 00:00:00	0	1	0	0	0	0	0	0	NULL	NO_REGISTERED_SESSION_SERVER_STOPPED
25404	Grundodor	208	RNDBOT333	1	2	3	0	1787955292	2026-08-29 00:14:52	1	NULL	0000-00-00 00:00:00	0	1	0	0	0	0	0	0	NULL	NO_REGISTERED_SESSION_SERVER_STOPPED
25405	Ivanic	208	RNDBOT333	1	9	5	0	1787955292	2026-08-29 00:14:52	1	NULL	0000-00-00 00:00:00	0	1	0	0	0	0	0	0	NULL	NO_REGISTERED_SESSION_SERVER_STOPPED
25406	Beronigo	208	RNDBOT333	1	4	10	0	1787955276	2026-08-29 00:14:36	1	NULL	0000-00-00 00:00:00	0	1	0	0	0	0	0	0	NULL	NO_REGISTERED_SESSION_SERVER_STOPPED
25407	Farent	208	RNDBOT333	1	1	1	0	1787955293	2026-08-29 00:14:53	1	NULL	0000-00-00 00:00:00	0	1	0	0	0	0	0	0	NULL	NO_REGISTERED_SESSION_SERVER_STOPPED
25408	Falhalan	208	RNDBOT333	1	3	4	0	1787955290	2026-08-29 00:14:50	1	NULL	0000-00-00 00:00:00	0	1	0	0	0	0	0	0	NULL	NO_REGISTERED_SESSION_SERVER_STOPPED
25409	Glossokluck	430	RNDBOT334	1	8	7	0	1787955273	2026-08-29 00:14:33	1	NULL	0000-00-00 00:00:00	0	1	0	0	0	0	0	0	NULL	NO_REGISTERED_SESSION_SERVER_STOPPED
25410	Clenno	430	RNDBOT334	1	1	10	0	1787955275	2026-08-29 00:14:35	1	NULL	0000-00-00 00:00:00	0	1	0	0	0	0	0	0	NULL	NO_REGISTERED_SESSION_SERVER_STOPPED
25411	Belbuz	430	RNDBOT334	1	8	7	0	1787955287	2026-08-29 00:14:47	1	NULL	0000-00-00 00:00:00	0	1	0	0	0	0	0	0	NULL	NO_REGISTERED_SESSION_SERVER_STOPPED
25412	Frico	430	RNDBOT334	1	4	9	0	1787955283	2026-08-29 00:14:43	1	NULL	0000-00-00 00:00:00	0	1	0	0	0	0	0	0	NULL	NO_REGISTERED_SESSION_SERVER_STOPPED
25413	Aralio	430	RNDBOT334	1	9	9	0	1787955283	2026-08-29 00:14:43	1	NULL	0000-00-00 00:00:00	0	1	0	0	0	0	0	0	NULL	NO_REGISTERED_SESSION_SERVER_STOPPED
25414	Inda	430	RNDBOT334	1	1	2	0	1787955275	2026-08-29 00:14:35	1	NULL	0000-00-00 00:00:00	0	1	0	0	0	0	0	0	NULL	NO_REGISTERED_SESSION_SERVER_STOPPED
25415	Gweigle	430	RNDBOT334	1	2	3	0	1787955279	2026-08-29 00:14:39	1	NULL	0000-00-00 00:00:00	0	1	0	0	0	0	0	0	NULL	NO_REGISTERED_SESSION_SERVER_STOPPED
25416	Thymnahgi	430	RNDBOT334	1	3	3	0	1787955300	2026-08-29 00:15:00	1	NULL	0000-00-00 00:00:00	0	1	0	0	0	0	0	0	NULL	NO_REGISTERED_SESSION_SERVER_STOPPED
25417	Tadryn	430	RNDBOT334	1	3	4	0	1787955284	2026-08-29 00:14:44	1	NULL	0000-00-00 00:00:00	0	1	0	0	0	0	0	0	NULL	NO_REGISTERED_SESSION_SERVER_STOPPED
25418	Isirke	209	RNDBOT335	1	3	2	0	1787955288	2026-08-29 00:14:48	1	NULL	0000-00-00 00:00:00	0	1	0	0	0	0	0	0	NULL	NO_REGISTERED_SESSION_SERVER_STOPPED
25419	Rinek	209	RNDBOT335	1	2	1	0	1787955289	2026-08-29 00:14:49	1	NULL	0000-00-00 00:00:00	0	1	0	0	0	0	0	0	NULL	NO_REGISTERED_SESSION_SERVER_STOPPED
25420	Bhalryeth	209	RNDBOT335	1	3	4	0	1787955289	2026-08-29 00:14:49	1	NULL	0000-00-00 00:00:00	0	1	0	0	0	0	0	0	NULL	NO_REGISTERED_SESSION_SERVER_STOPPED
25421	Aranestina	209	RNDBOT335	1	4	9	0	1787955280	2026-08-29 00:14:40	1	NULL	0000-00-00 00:00:00	0	1	0	0	0	0	0	0	NULL	NO_REGISTERED_SESSION_SERVER_STOPPED
25422	Aconso	209	RNDBOT335	1	4	1	0	1787955291	2026-08-29 00:14:51	1	NULL	0000-00-00 00:00:00	0	1	0	0	0	0	0	0	NULL	NO_REGISTERED_SESSION_SERVER_STOPPED
25423	Olivalt	209	RNDBOT335	1	4	10	0	1787955298	2026-08-29 00:14:58	1	NULL	0000-00-00 00:00:00	0	1	0	0	0	0	0	0	NULL	NO_REGISTERED_SESSION_SERVER_STOPPED
25424	Savaria	209	RNDBOT335	1	3	4	0	1787955276	2026-08-29 00:14:36	1	NULL	0000-00-00 00:00:00	0	1	0	0	0	0	0	0	NULL	NO_REGISTERED_SESSION_SERVER_STOPPED
25425	Zahalan	209	RNDBOT335	1	11	4	0	1787955272	2026-08-29 00:14:32	1	NULL	0000-00-00 00:00:00	0	1	0	0	0	0	0	0	NULL	NO_REGISTERED_SESSION_SERVER_STOPPED
25426	Blandero	209	RNDBOT335	1	5	10	0	1787955273	2026-08-29 00:14:33	1	NULL	0000-00-00 00:00:00	0	1	0	0	0	0	0	0	NULL	NO_REGISTERED_SESSION_SERVER_STOPPED
25427	Camerald	357	RNDBOT336	1	2	10	0	1787955275	2026-08-29 00:14:35	1	NULL	0000-00-00 00:00:00	1	1	0	0	0	0	0	0	NULL	NO_REGISTERED_SESSION_SERVER_STOPPED
25428	Galanessie	357	RNDBOT336	1	1	9	0	1787955285	2026-08-29 00:14:45	1	NULL	0000-00-00 00:00:00	1	1	0	0	0	0	0	0	NULL	NO_REGISTERED_SESSION_SERVER_STOPPED
25429	Vestio	357	RNDBOT336	1	3	10	0	1787955274	2026-08-29 00:14:34	1	NULL	0000-00-00 00:00:00	1	1	0	0	0	0	0	0	NULL	NO_REGISTERED_SESSION_SERVER_STOPPED
25430	Darinerva	357	RNDBOT336	1	1	10	0	1787955298	2026-08-29 00:14:58	1	NULL	0000-00-00 00:00:00	1	1	0	0	0	0	0	0	NULL	NO_REGISTERED_SESSION_SERVER_STOPPED
25431	Soly	357	RNDBOT336	1	5	10	0	1787955290	2026-08-29 00:14:50	1	NULL	0000-00-00 00:00:00	1	1	0	0	0	0	0	0	NULL	NO_REGISTERED_SESSION_SERVER_STOPPED
25432	Zeverus	357	RNDBOT336	1	5	1	0	1787955292	2026-08-29 00:14:52	1	NULL	0000-00-00 00:00:00	1	1	0	0	0	0	0	0	NULL	NO_REGISTERED_SESSION_SERVER_STOPPED
25433	Kelando	357	RNDBOT336	1	8	1	0	1787955282	2026-08-29 00:14:42	1	NULL	0000-00-00 00:00:00	1	1	0	0	0	0	0	0	NULL	NO_REGISTERED_SESSION_SERVER_STOPPED
25434	Elestri	357	RNDBOT336	1	1	1	0	1787955296	2026-08-29 00:14:56	1	NULL	0000-00-00 00:00:00	1	1	0	0	0	0	0	0	NULL	NO_REGISTERED_SESSION_SERVER_STOPPED
25435	Bigisseell	357	RNDBOT336	1	9	7	0	1787955287	2026-08-29 00:14:47	1	NULL	0000-00-00 00:00:00	1	1	0	0	0	0	0	0	NULL	NO_REGISTERED_SESSION_SERVER_STOPPED
25436	Sinka	210	RNDBOT337	1	2	1	0	1787955296	2026-08-29 00:14:56	1	NULL	0000-00-00 00:00:00	0	1	0	0	0	0	0	0	NULL	NO_REGISTERED_SESSION_SERVER_STOPPED
25437	Crometh	210	RNDBOT337	1	3	2	0	1787955287	2026-08-29 00:14:47	1	NULL	0000-00-00 00:00:00	0	1	0	0	0	0	0	0	NULL	NO_REGISTERED_SESSION_SERVER_STOPPED
25438	Uliano	210	RNDBOT337	1	5	10	0	1787955295	2026-08-29 00:14:55	1	NULL	0000-00-00 00:00:00	0	1	0	0	0	0	0	0	NULL	NO_REGISTERED_SESSION_SERVER_STOPPED
25439	Dindekosh	210	RNDBOT337	1	4	7	0	1787955278	2026-08-29 00:14:38	1	NULL	0000-00-00 00:00:00	0	1	0	0	0	0	0	0	NULL	NO_REGISTERED_SESSION_SERVER_STOPPED
25440	Salerine	210	RNDBOT337	1	1	1	0	1787955299	2026-08-29 00:14:59	1	NULL	0000-00-00 00:00:00	0	1	0	0	0	0	0	0	NULL	NO_REGISTERED_SESSION_SERVER_STOPPED
25441	Hincash	210	RNDBOT337	1	8	7	0	1787955280	2026-08-29 00:14:40	1	NULL	0000-00-00 00:00:00	0	1	0	0	0	0	0	0	NULL	NO_REGISTERED_SESSION_SERVER_STOPPED
25442	Baltharus	210	RNDBOT337	1	5	10	0	1787955297	2026-08-29 00:14:57	1	NULL	0000-00-00 00:00:00	0	1	0	0	0	0	0	0	NULL	NO_REGISTERED_SESSION_SERVER_STOPPED
25443	Emalaeth	210	RNDBOT337	1	3	4	0	1787955289	2026-08-29 00:14:49	1	NULL	0000-00-00 00:00:00	0	1	0	0	0	0	0	0	NULL	NO_REGISTERED_SESSION_SERVER_STOPPED
25444	Sinariana	210	RNDBOT337	1	2	10	0	1787955274	2026-08-29 00:14:34	1	NULL	0000-00-00 00:00:00	0	1	0	0	0	0	0	0	NULL	NO_REGISTERED_SESSION_SERVER_STOPPED
25445	Turiel	467	RNDBOT338	1	5	4	0	1787955284	2026-08-29 00:14:44	1	NULL	0000-00-00 00:00:00	0	1	0	0	0	0	0	0	NULL	NO_REGISTERED_SESSION_SERVER_STOPPED
25446	Apolean	467	RNDBOT338	1	3	9	0	1787955271	2026-08-29 00:14:31	1	NULL	0000-00-00 00:00:00	0	1	0	0	0	0	0	0	NULL	NO_REGISTERED_SESSION_SERVER_STOPPED
25447	Ylituras	467	RNDBOT338	1	3	4	0	1787955298	2026-08-29 00:14:58	1	NULL	0000-00-00 00:00:00	0	1	0	0	0	0	0	0	NULL	NO_REGISTERED_SESSION_SERVER_STOPPED
25448	Alzuk	467	RNDBOT338	1	9	2	0	1787955274	2026-08-29 00:14:34	1	NULL	0000-00-00 00:00:00	0	1	0	0	0	0	0	0	NULL	NO_REGISTERED_SESSION_SERVER_STOPPED
25449	Daraneia	467	RNDBOT338	1	3	1	0	1787955281	2026-08-29 00:14:41	1	NULL	0000-00-00 00:00:00	0	1	0	0	0	0	0	0	NULL	NO_REGISTERED_SESSION_SERVER_STOPPED
25450	Alandra	467	RNDBOT338	1	1	1	0	1787955271	2026-08-29 00:14:31	1	NULL	0000-00-00 00:00:00	0	1	0	0	0	0	0	0	NULL	NO_REGISTERED_SESSION_SERVER_STOPPED
25451	Lethae	467	RNDBOT338	1	1	4	0	1787955278	2026-08-29 00:14:38	1	NULL	0000-00-00 00:00:00	0	1	0	0	0	0	0	0	NULL	NO_REGISTERED_SESSION_SERVER_STOPPED
25452	Ranmazko	467	RNDBOT338	1	9	2	0	1787955297	2026-08-29 00:14:57	1	NULL	0000-00-00 00:00:00	0	1	0	0	0	0	0	0	NULL	NO_REGISTERED_SESSION_SERVER_STOPPED
25453	Gini	467	RNDBOT338	1	3	9	0	1787955295	2026-08-29 00:14:55	1	NULL	0000-00-00 00:00:00	0	1	0	0	0	0	0	0	NULL	NO_REGISTERED_SESSION_SERVER_STOPPED
25454	Badim	211	RNDBOT339	1	2	10	0	1787955295	2026-08-29 00:14:55	1	NULL	0000-00-00 00:00:00	0	1	0	0	0	0	0	0	NULL	NO_REGISTERED_SESSION_SERVER_STOPPED
25455	Yaelina	211	RNDBOT339	1	3	4	0	1787955290	2026-08-29 00:14:50	1	NULL	0000-00-00 00:00:00	0	1	0	0	0	0	0	0	NULL	NO_REGISTERED_SESSION_SERVER_STOPPED
25456	Erindo	211	RNDBOT339	1	1	1	0	1787955288	2026-08-29 00:14:48	1	NULL	0000-00-00 00:00:00	0	1	0	0	0	0	0	0	NULL	NO_REGISTERED_SESSION_SERVER_STOPPED
25457	Feladu	211	RNDBOT339	1	9	1	0	1787955296	2026-08-29 00:14:56	1	NULL	0000-00-00 00:00:00	0	1	0	0	0	0	0	0	NULL	NO_REGISTERED_SESSION_SERVER_STOPPED
25458	Corelle	211	RNDBOT339	1	2	1	0	1787955276	2026-08-29 00:14:36	1	NULL	0000-00-00 00:00:00	0	1	0	0	0	0	0	0	NULL	NO_REGISTERED_SESSION_SERVER_STOPPED
25459	Zorenz	211	RNDBOT339	1	5	5	0	1787955275	2026-08-29 00:14:35	1	NULL	0000-00-00 00:00:00	0	1	0	0	0	0	0	0	NULL	NO_REGISTERED_SESSION_SERVER_STOPPED
25460	Onah	211	RNDBOT339	1	8	10	0	1787955283	2026-08-29 00:14:43	1	NULL	0000-00-00 00:00:00	0	1	0	0	0	0	0	0	NULL	NO_REGISTERED_SESSION_SERVER_STOPPED
25461	Flotte	211	RNDBOT339	1	8	9	0	1787955298	2026-08-29 00:14:58	1	NULL	0000-00-00 00:00:00	0	1	0	0	0	0	0	0	NULL	NO_REGISTERED_SESSION_SERVER_STOPPED
25462	Bontugre	211	RNDBOT339	1	3	2	0	1787955287	2026-08-29 00:14:47	1	NULL	0000-00-00 00:00:00	0	1	0	0	0	0	0	0	NULL	NO_REGISTERED_SESSION_SERVER_STOPPED
25463	Zolataria	212	RNDBOT340	1	1	10	0	1787955294	2026-08-29 00:14:54	1	NULL	0000-00-00 00:00:00	0	1	0	0	0	0	0	0	NULL	NO_REGISTERED_SESSION_SERVER_STOPPED
25464	Benna	212	RNDBOT340	1	3	3	0	1787955296	2026-08-29 00:14:56	1	NULL	0000-00-00 00:00:00	0	1	0	0	0	0	0	0	NULL	NO_REGISTERED_SESSION_SERVER_STOPPED
25465	Loshihn	212	RNDBOT340	1	7	8	0	1787955276	2026-08-29 00:14:36	1	NULL	0000-00-00 00:00:00	0	1	0	0	0	0	0	0	NULL	NO_REGISTERED_SESSION_SERVER_STOPPED
25466	Rutahla	212	RNDBOT340	1	7	2	0	1787955292	2026-08-29 00:14:52	1	NULL	0000-00-00 00:00:00	0	1	0	0	0	0	0	0	NULL	NO_REGISTERED_SESSION_SERVER_STOPPED
25467	Vania	212	RNDBOT340	1	3	1	0	1787955279	2026-08-29 00:14:39	1	NULL	0000-00-00 00:00:00	0	1	0	0	0	0	0	0	NULL	NO_REGISTERED_SESSION_SERVER_STOPPED
25468	Erolt	212	RNDBOT340	1	1	9	0	1787955281	2026-08-29 00:14:41	1	NULL	0000-00-00 00:00:00	0	1	0	0	0	0	0	0	NULL	NO_REGISTERED_SESSION_SERVER_STOPPED
25469	Farany	212	RNDBOT340	1	2	10	0	1787955284	2026-08-29 00:14:44	1	NULL	0000-00-00 00:00:00	0	1	0	0	0	0	0	0	NULL	NO_REGISTERED_SESSION_SERVER_STOPPED
25470	Krougniggs	212	RNDBOT340	1	3	3	0	1787955288	2026-08-29 00:14:48	1	NULL	0000-00-00 00:00:00	0	1	0	0	0	0	0	0	NULL	NO_REGISTERED_SESSION_SERVER_STOPPED
25471	Evanore	212	RNDBOT340	1	3	10	0	1787955293	2026-08-29 00:14:53	1	NULL	0000-00-00 00:00:00	0	1	0	0	0	0	0	0	NULL	NO_REGISTERED_SESSION_SERVER_STOPPED
25472	Ailina	358	RNDBOT341	1	11	4	0	1787955290	2026-08-29 00:14:50	1	NULL	0000-00-00 00:00:00	0	1	0	0	0	0	0	0	NULL	NO_REGISTERED_SESSION_SERVER_STOPPED
25473	Emenard	358	RNDBOT341	1	8	9	0	1787955293	2026-08-29 00:14:53	1	NULL	0000-00-00 00:00:00	0	1	0	0	0	0	0	0	NULL	NO_REGISTERED_SESSION_SERVER_STOPPED
25474	Etilgi	358	RNDBOT341	1	7	6	0	1787955298	2026-08-29 00:14:58	1	NULL	0000-00-00 00:00:00	0	1	0	0	0	0	0	0	NULL	NO_REGISTERED_SESSION_SERVER_STOPPED
25475	Shuzthalga	358	RNDBOT341	1	3	2	0	1787955285	2026-08-29 00:14:45	1	NULL	0000-00-00 00:00:00	0	1	0	0	0	0	0	0	NULL	NO_REGISTERED_SESSION_SERVER_STOPPED
25476	Ulrynn	358	RNDBOT341	1	3	4	0	1787955293	2026-08-29 00:14:53	1	NULL	0000-00-00 00:00:00	0	1	0	0	0	0	0	0	NULL	NO_REGISTERED_SESSION_SERVER_STOPPED
25477	Minevi	358	RNDBOT341	1	9	9	0	1787955284	2026-08-29 00:14:44	1	NULL	0000-00-00 00:00:00	0	1	0	0	0	0	0	0	NULL	NO_REGISTERED_SESSION_SERVER_STOPPED
25478	Arani	358	RNDBOT341	1	1	10	0	1787955275	2026-08-29 00:14:35	1	NULL	0000-00-00 00:00:00	0	1	0	0	0	0	0	0	NULL	NO_REGISTERED_SESSION_SERVER_STOPPED
25479	Taleno	358	RNDBOT341	1	5	10	0	1787955277	2026-08-29 00:14:37	1	NULL	0000-00-00 00:00:00	0	1	0	0	0	0	0	0	NULL	NO_REGISTERED_SESSION_SERVER_STOPPED
25480	Shaldor	358	RNDBOT341	1	9	5	0	1787955284	2026-08-29 00:14:44	1	NULL	0000-00-00 00:00:00	0	1	0	0	0	0	0	0	NULL	NO_REGISTERED_SESSION_SERVER_STOPPED
25481	Alanu	431	RNDBOT342	1	1	10	0	1787955276	2026-08-29 00:14:36	1	NULL	0000-00-00 00:00:00	0	1	0	0	0	0	0	0	NULL	NO_REGISTERED_SESSION_SERVER_STOPPED
25482	Lellorn	431	RNDBOT342	1	11	4	0	1787955288	2026-08-29 00:14:48	1	NULL	0000-00-00 00:00:00	0	1	0	0	0	0	0	0	NULL	NO_REGISTERED_SESSION_SERVER_STOPPED
25483	Aspar	431	RNDBOT342	1	3	10	0	1787955293	2026-08-29 00:14:53	1	NULL	0000-00-00 00:00:00	0	1	0	0	0	0	0	0	NULL	NO_REGISTERED_SESSION_SERVER_STOPPED
25484	Stelleney	431	RNDBOT342	1	9	1	0	1787955295	2026-08-29 00:14:55	1	NULL	0000-00-00 00:00:00	0	1	0	0	0	0	0	0	NULL	NO_REGISTERED_SESSION_SERVER_STOPPED
25485	Phina	431	RNDBOT342	1	9	9	0	1787955287	2026-08-29 00:14:47	1	NULL	0000-00-00 00:00:00	0	1	0	0	0	0	0	0	NULL	NO_REGISTERED_SESSION_SERVER_STOPPED
25486	Ceebern	431	RNDBOT342	1	4	7	0	1787955286	2026-08-29 00:14:46	1	NULL	0000-00-00 00:00:00	0	1	0	0	0	0	0	0	NULL	NO_REGISTERED_SESSION_SERVER_STOPPED
25487	Clarco	431	RNDBOT342	1	9	9	0	1787955291	2026-08-29 00:14:51	1	NULL	0000-00-00 00:00:00	0	1	0	0	0	0	0	0	NULL	NO_REGISTERED_SESSION_SERVER_STOPPED
25488	Adelate	431	RNDBOT342	1	8	10	0	1787955293	2026-08-29 00:14:53	1	NULL	0000-00-00 00:00:00	0	1	0	0	0	0	0	0	NULL	NO_REGISTERED_SESSION_SERVER_STOPPED
25489	Caminey	431	RNDBOT342	1	9	9	0	1787955287	2026-08-29 00:14:47	1	NULL	0000-00-00 00:00:00	0	1	0	0	0	0	0	0	NULL	NO_REGISTERED_SESSION_SERVER_STOPPED
25490	Dirgihgril	213	RNDBOT343	1	1	3	0	1787955278	2026-08-29 00:14:38	1	NULL	0000-00-00 00:00:00	0	1	0	0	0	0	0	0	NULL	NO_REGISTERED_SESSION_SERVER_STOPPED
25491	Melelorn	213	RNDBOT343	1	3	4	0	1787955292	2026-08-29 00:14:52	1	NULL	0000-00-00 00:00:00	0	1	0	0	0	0	0	0	NULL	NO_REGISTERED_SESSION_SERVER_STOPPED
25492	Parango	213	RNDBOT343	1	3	10	0	1787955288	2026-08-29 00:14:48	1	NULL	0000-00-00 00:00:00	0	1	0	0	0	0	0	0	NULL	NO_REGISTERED_SESSION_SERVER_STOPPED
25493	Punlokli	213	RNDBOT343	1	8	7	0	1787955278	2026-08-29 00:14:38	1	NULL	0000-00-00 00:00:00	0	1	0	0	0	0	0	0	NULL	NO_REGISTERED_SESSION_SERVER_STOPPED
25494	Barnelio	213	RNDBOT343	1	2	10	0	1787955277	2026-08-29 00:14:37	1	NULL	0000-00-00 00:00:00	0	1	0	0	0	0	0	0	NULL	NO_REGISTERED_SESSION_SERVER_STOPPED
25495	Erato	213	RNDBOT343	1	5	10	0	1787955275	2026-08-29 00:14:35	1	NULL	0000-00-00 00:00:00	0	1	0	0	0	0	0	0	NULL	NO_REGISTERED_SESSION_SERVER_STOPPED
25496	Iynath	213	RNDBOT343	1	3	4	0	1787955273	2026-08-29 00:14:33	1	NULL	0000-00-00 00:00:00	0	1	0	0	0	0	0	0	NULL	NO_REGISTERED_SESSION_SERVER_STOPPED
25497	Hjorrukihr	213	RNDBOT343	1	3	3	0	1787955294	2026-08-29 00:14:54	1	NULL	0000-00-00 00:00:00	0	1	0	0	0	0	0	0	NULL	NO_REGISTERED_SESSION_SERVER_STOPPED
25498	Alern	213	RNDBOT343	1	9	9	0	1787955287	2026-08-29 00:14:47	1	NULL	0000-00-00 00:00:00	0	1	0	0	0	0	0	0	NULL	NO_REGISTERED_SESSION_SERVER_STOPPED
25499	Chaneya	359	RNDBOT344	1	4	10	0	1787955280	2026-08-29 00:14:40	1	NULL	0000-00-00 00:00:00	0	1	0	0	0	0	0	0	NULL	NO_REGISTERED_SESSION_SERVER_STOPPED
25500	Rahdu	359	RNDBOT344	1	4	8	0	1787955296	2026-08-29 00:14:56	1	NULL	0000-00-00 00:00:00	0	1	0	0	0	0	0	0	NULL	NO_REGISTERED_SESSION_SERVER_STOPPED
25501	Amelona	359	RNDBOT344	1	1	10	0	1787955296	2026-08-29 00:14:56	1	NULL	0000-00-00 00:00:00	0	1	0	0	0	0	0	0	NULL	NO_REGISTERED_SESSION_SERVER_STOPPED
25502	Colanie	359	RNDBOT344	1	8	9	0	1787955282	2026-08-29 00:14:42	1	NULL	0000-00-00 00:00:00	0	1	0	0	0	0	0	0	NULL	NO_REGISTERED_SESSION_SERVER_STOPPED
25503	Loltso	359	RNDBOT344	1	3	8	0	1787955297	2026-08-29 00:14:57	1	NULL	0000-00-00 00:00:00	0	1	0	0	0	0	0	0	NULL	NO_REGISTERED_SESSION_SERVER_STOPPED
25504	Teiopa	359	RNDBOT344	1	1	1	0	1787955298	2026-08-29 00:14:58	1	NULL	0000-00-00 00:00:00	0	1	0	0	0	0	0	0	NULL	NO_REGISTERED_SESSION_SERVER_STOPPED
25505	Odeleni	359	RNDBOT344	1	1	9	0	1787955297	2026-08-29 00:14:57	1	NULL	0000-00-00 00:00:00	0	1	0	0	0	0	0	0	NULL	NO_REGISTERED_SESSION_SERVER_STOPPED
25506	Finigo	359	RNDBOT344	1	3	1	0	1787955275	2026-08-29 00:14:35	1	NULL	0000-00-00 00:00:00	0	1	0	0	0	0	0	0	NULL	NO_REGISTERED_SESSION_SERVER_STOPPED
25507	Brielsa	359	RNDBOT344	1	4	10	0	1787955295	2026-08-29 00:14:55	1	NULL	0000-00-00 00:00:00	0	1	0	0	0	0	0	0	NULL	NO_REGISTERED_SESSION_SERVER_STOPPED
25508	Kydent	214	RNDBOT345	1	4	4	0	1787955282	2026-08-29 00:14:42	1	NULL	0000-00-00 00:00:00	0	1	0	0	0	0	0	0	NULL	NO_REGISTERED_SESSION_SERVER_STOPPED
25509	Sadorista	214	RNDBOT345	1	5	1	0	1787955283	2026-08-29 00:14:43	1	NULL	0000-00-00 00:00:00	0	1	0	0	0	0	0	0	NULL	NO_REGISTERED_SESSION_SERVER_STOPPED
25510	Marinari	214	RNDBOT345	1	1	1	0	1787955283	2026-08-29 00:14:43	1	NULL	0000-00-00 00:00:00	0	1	0	0	0	0	0	0	NULL	NO_REGISTERED_SESSION_SERVER_STOPPED
25511	Gadine	214	RNDBOT345	1	3	10	0	1787955300	2026-08-29 00:15:00	1	NULL	0000-00-00 00:00:00	0	1	0	0	0	0	0	0	NULL	NO_REGISTERED_SESSION_SERVER_STOPPED
25512	Arancer	214	RNDBOT345	1	4	1	0	1787955282	2026-08-29 00:14:42	1	NULL	0000-00-00 00:00:00	0	1	0	0	0	0	0	0	NULL	NO_REGISTERED_SESSION_SERVER_STOPPED
25513	Candro	214	RNDBOT345	1	4	5	0	1787955291	2026-08-29 00:14:51	1	NULL	0000-00-00 00:00:00	0	1	0	0	0	0	0	0	NULL	NO_REGISTERED_SESSION_SERVER_STOPPED
25514	Nesterene	214	RNDBOT345	1	3	9	0	1787955281	2026-08-29 00:14:41	1	NULL	0000-00-00 00:00:00	0	1	0	0	0	0	0	0	NULL	NO_REGISTERED_SESSION_SERVER_STOPPED
25515	Castiam	214	RNDBOT345	1	1	1	0	1787955275	2026-08-29 00:14:35	1	NULL	0000-00-00 00:00:00	0	1	0	0	0	0	0	0	NULL	NO_REGISTERED_SESSION_SERVER_STOPPED
25516	Gohpuh	214	RNDBOT345	1	3	6	0	1787955286	2026-08-29 00:14:46	1	NULL	0000-00-00 00:00:00	0	1	0	0	0	0	0	0	NULL	NO_REGISTERED_SESSION_SERVER_STOPPED
25517	Amilena	215	RNDBOT346	1	4	10	0	1787955275	2026-08-29 00:14:35	1	NULL	0000-00-00 00:00:00	0	1	0	0	0	0	0	0	NULL	NO_REGISTERED_SESSION_SERVER_STOPPED
25518	Yelyn	215	RNDBOT346	1	2	1	0	1787955299	2026-08-29 00:14:59	1	NULL	0000-00-00 00:00:00	0	1	0	0	0	0	0	0	NULL	NO_REGISTERED_SESSION_SERVER_STOPPED
25519	Glanklockec	215	RNDBOT346	1	8	7	0	1787955281	2026-08-29 00:14:41	1	NULL	0000-00-00 00:00:00	0	1	0	0	0	0	0	0	NULL	NO_REGISTERED_SESSION_SERVER_STOPPED
25520	Yallap	215	RNDBOT346	1	7	6	0	1787955278	2026-08-29 00:14:38	1	NULL	0000-00-00 00:00:00	0	1	0	0	0	0	0	0	NULL	NO_REGISTERED_SESSION_SERVER_STOPPED
25521	Harago	215	RNDBOT346	1	8	1	0	1787955288	2026-08-29 00:14:48	1	NULL	0000-00-00 00:00:00	0	1	0	0	0	0	0	0	NULL	NO_REGISTERED_SESSION_SERVER_STOPPED
25522	Moloris	215	RNDBOT346	1	4	1	0	1787955288	2026-08-29 00:14:48	1	NULL	0000-00-00 00:00:00	0	1	0	0	0	0	0	0	NULL	NO_REGISTERED_SESSION_SERVER_STOPPED
25523	Sieni	215	RNDBOT346	1	4	9	0	1787955276	2026-08-29 00:14:36	1	NULL	0000-00-00 00:00:00	0	1	0	0	0	0	0	0	NULL	NO_REGISTERED_SESSION_SERVER_STOPPED
25524	Artha	215	RNDBOT346	1	3	10	0	1787955282	2026-08-29 00:14:42	1	NULL	0000-00-00 00:00:00	0	1	0	0	0	0	0	0	NULL	NO_REGISTERED_SESSION_SERVER_STOPPED
25525	Deandor	215	RNDBOT346	1	8	5	0	1787955271	2026-08-29 00:14:31	1	NULL	0000-00-00 00:00:00	0	1	0	0	0	0	0	0	NULL	NO_REGISTERED_SESSION_SERVER_STOPPED
25526	Estorim	360	RNDBOT347	7	2	10	0	1787965724	2026-08-29 03:08:44	1	NULL	0000-00-00 00:00:00	1	1	0	0	0	0	0	1	2	NO_REGISTERED_SESSION_SERVER_STOPPED
25527	Dragond	360	RNDBOT347	6	3	3	0	1787965724	2026-08-29 03:08:44	1	NULL	0000-00-00 00:00:00	1	1	0	0	0	0	0	0	NULL	NO_REGISTERED_SESSION_SERVER_STOPPED
25528	Badelin	360	RNDBOT347	6	1	9	0	1787965724	2026-08-29 03:08:44	1	NULL	0000-00-00 00:00:00	1	1	0	0	0	0	0	0	NULL	NO_REGISTERED_SESSION_SERVER_STOPPED
25529	Midan	360	RNDBOT347	6	2	10	0	1787965724	2026-08-29 03:08:44	1	NULL	0000-00-00 00:00:00	1	1	0	0	0	0	0	0	NULL	NO_REGISTERED_SESSION_SERVER_STOPPED
25530	Bennonald	360	RNDBOT347	6	5	1	0	1787965724	2026-08-29 03:08:44	1	NULL	0000-00-00 00:00:00	1	1	0	0	0	0	0	0	NULL	NO_REGISTERED_SESSION_SERVER_STOPPED
25531	Linic	360	RNDBOT347	7	2	1	0	1787965724	2026-08-29 03:08:44	1	NULL	0000-00-00 00:00:00	1	1	0	0	0	0	0	1	1	NO_REGISTERED_SESSION_SERVER_STOPPED
25532	Songatruch	360	RNDBOT347	6	3	2	0	1788013711	2026-08-29 16:28:31	1	NULL	0000-00-00 00:00:00	1	1	0	0	0	0	0	0	NULL	NO_REGISTERED_SESSION_SERVER_STOPPED
25533	Marabetta	360	RNDBOT347	6	9	9	0	1787965724	2026-08-29 03:08:44	1	NULL	0000-00-00 00:00:00	1	1	0	0	0	0	0	0	NULL	NO_REGISTERED_SESSION_SERVER_STOPPED
25534	Entin	360	RNDBOT347	7	1	1	0	1787965724	2026-08-29 03:08:44	1	NULL	0000-00-00 00:00:00	1	1	0	0	0	0	0	0	NULL	NO_REGISTERED_SESSION_SERVER_STOPPED
25535	Sannor	216	RNDBOT348	1	1	10	0	1787955273	2026-08-29 00:14:33	1	NULL	0000-00-00 00:00:00	0	1	0	0	0	0	0	0	NULL	NO_REGISTERED_SESSION_SERVER_STOPPED
25536	Arabe	216	RNDBOT348	1	1	9	0	1787955272	2026-08-29 00:14:32	1	NULL	0000-00-00 00:00:00	0	1	0	0	0	0	0	0	NULL	NO_REGISTERED_SESSION_SERVER_STOPPED
25537	Atherinne	216	RNDBOT348	1	5	10	0	1787955272	2026-08-29 00:14:32	1	NULL	0000-00-00 00:00:00	0	1	0	0	0	0	0	0	NULL	NO_REGISTERED_SESSION_SERVER_STOPPED
25538	Weasia	216	RNDBOT348	1	11	4	0	1787955274	2026-08-29 00:14:34	1	NULL	0000-00-00 00:00:00	0	1	0	0	0	0	0	0	NULL	NO_REGISTERED_SESSION_SERVER_STOPPED
25539	Calfon	216	RNDBOT348	1	1	9	0	1787955283	2026-08-29 00:14:43	1	NULL	0000-00-00 00:00:00	0	1	0	0	0	0	0	0	NULL	NO_REGISTERED_SESSION_SERVER_STOPPED
25540	Cariela	216	RNDBOT348	1	2	10	0	1787955285	2026-08-29 00:14:45	1	NULL	0000-00-00 00:00:00	0	1	0	0	0	0	0	0	NULL	NO_REGISTERED_SESSION_SERVER_STOPPED
25541	Fonte	216	RNDBOT348	1	8	8	0	1787955300	2026-08-29 00:15:00	1	NULL	0000-00-00 00:00:00	0	1	0	0	0	0	0	0	NULL	NO_REGISTERED_SESSION_SERVER_STOPPED
25542	Brish	216	RNDBOT348	1	7	2	0	1787955284	2026-08-29 00:14:44	1	NULL	0000-00-00 00:00:00	0	1	0	0	0	0	0	0	NULL	NO_REGISTERED_SESSION_SERVER_STOPPED
25543	Nereo	216	RNDBOT348	1	1	10	0	1787955287	2026-08-29 00:14:47	1	NULL	0000-00-00 00:00:00	0	1	0	0	0	0	0	0	NULL	NO_REGISTERED_SESSION_SERVER_STOPPED
25544	Dorianko	432	RNDBOT349	1	9	9	0	1787955282	2026-08-29 00:14:42	1	NULL	0000-00-00 00:00:00	0	1	0	0	0	0	0	0	NULL	NO_REGISTERED_SESSION_SERVER_STOPPED
25545	Lylaenna	432	RNDBOT349	1	11	4	0	1787955296	2026-08-29 00:14:56	1	NULL	0000-00-00 00:00:00	0	1	0	0	0	0	0	0	NULL	NO_REGISTERED_SESSION_SERVER_STOPPED
25546	Velineva	432	RNDBOT349	1	9	9	0	1787955293	2026-08-29 00:14:53	1	NULL	0000-00-00 00:00:00	0	1	0	0	0	0	0	0	NULL	NO_REGISTERED_SESSION_SERVER_STOPPED
25547	Tellysia	432	RNDBOT349	1	4	4	0	1787955297	2026-08-29 00:14:57	1	NULL	0000-00-00 00:00:00	0	1	0	0	0	0	0	0	NULL	NO_REGISTERED_SESSION_SERVER_STOPPED
25548	Ladraeth	432	RNDBOT349	1	5	4	0	1787955282	2026-08-29 00:14:42	1	NULL	0000-00-00 00:00:00	0	1	0	0	0	0	0	0	NULL	NO_REGISTERED_SESSION_SERVER_STOPPED
25549	Belane	432	RNDBOT349	1	3	10	0	1787955275	2026-08-29 00:14:35	1	NULL	0000-00-00 00:00:00	0	1	0	0	0	0	0	0	NULL	NO_REGISTERED_SESSION_SERVER_STOPPED
25550	Aurelia	432	RNDBOT349	1	4	9	0	1787955275	2026-08-29 00:14:35	1	NULL	0000-00-00 00:00:00	0	1	0	0	0	0	0	0	NULL	NO_REGISTERED_SESSION_SERVER_STOPPED
25551	Krorvavza	432	RNDBOT349	1	9	2	0	1787955275	2026-08-29 00:14:35	1	NULL	0000-00-00 00:00:00	0	1	0	0	0	0	0	0	NULL	NO_REGISTERED_SESSION_SERVER_STOPPED
25552	Asack	432	RNDBOT349	1	9	7	0	1787955276	2026-08-29 00:14:36	1	NULL	0000-00-00 00:00:00	0	1	0	0	0	0	0	0	NULL	NO_REGISTERED_SESSION_SERVER_STOPPED
25553	Borran	361	RNDBOT350	1	9	1	0	1787955295	2026-08-29 00:14:55	1	NULL	0000-00-00 00:00:00	0	1	0	0	0	0	0	0	NULL	NO_REGISTERED_SESSION_SERVER_STOPPED
25554	Rhydira	361	RNDBOT350	1	3	4	0	1787955298	2026-08-29 00:14:58	1	NULL	0000-00-00 00:00:00	0	1	0	0	0	0	0	0	NULL	NO_REGISTERED_SESSION_SERVER_STOPPED
25555	Duldria	361	RNDBOT350	1	4	4	0	1787955287	2026-08-29 00:14:47	1	NULL	0000-00-00 00:00:00	0	1	0	0	0	0	0	0	NULL	NO_REGISTERED_SESSION_SERVER_STOPPED
25556	Inder	361	RNDBOT350	1	1	1	0	1787955290	2026-08-29 00:14:50	1	NULL	0000-00-00 00:00:00	0	1	0	0	0	0	0	0	NULL	NO_REGISTERED_SESSION_SERVER_STOPPED
25557	Elaric	361	RNDBOT350	1	1	10	0	1787955278	2026-08-29 00:14:38	1	NULL	0000-00-00 00:00:00	0	1	0	0	0	0	0	0	NULL	NO_REGISTERED_SESSION_SERVER_STOPPED
25558	Adette	361	RNDBOT350	1	9	5	0	1787955294	2026-08-29 00:14:54	1	NULL	0000-00-00 00:00:00	0	1	0	0	0	0	0	0	NULL	NO_REGISTERED_SESSION_SERVER_STOPPED
25559	Rosale	361	RNDBOT350	1	1	10	0	1787955300	2026-08-29 00:15:00	1	NULL	0000-00-00 00:00:00	0	1	0	0	0	0	0	0	NULL	NO_REGISTERED_SESSION_SERVER_STOPPED
25560	Teskill	361	RNDBOT350	1	8	7	0	1787955281	2026-08-29 00:14:41	1	NULL	0000-00-00 00:00:00	0	1	0	0	0	0	0	0	NULL	NO_REGISTERED_SESSION_SERVER_STOPPED
25561	Dromzarta	361	RNDBOT350	1	3	2	0	1787955293	2026-08-29 00:14:53	1	NULL	0000-00-00 00:00:00	0	1	0	0	0	0	0	0	NULL	NO_REGISTERED_SESSION_SERVER_STOPPED
25562	Chellah	468	RNDBOT351	1	2	1	0	1787955275	2026-08-29 00:14:35	1	NULL	0000-00-00 00:00:00	0	1	0	0	0	0	0	0	NULL	NO_REGISTERED_SESSION_SERVER_STOPPED
25563	Mugaz	468	RNDBOT351	1	7	2	0	1787955282	2026-08-29 00:14:42	1	NULL	0000-00-00 00:00:00	0	1	0	0	0	0	0	0	NULL	NO_REGISTERED_SESSION_SERVER_STOPPED
25564	Rebeve	468	RNDBOT351	1	1	10	0	1787955300	2026-08-29 00:15:00	1	NULL	0000-00-00 00:00:00	0	1	0	0	0	0	0	0	NULL	NO_REGISTERED_SESSION_SERVER_STOPPED
25565	Darinek	468	RNDBOT351	1	4	9	0	1787955286	2026-08-29 00:14:46	1	NULL	0000-00-00 00:00:00	0	1	0	0	0	0	0	0	NULL	NO_REGISTERED_SESSION_SERVER_STOPPED
25566	Jerrela	468	RNDBOT351	1	3	4	0	1787955295	2026-08-29 00:14:55	1	NULL	0000-00-00 00:00:00	0	1	0	0	0	0	0	0	NULL	NO_REGISTERED_SESSION_SERVER_STOPPED
25567	Illiashia	468	RNDBOT351	1	11	4	0	1787955290	2026-08-29 00:14:50	1	NULL	0000-00-00 00:00:00	0	1	0	0	0	0	0	0	NULL	NO_REGISTERED_SESSION_SERVER_STOPPED
25568	Asimon	468	RNDBOT351	1	3	10	0	1787955289	2026-08-29 00:14:49	1	NULL	0000-00-00 00:00:00	0	1	0	0	0	0	0	0	NULL	NO_REGISTERED_SESSION_SERVER_STOPPED
25569	Redalo	468	RNDBOT351	1	8	10	0	1787955298	2026-08-29 00:14:58	1	NULL	0000-00-00 00:00:00	0	1	0	0	0	0	0	0	NULL	NO_REGISTERED_SESSION_SERVER_STOPPED
25570	Ylaeleas	468	RNDBOT351	1	1	4	0	1787955299	2026-08-29 00:14:59	1	NULL	0000-00-00 00:00:00	0	1	0	0	0	0	0	0	NULL	NO_REGISTERED_SESSION_SERVER_STOPPED
25571	Ellannysil	362	RNDBOT352	1	4	4	0	1787955291	2026-08-29 00:14:51	1	NULL	0000-00-00 00:00:00	0	1	0	0	0	0	0	0	NULL	NO_REGISTERED_SESSION_SERVER_STOPPED
25572	Govmach	362	RNDBOT352	1	7	2	0	1787955271	2026-08-29 00:14:31	1	NULL	0000-00-00 00:00:00	0	1	0	0	0	0	0	0	NULL	NO_REGISTERED_SESSION_SERVER_STOPPED
25573	Ascela	362	RNDBOT352	1	2	10	0	1787955295	2026-08-29 00:14:55	1	NULL	0000-00-00 00:00:00	0	1	0	0	0	0	0	0	NULL	NO_REGISTERED_SESSION_SERVER_STOPPED
25574	Muranus	362	RNDBOT352	1	2	10	0	1787955293	2026-08-29 00:14:53	1	NULL	0000-00-00 00:00:00	0	1	0	0	0	0	0	0	NULL	NO_REGISTERED_SESSION_SERVER_STOPPED
25575	Feladu	362	RNDBOT352	1	3	1	0	1787955296	2026-08-29 00:14:56	1	NULL	0000-00-00 00:00:00	0	1	0	0	0	0	0	0	NULL	NO_REGISTERED_SESSION_SERVER_STOPPED
25576	Sathras	362	RNDBOT352	1	4	4	0	1787955272	2026-08-29 00:14:32	1	NULL	0000-00-00 00:00:00	0	1	0	0	0	0	0	0	NULL	NO_REGISTERED_SESSION_SERVER_STOPPED
25577	Melinette	362	RNDBOT352	1	8	9	0	1787955271	2026-08-29 00:14:31	1	NULL	0000-00-00 00:00:00	0	1	0	0	0	0	0	0	NULL	NO_REGISTERED_SESSION_SERVER_STOPPED
25578	Delva	362	RNDBOT352	1	2	1	0	1787955275	2026-08-29 00:14:35	1	NULL	0000-00-00 00:00:00	0	1	0	0	0	0	0	0	NULL	NO_REGISTERED_SESSION_SERVER_STOPPED
25579	Gerad	362	RNDBOT352	1	1	10	0	1787955276	2026-08-29 00:14:36	1	NULL	0000-00-00 00:00:00	0	1	0	0	0	0	0	0	NULL	NO_REGISTERED_SESSION_SERVER_STOPPED
25580	Rorrarn	433	RNDBOT353	1	3	3	0	1787955291	2026-08-29 00:14:51	1	NULL	0000-00-00 00:00:00	0	1	0	0	0	0	0	0	NULL	NO_REGISTERED_SESSION_SERVER_STOPPED
25581	Ireneya	433	RNDBOT353	1	4	9	0	1787955280	2026-08-29 00:14:40	1	NULL	0000-00-00 00:00:00	0	1	0	0	0	0	0	0	NULL	NO_REGISTERED_SESSION_SERVER_STOPPED
25582	Emerianca	433	RNDBOT353	1	2	1	0	1787955284	2026-08-29 00:14:44	1	NULL	0000-00-00 00:00:00	0	1	0	0	0	0	0	0	NULL	NO_REGISTERED_SESSION_SERVER_STOPPED
25583	Milleney	433	RNDBOT353	1	8	9	0	1787955274	2026-08-29 00:14:34	1	NULL	0000-00-00 00:00:00	0	1	0	0	0	0	0	0	NULL	NO_REGISTERED_SESSION_SERVER_STOPPED
25584	Terra	433	RNDBOT353	1	3	9	0	1787955286	2026-08-29 00:14:46	1	NULL	0000-00-00 00:00:00	0	1	0	0	0	0	0	0	NULL	NO_REGISTERED_SESSION_SERVER_STOPPED
25585	Mogu	433	RNDBOT353	1	7	6	0	1787955273	2026-08-29 00:14:33	1	NULL	0000-00-00 00:00:00	0	1	0	0	0	0	0	0	NULL	NO_REGISTERED_SESSION_SERVER_STOPPED
25586	Forranor	433	RNDBOT353	1	1	9	0	1787955285	2026-08-29 00:14:45	1	NULL	0000-00-00 00:00:00	0	1	0	0	0	0	0	0	NULL	NO_REGISTERED_SESSION_SERVER_STOPPED
25587	Omarick	433	RNDBOT353	1	8	9	0	1787955295	2026-08-29 00:14:55	1	NULL	0000-00-00 00:00:00	0	1	0	0	0	0	0	0	NULL	NO_REGISTERED_SESSION_SERVER_STOPPED
25588	Inom	433	RNDBOT353	1	11	6	0	1787955287	2026-08-29 00:14:47	1	NULL	0000-00-00 00:00:00	0	1	0	0	0	0	0	0	NULL	NO_REGISTERED_SESSION_SERVER_STOPPED
25589	Beneva	222	RNDBOT354	1	4	5	0	1787955275	2026-08-29 00:14:35	1	NULL	0000-00-00 00:00:00	0	1	0	0	0	0	0	0	NULL	NO_REGISTERED_SESSION_SERVER_STOPPED
25590	Araneya	222	RNDBOT354	1	3	9	0	1787955277	2026-08-29 00:14:37	1	NULL	0000-00-00 00:00:00	0	1	0	0	0	0	0	0	NULL	NO_REGISTERED_SESSION_SERVER_STOPPED
25591	Adra	222	RNDBOT354	1	5	10	0	1787955284	2026-08-29 00:14:44	1	NULL	0000-00-00 00:00:00	0	1	0	0	0	0	0	0	NULL	NO_REGISTERED_SESSION_SERVER_STOPPED
25592	Wulgu	222	RNDBOT354	1	7	6	0	1787955284	2026-08-29 00:14:44	1	NULL	0000-00-00 00:00:00	0	1	0	0	0	0	0	0	NULL	NO_REGISTERED_SESSION_SERVER_STOPPED
25593	Nilaelar	222	RNDBOT354	1	3	4	0	1787955278	2026-08-29 00:14:38	1	NULL	0000-00-00 00:00:00	0	1	0	0	0	0	0	0	NULL	NO_REGISTERED_SESSION_SERVER_STOPPED
25594	Angeliane	222	RNDBOT354	1	3	9	0	1787955280	2026-08-29 00:14:40	1	NULL	0000-00-00 00:00:00	0	1	0	0	0	0	0	0	NULL	NO_REGISTERED_SESSION_SERVER_STOPPED
25595	Merico	222	RNDBOT354	1	5	10	0	1787955271	2026-08-29 00:14:31	1	NULL	0000-00-00 00:00:00	0	1	0	0	0	0	0	0	NULL	NO_REGISTERED_SESSION_SERVER_STOPPED
25596	Derago	222	RNDBOT354	1	1	9	0	1787955299	2026-08-29 00:14:59	1	NULL	0000-00-00 00:00:00	0	1	0	0	0	0	0	0	NULL	NO_REGISTERED_SESSION_SERVER_STOPPED
25597	Romanus	222	RNDBOT354	1	3	10	0	1787955272	2026-08-29 00:14:32	1	NULL	0000-00-00 00:00:00	0	1	0	0	0	0	0	0	NULL	NO_REGISTERED_SESSION_SERVER_STOPPED
25598	Terta	223	RNDBOT355	1	5	10	0	1787955271	2026-08-29 00:14:31	1	NULL	0000-00-00 00:00:00	0	1	0	0	0	0	0	0	NULL	NO_REGISTERED_SESSION_SERVER_STOPPED
25599	Maximilian	223	RNDBOT355	1	1	1	0	1787955276	2026-08-29 00:14:36	1	NULL	0000-00-00 00:00:00	0	1	0	0	0	0	0	0	NULL	NO_REGISTERED_SESSION_SERVER_STOPPED
25600	Loonni	223	RNDBOT355	1	7	6	0	1787955293	2026-08-29 00:14:53	1	NULL	0000-00-00 00:00:00	0	1	0	0	0	0	0	0	NULL	NO_REGISTERED_SESSION_SERVER_STOPPED
25601	Gahde	223	RNDBOT355	1	2	3	0	1787955276	2026-08-29 00:14:36	1	NULL	0000-00-00 00:00:00	0	1	0	0	0	0	0	0	NULL	NO_REGISTERED_SESSION_SERVER_STOPPED
25602	Andoria	223	RNDBOT355	1	5	10	0	1787955287	2026-08-29 00:14:47	1	NULL	0000-00-00 00:00:00	0	1	0	0	0	0	0	0	NULL	NO_REGISTERED_SESSION_SERVER_STOPPED
25603	Ruglu	223	RNDBOT355	1	2	3	0	1787955293	2026-08-29 00:14:53	1	NULL	0000-00-00 00:00:00	0	1	0	0	0	0	0	0	NULL	NO_REGISTERED_SESSION_SERVER_STOPPED
25604	Sterane	223	RNDBOT355	1	9	5	0	1787955285	2026-08-29 00:14:45	1	NULL	0000-00-00 00:00:00	0	1	0	0	0	0	0	0	NULL	NO_REGISTERED_SESSION_SERVER_STOPPED
25605	Shetgo	223	RNDBOT355	1	3	2	0	1787955294	2026-08-29 00:14:54	1	NULL	0000-00-00 00:00:00	0	1	0	0	0	0	0	0	NULL	NO_REGISTERED_SESSION_SERVER_STOPPED
25606	Aberren	223	RNDBOT355	1	2	1	0	1787955278	2026-08-29 00:14:38	1	NULL	0000-00-00 00:00:00	0	1	0	0	0	0	0	0	NULL	NO_REGISTERED_SESSION_SERVER_STOPPED
25607	Yerai	224	RNDBOT356	1	3	4	0	1787955279	2026-08-29 00:14:39	1	NULL	0000-00-00 00:00:00	0	1	0	0	0	0	0	0	NULL	NO_REGISTERED_SESSION_SERVER_STOPPED
25608	Jesterio	224	RNDBOT356	1	3	10	0	1787955273	2026-08-29 00:14:33	1	NULL	0000-00-00 00:00:00	0	1	0	0	0	0	0	0	NULL	NO_REGISTERED_SESSION_SERVER_STOPPED
25609	Anercia	224	RNDBOT356	1	5	4	0	1787955291	2026-08-29 00:14:51	1	NULL	0000-00-00 00:00:00	0	1	0	0	0	0	0	0	NULL	NO_REGISTERED_SESSION_SERVER_STOPPED
25610	Adelsa	224	RNDBOT356	1	3	1	0	1787955294	2026-08-29 00:14:54	1	NULL	0000-00-00 00:00:00	0	1	0	0	0	0	0	0	NULL	NO_REGISTERED_SESSION_SERVER_STOPPED
25611	Zogokzirm	224	RNDBOT356	1	3	2	0	1787955294	2026-08-29 00:14:54	1	NULL	0000-00-00 00:00:00	0	1	0	0	0	0	0	0	NULL	NO_REGISTERED_SESSION_SERVER_STOPPED
25612	Telorne	224	RNDBOT356	1	4	4	0	1787955281	2026-08-29 00:14:41	1	NULL	0000-00-00 00:00:00	0	1	0	0	0	0	0	0	NULL	NO_REGISTERED_SESSION_SERVER_STOPPED
25613	Isolarany	224	RNDBOT356	1	5	1	0	1787955293	2026-08-29 00:14:53	1	NULL	0000-00-00 00:00:00	0	1	0	0	0	0	0	0	NULL	NO_REGISTERED_SESSION_SERVER_STOPPED
25614	Gnondes	224	RNDBOT356	1	1	7	0	1787955295	2026-08-29 00:14:55	1	NULL	0000-00-00 00:00:00	0	1	0	0	0	0	0	0	NULL	NO_REGISTERED_SESSION_SERVER_STOPPED
25615	Luthusaz	224	RNDBOT356	1	4	8	0	1787955283	2026-08-29 00:14:43	1	NULL	0000-00-00 00:00:00	0	1	0	0	0	0	0	0	NULL	NO_REGISTERED_SESSION_SERVER_STOPPED
25616	Willion	225	RNDBOT357	1	5	10	0	1787955272	2026-08-29 00:14:32	1	NULL	0000-00-00 00:00:00	0	1	0	0	0	0	0	0	NULL	NO_REGISTERED_SESSION_SERVER_STOPPED
25617	Firio	225	RNDBOT357	1	8	1	0	1787955300	2026-08-29 00:15:00	1	NULL	0000-00-00 00:00:00	0	1	0	0	0	0	0	0	NULL	NO_REGISTERED_SESSION_SERVER_STOPPED
25618	Emata	225	RNDBOT357	1	8	10	0	1787955287	2026-08-29 00:14:47	1	NULL	0000-00-00 00:00:00	0	1	0	0	0	0	0	0	NULL	NO_REGISTERED_SESSION_SERVER_STOPPED
25619	Klildunk	225	RNDBOT357	1	8	7	0	1787955277	2026-08-29 00:14:37	1	NULL	0000-00-00 00:00:00	0	1	0	0	0	0	0	0	NULL	NO_REGISTERED_SESSION_SERVER_STOPPED
25620	Herinny	225	RNDBOT357	1	2	1	0	1787955293	2026-08-29 00:14:53	1	NULL	0000-00-00 00:00:00	0	1	0	0	0	0	0	0	NULL	NO_REGISTERED_SESSION_SERVER_STOPPED
25621	Constallo	225	RNDBOT357	1	5	5	0	1787955276	2026-08-29 00:14:36	1	NULL	0000-00-00 00:00:00	0	1	0	0	0	0	0	0	NULL	NO_REGISTERED_SESSION_SERVER_STOPPED
25622	Elinette	225	RNDBOT357	1	5	10	0	1787955288	2026-08-29 00:14:48	1	NULL	0000-00-00 00:00:00	0	1	0	0	0	0	0	0	NULL	NO_REGISTERED_SESSION_SERVER_STOPPED
25623	Kathi	225	RNDBOT357	1	4	7	0	1787955276	2026-08-29 00:14:36	1	NULL	0000-00-00 00:00:00	0	1	0	0	0	0	0	0	NULL	NO_REGISTERED_SESSION_SERVER_STOPPED
25624	Aleriara	225	RNDBOT357	1	1	1	0	1787955271	2026-08-29 00:14:31	1	NULL	0000-00-00 00:00:00	0	1	0	0	0	0	0	0	NULL	NO_REGISTERED_SESSION_SERVER_STOPPED
25625	Brielane	226	RNDBOT358	1	9	1	0	1787955280	2026-08-29 00:14:40	1	NULL	0000-00-00 00:00:00	0	1	0	0	0	0	0	0	NULL	NO_REGISTERED_SESSION_SERVER_STOPPED
25626	Zerren	226	RNDBOT358	1	4	5	0	1787955277	2026-08-29 00:14:37	1	NULL	0000-00-00 00:00:00	0	1	0	0	0	0	0	0	NULL	NO_REGISTERED_SESSION_SERVER_STOPPED
25627	Canor	226	RNDBOT358	1	4	5	0	1787955290	2026-08-29 00:14:50	1	NULL	0000-00-00 00:00:00	0	1	0	0	0	0	0	0	NULL	NO_REGISTERED_SESSION_SERVER_STOPPED
25628	Lelass	226	RNDBOT358	1	4	4	0	1787955282	2026-08-29 00:14:42	1	NULL	0000-00-00 00:00:00	0	1	0	0	0	0	0	0	NULL	NO_REGISTERED_SESSION_SERVER_STOPPED
25629	Kwucewo	226	RNDBOT358	1	11	6	0	1787955289	2026-08-29 00:14:49	1	NULL	0000-00-00 00:00:00	0	1	0	0	0	0	0	0	NULL	NO_REGISTERED_SESSION_SERVER_STOPPED
25630	Soldary	226	RNDBOT358	1	8	10	0	1787955292	2026-08-29 00:14:52	1	NULL	0000-00-00 00:00:00	0	1	0	0	0	0	0	0	NULL	NO_REGISTERED_SESSION_SERVER_STOPPED
25631	Qudingethuw	226	RNDBOT358	1	7	6	0	1787955289	2026-08-29 00:14:49	1	NULL	0000-00-00 00:00:00	0	1	0	0	0	0	0	0	NULL	NO_REGISTERED_SESSION_SERVER_STOPPED
25632	Maurius	226	RNDBOT358	1	9	9	0	1787955300	2026-08-29 00:15:00	1	NULL	0000-00-00 00:00:00	0	1	0	0	0	0	0	0	NULL	NO_REGISTERED_SESSION_SERVER_STOPPED
25633	Heebottu	226	RNDBOT358	1	11	6	0	1787955278	2026-08-29 00:14:38	1	NULL	0000-00-00 00:00:00	0	1	0	0	0	0	0	0	NULL	NO_REGISTERED_SESSION_SERVER_STOPPED
25634	Alessia	227	RNDBOT359	1	8	5	0	1787955294	2026-08-29 00:14:54	1	NULL	0000-00-00 00:00:00	1	1	0	0	0	0	0	0	NULL	NO_REGISTERED_SESSION_SERVER_STOPPED
25635	Assyhwin	227	RNDBOT359	1	4	3	0	1787955295	2026-08-29 00:14:55	1	NULL	0000-00-00 00:00:00	1	1	0	0	0	0	0	0	NULL	NO_REGISTERED_SESSION_SERVER_STOPPED
25636	Vano	227	RNDBOT359	1	4	9	0	1787955273	2026-08-29 00:14:33	1	NULL	0000-00-00 00:00:00	1	1	0	0	0	0	0	0	NULL	NO_REGISTERED_SESSION_SERVER_STOPPED
25637	Tamana	227	RNDBOT359	1	8	9	0	1787955289	2026-08-29 00:14:49	1	NULL	0000-00-00 00:00:00	1	1	0	0	0	0	0	0	NULL	NO_REGISTERED_SESSION_SERVER_STOPPED
25638	Mikogo	227	RNDBOT359	1	3	2	0	1787955273	2026-08-29 00:14:33	1	NULL	0000-00-00 00:00:00	1	1	0	0	0	0	0	0	NULL	NO_REGISTERED_SESSION_SERVER_STOPPED
25639	Cecie	227	RNDBOT359	1	5	5	0	1787955287	2026-08-29 00:14:47	1	NULL	0000-00-00 00:00:00	1	1	0	0	0	0	0	0	NULL	NO_REGISTERED_SESSION_SERVER_STOPPED
25640	Arald	227	RNDBOT359	1	8	1	0	1787955275	2026-08-29 00:14:35	1	NULL	0000-00-00 00:00:00	1	1	0	0	0	0	0	0	NULL	NO_REGISTERED_SESSION_SERVER_STOPPED
25641	Barania	227	RNDBOT359	1	2	10	0	1787955271	2026-08-29 00:14:31	1	NULL	0000-00-00 00:00:00	1	1	0	0	0	0	0	0	NULL	NO_REGISTERED_SESSION_SERVER_STOPPED
25642	Gustando	227	RNDBOT359	1	1	10	0	1787955298	2026-08-29 00:14:58	1	NULL	0000-00-00 00:00:00	1	1	0	0	0	0	0	0	NULL	NO_REGISTERED_SESSION_SERVER_STOPPED
25643	Fales	228	RNDBOT360	1	5	5	0	1787955293	2026-08-29 00:14:53	1	NULL	0000-00-00 00:00:00	0	1	0	0	0	0	0	0	NULL	NO_REGISTERED_SESSION_SERVER_STOPPED
25644	Glore	228	RNDBOT360	1	8	1	0	1787955284	2026-08-29 00:14:44	1	NULL	0000-00-00 00:00:00	0	1	0	0	0	0	0	0	NULL	NO_REGISTERED_SESSION_SERVER_STOPPED
25645	Dunekk	228	RNDBOT360	1	1	2	0	1787955274	2026-08-29 00:14:34	1	NULL	0000-00-00 00:00:00	0	1	0	0	0	0	0	0	NULL	NO_REGISTERED_SESSION_SERVER_STOPPED
25646	Herane	228	RNDBOT360	1	8	5	0	1787955287	2026-08-29 00:14:47	1	NULL	0000-00-00 00:00:00	0	1	0	0	0	0	0	0	NULL	NO_REGISTERED_SESSION_SERVER_STOPPED
25647	Bruno	228	RNDBOT360	1	9	5	0	1787955290	2026-08-29 00:14:50	1	NULL	0000-00-00 00:00:00	0	1	0	0	0	0	0	0	NULL	NO_REGISTERED_SESSION_SERVER_STOPPED
25648	Rolian	228	RNDBOT360	1	1	10	0	1787955300	2026-08-29 00:15:00	1	NULL	0000-00-00 00:00:00	0	1	0	0	0	0	0	0	NULL	NO_REGISTERED_SESSION_SERVER_STOPPED
25649	Nelias	228	RNDBOT360	1	1	9	0	1787955300	2026-08-29 00:15:00	1	NULL	0000-00-00 00:00:00	0	1	0	0	0	0	0	0	NULL	NO_REGISTERED_SESSION_SERVER_STOPPED
25650	Janysae	228	RNDBOT360	1	11	4	0	1787955292	2026-08-29 00:14:52	1	NULL	0000-00-00 00:00:00	0	1	0	0	0	0	0	0	NULL	NO_REGISTERED_SESSION_SERVER_STOPPED
25651	Eowyn	228	RNDBOT360	1	5	1	0	1787955278	2026-08-29 00:14:38	1	NULL	0000-00-00 00:00:00	0	1	0	0	0	0	0	0	NULL	NO_REGISTERED_SESSION_SERVER_STOPPED
25652	Meranca	229	RNDBOT361	1	8	10	0	1787955272	2026-08-29 00:14:32	1	NULL	0000-00-00 00:00:00	0	1	0	0	0	0	0	0	NULL	NO_REGISTERED_SESSION_SERVER_STOPPED
25653	Linerva	229	RNDBOT361	1	3	1	0	1787955273	2026-08-29 00:14:33	1	NULL	0000-00-00 00:00:00	0	1	0	0	0	0	0	0	NULL	NO_REGISTERED_SESSION_SERVER_STOPPED
25654	Bevelannie	229	RNDBOT361	1	9	9	0	1787955285	2026-08-29 00:14:45	1	NULL	0000-00-00 00:00:00	0	1	0	0	0	0	0	0	NULL	NO_REGISTERED_SESSION_SERVER_STOPPED
25655	Talanie	229	RNDBOT361	1	4	9	0	1787955284	2026-08-29 00:14:44	1	NULL	0000-00-00 00:00:00	0	1	0	0	0	0	0	0	NULL	NO_REGISTERED_SESSION_SERVER_STOPPED
25656	Beata	229	RNDBOT361	1	1	10	0	1787955296	2026-08-29 00:14:56	1	NULL	0000-00-00 00:00:00	0	1	0	0	0	0	0	0	NULL	NO_REGISTERED_SESSION_SERVER_STOPPED
25657	Clestine	229	RNDBOT361	1	4	10	0	1787955287	2026-08-29 00:14:47	1	NULL	0000-00-00 00:00:00	0	1	0	0	0	0	0	0	NULL	NO_REGISTERED_SESSION_SERVER_STOPPED
25658	Lynysae	229	RNDBOT361	1	3	4	0	1787955286	2026-08-29 00:14:46	1	NULL	0000-00-00 00:00:00	0	1	0	0	0	0	0	0	NULL	NO_REGISTERED_SESSION_SERVER_STOPPED
25659	Julia	229	RNDBOT361	1	8	9	0	1787955283	2026-08-29 00:14:43	1	NULL	0000-00-00 00:00:00	0	1	0	0	0	0	0	0	NULL	NO_REGISTERED_SESSION_SERVER_STOPPED
25660	Erasco	229	RNDBOT361	1	8	5	0	1787955286	2026-08-29 00:14:46	1	NULL	0000-00-00 00:00:00	0	1	0	0	0	0	0	0	NULL	NO_REGISTERED_SESSION_SERVER_STOPPED
25661	Alandelian	230	RNDBOT362	1	8	10	0	1787955275	2026-08-29 00:14:35	1	NULL	0000-00-00 00:00:00	0	1	0	0	0	0	0	0	NULL	NO_REGISTERED_SESSION_SERVER_STOPPED
25662	Mymdoss	230	RNDBOT362	1	2	3	0	1787955280	2026-08-29 00:14:40	1	NULL	0000-00-00 00:00:00	0	1	0	0	0	0	0	0	NULL	NO_REGISTERED_SESSION_SERVER_STOPPED
25663	Kimberley	230	RNDBOT362	1	1	9	0	1787955279	2026-08-29 00:14:39	1	NULL	0000-00-00 00:00:00	0	1	0	0	0	0	0	0	NULL	NO_REGISTERED_SESSION_SERVER_STOPPED
25664	Livan	230	RNDBOT362	1	4	10	0	1787955292	2026-08-29 00:14:52	1	NULL	0000-00-00 00:00:00	0	1	0	0	0	0	0	0	NULL	NO_REGISTERED_SESSION_SERVER_STOPPED
25665	Chaye	230	RNDBOT362	1	8	10	0	1787955273	2026-08-29 00:14:33	1	NULL	0000-00-00 00:00:00	0	1	0	0	0	0	0	0	NULL	NO_REGISTERED_SESSION_SERVER_STOPPED
25666	Viviala	230	RNDBOT362	1	3	4	0	1787955275	2026-08-29 00:14:35	1	NULL	0000-00-00 00:00:00	0	1	0	0	0	0	0	0	NULL	NO_REGISTERED_SESSION_SERVER_STOPPED
25667	Jullios	230	RNDBOT362	1	2	10	0	1787955286	2026-08-29 00:14:46	1	NULL	0000-00-00 00:00:00	0	1	0	0	0	0	0	0	NULL	NO_REGISTERED_SESSION_SERVER_STOPPED
25668	Benic	230	RNDBOT362	1	1	1	0	1787955279	2026-08-29 00:14:39	1	NULL	0000-00-00 00:00:00	0	1	0	0	0	0	0	0	NULL	NO_REGISTERED_SESSION_SERVER_STOPPED
25669	Claristan	230	RNDBOT362	1	1	9	0	1787955287	2026-08-29 00:14:47	1	NULL	0000-00-00 00:00:00	0	1	0	0	0	0	0	0	NULL	NO_REGISTERED_SESSION_SERVER_STOPPED
25670	Marton	231	RNDBOT363	1	3	1	0	1787955281	2026-08-29 00:14:41	1	NULL	0000-00-00 00:00:00	0	1	0	0	0	0	0	0	NULL	NO_REGISTERED_SESSION_SERVER_STOPPED
25671	Tamaranca	231	RNDBOT363	1	4	9	0	1787955280	2026-08-29 00:14:40	1	NULL	0000-00-00 00:00:00	0	1	0	0	0	0	0	0	NULL	NO_REGISTERED_SESSION_SERVER_STOPPED
25672	Chaelda	231	RNDBOT363	1	4	10	0	1787955292	2026-08-29 00:14:52	1	NULL	0000-00-00 00:00:00	0	1	0	0	0	0	0	0	NULL	NO_REGISTERED_SESSION_SERVER_STOPPED
25673	Theris	231	RNDBOT363	1	4	10	0	1787955294	2026-08-29 00:14:54	1	NULL	0000-00-00 00:00:00	0	1	0	0	0	0	0	0	NULL	NO_REGISTERED_SESSION_SERVER_STOPPED
25674	Angys	231	RNDBOT363	1	7	2	0	1787955287	2026-08-29 00:14:47	1	NULL	0000-00-00 00:00:00	0	1	0	0	0	0	0	0	NULL	NO_REGISTERED_SESSION_SERVER_STOPPED
25675	Harino	231	RNDBOT363	1	1	10	0	1787955272	2026-08-29 00:14:32	1	NULL	0000-00-00 00:00:00	0	1	0	0	0	0	0	0	NULL	NO_REGISTERED_SESSION_SERVER_STOPPED
25676	Lucille	231	RNDBOT363	1	1	9	0	1787955278	2026-08-29 00:14:38	1	NULL	0000-00-00 00:00:00	0	1	0	0	0	0	0	0	NULL	NO_REGISTERED_SESSION_SERVER_STOPPED
25677	Coleneya	231	RNDBOT363	1	8	9	0	1787955275	2026-08-29 00:14:35	1	NULL	0000-00-00 00:00:00	0	1	0	0	0	0	0	0	NULL	NO_REGISTERED_SESSION_SERVER_STOPPED
25678	Jordreo	231	RNDBOT363	1	5	10	0	1787955289	2026-08-29 00:14:49	1	NULL	0000-00-00 00:00:00	0	1	0	0	0	0	0	0	NULL	NO_REGISTERED_SESSION_SERVER_STOPPED
25679	Shariia	232	RNDBOT364	1	3	4	0	1787955288	2026-08-29 00:14:48	1	NULL	0000-00-00 00:00:00	0	1	0	0	0	0	0	0	NULL	NO_REGISTERED_SESSION_SERVER_STOPPED
25680	Niiku	232	RNDBOT364	1	11	6	0	1787955294	2026-08-29 00:14:54	1	NULL	0000-00-00 00:00:00	0	1	0	0	0	0	0	0	NULL	NO_REGISTERED_SESSION_SERVER_STOPPED
25681	Azuhne	232	RNDBOT364	1	1	3	0	1787955279	2026-08-29 00:14:39	1	NULL	0000-00-00 00:00:00	0	1	0	0	0	0	0	0	NULL	NO_REGISTERED_SESSION_SERVER_STOPPED
25682	Faramiran	232	RNDBOT364	1	9	5	0	1787955276	2026-08-29 00:14:36	1	NULL	0000-00-00 00:00:00	0	1	0	0	0	0	0	0	NULL	NO_REGISTERED_SESSION_SERVER_STOPPED
25683	Ronatho	232	RNDBOT364	1	9	1	0	1787955293	2026-08-29 00:14:53	1	NULL	0000-00-00 00:00:00	0	1	0	0	0	0	0	0	NULL	NO_REGISTERED_SESSION_SERVER_STOPPED
25684	Wariner	232	RNDBOT364	1	1	9	0	1787955288	2026-08-29 00:14:48	1	NULL	0000-00-00 00:00:00	0	1	0	0	0	0	0	0	NULL	NO_REGISTERED_SESSION_SERVER_STOPPED
25685	Hjurrer	232	RNDBOT364	1	4	3	0	1787955283	2026-08-29 00:14:43	1	NULL	0000-00-00 00:00:00	0	1	0	0	0	0	0	0	NULL	NO_REGISTERED_SESSION_SERVER_STOPPED
25686	Hydik	232	RNDBOT364	1	8	7	0	1787955283	2026-08-29 00:14:43	1	NULL	0000-00-00 00:00:00	0	1	0	0	0	0	0	0	NULL	NO_REGISTERED_SESSION_SERVER_STOPPED
25687	Tuihgrelfim	232	RNDBOT364	1	1	3	0	1787955291	2026-08-29 00:14:51	1	NULL	0000-00-00 00:00:00	0	1	0	0	0	0	0	0	NULL	NO_REGISTERED_SESSION_SERVER_STOPPED
25688	Amelandra	233	RNDBOT365	1	9	1	0	1787955277	2026-08-29 00:14:37	1	NULL	0000-00-00 00:00:00	0	1	0	0	0	0	0	0	NULL	NO_REGISTERED_SESSION_SERVER_STOPPED
25689	Zalerina	233	RNDBOT365	1	8	10	0	1787955295	2026-08-29 00:14:55	1	NULL	0000-00-00 00:00:00	0	1	0	0	0	0	0	0	NULL	NO_REGISTERED_SESSION_SERVER_STOPPED
25690	Lorinny	233	RNDBOT365	1	3	10	0	1787955289	2026-08-29 00:14:49	1	NULL	0000-00-00 00:00:00	0	1	0	0	0	0	0	0	NULL	NO_REGISTERED_SESSION_SERVER_STOPPED
25691	Merliam	233	RNDBOT365	1	2	10	0	1787955272	2026-08-29 00:14:32	1	NULL	0000-00-00 00:00:00	0	1	0	0	0	0	0	0	NULL	NO_REGISTERED_SESSION_SERVER_STOPPED
25692	Antand	233	RNDBOT365	1	5	10	0	1787955287	2026-08-29 00:14:47	1	NULL	0000-00-00 00:00:00	0	1	0	0	0	0	0	0	NULL	NO_REGISTERED_SESSION_SERVER_STOPPED
25693	Segel	233	RNDBOT365	1	3	2	0	1787955282	2026-08-29 00:14:42	1	NULL	0000-00-00 00:00:00	0	1	0	0	0	0	0	0	NULL	NO_REGISTERED_SESSION_SERVER_STOPPED
25694	Gisellis	233	RNDBOT365	1	4	9	0	1787955295	2026-08-29 00:14:55	1	NULL	0000-00-00 00:00:00	0	1	0	0	0	0	0	0	NULL	NO_REGISTERED_SESSION_SERVER_STOPPED
25695	Alienny	233	RNDBOT365	1	8	1	0	1787955288	2026-08-29 00:14:48	1	NULL	0000-00-00 00:00:00	0	1	0	0	0	0	0	0	NULL	NO_REGISTERED_SESSION_SERVER_STOPPED
25696	Chrica	233	RNDBOT365	1	9	9	0	1787955297	2026-08-29 00:14:57	1	NULL	0000-00-00 00:00:00	0	1	0	0	0	0	0	0	NULL	NO_REGISTERED_SESSION_SERVER_STOPPED
25697	Carineri	234	RNDBOT366	1	8	1	0	1787955296	2026-08-29 00:14:56	1	NULL	0000-00-00 00:00:00	0	1	0	0	0	0	0	0	NULL	NO_REGISTERED_SESSION_SERVER_STOPPED
25698	Jandra	234	RNDBOT366	1	5	1	0	1787955284	2026-08-29 00:14:44	1	NULL	0000-00-00 00:00:00	0	1	0	0	0	0	0	0	NULL	NO_REGISTERED_SESSION_SERVER_STOPPED
25699	Taloreo	234	RNDBOT366	1	3	10	0	1787955285	2026-08-29 00:14:45	1	NULL	0000-00-00 00:00:00	0	1	0	0	0	0	0	0	NULL	NO_REGISTERED_SESSION_SERVER_STOPPED
25700	Kamko	234	RNDBOT366	1	9	7	0	1787955298	2026-08-29 00:14:58	1	NULL	0000-00-00 00:00:00	0	1	0	0	0	0	0	0	NULL	NO_REGISTERED_SESSION_SERVER_STOPPED
25701	Cassancy	234	RNDBOT366	1	8	9	0	1787955295	2026-08-29 00:14:55	1	NULL	0000-00-00 00:00:00	0	1	0	0	0	0	0	0	NULL	NO_REGISTERED_SESSION_SERVER_STOPPED
25702	Grarthunand	234	RNDBOT366	1	2	3	0	1787955291	2026-08-29 00:14:51	1	NULL	0000-00-00 00:00:00	0	1	0	0	0	0	0	0	NULL	NO_REGISTERED_SESSION_SERVER_STOPPED
25703	Meriones	234	RNDBOT366	1	8	10	0	1787955283	2026-08-29 00:14:43	1	NULL	0000-00-00 00:00:00	0	1	0	0	0	0	0	0	NULL	NO_REGISTERED_SESSION_SERVER_STOPPED
25704	Kailania	234	RNDBOT366	1	9	9	0	1787955287	2026-08-29 00:14:47	1	NULL	0000-00-00 00:00:00	0	1	0	0	0	0	0	0	NULL	NO_REGISTERED_SESSION_SERVER_STOPPED
25705	Alain	234	RNDBOT366	1	5	10	0	1787955297	2026-08-29 00:14:57	1	NULL	0000-00-00 00:00:00	0	1	0	0	0	0	0	0	NULL	NO_REGISTERED_SESSION_SERVER_STOPPED
25706	Gadora	235	RNDBOT367	1	9	9	0	1787955280	2026-08-29 00:14:40	1	NULL	0000-00-00 00:00:00	0	1	0	0	0	0	0	0	NULL	NO_REGISTERED_SESSION_SERVER_STOPPED
25707	Kregdand	235	RNDBOT367	1	3	3	0	1787955271	2026-08-29 00:14:31	1	NULL	0000-00-00 00:00:00	0	1	0	0	0	0	0	0	NULL	NO_REGISTERED_SESSION_SERVER_STOPPED
25708	Maurizio	235	RNDBOT367	1	8	9	0	1787955276	2026-08-29 00:14:36	1	NULL	0000-00-00 00:00:00	0	1	0	0	0	0	0	0	NULL	NO_REGISTERED_SESSION_SERVER_STOPPED
25709	Vitacia	235	RNDBOT367	1	5	10	0	1787955281	2026-08-29 00:14:41	1	NULL	0000-00-00 00:00:00	0	1	0	0	0	0	0	0	NULL	NO_REGISTERED_SESSION_SERVER_STOPPED
25710	Hecar	235	RNDBOT367	1	1	10	0	1787955286	2026-08-29 00:14:46	1	NULL	0000-00-00 00:00:00	0	1	0	0	0	0	0	0	NULL	NO_REGISTERED_SESSION_SERVER_STOPPED
25711	Uhnevass	235	RNDBOT367	1	3	3	0	1787955287	2026-08-29 00:14:47	1	NULL	0000-00-00 00:00:00	0	1	0	0	0	0	0	0	NULL	NO_REGISTERED_SESSION_SERVER_STOPPED
25712	Urius	235	RNDBOT367	1	2	1	0	1787955299	2026-08-29 00:14:59	1	NULL	0000-00-00 00:00:00	0	1	0	0	0	0	0	0	NULL	NO_REGISTERED_SESSION_SERVER_STOPPED
25713	Davin	235	RNDBOT367	1	2	10	0	1787955287	2026-08-29 00:14:47	1	NULL	0000-00-00 00:00:00	0	1	0	0	0	0	0	0	NULL	NO_REGISTERED_SESSION_SERVER_STOPPED
25714	Xigdun	235	RNDBOT367	1	3	8	0	1787955292	2026-08-29 00:14:52	1	NULL	0000-00-00 00:00:00	0	1	0	0	0	0	0	0	NULL	NO_REGISTERED_SESSION_SERVER_STOPPED
25715	Celeni	236	RNDBOT368	1	4	10	0	1787955290	2026-08-29 00:14:50	1	NULL	0000-00-00 00:00:00	0	1	0	0	0	0	0	0	NULL	NO_REGISTERED_SESSION_SERVER_STOPPED
25716	Ilune	236	RNDBOT368	1	8	5	0	1787955272	2026-08-29 00:14:32	1	NULL	0000-00-00 00:00:00	0	1	0	0	0	0	0	0	NULL	NO_REGISTERED_SESSION_SERVER_STOPPED
25717	Thamwua	236	RNDBOT368	1	3	3	0	1787955275	2026-08-29 00:14:35	1	NULL	0000-00-00 00:00:00	0	1	0	0	0	0	0	0	NULL	NO_REGISTERED_SESSION_SERVER_STOPPED
25718	Revelaine	236	RNDBOT368	1	8	5	0	1787955281	2026-08-29 00:14:41	1	NULL	0000-00-00 00:00:00	0	1	0	0	0	0	0	0	NULL	NO_REGISTERED_SESSION_SERVER_STOPPED
25719	Anari	236	RNDBOT368	1	2	1	0	1787955284	2026-08-29 00:14:44	1	NULL	0000-00-00 00:00:00	0	1	0	0	0	0	0	0	NULL	NO_REGISTERED_SESSION_SERVER_STOPPED
25720	Nythillaeth	236	RNDBOT368	1	3	4	0	1787955298	2026-08-29 00:14:58	1	NULL	0000-00-00 00:00:00	0	1	0	0	0	0	0	0	NULL	NO_REGISTERED_SESSION_SERVER_STOPPED
25721	Jashar	236	RNDBOT368	1	4	4	0	1787955283	2026-08-29 00:14:43	1	NULL	0000-00-00 00:00:00	0	1	0	0	0	0	0	0	NULL	NO_REGISTERED_SESSION_SERVER_STOPPED
25722	Abient	236	RNDBOT368	1	4	9	0	1787955272	2026-08-29 00:14:32	1	NULL	0000-00-00 00:00:00	0	1	0	0	0	0	0	0	NULL	NO_REGISTERED_SESSION_SERVER_STOPPED
25723	Alaenya	236	RNDBOT368	1	4	4	0	1787955278	2026-08-29 00:14:38	1	NULL	0000-00-00 00:00:00	0	1	0	0	0	0	0	0	NULL	NO_REGISTERED_SESSION_SERVER_STOPPED
25724	Bierya	237	RNDBOT369	1	4	4	0	1787955298	2026-08-29 00:14:58	1	NULL	0000-00-00 00:00:00	0	1	0	0	0	0	0	0	NULL	NO_REGISTERED_SESSION_SERVER_STOPPED
25725	Hamghun	237	RNDBOT369	1	7	8	0	1787955296	2026-08-29 00:14:56	1	NULL	0000-00-00 00:00:00	0	1	0	0	0	0	0	0	NULL	NO_REGISTERED_SESSION_SERVER_STOPPED
25726	Tiwinne	237	RNDBOT369	1	7	6	0	1787955286	2026-08-29 00:14:46	1	NULL	0000-00-00 00:00:00	0	1	0	0	0	0	0	0	NULL	NO_REGISTERED_SESSION_SERVER_STOPPED
25727	Ganyae	237	RNDBOT369	1	11	4	0	1787955271	2026-08-29 00:14:31	1	NULL	0000-00-00 00:00:00	0	1	0	0	0	0	0	0	NULL	NO_REGISTERED_SESSION_SERVER_STOPPED
25728	Rhelina	237	RNDBOT369	1	9	5	0	1787955294	2026-08-29 00:14:54	1	NULL	0000-00-00 00:00:00	0	1	0	0	0	0	0	0	NULL	NO_REGISTERED_SESSION_SERVER_STOPPED
25729	Zerianca	237	RNDBOT369	1	3	1	0	1787955278	2026-08-29 00:14:38	1	NULL	0000-00-00 00:00:00	0	1	0	0	0	0	0	0	NULL	NO_REGISTERED_SESSION_SERVER_STOPPED
25730	Esteric	237	RNDBOT369	1	5	10	0	1787955300	2026-08-29 00:15:00	1	NULL	0000-00-00 00:00:00	0	1	0	0	0	0	0	0	NULL	NO_REGISTERED_SESSION_SERVER_STOPPED
25731	Wonibli	237	RNDBOT369	1	1	6	0	1787955296	2026-08-29 00:14:56	1	NULL	0000-00-00 00:00:00	0	1	0	0	0	0	0	0	NULL	NO_REGISTERED_SESSION_SERVER_STOPPED
25732	Dorineve	237	RNDBOT369	1	9	9	0	1787955296	2026-08-29 00:14:56	1	NULL	0000-00-00 00:00:00	0	1	0	0	0	0	0	0	NULL	NO_REGISTERED_SESSION_SERVER_STOPPED
25733	Brinera	238	RNDBOT370	1	1	9	0	1787955290	2026-08-29 00:14:50	1	NULL	0000-00-00 00:00:00	0	1	0	0	0	0	0	0	NULL	NO_REGISTERED_SESSION_SERVER_STOPPED
25734	Jordric	238	RNDBOT370	1	3	9	0	1787955277	2026-08-29 00:14:37	1	NULL	0000-00-00 00:00:00	0	1	0	0	0	0	0	0	NULL	NO_REGISTERED_SESSION_SERVER_STOPPED
25735	Heleneva	238	RNDBOT370	1	4	9	0	1787955272	2026-08-29 00:14:32	1	NULL	0000-00-00 00:00:00	0	1	0	0	0	0	0	0	NULL	NO_REGISTERED_SESSION_SERVER_STOPPED
25736	Paberon	238	RNDBOT370	1	4	9	0	1787955287	2026-08-29 00:14:47	1	NULL	0000-00-00 00:00:00	0	1	0	0	0	0	0	0	NULL	NO_REGISTERED_SESSION_SERVER_STOPPED
25737	Saley	238	RNDBOT370	1	3	10	0	1787955294	2026-08-29 00:14:54	1	NULL	0000-00-00 00:00:00	0	1	0	0	0	0	0	0	NULL	NO_REGISTERED_SESSION_SERVER_STOPPED
25738	Shalsia	238	RNDBOT370	1	3	4	0	1787955281	2026-08-29 00:14:41	1	NULL	0000-00-00 00:00:00	0	1	0	0	0	0	0	0	NULL	NO_REGISTERED_SESSION_SERVER_STOPPED
25739	Heleri	238	RNDBOT370	1	1	1	0	1787955297	2026-08-29 00:14:57	1	NULL	0000-00-00 00:00:00	0	1	0	0	0	0	0	0	NULL	NO_REGISTERED_SESSION_SERVER_STOPPED
25740	Appa	238	RNDBOT370	1	2	1	0	1787955289	2026-08-29 00:14:49	1	NULL	0000-00-00 00:00:00	0	1	0	0	0	0	0	0	NULL	NO_REGISTERED_SESSION_SERVER_STOPPED
25741	Thelyssae	238	RNDBOT370	1	11	4	0	1787955296	2026-08-29 00:14:56	1	NULL	0000-00-00 00:00:00	0	1	0	0	0	0	0	0	NULL	NO_REGISTERED_SESSION_SERVER_STOPPED
25742	Dulrya	239	RNDBOT371	1	4	4	0	1787955294	2026-08-29 00:14:54	1	NULL	0000-00-00 00:00:00	0	1	0	0	0	0	0	0	NULL	NO_REGISTERED_SESSION_SERVER_STOPPED
25743	Artinias	239	RNDBOT371	1	1	10	0	1787955289	2026-08-29 00:14:49	1	NULL	0000-00-00 00:00:00	0	1	0	0	0	0	0	0	NULL	NO_REGISTERED_SESSION_SERVER_STOPPED
25744	Aleny	239	RNDBOT371	1	1	1	0	1787955299	2026-08-29 00:14:59	1	NULL	0000-00-00 00:00:00	0	1	0	0	0	0	0	0	NULL	NO_REGISTERED_SESSION_SERVER_STOPPED
25745	Daetaria	239	RNDBOT371	1	4	4	0	1787955288	2026-08-29 00:14:48	1	NULL	0000-00-00 00:00:00	0	1	0	0	0	0	0	0	NULL	NO_REGISTERED_SESSION_SERVER_STOPPED
25746	Irta	239	RNDBOT371	1	5	10	0	1787955276	2026-08-29 00:14:36	1	NULL	0000-00-00 00:00:00	0	1	0	0	0	0	0	0	NULL	NO_REGISTERED_SESSION_SERVER_STOPPED
25747	Chelenelle	239	RNDBOT371	1	5	10	0	1787955289	2026-08-29 00:14:49	1	NULL	0000-00-00 00:00:00	0	1	0	0	0	0	0	0	NULL	NO_REGISTERED_SESSION_SERVER_STOPPED
25748	Irom	239	RNDBOT371	1	1	3	0	1787955293	2026-08-29 00:14:53	1	NULL	0000-00-00 00:00:00	0	1	0	0	0	0	0	0	NULL	NO_REGISTERED_SESSION_SERVER_STOPPED
25749	Everie	239	RNDBOT371	1	3	1	0	1787955287	2026-08-29 00:14:47	1	NULL	0000-00-00 00:00:00	0	1	0	0	0	0	0	0	NULL	NO_REGISTERED_SESSION_SERVER_STOPPED
25750	Andrannul	239	RNDBOT371	1	4	4	0	1787955285	2026-08-29 00:14:45	1	NULL	0000-00-00 00:00:00	0	1	0	0	0	0	0	0	NULL	NO_REGISTERED_SESSION_SERVER_STOPPED
25751	Icaston	240	RNDBOT372	1	3	1	0	1787955298	2026-08-29 00:14:58	1	NULL	0000-00-00 00:00:00	0	1	0	0	0	0	0	0	NULL	NO_REGISTERED_SESSION_SERVER_STOPPED
25752	Drurhogik	240	RNDBOT372	1	3	3	0	1787955295	2026-08-29 00:14:55	1	NULL	0000-00-00 00:00:00	0	1	0	0	0	0	0	0	NULL	NO_REGISTERED_SESSION_SERVER_STOPPED
25753	Deriam	240	RNDBOT372	1	5	10	0	1787955287	2026-08-29 00:14:47	1	NULL	0000-00-00 00:00:00	0	1	0	0	0	0	0	0	NULL	NO_REGISTERED_SESSION_SERVER_STOPPED
25754	Kelea	240	RNDBOT372	1	3	4	0	1787955273	2026-08-29 00:14:33	1	NULL	0000-00-00 00:00:00	0	1	0	0	0	0	0	0	NULL	NO_REGISTERED_SESSION_SERVER_STOPPED
25755	Othelliam	240	RNDBOT372	1	8	10	0	1787955281	2026-08-29 00:14:41	1	NULL	0000-00-00 00:00:00	0	1	0	0	0	0	0	0	NULL	NO_REGISTERED_SESSION_SERVER_STOPPED
25756	Romad	240	RNDBOT372	1	4	10	0	1787955277	2026-08-29 00:14:37	1	NULL	0000-00-00 00:00:00	0	1	0	0	0	0	0	0	NULL	NO_REGISTERED_SESSION_SERVER_STOPPED
25757	Therene	240	RNDBOT372	1	4	9	0	1787955285	2026-08-29 00:14:45	1	NULL	0000-00-00 00:00:00	0	1	0	0	0	0	0	0	NULL	NO_REGISTERED_SESSION_SERVER_STOPPED
25758	Hailaney	240	RNDBOT372	1	8	10	0	1787955290	2026-08-29 00:14:50	1	NULL	0000-00-00 00:00:00	0	1	0	0	0	0	0	0	NULL	NO_REGISTERED_SESSION_SERVER_STOPPED
25759	Moreni	240	RNDBOT372	1	9	9	0	1787955279	2026-08-29 00:14:39	1	NULL	0000-00-00 00:00:00	0	1	0	0	0	0	0	0	NULL	NO_REGISTERED_SESSION_SERVER_STOPPED
25760	Baramer	241	RNDBOT373	1	3	1	0	1787955290	2026-08-29 00:14:50	1	NULL	0000-00-00 00:00:00	0	1	0	0	0	0	0	0	NULL	NO_REGISTERED_SESSION_SERVER_STOPPED
25761	Cenok	241	RNDBOT373	1	9	5	0	1787955280	2026-08-29 00:14:40	1	NULL	0000-00-00 00:00:00	0	1	0	0	0	0	0	0	NULL	NO_REGISTERED_SESSION_SERVER_STOPPED
25762	Finka	241	RNDBOT373	1	1	1	0	1787955296	2026-08-29 00:14:56	1	NULL	0000-00-00 00:00:00	0	1	0	0	0	0	0	0	NULL	NO_REGISTERED_SESSION_SERVER_STOPPED
25763	Ginaris	241	RNDBOT373	1	8	5	0	1787955282	2026-08-29 00:14:42	1	NULL	0000-00-00 00:00:00	0	1	0	0	0	0	0	0	NULL	NO_REGISTERED_SESSION_SERVER_STOPPED
25764	Astin	241	RNDBOT373	1	4	10	0	1787955288	2026-08-29 00:14:48	1	NULL	0000-00-00 00:00:00	0	1	0	0	0	0	0	0	NULL	NO_REGISTERED_SESSION_SERVER_STOPPED
25765	Tebin	241	RNDBOT373	1	11	6	0	1787955274	2026-08-29 00:14:34	1	NULL	0000-00-00 00:00:00	0	1	0	0	0	0	0	0	NULL	NO_REGISTERED_SESSION_SERVER_STOPPED
25766	Ujemi	241	RNDBOT373	1	11	6	0	1787955290	2026-08-29 00:14:50	1	NULL	0000-00-00 00:00:00	0	1	0	0	0	0	0	0	NULL	NO_REGISTERED_SESSION_SERVER_STOPPED
25767	Reanne	241	RNDBOT373	1	9	5	0	1787955284	2026-08-29 00:14:44	1	NULL	0000-00-00 00:00:00	0	1	0	0	0	0	0	0	NULL	NO_REGISTERED_SESSION_SERVER_STOPPED
25768	Rhydrieth	241	RNDBOT373	1	4	4	0	1787955300	2026-08-29 00:15:00	1	NULL	0000-00-00 00:00:00	0	1	0	0	0	0	0	0	NULL	NO_REGISTERED_SESSION_SERVER_STOPPED
25769	Alini	242	RNDBOT374	1	2	10	0	1787955300	2026-08-29 00:15:00	1	NULL	0000-00-00 00:00:00	0	1	0	0	0	0	0	0	NULL	NO_REGISTERED_SESSION_SERVER_STOPPED
25770	Osbo	242	RNDBOT374	1	4	9	0	1787955275	2026-08-29 00:14:35	1	NULL	0000-00-00 00:00:00	0	1	0	0	0	0	0	0	NULL	NO_REGISTERED_SESSION_SERVER_STOPPED
25771	Thadras	242	RNDBOT374	1	1	4	0	1787955298	2026-08-29 00:14:58	1	NULL	0000-00-00 00:00:00	0	1	0	0	0	0	0	0	NULL	NO_REGISTERED_SESSION_SERVER_STOPPED
25772	Qischo	242	RNDBOT374	1	7	6	0	1787955282	2026-08-29 00:14:42	1	NULL	0000-00-00 00:00:00	0	1	0	0	0	0	0	0	NULL	NO_REGISTERED_SESSION_SERVER_STOPPED
25773	Gurdiuhr	242	RNDBOT374	1	1	3	0	1787955275	2026-08-29 00:14:35	1	NULL	0000-00-00 00:00:00	0	1	0	0	0	0	0	0	NULL	NO_REGISTERED_SESSION_SERVER_STOPPED
25774	Sellotin	242	RNDBOT374	1	2	1	0	1787955277	2026-08-29 00:14:37	1	NULL	0000-00-00 00:00:00	0	1	0	0	0	0	0	0	NULL	NO_REGISTERED_SESSION_SERVER_STOPPED
25775	Rollan	242	RNDBOT374	1	1	9	0	1787955275	2026-08-29 00:14:35	1	NULL	0000-00-00 00:00:00	0	1	0	0	0	0	0	0	NULL	NO_REGISTERED_SESSION_SERVER_STOPPED
25776	Estasta	242	RNDBOT374	1	3	10	0	1787955274	2026-08-29 00:14:34	1	NULL	0000-00-00 00:00:00	0	1	0	0	0	0	0	0	NULL	NO_REGISTERED_SESSION_SERVER_STOPPED
25777	Nostri	242	RNDBOT374	1	9	5	0	1787955277	2026-08-29 00:14:37	1	NULL	0000-00-00 00:00:00	0	1	0	0	0	0	0	0	NULL	NO_REGISTERED_SESSION_SERVER_STOPPED
25778	Lengi	243	RNDBOT375	1	4	1	0	1787955274	2026-08-29 00:14:34	1	NULL	0000-00-00 00:00:00	0	1	0	0	0	0	0	0	NULL	NO_REGISTERED_SESSION_SERVER_STOPPED
25779	Amaryl	243	RNDBOT375	1	5	10	0	1787955279	2026-08-29 00:14:39	1	NULL	0000-00-00 00:00:00	0	1	0	0	0	0	0	0	NULL	NO_REGISTERED_SESSION_SERVER_STOPPED
25780	Merony	243	RNDBOT375	1	2	1	0	1787955271	2026-08-29 00:14:31	1	NULL	0000-00-00 00:00:00	0	1	0	0	0	0	0	0	NULL	NO_REGISTERED_SESSION_SERVER_STOPPED
25781	Calander	243	RNDBOT375	1	3	10	0	1787955282	2026-08-29 00:14:42	1	NULL	0000-00-00 00:00:00	0	1	0	0	0	0	0	0	NULL	NO_REGISTERED_SESSION_SERVER_STOPPED
25782	Nerineri	243	RNDBOT375	1	8	9	0	1787955293	2026-08-29 00:14:53	1	NULL	0000-00-00 00:00:00	0	1	0	0	0	0	0	0	NULL	NO_REGISTERED_SESSION_SERVER_STOPPED
25783	Morto	243	RNDBOT375	1	3	9	0	1787955286	2026-08-29 00:14:46	1	NULL	0000-00-00 00:00:00	0	1	0	0	0	0	0	0	NULL	NO_REGISTERED_SESSION_SERVER_STOPPED
25784	Takum	243	RNDBOT375	1	2	3	0	1787955278	2026-08-29 00:14:38	1	NULL	0000-00-00 00:00:00	0	1	0	0	0	0	0	0	NULL	NO_REGISTERED_SESSION_SERVER_STOPPED
25785	Karabetta	243	RNDBOT375	1	8	1	0	1787955295	2026-08-29 00:14:55	1	NULL	0000-00-00 00:00:00	0	1	0	0	0	0	0	0	NULL	NO_REGISTERED_SESSION_SERVER_STOPPED
25786	Galiver	243	RNDBOT375	1	2	10	0	1787955295	2026-08-29 00:14:55	1	NULL	0000-00-00 00:00:00	0	1	0	0	0	0	0	0	NULL	NO_REGISTERED_SESSION_SERVER_STOPPED
25787	Florius	244	RNDBOT376	1	2	10	0	1787955278	2026-08-29 00:14:38	1	NULL	0000-00-00 00:00:00	0	1	0	0	0	0	0	0	NULL	NO_REGISTERED_SESSION_SERVER_STOPPED
25788	Paloma	244	RNDBOT376	1	3	9	0	1787955294	2026-08-29 00:14:54	1	NULL	0000-00-00 00:00:00	0	1	0	0	0	0	0	0	NULL	NO_REGISTERED_SESSION_SERVER_STOPPED
25789	Sydlass	244	RNDBOT376	1	3	4	0	1787955295	2026-08-29 00:14:55	1	NULL	0000-00-00 00:00:00	0	1	0	0	0	0	0	0	NULL	NO_REGISTERED_SESSION_SERVER_STOPPED
25790	Castones	244	RNDBOT376	1	3	9	0	1787955287	2026-08-29 00:14:47	1	NULL	0000-00-00 00:00:00	0	1	0	0	0	0	0	0	NULL	NO_REGISTERED_SESSION_SERVER_STOPPED
25791	Kiwhuaco	244	RNDBOT376	1	11	6	0	1787955281	2026-08-29 00:14:41	1	NULL	0000-00-00 00:00:00	0	1	0	0	0	0	0	0	NULL	NO_REGISTERED_SESSION_SERVER_STOPPED
25792	Elineria	244	RNDBOT376	1	8	10	0	1787955297	2026-08-29 00:14:57	1	NULL	0000-00-00 00:00:00	0	1	0	0	0	0	0	0	NULL	NO_REGISTERED_SESSION_SERVER_STOPPED
25793	Rhydira	244	RNDBOT376	1	4	4	0	1787955285	2026-08-29 00:14:45	1	NULL	0000-00-00 00:00:00	0	1	0	0	0	0	0	0	NULL	NO_REGISTERED_SESSION_SERVER_STOPPED
25794	Audrey	244	RNDBOT376	1	2	1	0	1787955293	2026-08-29 00:14:53	1	NULL	0000-00-00 00:00:00	0	1	0	0	0	0	0	0	NULL	NO_REGISTERED_SESSION_SERVER_STOPPED
25795	Ronna	244	RNDBOT376	1	2	10	0	1787955295	2026-08-29 00:14:55	1	NULL	0000-00-00 00:00:00	0	1	0	0	0	0	0	0	NULL	NO_REGISTERED_SESSION_SERVER_STOPPED
25796	Kwasho	245	RNDBOT377	1	7	6	0	1787955279	2026-08-29 00:14:39	1	NULL	0000-00-00 00:00:00	0	1	0	0	0	0	0	0	NULL	NO_REGISTERED_SESSION_SERVER_STOPPED
25797	Hodelion	245	RNDBOT377	1	9	9	0	1787955298	2026-08-29 00:14:58	1	NULL	0000-00-00 00:00:00	0	1	0	0	0	0	0	0	NULL	NO_REGISTERED_SESSION_SERVER_STOPPED
25798	Rushaka	245	RNDBOT377	1	3	8	0	1787955279	2026-08-29 00:14:39	1	NULL	0000-00-00 00:00:00	0	1	0	0	0	0	0	0	NULL	NO_REGISTERED_SESSION_SERVER_STOPPED
25799	Nelarino	245	RNDBOT377	1	4	10	0	1787955292	2026-08-29 00:14:52	1	NULL	0000-00-00 00:00:00	0	1	0	0	0	0	0	0	NULL	NO_REGISTERED_SESSION_SERVER_STOPPED
25800	Gracia	245	RNDBOT377	1	4	10	0	1787955288	2026-08-29 00:14:48	1	NULL	0000-00-00 00:00:00	0	1	0	0	0	0	0	0	NULL	NO_REGISTERED_SESSION_SERVER_STOPPED
25801	Astania	245	RNDBOT377	1	3	4	0	1787955284	2026-08-29 00:14:44	1	NULL	0000-00-00 00:00:00	0	1	0	0	0	0	0	0	NULL	NO_REGISTERED_SESSION_SERVER_STOPPED
25802	Weris	245	RNDBOT377	1	4	4	0	1787955284	2026-08-29 00:14:44	1	NULL	0000-00-00 00:00:00	0	1	0	0	0	0	0	0	NULL	NO_REGISTERED_SESSION_SERVER_STOPPED
25803	Hanny	245	RNDBOT377	1	5	10	0	1787955274	2026-08-29 00:14:34	1	NULL	0000-00-00 00:00:00	0	1	0	0	0	0	0	0	NULL	NO_REGISTERED_SESSION_SERVER_STOPPED
25804	Gemmi	245	RNDBOT377	1	8	9	0	1787955291	2026-08-29 00:14:51	1	NULL	0000-00-00 00:00:00	0	1	0	0	0	0	0	0	NULL	NO_REGISTERED_SESSION_SERVER_STOPPED
25805	Aleneva	246	RNDBOT378	1	3	1	0	1787955297	2026-08-29 00:14:57	1	NULL	0000-00-00 00:00:00	0	1	0	0	0	0	0	0	NULL	NO_REGISTERED_SESSION_SERVER_STOPPED
25806	Ceyn	246	RNDBOT378	1	2	10	0	1787955279	2026-08-29 00:14:39	1	NULL	0000-00-00 00:00:00	0	1	0	0	0	0	0	0	NULL	NO_REGISTERED_SESSION_SERVER_STOPPED
25807	Stantian	246	RNDBOT378	1	2	10	0	1787955284	2026-08-29 00:14:44	1	NULL	0000-00-00 00:00:00	0	1	0	0	0	0	0	0	NULL	NO_REGISTERED_SESSION_SERVER_STOPPED
25808	Bevorec	246	RNDBOT378	1	9	9	0	1787955275	2026-08-29 00:14:35	1	NULL	0000-00-00 00:00:00	0	1	0	0	0	0	0	0	NULL	NO_REGISTERED_SESSION_SERVER_STOPPED
25809	Helaney	246	RNDBOT378	1	1	10	0	1787955300	2026-08-29 00:15:00	1	NULL	0000-00-00 00:00:00	0	1	0	0	0	0	0	0	NULL	NO_REGISTERED_SESSION_SERVER_STOPPED
25810	Noliwu	246	RNDBOT378	1	3	8	0	1787955287	2026-08-29 00:14:47	1	NULL	0000-00-00 00:00:00	0	1	0	0	0	0	0	0	NULL	NO_REGISTERED_SESSION_SERVER_STOPPED
25811	Hestania	246	RNDBOT378	1	4	1	0	1787955275	2026-08-29 00:14:35	1	NULL	0000-00-00 00:00:00	0	1	0	0	0	0	0	0	NULL	NO_REGISTERED_SESSION_SERVER_STOPPED
25812	Vellenai	246	RNDBOT378	1	11	4	0	1787955295	2026-08-29 00:14:55	1	NULL	0000-00-00 00:00:00	0	1	0	0	0	0	0	0	NULL	NO_REGISTERED_SESSION_SERVER_STOPPED
25813	Ferina	246	RNDBOT378	1	9	5	0	1787955275	2026-08-29 00:14:35	1	NULL	0000-00-00 00:00:00	0	1	0	0	0	0	0	0	NULL	NO_REGISTERED_SESSION_SERVER_STOPPED
25814	Borolai	247	RNDBOT379	1	1	10	0	1787955282	2026-08-29 00:14:42	1	NULL	0000-00-00 00:00:00	0	1	0	0	0	0	0	0	NULL	NO_REGISTERED_SESSION_SERVER_STOPPED
25815	Gawzy	247	RNDBOT379	1	3	2	0	1787955288	2026-08-29 00:14:48	1	NULL	0000-00-00 00:00:00	0	1	0	0	0	0	0	0	NULL	NO_REGISTERED_SESSION_SERVER_STOPPED
25816	Forrett	247	RNDBOT379	1	4	10	0	1787955296	2026-08-29 00:14:56	1	NULL	0000-00-00 00:00:00	0	1	0	0	0	0	0	0	NULL	NO_REGISTERED_SESSION_SERVER_STOPPED
25817	Estianuel	247	RNDBOT379	1	8	9	0	1787955274	2026-08-29 00:14:34	1	NULL	0000-00-00 00:00:00	0	1	0	0	0	0	0	0	NULL	NO_REGISTERED_SESSION_SERVER_STOPPED
25818	Patkish	247	RNDBOT379	1	8	7	0	1787955284	2026-08-29 00:14:44	1	NULL	0000-00-00 00:00:00	0	1	0	0	0	0	0	0	NULL	NO_REGISTERED_SESSION_SERVER_STOPPED
25819	Patrie	247	RNDBOT379	1	8	10	0	1787955276	2026-08-29 00:14:36	1	NULL	0000-00-00 00:00:00	0	1	0	0	0	0	0	0	NULL	NO_REGISTERED_SESSION_SERVER_STOPPED
25820	Ihpen	247	RNDBOT379	1	7	6	0	1787955292	2026-08-29 00:14:52	1	NULL	0000-00-00 00:00:00	0	1	0	0	0	0	0	0	NULL	NO_REGISTERED_SESSION_SERVER_STOPPED
25821	Damanu	247	RNDBOT379	1	1	1	0	1787955272	2026-08-29 00:14:32	1	NULL	0000-00-00 00:00:00	0	1	0	0	0	0	0	0	NULL	NO_REGISTERED_SESSION_SERVER_STOPPED
25822	Cosephine	247	RNDBOT379	1	9	5	0	1787955283	2026-08-29 00:14:43	1	NULL	0000-00-00 00:00:00	0	1	0	0	0	0	0	0	NULL	NO_REGISTERED_SESSION_SERVER_STOPPED
25823	Endavo	248	RNDBOT380	1	8	10	0	1787955281	2026-08-29 00:14:41	1	NULL	0000-00-00 00:00:00	0	1	0	0	0	0	0	0	NULL	NO_REGISTERED_SESSION_SERVER_STOPPED
25824	Wunjoho	248	RNDBOT380	1	5	8	0	1787955277	2026-08-29 00:14:37	1	NULL	0000-00-00 00:00:00	0	1	0	0	0	0	0	0	NULL	NO_REGISTERED_SESSION_SERVER_STOPPED
25825	Baldrus	248	RNDBOT380	1	4	10	0	1787955295	2026-08-29 00:14:55	1	NULL	0000-00-00 00:00:00	0	1	0	0	0	0	0	0	NULL	NO_REGISTERED_SESSION_SERVER_STOPPED
25826	Elorine	248	RNDBOT380	1	1	10	0	1787955289	2026-08-29 00:14:49	1	NULL	0000-00-00 00:00:00	0	1	0	0	0	0	0	0	NULL	NO_REGISTERED_SESSION_SERVER_STOPPED
25827	Lorellena	248	RNDBOT380	1	3	10	0	1787955272	2026-08-29 00:14:32	1	NULL	0000-00-00 00:00:00	0	1	0	0	0	0	0	0	NULL	NO_REGISTERED_SESSION_SERVER_STOPPED
25828	Ladoril	248	RNDBOT380	1	4	4	0	1787955293	2026-08-29 00:14:53	1	NULL	0000-00-00 00:00:00	0	1	0	0	0	0	0	0	NULL	NO_REGISTERED_SESSION_SERVER_STOPPED
25829	Zahzisho	248	RNDBOT380	1	7	8	0	1787955295	2026-08-29 00:14:55	1	NULL	0000-00-00 00:00:00	0	1	0	0	0	0	0	0	NULL	NO_REGISTERED_SESSION_SERVER_STOPPED
25830	Terennian	248	RNDBOT380	1	1	4	0	1787955291	2026-08-29 00:14:51	1	NULL	0000-00-00 00:00:00	0	1	0	0	0	0	0	0	NULL	NO_REGISTERED_SESSION_SERVER_STOPPED
25831	Myfran	248	RNDBOT380	1	11	4	0	1787955295	2026-08-29 00:14:55	1	NULL	0000-00-00 00:00:00	0	1	0	0	0	0	0	0	NULL	NO_REGISTERED_SESSION_SERVER_STOPPED
25832	Aralai	249	RNDBOT381	1	3	9	0	1787955282	2026-08-29 00:14:42	1	NULL	0000-00-00 00:00:00	0	1	0	0	0	0	0	0	NULL	NO_REGISTERED_SESSION_SERVER_STOPPED
25833	Agatharlo	249	RNDBOT381	1	3	10	0	1787955286	2026-08-29 00:14:46	1	NULL	0000-00-00 00:00:00	0	1	0	0	0	0	0	0	NULL	NO_REGISTERED_SESSION_SERVER_STOPPED
25834	Pasozjeih	249	RNDBOT381	1	4	8	0	1787955295	2026-08-29 00:14:55	1	NULL	0000-00-00 00:00:00	0	1	0	0	0	0	0	0	NULL	NO_REGISTERED_SESSION_SERVER_STOPPED
25835	Finian	249	RNDBOT381	1	1	9	0	1787955293	2026-08-29 00:14:53	1	NULL	0000-00-00 00:00:00	0	1	0	0	0	0	0	0	NULL	NO_REGISTERED_SESSION_SERVER_STOPPED
25836	Ancastor	249	RNDBOT381	1	3	10	0	1787955283	2026-08-29 00:14:43	1	NULL	0000-00-00 00:00:00	0	1	0	0	0	0	0	0	NULL	NO_REGISTERED_SESSION_SERVER_STOPPED
25837	Doriane	249	RNDBOT381	1	3	1	0	1787955292	2026-08-29 00:14:52	1	NULL	0000-00-00 00:00:00	0	1	0	0	0	0	0	0	NULL	NO_REGISTERED_SESSION_SERVER_STOPPED
25838	Oflanku	249	RNDBOT381	1	4	7	0	1787955288	2026-08-29 00:14:48	1	NULL	0000-00-00 00:00:00	0	1	0	0	0	0	0	0	NULL	NO_REGISTERED_SESSION_SERVER_STOPPED
25839	Josti	249	RNDBOT381	1	2	3	0	1787955290	2026-08-29 00:14:50	1	NULL	0000-00-00 00:00:00	0	1	0	0	0	0	0	0	NULL	NO_REGISTERED_SESSION_SERVER_STOPPED
25840	Kilgel	249	RNDBOT381	1	7	2	0	1787955293	2026-08-29 00:14:53	1	NULL	0000-00-00 00:00:00	0	1	0	0	0	0	0	0	NULL	NO_REGISTERED_SESSION_SERVER_STOPPED
25841	Fider	250	RNDBOT382	1	1	9	0	1787955271	2026-08-29 00:14:31	1	NULL	0000-00-00 00:00:00	0	1	0	0	0	0	0	0	NULL	NO_REGISTERED_SESSION_SERVER_STOPPED
25842	Evivi	250	RNDBOT382	1	1	10	0	1787955295	2026-08-29 00:14:55	1	NULL	0000-00-00 00:00:00	0	1	0	0	0	0	0	0	NULL	NO_REGISTERED_SESSION_SERVER_STOPPED
25843	Fahdryn	250	RNDBOT382	1	4	4	0	1787955287	2026-08-29 00:14:47	1	NULL	0000-00-00 00:00:00	0	1	0	0	0	0	0	0	NULL	NO_REGISTERED_SESSION_SERVER_STOPPED
25844	Evieveri	250	RNDBOT382	1	4	9	0	1787955285	2026-08-29 00:14:45	1	NULL	0000-00-00 00:00:00	0	1	0	0	0	0	0	0	NULL	NO_REGISTERED_SESSION_SERVER_STOPPED
25845	Thognag	250	RNDBOT382	1	1	3	0	1787955297	2026-08-29 00:14:57	1	NULL	0000-00-00 00:00:00	0	1	0	0	0	0	0	0	NULL	NO_REGISTERED_SESSION_SERVER_STOPPED
25846	Larinari	250	RNDBOT382	1	2	10	0	1787955281	2026-08-29 00:14:41	1	NULL	0000-00-00 00:00:00	0	1	0	0	0	0	0	0	NULL	NO_REGISTERED_SESSION_SERVER_STOPPED
25847	Lyndelo	250	RNDBOT382	1	4	1	0	1787955278	2026-08-29 00:14:38	1	NULL	0000-00-00 00:00:00	0	1	0	0	0	0	0	0	NULL	NO_REGISTERED_SESSION_SERVER_STOPPED
25848	Nylallaes	250	RNDBOT382	1	5	4	0	1787955298	2026-08-29 00:14:58	1	NULL	0000-00-00 00:00:00	0	1	0	0	0	0	0	0	NULL	NO_REGISTERED_SESSION_SERVER_STOPPED
25849	Galatea	250	RNDBOT382	1	4	10	0	1787955298	2026-08-29 00:14:58	1	NULL	0000-00-00 00:00:00	0	1	0	0	0	0	0	0	NULL	NO_REGISTERED_SESSION_SERVER_STOPPED
25850	Conso	251	RNDBOT383	1	3	10	0	1787955271	2026-08-29 00:14:31	1	NULL	0000-00-00 00:00:00	0	1	0	0	0	0	0	0	NULL	NO_REGISTERED_SESSION_SERVER_STOPPED
25851	Liline	251	RNDBOT383	1	5	1	0	1787955285	2026-08-29 00:14:45	1	NULL	0000-00-00 00:00:00	0	1	0	0	0	0	0	0	NULL	NO_REGISTERED_SESSION_SERVER_STOPPED
25852	Calastin	251	RNDBOT383	1	9	9	0	1787955277	2026-08-29 00:14:37	1	NULL	0000-00-00 00:00:00	0	1	0	0	0	0	0	0	NULL	NO_REGISTERED_SESSION_SERVER_STOPPED
25853	Rineverie	251	RNDBOT383	1	3	9	0	1787955276	2026-08-29 00:14:36	1	NULL	0000-00-00 00:00:00	0	1	0	0	0	0	0	0	NULL	NO_REGISTERED_SESSION_SERVER_STOPPED
25854	Sanno	251	RNDBOT383	1	3	10	0	1787955290	2026-08-29 00:14:50	1	NULL	0000-00-00 00:00:00	0	1	0	0	0	0	0	0	NULL	NO_REGISTERED_SESSION_SERVER_STOPPED
25855	Olani	251	RNDBOT383	1	4	10	0	1787955299	2026-08-29 00:14:59	1	NULL	0000-00-00 00:00:00	0	1	0	0	0	0	0	0	NULL	NO_REGISTERED_SESSION_SERVER_STOPPED
25856	Nolanderio	251	RNDBOT383	1	3	10	0	1787955288	2026-08-29 00:14:48	1	NULL	0000-00-00 00:00:00	0	1	0	0	0	0	0	0	NULL	NO_REGISTERED_SESSION_SERVER_STOPPED
25857	Letille	251	RNDBOT383	1	9	9	0	1787955294	2026-08-29 00:14:54	1	NULL	0000-00-00 00:00:00	0	1	0	0	0	0	0	0	NULL	NO_REGISTERED_SESSION_SERVER_STOPPED
25858	Borent	251	RNDBOT383	1	3	9	0	1787955293	2026-08-29 00:14:53	1	NULL	0000-00-00 00:00:00	0	1	0	0	0	0	0	0	NULL	NO_REGISTERED_SESSION_SERVER_STOPPED
25859	Aminaya	252	RNDBOT384	1	4	10	0	1787955291	2026-08-29 00:14:51	1	NULL	0000-00-00 00:00:00	0	1	0	0	0	0	0	0	NULL	NO_REGISTERED_SESSION_SERVER_STOPPED
25860	Sono	252	RNDBOT384	1	7	2	0	1787955294	2026-08-29 00:14:54	1	NULL	0000-00-00 00:00:00	0	1	0	0	0	0	0	0	NULL	NO_REGISTERED_SESSION_SERVER_STOPPED
25861	Eman	252	RNDBOT384	1	1	1	0	1787955298	2026-08-29 00:14:58	1	NULL	0000-00-00 00:00:00	0	1	0	0	0	0	0	0	NULL	NO_REGISTERED_SESSION_SERVER_STOPPED
25862	Nathorton	252	RNDBOT384	1	9	9	0	1787955294	2026-08-29 00:14:54	1	NULL	0000-00-00 00:00:00	0	1	0	0	0	0	0	0	NULL	NO_REGISTERED_SESSION_SERVER_STOPPED
25863	Sheetkeecom	252	RNDBOT384	1	1	6	0	1787955280	2026-08-29 00:14:40	1	NULL	0000-00-00 00:00:00	0	1	0	0	0	0	0	0	NULL	NO_REGISTERED_SESSION_SERVER_STOPPED
25864	Elicia	252	RNDBOT384	1	3	9	0	1787955274	2026-08-29 00:14:34	1	NULL	0000-00-00 00:00:00	0	1	0	0	0	0	0	0	NULL	NO_REGISTERED_SESSION_SERVER_STOPPED
25865	Penetta	252	RNDBOT384	1	8	9	0	1787955287	2026-08-29 00:14:47	1	NULL	0000-00-00 00:00:00	0	1	0	0	0	0	0	0	NULL	NO_REGISTERED_SESSION_SERVER_STOPPED
25866	Stever	252	RNDBOT384	1	1	9	0	1787955297	2026-08-29 00:14:57	1	NULL	0000-00-00 00:00:00	0	1	0	0	0	0	0	0	NULL	NO_REGISTERED_SESSION_SERVER_STOPPED
25867	Aminie	252	RNDBOT384	1	4	10	0	1787955274	2026-08-29 00:14:34	1	NULL	0000-00-00 00:00:00	0	1	0	0	0	0	0	0	NULL	NO_REGISTERED_SESSION_SERVER_STOPPED
25868	Fyrannul	253	RNDBOT385	1	1	4	0	1787955289	2026-08-29 00:14:49	1	NULL	0000-00-00 00:00:00	0	1	0	0	0	0	0	0	NULL	NO_REGISTERED_SESSION_SERVER_STOPPED
25869	Bregazi	253	RNDBOT385	1	9	2	0	1787955300	2026-08-29 00:15:00	1	NULL	0000-00-00 00:00:00	0	1	0	0	0	0	0	0	NULL	NO_REGISTERED_SESSION_SERVER_STOPPED
25870	Cinetta	253	RNDBOT385	1	3	1	0	1787955291	2026-08-29 00:14:51	1	NULL	0000-00-00 00:00:00	0	1	0	0	0	0	0	0	NULL	NO_REGISTERED_SESSION_SERVER_STOPPED
25871	Gerolan	253	RNDBOT385	1	8	10	0	1787955282	2026-08-29 00:14:42	1	NULL	0000-00-00 00:00:00	0	1	0	0	0	0	0	0	NULL	NO_REGISTERED_SESSION_SERVER_STOPPED
25872	Anigo	253	RNDBOT385	1	8	9	0	1787955279	2026-08-29 00:14:39	1	NULL	0000-00-00 00:00:00	0	1	0	0	0	0	0	0	NULL	NO_REGISTERED_SESSION_SERVER_STOPPED
25873	Everita	253	RNDBOT385	1	5	10	0	1787955289	2026-08-29 00:14:49	1	NULL	0000-00-00 00:00:00	0	1	0	0	0	0	0	0	NULL	NO_REGISTERED_SESSION_SERVER_STOPPED
25874	Minackel	253	RNDBOT385	1	1	6	0	1787955283	2026-08-29 00:14:43	1	NULL	0000-00-00 00:00:00	0	1	0	0	0	0	0	0	NULL	NO_REGISTERED_SESSION_SERVER_STOPPED
25875	Edann	253	RNDBOT385	1	5	3	0	1787955294	2026-08-29 00:14:54	1	NULL	0000-00-00 00:00:00	0	1	0	0	0	0	0	0	NULL	NO_REGISTERED_SESSION_SERVER_STOPPED
25876	Rinarista	253	RNDBOT385	1	1	1	0	1787955297	2026-08-29 00:14:57	1	NULL	0000-00-00 00:00:00	0	1	0	0	0	0	0	0	NULL	NO_REGISTERED_SESSION_SERVER_STOPPED
25877	Shantorin	254	RNDBOT386	1	4	8	0	1787955273	2026-08-29 00:14:33	1	NULL	0000-00-00 00:00:00	0	1	0	0	0	0	0	0	NULL	NO_REGISTERED_SESSION_SERVER_STOPPED
25878	Raphellis	254	RNDBOT386	1	8	10	0	1787955293	2026-08-29 00:14:53	1	NULL	0000-00-00 00:00:00	0	1	0	0	0	0	0	0	NULL	NO_REGISTERED_SESSION_SERVER_STOPPED
25879	Elytaria	254	RNDBOT386	1	3	4	0	1787955291	2026-08-29 00:14:51	1	NULL	0000-00-00 00:00:00	0	1	0	0	0	0	0	0	NULL	NO_REGISTERED_SESSION_SERVER_STOPPED
25880	Enelin	254	RNDBOT386	1	1	10	0	1787955293	2026-08-29 00:14:53	1	NULL	0000-00-00 00:00:00	0	1	0	0	0	0	0	0	NULL	NO_REGISTERED_SESSION_SERVER_STOPPED
25881	Maluthis	254	RNDBOT386	1	4	4	0	1787955296	2026-08-29 00:14:56	1	NULL	0000-00-00 00:00:00	0	1	0	0	0	0	0	0	NULL	NO_REGISTERED_SESSION_SERVER_STOPPED
25882	Sylriana	254	RNDBOT386	1	11	4	0	1787955278	2026-08-29 00:14:38	1	NULL	0000-00-00 00:00:00	0	1	0	0	0	0	0	0	NULL	NO_REGISTERED_SESSION_SERVER_STOPPED
25883	Cregg	254	RNDBOT386	1	3	2	0	1787955280	2026-08-29 00:14:40	1	NULL	0000-00-00 00:00:00	0	1	0	0	0	0	0	0	NULL	NO_REGISTERED_SESSION_SERVER_STOPPED
25884	Stacia	254	RNDBOT386	1	3	10	0	1787955299	2026-08-29 00:14:59	1	NULL	0000-00-00 00:00:00	0	1	0	0	0	0	0	0	NULL	NO_REGISTERED_SESSION_SERVER_STOPPED
25885	Phineriana	254	RNDBOT386	1	2	1	0	1787955272	2026-08-29 00:14:32	1	NULL	0000-00-00 00:00:00	0	1	0	0	0	0	0	0	NULL	NO_REGISTERED_SESSION_SERVER_STOPPED
25886	Grodulfun	255	RNDBOT387	1	3	3	0	1787955283	2026-08-29 00:14:43	1	NULL	0000-00-00 00:00:00	0	1	0	0	0	0	0	0	NULL	NO_REGISTERED_SESSION_SERVER_STOPPED
25887	Zekahzi	255	RNDBOT387	1	7	2	0	1787955274	2026-08-29 00:14:34	1	NULL	0000-00-00 00:00:00	0	1	0	0	0	0	0	0	NULL	NO_REGISTERED_SESSION_SERVER_STOPPED
25888	Arisany	255	RNDBOT387	1	1	10	0	1787955292	2026-08-29 00:14:52	1	NULL	0000-00-00 00:00:00	0	1	0	0	0	0	0	0	NULL	NO_REGISTERED_SESSION_SERVER_STOPPED
25889	Aenea	255	RNDBOT387	1	1	4	0	1787955283	2026-08-29 00:14:43	1	NULL	0000-00-00 00:00:00	0	1	0	0	0	0	0	0	NULL	NO_REGISTERED_SESSION_SERVER_STOPPED
25890	Thalysia	255	RNDBOT387	1	3	4	0	1787955279	2026-08-29 00:14:39	1	NULL	0000-00-00 00:00:00	0	1	0	0	0	0	0	0	NULL	NO_REGISTERED_SESSION_SERVER_STOPPED
25891	Renzo	255	RNDBOT387	1	9	9	0	1787955276	2026-08-29 00:14:36	1	NULL	0000-00-00 00:00:00	0	1	0	0	0	0	0	0	NULL	NO_REGISTERED_SESSION_SERVER_STOPPED
25892	Redam	255	RNDBOT387	1	8	1	0	1787955282	2026-08-29 00:14:42	1	NULL	0000-00-00 00:00:00	0	1	0	0	0	0	0	0	NULL	NO_REGISTERED_SESSION_SERVER_STOPPED
25893	Sirmeoke	255	RNDBOT387	1	11	6	0	1787955275	2026-08-29 00:14:35	1	NULL	0000-00-00 00:00:00	0	1	0	0	0	0	0	0	NULL	NO_REGISTERED_SESSION_SERVER_STOPPED
25894	Arinerio	255	RNDBOT387	1	2	1	0	1787955272	2026-08-29 00:14:32	1	NULL	0000-00-00 00:00:00	0	1	0	0	0	0	0	0	NULL	NO_REGISTERED_SESSION_SERVER_STOPPED
25895	Beatari	256	RNDBOT388	1	2	10	0	1787955275	2026-08-29 00:14:35	1	NULL	0000-00-00 00:00:00	0	1	0	0	0	0	0	0	NULL	NO_REGISTERED_SESSION_SERVER_STOPPED
25896	Azaleri	256	RNDBOT388	1	5	10	0	1787955274	2026-08-29 00:14:34	1	NULL	0000-00-00 00:00:00	0	1	0	0	0	0	0	0	NULL	NO_REGISTERED_SESSION_SERVER_STOPPED
25897	Celestera	256	RNDBOT388	1	1	10	0	1787955276	2026-08-29 00:14:36	1	NULL	0000-00-00 00:00:00	0	1	0	0	0	0	0	0	NULL	NO_REGISTERED_SESSION_SERVER_STOPPED
25898	Merda	256	RNDBOT388	1	9	2	0	1787955274	2026-08-29 00:14:34	1	NULL	0000-00-00 00:00:00	0	1	0	0	0	0	0	0	NULL	NO_REGISTERED_SESSION_SERVER_STOPPED
25899	Iberick	256	RNDBOT388	1	1	10	0	1787955283	2026-08-29 00:14:43	1	NULL	0000-00-00 00:00:00	0	1	0	0	0	0	0	0	NULL	NO_REGISTERED_SESSION_SERVER_STOPPED
25900	Melanny	256	RNDBOT388	1	2	1	0	1787955278	2026-08-29 00:14:38	1	NULL	0000-00-00 00:00:00	0	1	0	0	0	0	0	0	NULL	NO_REGISTERED_SESSION_SERVER_STOPPED
25901	Eristan	256	RNDBOT388	1	8	1	0	1787955293	2026-08-29 00:14:53	1	NULL	0000-00-00 00:00:00	0	1	0	0	0	0	0	0	NULL	NO_REGISTERED_SESSION_SERVER_STOPPED
25902	Prollio	256	RNDBOT388	1	8	10	0	1787955279	2026-08-29 00:14:39	1	NULL	0000-00-00 00:00:00	0	1	0	0	0	0	0	0	NULL	NO_REGISTERED_SESSION_SERVER_STOPPED
25903	Rora	256	RNDBOT388	1	8	10	0	1787955283	2026-08-29 00:14:43	1	NULL	0000-00-00 00:00:00	0	1	0	0	0	0	0	0	NULL	NO_REGISTERED_SESSION_SERVER_STOPPED
25904	Brielamy	257	RNDBOT389	1	5	10	0	1787955275	2026-08-29 00:14:35	1	NULL	0000-00-00 00:00:00	0	1	0	0	0	0	0	0	NULL	NO_REGISTERED_SESSION_SERVER_STOPPED
25905	Ferenz	257	RNDBOT389	1	1	10	0	1787955281	2026-08-29 00:14:41	1	NULL	0000-00-00 00:00:00	0	1	0	0	0	0	0	0	NULL	NO_REGISTERED_SESSION_SERVER_STOPPED
25906	Zermond	257	RNDBOT389	1	8	1	0	1787955278	2026-08-29 00:14:38	1	NULL	0000-00-00 00:00:00	0	1	0	0	0	0	0	0	NULL	NO_REGISTERED_SESSION_SERVER_STOPPED
25907	Enac	257	RNDBOT389	1	1	1	0	1787955271	2026-08-29 00:14:31	1	NULL	0000-00-00 00:00:00	0	1	0	0	0	0	0	0	NULL	NO_REGISTERED_SESSION_SERVER_STOPPED
25908	Jarii	257	RNDBOT389	1	3	4	0	1787955290	2026-08-29 00:14:50	1	NULL	0000-00-00 00:00:00	0	1	0	0	0	0	0	0	NULL	NO_REGISTERED_SESSION_SERVER_STOPPED
25909	Jilzir	257	RNDBOT389	1	7	8	0	1787955284	2026-08-29 00:14:44	1	NULL	0000-00-00 00:00:00	0	1	0	0	0	0	0	0	NULL	NO_REGISTERED_SESSION_SERVER_STOPPED
25910	Zerielani	257	RNDBOT389	1	9	9	0	1787955297	2026-08-29 00:14:57	1	NULL	0000-00-00 00:00:00	0	1	0	0	0	0	0	0	NULL	NO_REGISTERED_SESSION_SERVER_STOPPED
25911	Hehriwi	257	RNDBOT389	1	7	8	0	1787955272	2026-08-29 00:14:32	1	NULL	0000-00-00 00:00:00	0	1	0	0	0	0	0	0	NULL	NO_REGISTERED_SESSION_SERVER_STOPPED
25912	Morran	257	RNDBOT389	1	1	10	0	1787955287	2026-08-29 00:14:47	1	NULL	0000-00-00 00:00:00	0	1	0	0	0	0	0	0	NULL	NO_REGISTERED_SESSION_SERVER_STOPPED
25913	Galerin	258	RNDBOT390	1	4	5	0	1787955275	2026-08-29 00:14:35	1	NULL	0000-00-00 00:00:00	0	1	0	0	0	0	0	0	NULL	NO_REGISTERED_SESSION_SERVER_STOPPED
25914	Bevonrad	258	RNDBOT390	1	3	9	0	1787955297	2026-08-29 00:14:57	1	NULL	0000-00-00 00:00:00	0	1	0	0	0	0	0	0	NULL	NO_REGISTERED_SESSION_SERVER_STOPPED
25915	Dorinasha	258	RNDBOT390	1	4	4	0	1787955296	2026-08-29 00:14:56	1	NULL	0000-00-00 00:00:00	0	1	0	0	0	0	0	0	NULL	NO_REGISTERED_SESSION_SERVER_STOPPED
25916	Justa	258	RNDBOT390	1	1	5	0	1787955300	2026-08-29 00:15:00	1	NULL	0000-00-00 00:00:00	0	1	0	0	0	0	0	0	NULL	NO_REGISTERED_SESSION_SERVER_STOPPED
25917	Nellene	258	RNDBOT390	1	8	9	0	1787955297	2026-08-29 00:14:57	1	NULL	0000-00-00 00:00:00	0	1	0	0	0	0	0	0	NULL	NO_REGISTERED_SESSION_SERVER_STOPPED
25918	Zogi	258	RNDBOT390	1	11	6	0	1787955295	2026-08-29 00:14:55	1	NULL	0000-00-00 00:00:00	0	1	0	0	0	0	0	0	NULL	NO_REGISTERED_SESSION_SERVER_STOPPED
25919	Crotzun	258	RNDBOT390	1	3	2	0	1787955288	2026-08-29 00:14:48	1	NULL	0000-00-00 00:00:00	0	1	0	0	0	0	0	0	NULL	NO_REGISTERED_SESSION_SERVER_STOPPED
25920	Shylilleath	258	RNDBOT390	1	11	4	0	1787955300	2026-08-29 00:15:00	1	NULL	0000-00-00 00:00:00	0	1	0	0	0	0	0	0	NULL	NO_REGISTERED_SESSION_SERVER_STOPPED
25921	Ibriel	258	RNDBOT390	1	3	9	0	1787955298	2026-08-29 00:14:58	1	NULL	0000-00-00 00:00:00	0	1	0	0	0	0	0	0	NULL	NO_REGISTERED_SESSION_SERVER_STOPPED
25922	Kendrian	259	RNDBOT391	1	4	10	0	1787955291	2026-08-29 00:14:51	1	NULL	0000-00-00 00:00:00	0	1	0	0	0	0	0	0	NULL	NO_REGISTERED_SESSION_SERVER_STOPPED
25923	Fonmote	259	RNDBOT391	1	1	2	0	1787955284	2026-08-29 00:14:44	1	NULL	0000-00-00 00:00:00	0	1	0	0	0	0	0	0	NULL	NO_REGISTERED_SESSION_SERVER_STOPPED
25924	Zerita	259	RNDBOT391	1	3	10	0	1787955275	2026-08-29 00:14:35	1	NULL	0000-00-00 00:00:00	0	1	0	0	0	0	0	0	NULL	NO_REGISTERED_SESSION_SERVER_STOPPED
25925	Pastin	259	RNDBOT391	1	8	5	0	1787955273	2026-08-29 00:14:33	1	NULL	0000-00-00 00:00:00	0	1	0	0	0	0	0	0	NULL	NO_REGISTERED_SESSION_SERVER_STOPPED
25926	Daristos	259	RNDBOT391	1	3	10	0	1787955295	2026-08-29 00:14:55	1	NULL	0000-00-00 00:00:00	0	1	0	0	0	0	0	0	NULL	NO_REGISTERED_SESSION_SERVER_STOPPED
25927	Bevan	259	RNDBOT391	1	8	9	0	1787955291	2026-08-29 00:14:51	1	NULL	0000-00-00 00:00:00	0	1	0	0	0	0	0	0	NULL	NO_REGISTERED_SESSION_SERVER_STOPPED
25928	Ferrestor	259	RNDBOT391	1	4	10	0	1787955276	2026-08-29 00:14:36	1	NULL	0000-00-00 00:00:00	0	1	0	0	0	0	0	0	NULL	NO_REGISTERED_SESSION_SERVER_STOPPED
25929	Galateri	259	RNDBOT391	1	3	10	0	1787955274	2026-08-29 00:14:34	1	NULL	0000-00-00 00:00:00	0	1	0	0	0	0	0	0	NULL	NO_REGISTERED_SESSION_SERVER_STOPPED
25930	Fimejo	259	RNDBOT391	1	3	8	0	1787955272	2026-08-29 00:14:32	1	NULL	0000-00-00 00:00:00	0	1	0	0	0	0	0	0	NULL	NO_REGISTERED_SESSION_SERVER_STOPPED
25931	Glimkeenk	260	RNDBOT392	1	9	7	0	1787955294	2026-08-29 00:14:54	1	NULL	0000-00-00 00:00:00	0	1	0	0	0	0	0	0	NULL	NO_REGISTERED_SESSION_SERVER_STOPPED
25932	Chelenie	260	RNDBOT392	1	3	1	0	1787955283	2026-08-29 00:14:43	1	NULL	0000-00-00 00:00:00	0	1	0	0	0	0	0	0	NULL	NO_REGISTERED_SESSION_SERVER_STOPPED
25933	Elanden	260	RNDBOT392	1	1	10	0	1787955271	2026-08-29 00:14:31	1	NULL	0000-00-00 00:00:00	0	1	0	0	0	0	0	0	NULL	NO_REGISTERED_SESSION_SERVER_STOPPED
25934	Clarianna	260	RNDBOT392	1	9	9	0	1787955295	2026-08-29 00:14:55	1	NULL	0000-00-00 00:00:00	0	1	0	0	0	0	0	0	NULL	NO_REGISTERED_SESSION_SERVER_STOPPED
25935	Dilanie	260	RNDBOT392	1	1	9	0	1787955276	2026-08-29 00:14:36	1	NULL	0000-00-00 00:00:00	0	1	0	0	0	0	0	0	NULL	NO_REGISTERED_SESSION_SERVER_STOPPED
25936	Heliane	260	RNDBOT392	1	1	9	0	1787955298	2026-08-29 00:14:58	1	NULL	0000-00-00 00:00:00	0	1	0	0	0	0	0	0	NULL	NO_REGISTERED_SESSION_SERVER_STOPPED
25937	Zuhejin	260	RNDBOT392	1	4	8	0	1787955300	2026-08-29 00:15:00	1	NULL	0000-00-00 00:00:00	0	1	0	0	0	0	0	0	NULL	NO_REGISTERED_SESSION_SERVER_STOPPED
25938	Nelinari	260	RNDBOT392	1	3	9	0	1787955300	2026-08-29 00:15:00	1	NULL	0000-00-00 00:00:00	0	1	0	0	0	0	0	0	NULL	NO_REGISTERED_SESSION_SERVER_STOPPED
25939	Evenard	260	RNDBOT392	1	8	5	0	1787955280	2026-08-29 00:14:40	1	NULL	0000-00-00 00:00:00	0	1	0	0	0	0	0	0	NULL	NO_REGISTERED_SESSION_SERVER_STOPPED
25940	Shalurraw	261	RNDBOT393	1	3	6	0	1787955294	2026-08-29 00:14:54	1	NULL	0000-00-00 00:00:00	0	1	0	0	0	0	0	0	NULL	NO_REGISTERED_SESSION_SERVER_STOPPED
25941	Damond	261	RNDBOT393	1	2	10	0	1787955298	2026-08-29 00:14:58	1	NULL	0000-00-00 00:00:00	0	1	0	0	0	0	0	0	NULL	NO_REGISTERED_SESSION_SERVER_STOPPED
25942	Grild	261	RNDBOT393	1	1	2	0	1787955279	2026-08-29 00:14:39	1	NULL	0000-00-00 00:00:00	0	1	0	0	0	0	0	0	NULL	NO_REGISTERED_SESSION_SERVER_STOPPED
25943	Lonnizas	261	RNDBOT393	1	3	6	0	1787955280	2026-08-29 00:14:40	1	NULL	0000-00-00 00:00:00	0	1	0	0	0	0	0	0	NULL	NO_REGISTERED_SESSION_SERVER_STOPPED
25944	Merald	261	RNDBOT393	1	4	9	0	1787955272	2026-08-29 00:14:32	1	NULL	0000-00-00 00:00:00	0	1	0	0	0	0	0	0	NULL	NO_REGISTERED_SESSION_SERVER_STOPPED
25945	Arandel	261	RNDBOT393	1	2	1	0	1787955271	2026-08-29 00:14:31	1	NULL	0000-00-00 00:00:00	0	1	0	0	0	0	0	0	NULL	NO_REGISTERED_SESSION_SERVER_STOPPED
25946	Samarinne	261	RNDBOT393	1	8	10	0	1787955295	2026-08-29 00:14:55	1	NULL	0000-00-00 00:00:00	0	1	0	0	0	0	0	0	NULL	NO_REGISTERED_SESSION_SERVER_STOPPED
25947	Bonelan	261	RNDBOT393	1	1	10	0	1787955295	2026-08-29 00:14:55	1	NULL	0000-00-00 00:00:00	0	1	0	0	0	0	0	0	NULL	NO_REGISTERED_SESSION_SERVER_STOPPED
25948	Abriel	261	RNDBOT393	1	4	1	0	1787955285	2026-08-29 00:14:45	1	NULL	0000-00-00 00:00:00	0	1	0	0	0	0	0	0	NULL	NO_REGISTERED_SESSION_SERVER_STOPPED
25949	Itheetluck	262	RNDBOT394	1	9	7	0	1787955286	2026-08-29 00:14:46	1	NULL	0000-00-00 00:00:00	0	1	0	0	0	0	0	0	NULL	NO_REGISTERED_SESSION_SERVER_STOPPED
25950	Goqow	262	RNDBOT394	1	7	6	0	1787955294	2026-08-29 00:14:54	1	NULL	0000-00-00 00:00:00	0	1	0	0	0	0	0	0	NULL	NO_REGISTERED_SESSION_SERVER_STOPPED
25951	Isanu	262	RNDBOT394	1	5	5	0	1787955294	2026-08-29 00:14:54	1	NULL	0000-00-00 00:00:00	0	1	0	0	0	0	0	0	NULL	NO_REGISTERED_SESSION_SERVER_STOPPED
25952	Tediop	262	RNDBOT394	1	7	6	0	1787955272	2026-08-29 00:14:32	1	NULL	0000-00-00 00:00:00	0	1	0	0	0	0	0	0	NULL	NO_REGISTERED_SESSION_SERVER_STOPPED
25953	Calthena	262	RNDBOT394	1	4	9	0	1787955287	2026-08-29 00:14:47	1	NULL	0000-00-00 00:00:00	0	1	0	0	0	0	0	0	NULL	NO_REGISTERED_SESSION_SERVER_STOPPED
25954	Tzahkian	262	RNDBOT394	1	4	8	0	1787955285	2026-08-29 00:14:45	1	NULL	0000-00-00 00:00:00	0	1	0	0	0	0	0	0	NULL	NO_REGISTERED_SESSION_SERVER_STOPPED
25955	Chanza	262	RNDBOT394	1	3	9	0	1787955293	2026-08-29 00:14:53	1	NULL	0000-00-00 00:00:00	0	1	0	0	0	0	0	0	NULL	NO_REGISTERED_SESSION_SERVER_STOPPED
25956	Estellene	262	RNDBOT394	1	3	9	0	1787955286	2026-08-29 00:14:46	1	NULL	0000-00-00 00:00:00	0	1	0	0	0	0	0	0	NULL	NO_REGISTERED_SESSION_SERVER_STOPPED
25957	Aliuhr	262	RNDBOT394	1	3	3	0	1787955287	2026-08-29 00:14:47	1	NULL	0000-00-00 00:00:00	0	1	0	0	0	0	0	0	NULL	NO_REGISTERED_SESSION_SERVER_STOPPED
25958	Orentinic	263	RNDBOT395	1	3	10	0	1787955287	2026-08-29 00:14:47	1	NULL	0000-00-00 00:00:00	0	1	0	0	0	0	0	0	NULL	NO_REGISTERED_SESSION_SERVER_STOPPED
25959	Nevanne	263	RNDBOT395	1	5	10	0	1787955275	2026-08-29 00:14:35	1	NULL	0000-00-00 00:00:00	0	1	0	0	0	0	0	0	NULL	NO_REGISTERED_SESSION_SERVER_STOPPED
25960	Parac	263	RNDBOT395	1	5	10	0	1787955300	2026-08-29 00:15:00	1	NULL	0000-00-00 00:00:00	0	1	0	0	0	0	0	0	NULL	NO_REGISTERED_SESSION_SERVER_STOPPED
25961	Alatarini	263	RNDBOT395	1	8	1	0	1787955273	2026-08-29 00:14:33	1	NULL	0000-00-00 00:00:00	0	1	0	0	0	0	0	0	NULL	NO_REGISTERED_SESSION_SERVER_STOPPED
25962	Talianey	263	RNDBOT395	1	3	1	0	1787955298	2026-08-29 00:14:58	1	NULL	0000-00-00 00:00:00	0	1	0	0	0	0	0	0	NULL	NO_REGISTERED_SESSION_SERVER_STOPPED
25963	Heretta	263	RNDBOT395	1	1	9	0	1787955277	2026-08-29 00:14:37	1	NULL	0000-00-00 00:00:00	0	1	0	0	0	0	0	0	NULL	NO_REGISTERED_SESSION_SERVER_STOPPED
25964	Estemar	263	RNDBOT395	1	4	9	0	1787955296	2026-08-29 00:14:56	1	NULL	0000-00-00 00:00:00	0	1	0	0	0	0	0	0	NULL	NO_REGISTERED_SESSION_SERVER_STOPPED
25965	Amarinna	263	RNDBOT395	1	5	5	0	1787955289	2026-08-29 00:14:49	1	NULL	0000-00-00 00:00:00	0	1	0	0	0	0	0	0	NULL	NO_REGISTERED_SESSION_SERVER_STOPPED
25966	Talorian	263	RNDBOT395	1	4	1	0	1787955299	2026-08-29 00:14:59	1	NULL	0000-00-00 00:00:00	0	1	0	0	0	0	0	0	NULL	NO_REGISTERED_SESSION_SERVER_STOPPED
25967	Lineveria	264	RNDBOT396	1	1	9	0	1787955274	2026-08-29 00:14:34	1	NULL	0000-00-00 00:00:00	0	1	0	0	0	0	0	0	NULL	NO_REGISTERED_SESSION_SERVER_STOPPED
25968	Adelsa	264	RNDBOT396	1	3	9	0	1787955299	2026-08-29 00:14:59	1	NULL	0000-00-00 00:00:00	0	1	0	0	0	0	0	0	NULL	NO_REGISTERED_SESSION_SERVER_STOPPED
25969	Tomon	264	RNDBOT396	1	5	10	0	1787955277	2026-08-29 00:14:37	1	NULL	0000-00-00 00:00:00	0	1	0	0	0	0	0	0	NULL	NO_REGISTERED_SESSION_SERVER_STOPPED
25970	Omkank	264	RNDBOT396	1	4	7	0	1787955290	2026-08-29 00:14:50	1	NULL	0000-00-00 00:00:00	0	1	0	0	0	0	0	0	NULL	NO_REGISTERED_SESSION_SERVER_STOPPED
25971	Jonato	264	RNDBOT396	1	2	10	0	1787955285	2026-08-29 00:14:45	1	NULL	0000-00-00 00:00:00	0	1	0	0	0	0	0	0	NULL	NO_REGISTERED_SESSION_SERVER_STOPPED
25972	Kumeelos	264	RNDBOT396	1	8	7	0	1787955297	2026-08-29 00:14:57	1	NULL	0000-00-00 00:00:00	0	1	0	0	0	0	0	0	NULL	NO_REGISTERED_SESSION_SERVER_STOPPED
25973	Sahrishun	264	RNDBOT396	1	2	3	0	1787955300	2026-08-29 00:15:00	1	NULL	0000-00-00 00:00:00	0	1	0	0	0	0	0	0	NULL	NO_REGISTERED_SESSION_SERVER_STOPPED
25974	Aezdu	264	RNDBOT396	1	4	8	0	1787955293	2026-08-29 00:14:53	1	NULL	0000-00-00 00:00:00	0	1	0	0	0	0	0	0	NULL	NO_REGISTERED_SESSION_SERVER_STOPPED
25975	Hunundonn	264	RNDBOT396	1	5	3	0	1787955294	2026-08-29 00:14:54	1	NULL	0000-00-00 00:00:00	0	1	0	0	0	0	0	0	NULL	NO_REGISTERED_SESSION_SERVER_STOPPED
25976	Zevorin	265	RNDBOT397	1	2	10	0	1787955278	2026-08-29 00:14:38	1	NULL	0000-00-00 00:00:00	0	1	0	0	0	0	0	0	NULL	NO_REGISTERED_SESSION_SERVER_STOPPED
25977	Astan	265	RNDBOT397	1	8	9	0	1787955289	2026-08-29 00:14:49	1	NULL	0000-00-00 00:00:00	0	1	0	0	0	0	0	0	NULL	NO_REGISTERED_SESSION_SERVER_STOPPED
25978	Kinarini	265	RNDBOT397	1	3	10	0	1787955285	2026-08-29 00:14:45	1	NULL	0000-00-00 00:00:00	0	1	0	0	0	0	0	0	NULL	NO_REGISTERED_SESSION_SERVER_STOPPED
25979	Shalin	265	RNDBOT397	1	3	4	0	1787955291	2026-08-29 00:14:51	1	NULL	0000-00-00 00:00:00	0	1	0	0	0	0	0	0	NULL	NO_REGISTERED_SESSION_SERVER_STOPPED
25980	Neliani	265	RNDBOT397	1	1	9	0	1787955289	2026-08-29 00:14:49	1	NULL	0000-00-00 00:00:00	0	1	0	0	0	0	0	0	NULL	NO_REGISTERED_SESSION_SERVER_STOPPED
25981	Daedam	265	RNDBOT397	1	1	9	0	1787955295	2026-08-29 00:14:55	1	NULL	0000-00-00 00:00:00	0	1	0	0	0	0	0	0	NULL	NO_REGISTERED_SESSION_SERVER_STOPPED
25982	Yllean	265	RNDBOT397	1	3	4	0	1787955275	2026-08-29 00:14:35	1	NULL	0000-00-00 00:00:00	0	1	0	0	0	0	0	0	NULL	NO_REGISTERED_SESSION_SERVER_STOPPED
25983	Gaznuta	265	RNDBOT397	1	1	2	0	1787955289	2026-08-29 00:14:49	1	NULL	0000-00-00 00:00:00	0	1	0	0	0	0	0	0	NULL	NO_REGISTERED_SESSION_SERVER_STOPPED
25984	Uraimon	265	RNDBOT397	1	5	5	0	1787955298	2026-08-29 00:14:58	1	NULL	0000-00-00 00:00:00	0	1	0	0	0	0	0	0	NULL	NO_REGISTERED_SESSION_SERVER_STOPPED
25985	Heritney	266	RNDBOT398	1	1	10	0	1787955275	2026-08-29 00:14:35	1	NULL	0000-00-00 00:00:00	0	1	0	0	0	0	0	0	NULL	NO_REGISTERED_SESSION_SERVER_STOPPED
25986	Hitti	266	RNDBOT398	1	1	6	0	1787955274	2026-08-29 00:14:34	1	NULL	0000-00-00 00:00:00	0	1	0	0	0	0	0	0	NULL	NO_REGISTERED_SESSION_SERVER_STOPPED
25987	Hohdu	266	RNDBOT398	1	3	8	0	1787955273	2026-08-29 00:14:33	1	NULL	0000-00-00 00:00:00	0	1	0	0	0	0	0	0	NULL	NO_REGISTERED_SESSION_SERVER_STOPPED
25988	Jaelrai	266	RNDBOT398	1	4	4	0	1787955297	2026-08-29 00:14:57	1	NULL	0000-00-00 00:00:00	0	1	0	0	0	0	0	0	NULL	NO_REGISTERED_SESSION_SERVER_STOPPED
25989	Alenia	266	RNDBOT398	1	3	10	0	1787955277	2026-08-29 00:14:37	1	NULL	0000-00-00 00:00:00	0	1	0	0	0	0	0	0	NULL	NO_REGISTERED_SESSION_SERVER_STOPPED
25990	Lennoren	266	RNDBOT398	1	9	9	0	1787955271	2026-08-29 00:14:31	1	NULL	0000-00-00 00:00:00	0	1	0	0	0	0	0	0	NULL	NO_REGISTERED_SESSION_SERVER_STOPPED
25991	Sotchesosu	266	RNDBOT398	1	7	6	0	1787955279	2026-08-29 00:14:39	1	NULL	0000-00-00 00:00:00	0	1	0	0	0	0	0	0	NULL	NO_REGISTERED_SESSION_SERVER_STOPPED
25992	Minnish	266	RNDBOT398	1	8	7	0	1787955300	2026-08-29 00:15:00	1	NULL	0000-00-00 00:00:00	0	1	0	0	0	0	0	0	NULL	NO_REGISTERED_SESSION_SERVER_STOPPED
25993	Milome	266	RNDBOT398	1	1	9	0	1787955286	2026-08-29 00:14:46	1	NULL	0000-00-00 00:00:00	0	1	0	0	0	0	0	0	NULL	NO_REGISTERED_SESSION_SERVER_STOPPED
25994	Ronidam	267	RNDBOT399	1	3	1	0	1787955291	2026-08-29 00:14:51	1	NULL	0000-00-00 00:00:00	0	1	0	0	0	0	0	0	NULL	NO_REGISTERED_SESSION_SERVER_STOPPED
25995	Ellandy	267	RNDBOT399	1	5	5	0	1787955292	2026-08-29 00:14:52	1	NULL	0000-00-00 00:00:00	0	1	0	0	0	0	0	0	NULL	NO_REGISTERED_SESSION_SERVER_STOPPED
25996	Corianne	267	RNDBOT399	1	5	5	0	1787955287	2026-08-29 00:14:47	1	NULL	0000-00-00 00:00:00	0	1	0	0	0	0	0	0	NULL	NO_REGISTERED_SESSION_SERVER_STOPPED
25997	Sandelian	267	RNDBOT399	1	1	9	0	1787955272	2026-08-29 00:14:32	1	NULL	0000-00-00 00:00:00	0	1	0	0	0	0	0	0	NULL	NO_REGISTERED_SESSION_SERVER_STOPPED
25998	Vandelion	267	RNDBOT399	1	5	10	0	1787955291	2026-08-29 00:14:51	1	NULL	0000-00-00 00:00:00	0	1	0	0	0	0	0	0	NULL	NO_REGISTERED_SESSION_SERVER_STOPPED
25999	Chandy	267	RNDBOT399	1	1	10	0	1787955274	2026-08-29 00:14:34	1	NULL	0000-00-00 00:00:00	0	1	0	0	0	0	0	0	NULL	NO_REGISTERED_SESSION_SERVER_STOPPED
26000	Phillea	267	RNDBOT399	1	4	10	0	1787955299	2026-08-29 00:14:59	1	NULL	0000-00-00 00:00:00	0	1	0	0	0	0	0	0	NULL	NO_REGISTERED_SESSION_SERVER_STOPPED
26001	Denrin	267	RNDBOT399	1	1	4	0	1787955298	2026-08-29 00:14:58	1	NULL	0000-00-00 00:00:00	0	1	0	0	0	0	0	0	NULL	NO_REGISTERED_SESSION_SERVER_STOPPED
26002	Mineri	267	RNDBOT399	1	1	10	0	1787955275	2026-08-29 00:14:35	1	NULL	0000-00-00 00:00:00	0	1	0	0	0	0	0	0	NULL	NO_REGISTERED_SESSION_SERVER_STOPPED
26003	Dorianu	268	RNDBOT400	1	3	9	0	1787955286	2026-08-29 00:14:46	1	NULL	0000-00-00 00:00:00	0	1	0	0	0	0	0	0	NULL	NO_REGISTERED_SESSION_SERVER_STOPPED
26004	Lorreno	268	RNDBOT400	1	2	10	0	1787955293	2026-08-29 00:14:53	1	NULL	0000-00-00 00:00:00	0	1	0	0	0	0	0	0	NULL	NO_REGISTERED_SESSION_SERVER_STOPPED
26005	Dillene	268	RNDBOT400	1	3	9	0	1787955288	2026-08-29 00:14:48	1	NULL	0000-00-00 00:00:00	0	1	0	0	0	0	0	0	NULL	NO_REGISTERED_SESSION_SERVER_STOPPED
26006	Elseah	268	RNDBOT400	1	2	10	0	1787955284	2026-08-29 00:14:44	1	NULL	0000-00-00 00:00:00	0	1	0	0	0	0	0	0	NULL	NO_REGISTERED_SESSION_SERVER_STOPPED
26007	Emerianca	268	RNDBOT400	1	4	10	0	1787955277	2026-08-29 00:14:37	1	NULL	0000-00-00 00:00:00	0	1	0	0	0	0	0	0	NULL	NO_REGISTERED_SESSION_SERVER_STOPPED
26008	Foltand	268	RNDBOT400	1	3	9	0	1787955281	2026-08-29 00:14:41	1	NULL	0000-00-00 00:00:00	0	1	0	0	0	0	0	0	NULL	NO_REGISTERED_SESSION_SERVER_STOPPED
26009	Noreliana	268	RNDBOT400	1	3	1	0	1787955290	2026-08-29 00:14:50	1	NULL	0000-00-00 00:00:00	0	1	0	0	0	0	0	0	NULL	NO_REGISTERED_SESSION_SERVER_STOPPED
26010	Bralter	268	RNDBOT400	1	4	5	0	1787955293	2026-08-29 00:14:53	1	NULL	0000-00-00 00:00:00	0	1	0	0	0	0	0	0	NULL	NO_REGISTERED_SESSION_SERVER_STOPPED
26011	Lucilleni	268	RNDBOT400	1	5	5	0	1787955295	2026-08-29 00:14:55	1	NULL	0000-00-00 00:00:00	0	1	0	0	0	0	0	0	NULL	NO_REGISTERED_SESSION_SERVER_STOPPED
26012	Yolanie	269	RNDBOT401	1	4	9	0	1787955277	2026-08-29 00:14:37	1	NULL	0000-00-00 00:00:00	0	1	0	0	0	0	0	0	NULL	NO_REGISTERED_SESSION_SERVER_STOPPED
26013	Tarcy	269	RNDBOT401	1	8	9	0	1787955272	2026-08-29 00:14:32	1	NULL	0000-00-00 00:00:00	0	1	0	0	0	0	0	0	NULL	NO_REGISTERED_SESSION_SERVER_STOPPED
26014	Oulan	269	RNDBOT401	1	1	3	0	1787955279	2026-08-29 00:14:39	1	NULL	0000-00-00 00:00:00	0	1	0	0	0	0	0	0	NULL	NO_REGISTERED_SESSION_SERVER_STOPPED
26015	Yllodraen	269	RNDBOT401	1	4	4	0	1787955287	2026-08-29 00:14:47	1	NULL	0000-00-00 00:00:00	0	1	0	0	0	0	0	0	NULL	NO_REGISTERED_SESSION_SERVER_STOPPED
26016	Adoriana	269	RNDBOT401	1	9	5	0	1787955288	2026-08-29 00:14:48	1	NULL	0000-00-00 00:00:00	0	1	0	0	0	0	0	0	NULL	NO_REGISTERED_SESSION_SERVER_STOPPED
26017	Trognoh	269	RNDBOT401	1	4	8	0	1787955283	2026-08-29 00:14:43	1	NULL	0000-00-00 00:00:00	0	1	0	0	0	0	0	0	NULL	NO_REGISTERED_SESSION_SERVER_STOPPED
26018	Simuirthok	269	RNDBOT401	1	2	3	0	1787955283	2026-08-29 00:14:43	1	NULL	0000-00-00 00:00:00	0	1	0	0	0	0	0	0	NULL	NO_REGISTERED_SESSION_SERVER_STOPPED
26019	Muren	269	RNDBOT401	1	4	9	0	1787955284	2026-08-29 00:14:44	1	NULL	0000-00-00 00:00:00	0	1	0	0	0	0	0	0	NULL	NO_REGISTERED_SESSION_SERVER_STOPPED
26020	Domdum	269	RNDBOT401	1	3	3	0	1787955290	2026-08-29 00:14:50	1	NULL	0000-00-00 00:00:00	0	1	0	0	0	0	0	0	NULL	NO_REGISTERED_SESSION_SERVER_STOPPED
26021	Aldoric	270	RNDBOT402	1	5	1	0	1787955283	2026-08-29 00:14:43	1	NULL	0000-00-00 00:00:00	0	1	0	0	0	0	0	0	NULL	NO_REGISTERED_SESSION_SERVER_STOPPED
26022	Peranco	270	RNDBOT402	1	4	9	0	1787955272	2026-08-29 00:14:32	1	NULL	0000-00-00 00:00:00	0	1	0	0	0	0	0	0	NULL	NO_REGISTERED_SESSION_SERVER_STOPPED
26023	Anasae	270	RNDBOT402	1	4	4	0	1787955287	2026-08-29 00:14:47	1	NULL	0000-00-00 00:00:00	0	1	0	0	0	0	0	0	NULL	NO_REGISTERED_SESSION_SERVER_STOPPED
26024	Ballou	270	RNDBOT402	1	3	3	0	1787955288	2026-08-29 00:14:48	1	NULL	0000-00-00 00:00:00	0	1	0	0	0	0	0	0	NULL	NO_REGISTERED_SESSION_SERVER_STOPPED
26025	Estor	270	RNDBOT402	1	9	9	0	1787955293	2026-08-29 00:14:53	1	NULL	0000-00-00 00:00:00	0	1	0	0	0	0	0	0	NULL	NO_REGISTERED_SESSION_SERVER_STOPPED
26026	Narcia	270	RNDBOT402	1	9	9	0	1787955296	2026-08-29 00:14:56	1	NULL	0000-00-00 00:00:00	0	1	0	0	0	0	0	0	NULL	NO_REGISTERED_SESSION_SERVER_STOPPED
26027	Demeri	270	RNDBOT402	1	8	1	0	1787955292	2026-08-29 00:14:52	1	NULL	0000-00-00 00:00:00	0	1	0	0	0	0	0	0	NULL	NO_REGISTERED_SESSION_SERVER_STOPPED
26028	Marisana	270	RNDBOT402	1	8	1	0	1787955277	2026-08-29 00:14:37	1	NULL	0000-00-00 00:00:00	0	1	0	0	0	0	0	0	NULL	NO_REGISTERED_SESSION_SERVER_STOPPED
26029	Marcel	270	RNDBOT402	1	4	10	0	1787955278	2026-08-29 00:14:38	1	NULL	0000-00-00 00:00:00	0	1	0	0	0	0	0	0	NULL	NO_REGISTERED_SESSION_SERVER_STOPPED
26030	Pazevoth	271	RNDBOT403	1	7	8	0	1787955294	2026-08-29 00:14:54	1	NULL	0000-00-00 00:00:00	0	1	0	0	0	0	0	0	NULL	NO_REGISTERED_SESSION_SERVER_STOPPED
26031	Cadraen	271	RNDBOT403	1	4	4	0	1787955277	2026-08-29 00:14:37	1	NULL	0000-00-00 00:00:00	0	1	0	0	0	0	0	0	NULL	NO_REGISTERED_SESSION_SERVER_STOPPED
26032	Edwarrec	271	RNDBOT403	1	3	9	0	1787955289	2026-08-29 00:14:49	1	NULL	0000-00-00 00:00:00	0	1	0	0	0	0	0	0	NULL	NO_REGISTERED_SESSION_SERVER_STOPPED
26033	Rohanic	271	RNDBOT403	1	1	9	0	1787955279	2026-08-29 00:14:39	1	NULL	0000-00-00 00:00:00	0	1	0	0	0	0	0	0	NULL	NO_REGISTERED_SESSION_SERVER_STOPPED
26034	Luneva	271	RNDBOT403	1	8	10	0	1787955279	2026-08-29 00:14:39	1	NULL	0000-00-00 00:00:00	0	1	0	0	0	0	0	0	NULL	NO_REGISTERED_SESSION_SERVER_STOPPED
26035	Filearcia	271	RNDBOT403	1	1	4	0	1787955283	2026-08-29 00:14:43	1	NULL	0000-00-00 00:00:00	0	1	0	0	0	0	0	0	NULL	NO_REGISTERED_SESSION_SERVER_STOPPED
26036	Kolghujia	271	RNDBOT403	1	7	8	0	1787955298	2026-08-29 00:14:58	1	NULL	0000-00-00 00:00:00	0	1	0	0	0	0	0	0	NULL	NO_REGISTERED_SESSION_SERVER_STOPPED
26037	Atri	271	RNDBOT403	1	8	10	0	1787955299	2026-08-29 00:14:59	1	NULL	0000-00-00 00:00:00	0	1	0	0	0	0	0	0	NULL	NO_REGISTERED_SESSION_SERVER_STOPPED
26038	Elericia	271	RNDBOT403	1	4	10	0	1787955289	2026-08-29 00:14:49	1	NULL	0000-00-00 00:00:00	0	1	0	0	0	0	0	0	NULL	NO_REGISTERED_SESSION_SERVER_STOPPED
26039	Sodria	272	RNDBOT404	1	5	4	0	1787955275	2026-08-29 00:14:35	1	NULL	0000-00-00 00:00:00	0	1	0	0	0	0	0	0	NULL	NO_REGISTERED_SESSION_SERVER_STOPPED
26040	Ascella	272	RNDBOT404	1	5	1	0	1787955279	2026-08-29 00:14:39	1	NULL	0000-00-00 00:00:00	0	1	0	0	0	0	0	0	NULL	NO_REGISTERED_SESSION_SERVER_STOPPED
26041	Lothochnoch	272	RNDBOT404	1	1	6	0	1787955280	2026-08-29 00:14:40	1	NULL	0000-00-00 00:00:00	0	1	0	0	0	0	0	0	NULL	NO_REGISTERED_SESSION_SERVER_STOPPED
26042	Amastin	272	RNDBOT404	1	5	10	0	1787955271	2026-08-29 00:14:31	1	NULL	0000-00-00 00:00:00	0	1	0	0	0	0	0	0	NULL	NO_REGISTERED_SESSION_SERVER_STOPPED
26043	Hekosut	272	RNDBOT404	1	7	6	0	1787955272	2026-08-29 00:14:32	1	NULL	0000-00-00 00:00:00	0	1	0	0	0	0	0	0	NULL	NO_REGISTERED_SESSION_SERVER_STOPPED
26044	Efaran	272	RNDBOT404	1	4	9	0	1787955296	2026-08-29 00:14:56	1	NULL	0000-00-00 00:00:00	0	1	0	0	0	0	0	0	NULL	NO_REGISTERED_SESSION_SERVER_STOPPED
26045	Maesera	272	RNDBOT404	1	4	4	0	1787955295	2026-08-29 00:14:55	1	NULL	0000-00-00 00:00:00	0	1	0	0	0	0	0	0	NULL	NO_REGISTERED_SESSION_SERVER_STOPPED
26046	Lethanno	272	RNDBOT404	1	8	9	0	1787955277	2026-08-29 00:14:37	1	NULL	0000-00-00 00:00:00	0	1	0	0	0	0	0	0	NULL	NO_REGISTERED_SESSION_SERVER_STOPPED
26047	Denec	272	RNDBOT404	1	4	7	0	1787955290	2026-08-29 00:14:50	1	NULL	0000-00-00 00:00:00	0	1	0	0	0	0	0	0	NULL	NO_REGISTERED_SESSION_SERVER_STOPPED
26048	Grance	273	RNDBOT405	1	5	10	0	1787955279	2026-08-29 00:14:39	1	NULL	0000-00-00 00:00:00	0	1	0	0	0	0	0	0	NULL	NO_REGISTERED_SESSION_SERVER_STOPPED
26049	Darado	273	RNDBOT405	1	8	10	0	1787955277	2026-08-29 00:14:37	1	NULL	0000-00-00 00:00:00	0	1	0	0	0	0	0	0	NULL	NO_REGISTERED_SESSION_SERVER_STOPPED
26050	Sandorian	273	RNDBOT405	1	1	9	0	1787955278	2026-08-29 00:14:38	1	NULL	0000-00-00 00:00:00	0	1	0	0	0	0	0	0	NULL	NO_REGISTERED_SESSION_SERVER_STOPPED
26051	Patheri	273	RNDBOT405	1	3	9	0	1787955298	2026-08-29 00:14:58	1	NULL	0000-00-00 00:00:00	0	1	0	0	0	0	0	0	NULL	NO_REGISTERED_SESSION_SERVER_STOPPED
26052	Vineve	273	RNDBOT405	1	1	9	0	1787955291	2026-08-29 00:14:51	1	NULL	0000-00-00 00:00:00	0	1	0	0	0	0	0	0	NULL	NO_REGISTERED_SESSION_SERVER_STOPPED
26053	Casimon	273	RNDBOT405	1	1	1	0	1787955289	2026-08-29 00:14:49	1	NULL	0000-00-00 00:00:00	0	1	0	0	0	0	0	0	NULL	NO_REGISTERED_SESSION_SERVER_STOPPED
26054	Emilok	273	RNDBOT405	1	9	9	0	1787955281	2026-08-29 00:14:41	1	NULL	0000-00-00 00:00:00	0	1	0	0	0	0	0	0	NULL	NO_REGISTERED_SESSION_SERVER_STOPPED
26055	Melyra	273	RNDBOT405	1	3	10	0	1787955276	2026-08-29 00:14:36	1	NULL	0000-00-00 00:00:00	0	1	0	0	0	0	0	0	NULL	NO_REGISTERED_SESSION_SERVER_STOPPED
26056	Ilealaes	273	RNDBOT405	1	11	4	0	1787955273	2026-08-29 00:14:33	1	NULL	0000-00-00 00:00:00	0	1	0	0	0	0	0	0	NULL	NO_REGISTERED_SESSION_SERVER_STOPPED
26057	Jonald	274	RNDBOT406	1	3	10	0	1787955294	2026-08-29 00:14:54	1	NULL	0000-00-00 00:00:00	1	1	0	0	0	0	0	0	NULL	NO_REGISTERED_SESSION_SERVER_STOPPED
26058	Leteri	274	RNDBOT406	1	4	9	0	1787955298	2026-08-29 00:14:58	1	NULL	0000-00-00 00:00:00	1	1	0	0	0	0	0	0	NULL	NO_REGISTERED_SESSION_SERVER_STOPPED
26059	Isandy	274	RNDBOT406	1	3	1	0	1787955298	2026-08-29 00:14:58	1	NULL	0000-00-00 00:00:00	1	1	0	0	0	0	0	0	NULL	NO_REGISTERED_SESSION_SERVER_STOPPED
26060	Helaneya	274	RNDBOT406	1	5	10	0	1787955289	2026-08-29 00:14:49	1	NULL	0000-00-00 00:00:00	1	1	0	0	0	0	0	0	NULL	NO_REGISTERED_SESSION_SERVER_STOPPED
26061	Rylaess	274	RNDBOT406	1	1	4	0	1787955285	2026-08-29 00:14:45	1	NULL	0000-00-00 00:00:00	1	1	0	0	0	0	0	0	NULL	NO_REGISTERED_SESSION_SERVER_STOPPED
26062	Selice	274	RNDBOT406	1	3	1	0	1787955298	2026-08-29 00:14:58	1	NULL	0000-00-00 00:00:00	1	1	0	0	0	0	0	0	NULL	NO_REGISTERED_SESSION_SERVER_STOPPED
26063	Temaric	274	RNDBOT406	1	9	9	0	1787955281	2026-08-29 00:14:41	1	NULL	0000-00-00 00:00:00	1	1	0	0	0	0	0	0	NULL	NO_REGISTERED_SESSION_SERVER_STOPPED
26064	Nelio	274	RNDBOT406	1	4	10	0	1787955291	2026-08-29 00:14:51	1	NULL	0000-00-00 00:00:00	1	1	0	0	0	0	0	0	NULL	NO_REGISTERED_SESSION_SERVER_STOPPED
26065	Kultsiye	274	RNDBOT406	1	4	8	0	1787955285	2026-08-29 00:14:45	1	NULL	0000-00-00 00:00:00	1	1	0	0	0	0	0	0	NULL	NO_REGISTERED_SESSION_SERVER_STOPPED
26066	Grordilfir	275	RNDBOT407	1	2	3	0	1787955273	2026-08-29 00:14:33	1	NULL	0000-00-00 00:00:00	0	1	0	0	0	0	0	0	NULL	NO_REGISTERED_SESSION_SERVER_STOPPED
26067	Luslick	275	RNDBOT407	1	8	7	0	1787955285	2026-08-29 00:14:45	1	NULL	0000-00-00 00:00:00	0	1	0	0	0	0	0	0	NULL	NO_REGISTERED_SESSION_SERVER_STOPPED
26068	Tavo	275	RNDBOT407	1	2	3	0	1787955285	2026-08-29 00:14:45	1	NULL	0000-00-00 00:00:00	0	1	0	0	0	0	0	0	NULL	NO_REGISTERED_SESSION_SERVER_STOPPED
26069	Ronathor	275	RNDBOT407	1	3	10	0	1787955284	2026-08-29 00:14:44	1	NULL	0000-00-00 00:00:00	0	1	0	0	0	0	0	0	NULL	NO_REGISTERED_SESSION_SERVER_STOPPED
26070	Granca	275	RNDBOT407	1	2	10	0	1787955286	2026-08-29 00:14:46	1	NULL	0000-00-00 00:00:00	0	1	0	0	0	0	0	0	NULL	NO_REGISTERED_SESSION_SERVER_STOPPED
26071	Egmus	275	RNDBOT407	1	3	1	0	1787955273	2026-08-29 00:14:33	1	NULL	0000-00-00 00:00:00	0	1	0	0	0	0	0	0	NULL	NO_REGISTERED_SESSION_SERVER_STOPPED
26072	Rhuzkuliahn	275	RNDBOT407	1	7	8	0	1787955275	2026-08-29 00:14:35	1	NULL	0000-00-00 00:00:00	0	1	0	0	0	0	0	0	NULL	NO_REGISTERED_SESSION_SERVER_STOPPED
26073	Hyrirm	275	RNDBOT407	1	3	3	0	1787955283	2026-08-29 00:14:43	1	NULL	0000-00-00 00:00:00	0	1	0	0	0	0	0	0	NULL	NO_REGISTERED_SESSION_SERVER_STOPPED
26074	Elerly	275	RNDBOT407	1	3	10	0	1787955299	2026-08-29 00:14:59	1	NULL	0000-00-00 00:00:00	0	1	0	0	0	0	0	0	NULL	NO_REGISTERED_SESSION_SERVER_STOPPED
26075	Raimir	276	RNDBOT408	1	9	1	0	1787955294	2026-08-29 00:14:54	1	NULL	0000-00-00 00:00:00	0	1	0	0	0	0	0	0	NULL	NO_REGISTERED_SESSION_SERVER_STOPPED
26076	Ruxean	276	RNDBOT408	1	4	8	0	1787955282	2026-08-29 00:14:42	1	NULL	0000-00-00 00:00:00	0	1	0	0	0	0	0	0	NULL	NO_REGISTERED_SESSION_SERVER_STOPPED
26077	Otzeto	276	RNDBOT408	1	3	2	0	1787955292	2026-08-29 00:14:52	1	NULL	0000-00-00 00:00:00	0	1	0	0	0	0	0	0	NULL	NO_REGISTERED_SESSION_SERVER_STOPPED
26078	Rusi	276	RNDBOT408	1	3	2	0	1787955271	2026-08-29 00:14:31	1	NULL	0000-00-00 00:00:00	0	1	0	0	0	0	0	0	NULL	NO_REGISTERED_SESSION_SERVER_STOPPED
26079	Lirias	276	RNDBOT408	1	11	4	0	1787955283	2026-08-29 00:14:43	1	NULL	0000-00-00 00:00:00	0	1	0	0	0	0	0	0	NULL	NO_REGISTERED_SESSION_SERVER_STOPPED
26080	Beronald	276	RNDBOT408	1	3	1	0	1787955278	2026-08-29 00:14:38	1	NULL	0000-00-00 00:00:00	0	1	0	0	0	0	0	0	NULL	NO_REGISTERED_SESSION_SERVER_STOPPED
26081	Sadora	276	RNDBOT408	1	5	5	0	1787955299	2026-08-29 00:14:59	1	NULL	0000-00-00 00:00:00	0	1	0	0	0	0	0	0	NULL	NO_REGISTERED_SESSION_SERVER_STOPPED
26082	Fengira	276	RNDBOT408	1	11	6	0	1787955280	2026-08-29 00:14:40	1	NULL	0000-00-00 00:00:00	0	1	0	0	0	0	0	0	NULL	NO_REGISTERED_SESSION_SERVER_STOPPED
26083	Seleri	276	RNDBOT408	1	8	9	0	1787955277	2026-08-29 00:14:37	1	NULL	0000-00-00 00:00:00	0	1	0	0	0	0	0	0	NULL	NO_REGISTERED_SESSION_SERVER_STOPPED
26084	Arcelli	277	RNDBOT409	1	8	9	0	1787955294	2026-08-29 00:14:54	1	NULL	0000-00-00 00:00:00	0	1	0	0	0	0	0	0	NULL	NO_REGISTERED_SESSION_SERVER_STOPPED
26085	Deandriam	277	RNDBOT409	1	2	1	0	1787955280	2026-08-29 00:14:40	1	NULL	0000-00-00 00:00:00	0	1	0	0	0	0	0	0	NULL	NO_REGISTERED_SESSION_SERVER_STOPPED
26086	Everick	277	RNDBOT409	1	8	5	0	1787955279	2026-08-29 00:14:39	1	NULL	0000-00-00 00:00:00	0	1	0	0	0	0	0	0	NULL	NO_REGISTERED_SESSION_SERVER_STOPPED
26087	Isadonica	277	RNDBOT409	1	3	10	0	1787955283	2026-08-29 00:14:43	1	NULL	0000-00-00 00:00:00	0	1	0	0	0	0	0	0	NULL	NO_REGISTERED_SESSION_SERVER_STOPPED
26088	Iveri	277	RNDBOT409	1	3	1	0	1787955291	2026-08-29 00:14:51	1	NULL	0000-00-00 00:00:00	0	1	0	0	0	0	0	0	NULL	NO_REGISTERED_SESSION_SERVER_STOPPED
26089	Ooabagup	277	RNDBOT409	1	11	6	0	1787955292	2026-08-29 00:14:52	1	NULL	0000-00-00 00:00:00	0	1	0	0	0	0	0	0	NULL	NO_REGISTERED_SESSION_SERVER_STOPPED
26090	Alynysae	277	RNDBOT409	1	3	4	0	1787955286	2026-08-29 00:14:46	1	NULL	0000-00-00 00:00:00	0	1	0	0	0	0	0	0	NULL	NO_REGISTERED_SESSION_SERVER_STOPPED
26091	Becalanea	277	RNDBOT409	1	5	4	0	1787955275	2026-08-29 00:14:35	1	NULL	0000-00-00 00:00:00	0	1	0	0	0	0	0	0	NULL	NO_REGISTERED_SESSION_SERVER_STOPPED
26092	Kivothavue	277	RNDBOT409	1	7	6	0	1787955285	2026-08-29 00:14:45	1	NULL	0000-00-00 00:00:00	0	1	0	0	0	0	0	0	NULL	NO_REGISTERED_SESSION_SERVER_STOPPED
26093	Letine	278	RNDBOT410	1	9	5	0	1787955272	2026-08-29 00:14:32	1	NULL	0000-00-00 00:00:00	0	1	0	0	0	0	0	0	NULL	NO_REGISTERED_SESSION_SERVER_STOPPED
26094	Bonradalos	278	RNDBOT410	1	8	9	0	1787955292	2026-08-29 00:14:52	1	NULL	0000-00-00 00:00:00	0	1	0	0	0	0	0	0	NULL	NO_REGISTERED_SESSION_SERVER_STOPPED
26095	Gidelian	278	RNDBOT410	1	1	9	0	1787955285	2026-08-29 00:14:45	1	NULL	0000-00-00 00:00:00	0	1	0	0	0	0	0	0	NULL	NO_REGISTERED_SESSION_SERVER_STOPPED
26096	Risy	278	RNDBOT410	1	8	1	0	1787955286	2026-08-29 00:14:46	1	NULL	0000-00-00 00:00:00	0	1	0	0	0	0	0	0	NULL	NO_REGISTERED_SESSION_SERVER_STOPPED
26097	Khalik	278	RNDBOT410	1	3	3	0	1787955278	2026-08-29 00:14:38	1	NULL	0000-00-00 00:00:00	0	1	0	0	0	0	0	0	NULL	NO_REGISTERED_SESSION_SERVER_STOPPED
26098	Balanton	278	RNDBOT410	1	8	10	0	1787955284	2026-08-29 00:14:44	1	NULL	0000-00-00 00:00:00	0	1	0	0	0	0	0	0	NULL	NO_REGISTERED_SESSION_SERVER_STOPPED
26099	Samarani	278	RNDBOT410	1	1	1	0	1787955291	2026-08-29 00:14:51	1	NULL	0000-00-00 00:00:00	0	1	0	0	0	0	0	0	NULL	NO_REGISTERED_SESSION_SERVER_STOPPED
26100	Laurion	278	RNDBOT410	1	8	9	0	1787955297	2026-08-29 00:14:57	1	NULL	0000-00-00 00:00:00	0	1	0	0	0	0	0	0	NULL	NO_REGISTERED_SESSION_SERVER_STOPPED
26101	Ayseam	278	RNDBOT410	1	11	4	0	1787955299	2026-08-29 00:14:59	1	NULL	0000-00-00 00:00:00	0	1	0	0	0	0	0	0	NULL	NO_REGISTERED_SESSION_SERVER_STOPPED
26102	Munrusenn	279	RNDBOT411	1	3	3	0	1787955293	2026-08-29 00:14:53	1	NULL	0000-00-00 00:00:00	0	1	0	0	0	0	0	0	NULL	NO_REGISTERED_SESSION_SERVER_STOPPED
26103	Lilearcia	279	RNDBOT411	1	4	4	0	1787955295	2026-08-29 00:14:55	1	NULL	0000-00-00 00:00:00	0	1	0	0	0	0	0	0	NULL	NO_REGISTERED_SESSION_SERVER_STOPPED
26104	Leonia	279	RNDBOT411	1	2	10	0	1787955298	2026-08-29 00:14:58	1	NULL	0000-00-00 00:00:00	0	1	0	0	0	0	0	0	NULL	NO_REGISTERED_SESSION_SERVER_STOPPED
26105	Siel	279	RNDBOT411	1	9	5	0	1787955294	2026-08-29 00:14:54	1	NULL	0000-00-00 00:00:00	0	1	0	0	0	0	0	0	NULL	NO_REGISTERED_SESSION_SERVER_STOPPED
26106	Elesa	279	RNDBOT411	1	2	10	0	1787955277	2026-08-29 00:14:37	1	NULL	0000-00-00 00:00:00	0	1	0	0	0	0	0	0	NULL	NO_REGISTERED_SESSION_SERVER_STOPPED
26107	Nadamian	279	RNDBOT411	1	8	9	0	1787955292	2026-08-29 00:14:52	1	NULL	0000-00-00 00:00:00	0	1	0	0	0	0	0	0	NULL	NO_REGISTERED_SESSION_SERVER_STOPPED
26108	Iristelli	279	RNDBOT411	1	3	9	0	1787955298	2026-08-29 00:14:58	1	NULL	0000-00-00 00:00:00	0	1	0	0	0	0	0	0	NULL	NO_REGISTERED_SESSION_SERVER_STOPPED
26109	Icarain	279	RNDBOT411	1	8	9	0	1787955288	2026-08-29 00:14:48	1	NULL	0000-00-00 00:00:00	0	1	0	0	0	0	0	0	NULL	NO_REGISTERED_SESSION_SERVER_STOPPED
26110	Ator	279	RNDBOT411	1	8	9	0	1787955295	2026-08-29 00:14:55	1	NULL	0000-00-00 00:00:00	0	1	0	0	0	0	0	0	NULL	NO_REGISTERED_SESSION_SERVER_STOPPED
26111	Kuhme	280	RNDBOT412	1	4	8	0	1787955275	2026-08-29 00:14:35	1	NULL	0000-00-00 00:00:00	0	1	0	0	0	0	0	0	NULL	NO_REGISTERED_SESSION_SERVER_STOPPED
26112	Kiwehzu	280	RNDBOT412	1	3	8	0	1787955292	2026-08-29 00:14:52	1	NULL	0000-00-00 00:00:00	0	1	0	0	0	0	0	0	NULL	NO_REGISTERED_SESSION_SERVER_STOPPED
26113	Aletta	280	RNDBOT412	1	5	10	0	1787955300	2026-08-29 00:15:00	1	NULL	0000-00-00 00:00:00	0	1	0	0	0	0	0	0	NULL	NO_REGISTERED_SESSION_SERVER_STOPPED
26114	Sanderolt	280	RNDBOT412	1	8	10	0	1787955290	2026-08-29 00:14:50	1	NULL	0000-00-00 00:00:00	0	1	0	0	0	0	0	0	NULL	NO_REGISTERED_SESSION_SERVER_STOPPED
26115	Khilla	280	RNDBOT412	1	3	10	0	1787955282	2026-08-29 00:14:42	1	NULL	0000-00-00 00:00:00	0	1	0	0	0	0	0	0	NULL	NO_REGISTERED_SESSION_SERVER_STOPPED
26116	Solomon	280	RNDBOT412	1	2	10	0	1787955275	2026-08-29 00:14:35	1	NULL	0000-00-00 00:00:00	0	1	0	0	0	0	0	0	NULL	NO_REGISTERED_SESSION_SERVER_STOPPED
26117	Ermie	280	RNDBOT412	1	1	10	0	1787955295	2026-08-29 00:14:55	1	NULL	0000-00-00 00:00:00	0	1	0	0	0	0	0	0	NULL	NO_REGISTERED_SESSION_SERVER_STOPPED
26118	Velnar	280	RNDBOT412	1	11	4	0	1787955281	2026-08-29 00:14:41	1	NULL	0000-00-00 00:00:00	0	1	0	0	0	0	0	0	NULL	NO_REGISTERED_SESSION_SERVER_STOPPED
26119	Flandy	280	RNDBOT412	1	8	10	0	1787955275	2026-08-29 00:14:35	1	NULL	0000-00-00 00:00:00	0	1	0	0	0	0	0	0	NULL	NO_REGISTERED_SESSION_SERVER_STOPPED
26120	Deladonna	281	RNDBOT413	1	8	9	0	1787955279	2026-08-29 00:14:39	1	NULL	0000-00-00 00:00:00	0	1	0	0	0	0	0	0	NULL	NO_REGISTERED_SESSION_SERVER_STOPPED
26121	Rilome	281	RNDBOT413	1	9	5	0	1787955288	2026-08-29 00:14:48	1	NULL	0000-00-00 00:00:00	0	1	0	0	0	0	0	0	NULL	NO_REGISTERED_SESSION_SERVER_STOPPED
26122	Stanora	281	RNDBOT413	1	4	10	0	1787955277	2026-08-29 00:14:37	1	NULL	0000-00-00 00:00:00	0	1	0	0	0	0	0	0	NULL	NO_REGISTERED_SESSION_SERVER_STOPPED
26123	Kotwi	281	RNDBOT413	1	1	6	0	1787955285	2026-08-29 00:14:45	1	NULL	0000-00-00 00:00:00	0	1	0	0	0	0	0	0	NULL	NO_REGISTERED_SESSION_SERVER_STOPPED
26124	Menmino	281	RNDBOT413	1	11	6	0	1787955286	2026-08-29 00:14:46	1	NULL	0000-00-00 00:00:00	0	1	0	0	0	0	0	0	NULL	NO_REGISTERED_SESSION_SERVER_STOPPED
26125	Bugregorn	281	RNDBOT413	1	3	3	0	1787955290	2026-08-29 00:14:50	1	NULL	0000-00-00 00:00:00	0	1	0	0	0	0	0	0	NULL	NO_REGISTERED_SESSION_SERVER_STOPPED
26126	Uranden	281	RNDBOT413	1	4	10	0	1787955297	2026-08-29 00:14:57	1	NULL	0000-00-00 00:00:00	0	1	0	0	0	0	0	0	NULL	NO_REGISTERED_SESSION_SERVER_STOPPED
26127	Adetta	281	RNDBOT413	1	5	10	0	1787955279	2026-08-29 00:14:39	1	NULL	0000-00-00 00:00:00	0	1	0	0	0	0	0	0	NULL	NO_REGISTERED_SESSION_SERVER_STOPPED
26128	Blulis	281	RNDBOT413	1	7	6	0	1787955295	2026-08-29 00:14:55	1	NULL	0000-00-00 00:00:00	0	1	0	0	0	0	0	0	NULL	NO_REGISTERED_SESSION_SERVER_STOPPED
26129	Ellotino	282	RNDBOT414	1	8	9	0	1787955290	2026-08-29 00:14:50	1	NULL	0000-00-00 00:00:00	0	1	0	0	0	0	0	0	NULL	NO_REGISTERED_SESSION_SERVER_STOPPED
26130	Rohghinan	282	RNDBOT414	1	1	8	0	1787955298	2026-08-29 00:14:58	1	NULL	0000-00-00 00:00:00	0	1	0	0	0	0	0	0	NULL	NO_REGISTERED_SESSION_SERVER_STOPPED
26131	Irerai	282	RNDBOT414	1	11	4	0	1787955300	2026-08-29 00:15:00	1	NULL	0000-00-00 00:00:00	0	1	0	0	0	0	0	0	NULL	NO_REGISTERED_SESSION_SERVER_STOPPED
26132	Steverus	282	RNDBOT414	1	1	9	0	1787955276	2026-08-29 00:14:36	1	NULL	0000-00-00 00:00:00	0	1	0	0	0	0	0	0	NULL	NO_REGISTERED_SESSION_SERVER_STOPPED
26133	Astos	282	RNDBOT414	1	9	9	0	1787955290	2026-08-29 00:14:50	1	NULL	0000-00-00 00:00:00	0	1	0	0	0	0	0	0	NULL	NO_REGISTERED_SESSION_SERVER_STOPPED
26134	Sherichar	282	RNDBOT414	1	5	5	0	1787955292	2026-08-29 00:14:52	1	NULL	0000-00-00 00:00:00	0	1	0	0	0	0	0	0	NULL	NO_REGISTERED_SESSION_SERVER_STOPPED
26135	Hamestin	282	RNDBOT414	1	3	9	0	1787955274	2026-08-29 00:14:34	1	NULL	0000-00-00 00:00:00	0	1	0	0	0	0	0	0	NULL	NO_REGISTERED_SESSION_SERVER_STOPPED
26136	Aberichard	282	RNDBOT414	1	1	10	0	1787955274	2026-08-29 00:14:34	1	NULL	0000-00-00 00:00:00	0	1	0	0	0	0	0	0	NULL	NO_REGISTERED_SESSION_SERVER_STOPPED
26137	Balasto	282	RNDBOT414	1	5	10	0	1787955285	2026-08-29 00:14:45	1	NULL	0000-00-00 00:00:00	0	1	0	0	0	0	0	0	NULL	NO_REGISTERED_SESSION_SERVER_STOPPED
26138	Tregor	283	RNDBOT415	1	8	9	0	1787955283	2026-08-29 00:14:43	1	NULL	0000-00-00 00:00:00	0	1	0	0	0	0	0	0	NULL	NO_REGISTERED_SESSION_SERVER_STOPPED
26139	Trahjonen	283	RNDBOT415	1	3	8	0	1787955290	2026-08-29 00:14:50	1	NULL	0000-00-00 00:00:00	0	1	0	0	0	0	0	0	NULL	NO_REGISTERED_SESSION_SERVER_STOPPED
26140	Matille	283	RNDBOT415	1	2	10	0	1787955285	2026-08-29 00:14:45	1	NULL	0000-00-00 00:00:00	0	1	0	0	0	0	0	0	NULL	NO_REGISTERED_SESSION_SERVER_STOPPED
26141	Geslick	283	RNDBOT415	1	8	7	0	1787955278	2026-08-29 00:14:38	1	NULL	0000-00-00 00:00:00	0	1	0	0	0	0	0	0	NULL	NO_REGISTERED_SESSION_SERVER_STOPPED
26142	Elerinica	283	RNDBOT415	1	2	1	0	1787955298	2026-08-29 00:14:58	1	NULL	0000-00-00 00:00:00	0	1	0	0	0	0	0	0	NULL	NO_REGISTERED_SESSION_SERVER_STOPPED
26143	Therane	283	RNDBOT415	1	3	10	0	1787955285	2026-08-29 00:14:45	1	NULL	0000-00-00 00:00:00	0	1	0	0	0	0	0	0	NULL	NO_REGISTERED_SESSION_SERVER_STOPPED
26144	Naomine	283	RNDBOT415	1	5	10	0	1787955298	2026-08-29 00:14:58	1	NULL	0000-00-00 00:00:00	0	1	0	0	0	0	0	0	NULL	NO_REGISTERED_SESSION_SERVER_STOPPED
26145	Roderine	283	RNDBOT415	1	8	5	0	1787955279	2026-08-29 00:14:39	1	NULL	0000-00-00 00:00:00	0	1	0	0	0	0	0	0	NULL	NO_REGISTERED_SESSION_SERVER_STOPPED
26146	Trianna	283	RNDBOT415	1	8	9	0	1787955281	2026-08-29 00:14:41	1	NULL	0000-00-00 00:00:00	0	1	0	0	0	0	0	0	NULL	NO_REGISTERED_SESSION_SERVER_STOPPED
26147	Alestina	284	RNDBOT416	1	2	1	0	1787955280	2026-08-29 00:14:40	1	NULL	0000-00-00 00:00:00	0	1	0	0	0	0	0	0	NULL	NO_REGISTERED_SESSION_SERVER_STOPPED
26148	Kerya	284	RNDBOT416	1	3	4	0	1787955273	2026-08-29 00:14:33	1	NULL	0000-00-00 00:00:00	0	1	0	0	0	0	0	0	NULL	NO_REGISTERED_SESSION_SERVER_STOPPED
26149	Elleney	284	RNDBOT416	1	1	10	0	1787955274	2026-08-29 00:14:34	1	NULL	0000-00-00 00:00:00	0	1	0	0	0	0	0	0	NULL	NO_REGISTERED_SESSION_SERVER_STOPPED
26150	Zerini	284	RNDBOT416	1	4	10	0	1787955296	2026-08-29 00:14:56	1	NULL	0000-00-00 00:00:00	0	1	0	0	0	0	0	0	NULL	NO_REGISTERED_SESSION_SERVER_STOPPED
26151	Gustalor	284	RNDBOT416	1	4	10	0	1787955288	2026-08-29 00:14:48	1	NULL	0000-00-00 00:00:00	0	1	0	0	0	0	0	0	NULL	NO_REGISTERED_SESSION_SERVER_STOPPED
26152	Mydraminon	284	RNDBOT416	1	3	4	0	1787955289	2026-08-29 00:14:49	1	NULL	0000-00-00 00:00:00	0	1	0	0	0	0	0	0	NULL	NO_REGISTERED_SESSION_SERVER_STOPPED
26153	Yaskukice	284	RNDBOT416	1	3	6	0	1787955297	2026-08-29 00:14:57	1	NULL	0000-00-00 00:00:00	0	1	0	0	0	0	0	0	NULL	NO_REGISTERED_SESSION_SERVER_STOPPED
26154	Nuelo	284	RNDBOT416	1	3	10	0	1787955279	2026-08-29 00:14:39	1	NULL	0000-00-00 00:00:00	0	1	0	0	0	0	0	0	NULL	NO_REGISTERED_SESSION_SERVER_STOPPED
26155	Cainok	284	RNDBOT416	1	1	1	0	1787955290	2026-08-29 00:14:50	1	NULL	0000-00-00 00:00:00	0	1	0	0	0	0	0	0	NULL	NO_REGISTERED_SESSION_SERVER_STOPPED
26156	Cassimo	285	RNDBOT417	1	2	10	0	1787955285	2026-08-29 00:14:45	1	NULL	0000-00-00 00:00:00	0	1	0	0	0	0	0	0	NULL	NO_REGISTERED_SESSION_SERVER_STOPPED
26157	Fabero	285	RNDBOT417	1	8	1	0	1787955284	2026-08-29 00:14:44	1	NULL	0000-00-00 00:00:00	0	1	0	0	0	0	0	0	NULL	NO_REGISTERED_SESSION_SERVER_STOPPED
26158	Benerice	285	RNDBOT417	1	2	1	0	1787955285	2026-08-29 00:14:45	1	NULL	0000-00-00 00:00:00	0	1	0	0	0	0	0	0	NULL	NO_REGISTERED_SESSION_SERVER_STOPPED
26159	Tameta	285	RNDBOT417	1	1	10	0	1787955295	2026-08-29 00:14:55	1	NULL	0000-00-00 00:00:00	0	1	0	0	0	0	0	0	NULL	NO_REGISTERED_SESSION_SERVER_STOPPED
26160	Dilladona	285	RNDBOT417	1	2	1	0	1787955289	2026-08-29 00:14:49	1	NULL	0000-00-00 00:00:00	0	1	0	0	0	0	0	0	NULL	NO_REGISTERED_SESSION_SERVER_STOPPED
26161	Evienna	285	RNDBOT417	1	5	1	0	1787955273	2026-08-29 00:14:33	1	NULL	0000-00-00 00:00:00	0	1	0	0	0	0	0	0	NULL	NO_REGISTERED_SESSION_SERVER_STOPPED
26162	Talasto	285	RNDBOT417	1	5	5	0	1787955299	2026-08-29 00:14:59	1	NULL	0000-00-00 00:00:00	0	1	0	0	0	0	0	0	NULL	NO_REGISTERED_SESSION_SERVER_STOPPED
26163	Irntifumm	285	RNDBOT417	1	1	2	0	1787955283	2026-08-29 00:14:43	1	NULL	0000-00-00 00:00:00	0	1	0	0	0	0	0	0	NULL	NO_REGISTERED_SESSION_SERVER_STOPPED
26164	Roreldek	285	RNDBOT417	1	7	2	0	1787955278	2026-08-29 00:14:38	1	NULL	0000-00-00 00:00:00	0	1	0	0	0	0	0	0	NULL	NO_REGISTERED_SESSION_SERVER_STOPPED
26165	Eliner	286	RNDBOT418	1	1	10	0	1787955278	2026-08-29 00:14:38	1	NULL	0000-00-00 00:00:00	0	1	0	0	0	0	0	0	NULL	NO_REGISTERED_SESSION_SERVER_STOPPED
26166	Krollio	286	RNDBOT418	1	3	9	0	1787955298	2026-08-29 00:14:58	1	NULL	0000-00-00 00:00:00	0	1	0	0	0	0	0	0	NULL	NO_REGISTERED_SESSION_SERVER_STOPPED
26167	Belaria	286	RNDBOT418	1	9	5	0	1787955284	2026-08-29 00:14:44	1	NULL	0000-00-00 00:00:00	0	1	0	0	0	0	0	0	NULL	NO_REGISTERED_SESSION_SERVER_STOPPED
26168	Sabiah	286	RNDBOT418	1	2	10	0	1787955295	2026-08-29 00:14:55	1	NULL	0000-00-00 00:00:00	0	1	0	0	0	0	0	0	NULL	NO_REGISTERED_SESSION_SERVER_STOPPED
26169	Hereneva	286	RNDBOT418	1	8	1	0	1787955277	2026-08-29 00:14:37	1	NULL	0000-00-00 00:00:00	0	1	0	0	0	0	0	0	NULL	NO_REGISTERED_SESSION_SERVER_STOPPED
26170	Thaercia	286	RNDBOT418	1	1	4	0	1787955279	2026-08-29 00:14:39	1	NULL	0000-00-00 00:00:00	0	1	0	0	0	0	0	0	NULL	NO_REGISTERED_SESSION_SERVER_STOPPED
26171	Kallo	286	RNDBOT418	1	1	7	0	1787955292	2026-08-29 00:14:52	1	NULL	0000-00-00 00:00:00	0	1	0	0	0	0	0	0	NULL	NO_REGISTERED_SESSION_SERVER_STOPPED
26172	Elerra	286	RNDBOT418	1	4	1	0	1787955283	2026-08-29 00:14:43	1	NULL	0000-00-00 00:00:00	0	1	0	0	0	0	0	0	NULL	NO_REGISTERED_SESSION_SERVER_STOPPED
26173	Bhodrahm	286	RNDBOT418	1	1	3	0	1787955295	2026-08-29 00:14:55	1	NULL	0000-00-00 00:00:00	0	1	0	0	0	0	0	0	NULL	NO_REGISTERED_SESSION_SERVER_STOPPED
26174	Eleni	287	RNDBOT419	1	9	9	0	1787955280	2026-08-29 00:14:40	1	NULL	0000-00-00 00:00:00	0	1	0	0	0	0	0	0	NULL	NO_REGISTERED_SESSION_SERVER_STOPPED
26175	Asco	287	RNDBOT419	1	8	1	0	1787955295	2026-08-29 00:14:55	1	NULL	0000-00-00 00:00:00	0	1	0	0	0	0	0	0	NULL	NO_REGISTERED_SESSION_SERVER_STOPPED
26176	Jaco	287	RNDBOT419	1	8	10	0	1787955298	2026-08-29 00:14:58	1	NULL	0000-00-00 00:00:00	0	1	0	0	0	0	0	0	NULL	NO_REGISTERED_SESSION_SERVER_STOPPED
26177	Batkoia	287	RNDBOT419	1	11	6	0	1787955295	2026-08-29 00:14:55	1	NULL	0000-00-00 00:00:00	0	1	0	0	0	0	0	0	NULL	NO_REGISTERED_SESSION_SERVER_STOPPED
26178	Gadonne	287	RNDBOT419	1	4	9	0	1787955276	2026-08-29 00:14:36	1	NULL	0000-00-00 00:00:00	0	1	0	0	0	0	0	0	NULL	NO_REGISTERED_SESSION_SERVER_STOPPED
26179	Loriscilla	287	RNDBOT419	1	3	9	0	1787955287	2026-08-29 00:14:47	1	NULL	0000-00-00 00:00:00	0	1	0	0	0	0	0	0	NULL	NO_REGISTERED_SESSION_SERVER_STOPPED
26180	Anco	287	RNDBOT419	1	4	5	0	1787955290	2026-08-29 00:14:50	1	NULL	0000-00-00 00:00:00	0	1	0	0	0	0	0	0	NULL	NO_REGISTERED_SESSION_SERVER_STOPPED
26181	Diti	287	RNDBOT419	1	11	6	0	1787955290	2026-08-29 00:14:50	1	NULL	0000-00-00 00:00:00	0	1	0	0	0	0	0	0	NULL	NO_REGISTERED_SESSION_SERVER_STOPPED
26182	Atheona	287	RNDBOT419	1	9	1	0	1787955279	2026-08-29 00:14:39	1	NULL	0000-00-00 00:00:00	0	1	0	0	0	0	0	0	NULL	NO_REGISTERED_SESSION_SERVER_STOPPED
26183	Cereros	288	RNDBOT420	1	4	4	0	1787955278	2026-08-29 00:14:38	1	NULL	0000-00-00 00:00:00	0	1	0	0	0	0	0	0	NULL	NO_REGISTERED_SESSION_SERVER_STOPPED
26184	Elios	288	RNDBOT420	1	8	9	0	1787955299	2026-08-29 00:14:59	1	NULL	0000-00-00 00:00:00	0	1	0	0	0	0	0	0	NULL	NO_REGISTERED_SESSION_SERVER_STOPPED
26185	Gabria	288	RNDBOT420	1	3	9	0	1787955289	2026-08-29 00:14:49	1	NULL	0000-00-00 00:00:00	0	1	0	0	0	0	0	0	NULL	NO_REGISTERED_SESSION_SERVER_STOPPED
26186	Rolantin	288	RNDBOT420	1	9	5	0	1787955290	2026-08-29 00:14:50	1	NULL	0000-00-00 00:00:00	0	1	0	0	0	0	0	0	NULL	NO_REGISTERED_SESSION_SERVER_STOPPED
26187	Azarah	288	RNDBOT420	1	8	9	0	1787955276	2026-08-29 00:14:36	1	NULL	0000-00-00 00:00:00	0	1	0	0	0	0	0	0	NULL	NO_REGISTERED_SESSION_SERVER_STOPPED
26188	Gromdoggs	288	RNDBOT420	1	3	3	0	1787955282	2026-08-29 00:14:42	1	NULL	0000-00-00 00:00:00	0	1	0	0	0	0	0	0	NULL	NO_REGISTERED_SESSION_SERVER_STOPPED
26189	Estarine	288	RNDBOT420	1	1	10	0	1787955276	2026-08-29 00:14:36	1	NULL	0000-00-00 00:00:00	0	1	0	0	0	0	0	0	NULL	NO_REGISTERED_SESSION_SERVER_STOPPED
26190	Walo	288	RNDBOT420	1	4	10	0	1787955286	2026-08-29 00:14:46	1	NULL	0000-00-00 00:00:00	0	1	0	0	0	0	0	0	NULL	NO_REGISTERED_SESSION_SERVER_STOPPED
26191	Kiotteelon	288	RNDBOT420	1	11	6	0	1787955293	2026-08-29 00:14:53	1	NULL	0000-00-00 00:00:00	0	1	0	0	0	0	0	0	NULL	NO_REGISTERED_SESSION_SERVER_STOPPED
26192	Drildazdurg	289	RNDBOT421	1	3	2	0	1787955285	2026-08-29 00:14:45	1	NULL	0000-00-00 00:00:00	0	1	0	0	0	0	0	0	NULL	NO_REGISTERED_SESSION_SERVER_STOPPED
26193	Saleera	289	RNDBOT421	1	8	1	0	1787955285	2026-08-29 00:14:45	1	NULL	0000-00-00 00:00:00	0	1	0	0	0	0	0	0	NULL	NO_REGISTERED_SESSION_SERVER_STOPPED
26194	Silerie	289	RNDBOT421	1	1	10	0	1787955298	2026-08-29 00:14:58	1	NULL	0000-00-00 00:00:00	0	1	0	0	0	0	0	0	NULL	NO_REGISTERED_SESSION_SERVER_STOPPED
26195	Emashan	289	RNDBOT421	1	1	1	0	1787955298	2026-08-29 00:14:58	1	NULL	0000-00-00 00:00:00	0	1	0	0	0	0	0	0	NULL	NO_REGISTERED_SESSION_SERVER_STOPPED
26196	Khasin	289	RNDBOT421	1	3	4	0	1787955275	2026-08-29 00:14:35	1	NULL	0000-00-00 00:00:00	0	1	0	0	0	0	0	0	NULL	NO_REGISTERED_SESSION_SERVER_STOPPED
26197	Herus	289	RNDBOT421	1	3	9	0	1787955294	2026-08-29 00:14:54	1	NULL	0000-00-00 00:00:00	0	1	0	0	0	0	0	0	NULL	NO_REGISTERED_SESSION_SERVER_STOPPED
26198	Fadros	289	RNDBOT421	1	3	4	0	1787955296	2026-08-29 00:14:56	1	NULL	0000-00-00 00:00:00	0	1	0	0	0	0	0	0	NULL	NO_REGISTERED_SESSION_SERVER_STOPPED
26199	Avenric	289	RNDBOT421	1	3	9	0	1787955275	2026-08-29 00:14:35	1	NULL	0000-00-00 00:00:00	0	1	0	0	0	0	0	0	NULL	NO_REGISTERED_SESSION_SERVER_STOPPED
26200	Perinerina	289	RNDBOT421	1	3	1	0	1787955295	2026-08-29 00:14:55	1	NULL	0000-00-00 00:00:00	0	1	0	0	0	0	0	0	NULL	NO_REGISTERED_SESSION_SERVER_STOPPED
26201	Jirai	290	RNDBOT422	1	3	4	0	1787955300	2026-08-29 00:15:00	1	NULL	0000-00-00 00:00:00	1	1	0	0	0	0	0	0	NULL	NO_REGISTERED_SESSION_SERVER_STOPPED
26202	Balorinek	290	RNDBOT422	1	3	9	0	1787955272	2026-08-29 00:14:32	1	NULL	0000-00-00 00:00:00	1	1	0	0	0	0	0	0	NULL	NO_REGISTERED_SESSION_SERVER_STOPPED
26203	Illialene	290	RNDBOT422	1	11	4	0	1787955289	2026-08-29 00:14:49	1	NULL	0000-00-00 00:00:00	1	1	0	0	0	0	0	0	NULL	NO_REGISTERED_SESSION_SERVER_STOPPED
26204	Yolary	290	RNDBOT422	1	1	1	0	1787955298	2026-08-29 00:14:58	1	NULL	0000-00-00 00:00:00	1	1	0	0	0	0	0	0	NULL	NO_REGISTERED_SESSION_SERVER_STOPPED
26205	Ceyna	290	RNDBOT422	1	2	1	0	1787955292	2026-08-29 00:14:52	1	NULL	0000-00-00 00:00:00	1	1	0	0	0	0	0	0	NULL	NO_REGISTERED_SESSION_SERVER_STOPPED
26206	Kendric	290	RNDBOT422	1	3	1	0	1787955283	2026-08-29 00:14:43	1	NULL	0000-00-00 00:00:00	1	1	0	0	0	0	0	0	NULL	NO_REGISTERED_SESSION_SERVER_STOPPED
26207	Ioneri	290	RNDBOT422	1	4	10	0	1787955276	2026-08-29 00:14:36	1	NULL	0000-00-00 00:00:00	1	1	0	0	0	0	0	0	NULL	NO_REGISTERED_SESSION_SERVER_STOPPED
26208	Nevela	290	RNDBOT422	1	4	10	0	1787955279	2026-08-29 00:14:39	1	NULL	0000-00-00 00:00:00	1	1	0	0	0	0	0	0	NULL	NO_REGISTERED_SESSION_SERVER_STOPPED
26209	Helane	290	RNDBOT422	1	9	1	0	1787955297	2026-08-29 00:14:57	1	NULL	0000-00-00 00:00:00	1	1	0	0	0	0	0	0	NULL	NO_REGISTERED_SESSION_SERVER_STOPPED
26210	Krizio	291	RNDBOT423	1	3	1	0	1787955300	2026-08-29 00:15:00	1	NULL	0000-00-00 00:00:00	0	1	0	0	0	0	0	0	NULL	NO_REGISTERED_SESSION_SERVER_STOPPED
26211	Yelessia	291	RNDBOT423	1	5	5	0	1787955282	2026-08-29 00:14:42	1	NULL	0000-00-00 00:00:00	0	1	0	0	0	0	0	0	NULL	NO_REGISTERED_SESSION_SERVER_STOPPED
26212	Keewotkonk	291	RNDBOT423	1	8	7	0	1787955286	2026-08-29 00:14:46	1	NULL	0000-00-00 00:00:00	0	1	0	0	0	0	0	0	NULL	NO_REGISTERED_SESSION_SERVER_STOPPED
26213	Blandereno	291	RNDBOT423	1	8	9	0	1787955298	2026-08-29 00:14:58	1	NULL	0000-00-00 00:00:00	0	1	0	0	0	0	0	0	NULL	NO_REGISTERED_SESSION_SERVER_STOPPED
26214	Diliana	291	RNDBOT423	1	2	10	0	1787955284	2026-08-29 00:14:44	1	NULL	0000-00-00 00:00:00	0	1	0	0	0	0	0	0	NULL	NO_REGISTERED_SESSION_SERVER_STOPPED
26215	Bonriel	291	RNDBOT423	1	2	10	0	1787955291	2026-08-29 00:14:51	1	NULL	0000-00-00 00:00:00	0	1	0	0	0	0	0	0	NULL	NO_REGISTERED_SESSION_SERVER_STOPPED
26216	Sirini	291	RNDBOT423	1	5	10	0	1787955289	2026-08-29 00:14:49	1	NULL	0000-00-00 00:00:00	0	1	0	0	0	0	0	0	NULL	NO_REGISTERED_SESSION_SERVER_STOPPED
26217	Renka	291	RNDBOT423	1	3	8	0	1787955289	2026-08-29 00:14:49	1	NULL	0000-00-00 00:00:00	0	1	0	0	0	0	0	0	NULL	NO_REGISTERED_SESSION_SERVER_STOPPED
26218	Ilyell	291	RNDBOT423	1	11	4	0	1787955293	2026-08-29 00:14:53	1	NULL	0000-00-00 00:00:00	0	1	0	0	0	0	0	0	NULL	NO_REGISTERED_SESSION_SERVER_STOPPED
26219	Gorguilarn	292	RNDBOT424	1	1	3	0	1787955299	2026-08-29 00:14:59	1	NULL	0000-00-00 00:00:00	0	1	0	0	0	0	0	0	NULL	NO_REGISTERED_SESSION_SERVER_STOPPED
26220	Evana	292	RNDBOT424	1	3	9	0	1787955288	2026-08-29 00:14:48	1	NULL	0000-00-00 00:00:00	0	1	0	0	0	0	0	0	NULL	NO_REGISTERED_SESSION_SERVER_STOPPED
26221	Thres	292	RNDBOT424	1	7	2	0	1787955272	2026-08-29 00:14:32	1	NULL	0000-00-00 00:00:00	0	1	0	0	0	0	0	0	NULL	NO_REGISTERED_SESSION_SERVER_STOPPED
26222	Mandor	292	RNDBOT424	1	5	1	0	1787955296	2026-08-29 00:14:56	1	NULL	0000-00-00 00:00:00	0	1	0	0	0	0	0	0	NULL	NO_REGISTERED_SESSION_SERVER_STOPPED
26223	Bevorian	292	RNDBOT424	1	8	9	0	1787955278	2026-08-29 00:14:38	1	NULL	0000-00-00 00:00:00	0	1	0	0	0	0	0	0	NULL	NO_REGISTERED_SESSION_SERVER_STOPPED
26224	Velyna	292	RNDBOT424	1	8	9	0	1787955292	2026-08-29 00:14:52	1	NULL	0000-00-00 00:00:00	0	1	0	0	0	0	0	0	NULL	NO_REGISTERED_SESSION_SERVER_STOPPED
26225	Ellenne	292	RNDBOT424	1	1	4	0	1787955274	2026-08-29 00:14:34	1	NULL	0000-00-00 00:00:00	0	1	0	0	0	0	0	0	NULL	NO_REGISTERED_SESSION_SERVER_STOPPED
26226	Lonash	292	RNDBOT424	1	7	8	0	1787955278	2026-08-29 00:14:38	1	NULL	0000-00-00 00:00:00	0	1	0	0	0	0	0	0	NULL	NO_REGISTERED_SESSION_SERVER_STOPPED
26227	Relalanna	292	RNDBOT424	1	4	4	0	1787955284	2026-08-29 00:14:44	1	NULL	0000-00-00 00:00:00	0	1	0	0	0	0	0	0	NULL	NO_REGISTERED_SESSION_SERVER_STOPPED
26228	Trinero	293	RNDBOT425	1	4	5	0	1787955297	2026-08-29 00:14:57	1	NULL	0000-00-00 00:00:00	0	1	0	0	0	0	0	0	NULL	NO_REGISTERED_SESSION_SERVER_STOPPED
26229	Cadleass	293	RNDBOT425	1	1	4	0	1787955280	2026-08-29 00:14:40	1	NULL	0000-00-00 00:00:00	0	1	0	0	0	0	0	0	NULL	NO_REGISTERED_SESSION_SERVER_STOPPED
26230	Redalos	293	RNDBOT425	1	8	10	0	1787955293	2026-08-29 00:14:53	1	NULL	0000-00-00 00:00:00	0	1	0	0	0	0	0	0	NULL	NO_REGISTERED_SESSION_SERVER_STOPPED
26231	Aurelle	293	RNDBOT425	1	1	10	0	1787955274	2026-08-29 00:14:34	1	NULL	0000-00-00 00:00:00	0	1	0	0	0	0	0	0	NULL	NO_REGISTERED_SESSION_SERVER_STOPPED
26232	Doly	293	RNDBOT425	1	8	10	0	1787955283	2026-08-29 00:14:43	1	NULL	0000-00-00 00:00:00	0	1	0	0	0	0	0	0	NULL	NO_REGISTERED_SESSION_SERVER_STOPPED
26233	Murenok	293	RNDBOT425	1	3	10	0	1787955278	2026-08-29 00:14:38	1	NULL	0000-00-00 00:00:00	0	1	0	0	0	0	0	0	NULL	NO_REGISTERED_SESSION_SERVER_STOPPED
26234	Lorendro	293	RNDBOT425	1	4	1	0	1787955297	2026-08-29 00:14:57	1	NULL	0000-00-00 00:00:00	0	1	0	0	0	0	0	0	NULL	NO_REGISTERED_SESSION_SERVER_STOPPED
26235	Kitetlan	293	RNDBOT425	1	4	7	0	1787955280	2026-08-29 00:14:40	1	NULL	0000-00-00 00:00:00	0	1	0	0	0	0	0	0	NULL	NO_REGISTERED_SESSION_SERVER_STOPPED
26236	Aurele	293	RNDBOT425	1	4	1	0	1787955280	2026-08-29 00:14:40	1	NULL	0000-00-00 00:00:00	0	1	0	0	0	0	0	0	NULL	NO_REGISTERED_SESSION_SERVER_STOPPED
26237	Benric	451	RNDBOT426	1	5	10	0	1787955273	2026-08-29 00:14:33	1	NULL	0000-00-00 00:00:00	0	1	0	0	0	0	0	0	NULL	NO_REGISTERED_SESSION_SERVER_STOPPED
26238	Solara	451	RNDBOT426	1	11	4	0	1787955290	2026-08-29 00:14:50	1	NULL	0000-00-00 00:00:00	0	1	0	0	0	0	0	0	NULL	NO_REGISTERED_SESSION_SERVER_STOPPED
26239	Hamias	451	RNDBOT426	1	3	1	0	1787955282	2026-08-29 00:14:42	1	NULL	0000-00-00 00:00:00	0	1	0	0	0	0	0	0	NULL	NO_REGISTERED_SESSION_SERVER_STOPPED
26240	Waena	451	RNDBOT426	1	4	4	0	1787955274	2026-08-29 00:14:34	1	NULL	0000-00-00 00:00:00	0	1	0	0	0	0	0	0	NULL	NO_REGISTERED_SESSION_SERVER_STOPPED
26241	Evermo	451	RNDBOT426	1	8	9	0	1787955286	2026-08-29 00:14:46	1	NULL	0000-00-00 00:00:00	0	1	0	0	0	0	0	0	NULL	NO_REGISTERED_SESSION_SERVER_STOPPED
26242	Kalion	451	RNDBOT426	1	8	10	0	1787955287	2026-08-29 00:14:47	1	NULL	0000-00-00 00:00:00	0	1	0	0	0	0	0	0	NULL	NO_REGISTERED_SESSION_SERVER_STOPPED
26243	Pollian	451	RNDBOT426	1	2	10	0	1787955271	2026-08-29 00:14:31	1	NULL	0000-00-00 00:00:00	0	1	0	0	0	0	0	0	NULL	NO_REGISTERED_SESSION_SERVER_STOPPED
26244	Rurzin	451	RNDBOT426	1	8	8	0	1787955299	2026-08-29 00:14:59	1	NULL	0000-00-00 00:00:00	0	1	0	0	0	0	0	0	NULL	NO_REGISTERED_SESSION_SERVER_STOPPED
26245	Zonde	451	RNDBOT426	1	8	8	0	1787955276	2026-08-29 00:14:36	1	NULL	0000-00-00 00:00:00	0	1	0	0	0	0	0	0	NULL	NO_REGISTERED_SESSION_SERVER_STOPPED
26246	Tallivand	294	RNDBOT427	1	4	1	0	1787955275	2026-08-29 00:14:35	1	NULL	0000-00-00 00:00:00	0	1	0	0	0	0	0	0	NULL	NO_REGISTERED_SESSION_SERVER_STOPPED
26247	Beranor	294	RNDBOT427	1	4	5	0	1787955282	2026-08-29 00:14:42	1	NULL	0000-00-00 00:00:00	0	1	0	0	0	0	0	0	NULL	NO_REGISTERED_SESSION_SERVER_STOPPED
26248	Elerinette	294	RNDBOT427	1	9	9	0	1787955299	2026-08-29 00:14:59	1	NULL	0000-00-00 00:00:00	0	1	0	0	0	0	0	0	NULL	NO_REGISTERED_SESSION_SERVER_STOPPED
26249	Seririale	294	RNDBOT427	1	11	4	0	1787955279	2026-08-29 00:14:39	1	NULL	0000-00-00 00:00:00	0	1	0	0	0	0	0	0	NULL	NO_REGISTERED_SESSION_SERVER_STOPPED
26250	Castorian	294	RNDBOT427	1	8	9	0	1787955299	2026-08-29 00:14:59	1	NULL	0000-00-00 00:00:00	0	1	0	0	0	0	0	0	NULL	NO_REGISTERED_SESSION_SERVER_STOPPED
26251	Girio	294	RNDBOT427	1	8	1	0	1787955274	2026-08-29 00:14:34	1	NULL	0000-00-00 00:00:00	0	1	0	0	0	0	0	0	NULL	NO_REGISTERED_SESSION_SERVER_STOPPED
26252	Lelka	294	RNDBOT427	1	4	8	0	1787955287	2026-08-29 00:14:47	1	NULL	0000-00-00 00:00:00	0	1	0	0	0	0	0	0	NULL	NO_REGISTERED_SESSION_SERVER_STOPPED
26253	Utklink	294	RNDBOT427	1	9	7	0	1787955280	2026-08-29 00:14:40	1	NULL	0000-00-00 00:00:00	0	1	0	0	0	0	0	0	NULL	NO_REGISTERED_SESSION_SERVER_STOPPED
26254	Galanessie	294	RNDBOT427	1	2	1	0	1787955281	2026-08-29 00:14:41	1	NULL	0000-00-00 00:00:00	0	1	0	0	0	0	0	0	NULL	NO_REGISTERED_SESSION_SERVER_STOPPED
26255	Molarinia	497	RNDBOT428	1	8	9	0	1787955291	2026-08-29 00:14:51	1	NULL	0000-00-00 00:00:00	0	1	0	0	0	0	0	0	NULL	NO_REGISTERED_SESSION_SERVER_STOPPED
26256	Aitol	497	RNDBOT428	1	7	8	0	1787955285	2026-08-29 00:14:45	1	NULL	0000-00-00 00:00:00	0	1	0	0	0	0	0	0	NULL	NO_REGISTERED_SESSION_SERVER_STOPPED
26257	Nerita	497	RNDBOT428	1	5	10	0	1787955297	2026-08-29 00:14:57	1	NULL	0000-00-00 00:00:00	0	1	0	0	0	0	0	0	NULL	NO_REGISTERED_SESSION_SERVER_STOPPED
26258	Jaelma	497	RNDBOT428	1	5	4	0	1787955292	2026-08-29 00:14:52	1	NULL	0000-00-00 00:00:00	0	1	0	0	0	0	0	0	NULL	NO_REGISTERED_SESSION_SERVER_STOPPED
26259	Damerlo	497	RNDBOT428	1	4	10	0	1787955297	2026-08-29 00:14:57	1	NULL	0000-00-00 00:00:00	0	1	0	0	0	0	0	0	NULL	NO_REGISTERED_SESSION_SERVER_STOPPED
26260	Barenzo	497	RNDBOT428	1	5	10	0	1787955298	2026-08-29 00:14:58	1	NULL	0000-00-00 00:00:00	0	1	0	0	0	0	0	0	NULL	NO_REGISTERED_SESSION_SERVER_STOPPED
26261	Esterenz	497	RNDBOT428	1	9	5	0	1787955296	2026-08-29 00:14:56	1	NULL	0000-00-00 00:00:00	0	1	0	0	0	0	0	0	NULL	NO_REGISTERED_SESSION_SERVER_STOPPED
26262	Balavo	497	RNDBOT428	1	1	10	0	1787955288	2026-08-29 00:14:48	1	NULL	0000-00-00 00:00:00	0	1	0	0	0	0	0	0	NULL	NO_REGISTERED_SESSION_SERVER_STOPPED
26263	Sarabella	497	RNDBOT428	1	9	5	0	1787955275	2026-08-29 00:14:35	1	NULL	0000-00-00 00:00:00	0	1	0	0	0	0	0	0	NULL	NO_REGISTERED_SESSION_SERVER_STOPPED
26264	Oberen	295	RNDBOT429	1	4	5	0	1787955293	2026-08-29 00:14:53	1	NULL	0000-00-00 00:00:00	0	1	0	0	0	0	0	0	NULL	NO_REGISTERED_SESSION_SERVER_STOPPED
26265	Icarano	295	RNDBOT429	1	1	1	0	1787955293	2026-08-29 00:14:53	1	NULL	0000-00-00 00:00:00	0	1	0	0	0	0	0	0	NULL	NO_REGISTERED_SESSION_SERVER_STOPPED
26266	Huzuk	295	RNDBOT429	1	3	2	0	1787955295	2026-08-29 00:14:55	1	NULL	0000-00-00 00:00:00	0	1	0	0	0	0	0	0	NULL	NO_REGISTERED_SESSION_SERVER_STOPPED
26267	Ellistania	295	RNDBOT429	1	2	1	0	1787955274	2026-08-29 00:14:34	1	NULL	0000-00-00 00:00:00	0	1	0	0	0	0	0	0	NULL	NO_REGISTERED_SESSION_SERVER_STOPPED
26268	Linevere	295	RNDBOT429	1	4	10	0	1787955274	2026-08-29 00:14:34	1	NULL	0000-00-00 00:00:00	0	1	0	0	0	0	0	0	NULL	NO_REGISTERED_SESSION_SERVER_STOPPED
26269	Boscorn	295	RNDBOT429	1	4	10	0	1787955298	2026-08-29 00:14:58	1	NULL	0000-00-00 00:00:00	0	1	0	0	0	0	0	0	NULL	NO_REGISTERED_SESSION_SERVER_STOPPED
26270	Piras	295	RNDBOT429	1	9	7	0	1787955285	2026-08-29 00:14:45	1	NULL	0000-00-00 00:00:00	0	1	0	0	0	0	0	0	NULL	NO_REGISTERED_SESSION_SERVER_STOPPED
26271	Erco	295	RNDBOT429	1	8	10	0	1787955299	2026-08-29 00:14:59	1	NULL	0000-00-00 00:00:00	0	1	0	0	0	0	0	0	NULL	NO_REGISTERED_SESSION_SERVER_STOPPED
26272	Constanus	295	RNDBOT429	1	3	9	0	1787955294	2026-08-29 00:14:54	1	NULL	0000-00-00 00:00:00	0	1	0	0	0	0	0	0	NULL	NO_REGISTERED_SESSION_SERVER_STOPPED
26273	Cickakleesh	296	RNDBOT430	1	9	7	0	1787955295	2026-08-29 00:14:55	1	NULL	0000-00-00 00:00:00	0	1	0	0	0	0	0	0	NULL	NO_REGISTERED_SESSION_SERVER_STOPPED
26274	Faedia	296	RNDBOT430	1	3	4	0	1787955300	2026-08-29 00:15:00	1	NULL	0000-00-00 00:00:00	0	1	0	0	0	0	0	0	NULL	NO_REGISTERED_SESSION_SERVER_STOPPED
26275	Bangu	296	RNDBOT430	1	3	3	0	1787955288	2026-08-29 00:14:48	1	NULL	0000-00-00 00:00:00	0	1	0	0	0	0	0	0	NULL	NO_REGISTERED_SESSION_SERVER_STOPPED
26276	Oliano	296	RNDBOT430	1	4	10	0	1787955289	2026-08-29 00:14:49	1	NULL	0000-00-00 00:00:00	0	1	0	0	0	0	0	0	NULL	NO_REGISTERED_SESSION_SERVER_STOPPED
26277	Joric	296	RNDBOT430	1	4	9	0	1787955286	2026-08-29 00:14:46	1	NULL	0000-00-00 00:00:00	0	1	0	0	0	0	0	0	NULL	NO_REGISTERED_SESSION_SERVER_STOPPED
26278	Ungrass	296	RNDBOT430	1	1	3	0	1787955298	2026-08-29 00:14:58	1	NULL	0000-00-00 00:00:00	0	1	0	0	0	0	0	0	NULL	NO_REGISTERED_SESSION_SERVER_STOPPED
26279	Valorenz	296	RNDBOT430	1	4	5	0	1787955286	2026-08-29 00:14:46	1	NULL	0000-00-00 00:00:00	0	1	0	0	0	0	0	0	NULL	NO_REGISTERED_SESSION_SERVER_STOPPED
26280	Yagwian	296	RNDBOT430	1	11	6	0	1787955298	2026-08-29 00:14:58	1	NULL	0000-00-00 00:00:00	0	1	0	0	0	0	0	0	NULL	NO_REGISTERED_SESSION_SERVER_STOPPED
26281	Demereni	296	RNDBOT430	1	4	9	0	1787955300	2026-08-29 00:15:00	1	NULL	0000-00-00 00:00:00	0	1	0	0	0	0	0	0	NULL	NO_REGISTERED_SESSION_SERVER_STOPPED
26282	Dallis	400	RNDBOT431	1	2	10	0	1787955273	2026-08-29 00:14:33	1	NULL	0000-00-00 00:00:00	0	1	0	0	0	0	0	0	NULL	NO_REGISTERED_SESSION_SERVER_STOPPED
26283	Maveyian	400	RNDBOT431	1	7	6	0	1787955298	2026-08-29 00:14:58	1	NULL	0000-00-00 00:00:00	0	1	0	0	0	0	0	0	NULL	NO_REGISTERED_SESSION_SERVER_STOPPED
26284	Berolaos	400	RNDBOT431	1	4	9	0	1787955271	2026-08-29 00:14:31	1	NULL	0000-00-00 00:00:00	0	1	0	0	0	0	0	0	NULL	NO_REGISTERED_SESSION_SERVER_STOPPED
26285	Uhunkti	400	RNDBOT431	1	7	6	0	1787955289	2026-08-29 00:14:49	1	NULL	0000-00-00 00:00:00	0	1	0	0	0	0	0	0	NULL	NO_REGISTERED_SESSION_SERVER_STOPPED
26286	Dalorrent	400	RNDBOT431	1	1	1	0	1787955298	2026-08-29 00:14:58	1	NULL	0000-00-00 00:00:00	0	1	0	0	0	0	0	0	NULL	NO_REGISTERED_SESSION_SERVER_STOPPED
26287	Zeliora	400	RNDBOT431	1	5	10	0	1787955271	2026-08-29 00:14:31	1	NULL	0000-00-00 00:00:00	0	1	0	0	0	0	0	0	NULL	NO_REGISTERED_SESSION_SERVER_STOPPED
26288	Clain	400	RNDBOT431	1	9	5	0	1787955284	2026-08-29 00:14:44	1	NULL	0000-00-00 00:00:00	0	1	0	0	0	0	0	0	NULL	NO_REGISTERED_SESSION_SERVER_STOPPED
26289	Spenceron	400	RNDBOT431	1	4	5	0	1787955295	2026-08-29 00:14:55	1	NULL	0000-00-00 00:00:00	0	1	0	0	0	0	0	0	NULL	NO_REGISTERED_SESSION_SERVER_STOPPED
26290	Glorah	400	RNDBOT431	1	9	9	0	1787955274	2026-08-29 00:14:34	1	NULL	0000-00-00 00:00:00	0	1	0	0	0	0	0	0	NULL	NO_REGISTERED_SESSION_SERVER_STOPPED
26291	Meendeck	297	RNDBOT432	1	9	7	0	1787955296	2026-08-29 00:14:56	1	NULL	0000-00-00 00:00:00	0	1	0	0	0	0	0	0	NULL	NO_REGISTERED_SESSION_SERVER_STOPPED
26292	Herane	297	RNDBOT432	1	2	1	0	1787955297	2026-08-29 00:14:57	1	NULL	0000-00-00 00:00:00	0	1	0	0	0	0	0	0	NULL	NO_REGISTERED_SESSION_SERVER_STOPPED
26293	Izora	297	RNDBOT432	1	2	1	0	1787955277	2026-08-29 00:14:37	1	NULL	0000-00-00 00:00:00	0	1	0	0	0	0	0	0	NULL	NO_REGISTERED_SESSION_SERVER_STOPPED
26294	Waik	297	RNDBOT432	1	5	10	0	1787955286	2026-08-29 00:14:46	1	NULL	0000-00-00 00:00:00	0	1	0	0	0	0	0	0	NULL	NO_REGISTERED_SESSION_SERVER_STOPPED
26295	Belami	297	RNDBOT432	1	4	5	0	1787955284	2026-08-29 00:14:44	1	NULL	0000-00-00 00:00:00	0	1	0	0	0	0	0	0	NULL	NO_REGISTERED_SESSION_SERVER_STOPPED
26296	Uryrgek	297	RNDBOT432	1	1	3	0	1787955275	2026-08-29 00:14:35	1	NULL	0000-00-00 00:00:00	0	1	0	0	0	0	0	0	NULL	NO_REGISTERED_SESSION_SERVER_STOPPED
26297	Solliiki	297	RNDBOT432	1	7	6	0	1787955282	2026-08-29 00:14:42	1	NULL	0000-00-00 00:00:00	0	1	0	0	0	0	0	0	NULL	NO_REGISTERED_SESSION_SERVER_STOPPED
26298	Veliane	297	RNDBOT432	1	9	9	0	1787955290	2026-08-29 00:14:50	1	NULL	0000-00-00 00:00:00	0	1	0	0	0	0	0	0	NULL	NO_REGISTERED_SESSION_SERVER_STOPPED
26299	Bahgu	297	RNDBOT432	1	4	3	0	1787955285	2026-08-29 00:14:45	1	NULL	0000-00-00 00:00:00	0	1	0	0	0	0	0	0	NULL	NO_REGISTERED_SESSION_SERVER_STOPPED
26300	Seranu	452	RNDBOT433	1	8	10	0	1787955272	2026-08-29 00:14:32	1	NULL	0000-00-00 00:00:00	0	1	0	0	0	0	0	0	NULL	NO_REGISTERED_SESSION_SERVER_STOPPED
26301	Nellios	452	RNDBOT433	1	1	10	0	1787955271	2026-08-29 00:14:31	1	NULL	0000-00-00 00:00:00	0	1	0	0	0	0	0	0	NULL	NO_REGISTERED_SESSION_SERVER_STOPPED
26302	Yuhmei	452	RNDBOT433	1	3	8	0	1787955294	2026-08-29 00:14:54	1	NULL	0000-00-00 00:00:00	0	1	0	0	0	0	0	0	NULL	NO_REGISTERED_SESSION_SERVER_STOPPED
26303	Flimta	452	RNDBOT433	1	11	6	0	1787955285	2026-08-29 00:14:45	1	NULL	0000-00-00 00:00:00	0	1	0	0	0	0	0	0	NULL	NO_REGISTERED_SESSION_SERVER_STOPPED
26304	Eloperia	452	RNDBOT433	1	8	9	0	1787955298	2026-08-29 00:14:58	1	NULL	0000-00-00 00:00:00	0	1	0	0	0	0	0	0	NULL	NO_REGISTERED_SESSION_SERVER_STOPPED
26305	Patha	452	RNDBOT433	1	1	10	0	1787955275	2026-08-29 00:14:35	1	NULL	0000-00-00 00:00:00	0	1	0	0	0	0	0	0	NULL	NO_REGISTERED_SESSION_SERVER_STOPPED
26306	Brancas	452	RNDBOT433	1	2	10	0	1787955271	2026-08-29 00:14:31	1	NULL	0000-00-00 00:00:00	0	1	0	0	0	0	0	0	NULL	NO_REGISTERED_SESSION_SERVER_STOPPED
26307	Delanda	452	RNDBOT433	1	9	5	0	1787955299	2026-08-29 00:14:59	1	NULL	0000-00-00 00:00:00	0	1	0	0	0	0	0	0	NULL	NO_REGISTERED_SESSION_SERVER_STOPPED
26308	Ceyl	452	RNDBOT433	1	8	9	0	1787955271	2026-08-29 00:14:31	1	NULL	0000-00-00 00:00:00	0	1	0	0	0	0	0	0	NULL	NO_REGISTERED_SESSION_SERVER_STOPPED
26309	Ginerene	298	RNDBOT434	1	3	9	0	1787955277	2026-08-29 00:14:37	1	NULL	0000-00-00 00:00:00	0	1	0	0	0	0	0	0	NULL	NO_REGISTERED_SESSION_SERVER_STOPPED
26310	Avelah	298	RNDBOT434	1	4	10	0	1787955289	2026-08-29 00:14:49	1	NULL	0000-00-00 00:00:00	0	1	0	0	0	0	0	0	NULL	NO_REGISTERED_SESSION_SERVER_STOPPED
26311	Lorisy	298	RNDBOT434	1	8	10	0	1787955274	2026-08-29 00:14:34	1	NULL	0000-00-00 00:00:00	0	1	0	0	0	0	0	0	NULL	NO_REGISTERED_SESSION_SERVER_STOPPED
26312	Tristan	298	RNDBOT434	1	4	9	0	1787955295	2026-08-29 00:14:55	1	NULL	0000-00-00 00:00:00	0	1	0	0	0	0	0	0	NULL	NO_REGISTERED_SESSION_SERVER_STOPPED
26313	Gascaralt	298	RNDBOT434	1	8	10	0	1787955278	2026-08-29 00:14:38	1	NULL	0000-00-00 00:00:00	0	1	0	0	0	0	0	0	NULL	NO_REGISTERED_SESSION_SERVER_STOPPED
26314	Oberio	298	RNDBOT434	1	1	10	0	1787955295	2026-08-29 00:14:55	1	NULL	0000-00-00 00:00:00	0	1	0	0	0	0	0	0	NULL	NO_REGISTERED_SESSION_SERVER_STOPPED
26315	Jihga	298	RNDBOT434	1	4	3	0	1787955285	2026-08-29 00:14:45	1	NULL	0000-00-00 00:00:00	0	1	0	0	0	0	0	0	NULL	NO_REGISTERED_SESSION_SERVER_STOPPED
26316	Herrino	298	RNDBOT434	1	4	9	0	1787955286	2026-08-29 00:14:46	1	NULL	0000-00-00 00:00:00	0	1	0	0	0	0	0	0	NULL	NO_REGISTERED_SESSION_SERVER_STOPPED
26317	Gekeendush	298	RNDBOT434	1	9	7	0	1787955298	2026-08-29 00:14:58	1	NULL	0000-00-00 00:00:00	0	1	0	0	0	0	0	0	NULL	NO_REGISTERED_SESSION_SERVER_STOPPED
26318	Brogu	401	RNDBOT435	1	2	3	0	1787955297	2026-08-29 00:14:57	1	NULL	0000-00-00 00:00:00	0	1	0	0	0	0	0	0	NULL	NO_REGISTERED_SESSION_SERVER_STOPPED
26319	Arancy	401	RNDBOT435	1	3	10	0	1787955274	2026-08-29 00:14:34	1	NULL	0000-00-00 00:00:00	0	1	0	0	0	0	0	0	NULL	NO_REGISTERED_SESSION_SERVER_STOPPED
26320	Hanka	401	RNDBOT435	1	8	1	0	1787955277	2026-08-29 00:14:37	1	NULL	0000-00-00 00:00:00	0	1	0	0	0	0	0	0	NULL	NO_REGISTERED_SESSION_SERVER_STOPPED
26321	Gideno	401	RNDBOT435	1	4	9	0	1787955297	2026-08-29 00:14:57	1	NULL	0000-00-00 00:00:00	0	1	0	0	0	0	0	0	NULL	NO_REGISTERED_SESSION_SERVER_STOPPED
26322	Emmaranu	401	RNDBOT435	1	1	1	0	1787955285	2026-08-29 00:14:45	1	NULL	0000-00-00 00:00:00	0	1	0	0	0	0	0	0	NULL	NO_REGISTERED_SESSION_SERVER_STOPPED
26323	Balason	401	RNDBOT435	1	5	10	0	1787955271	2026-08-29 00:14:31	1	NULL	0000-00-00 00:00:00	0	1	0	0	0	0	0	0	NULL	NO_REGISTERED_SESSION_SERVER_STOPPED
26324	Baderond	401	RNDBOT435	1	9	5	0	1787955299	2026-08-29 00:14:59	1	NULL	0000-00-00 00:00:00	0	1	0	0	0	0	0	0	NULL	NO_REGISTERED_SESSION_SERVER_STOPPED
26325	Natketti	401	RNDBOT435	1	3	6	0	1787955290	2026-08-29 00:14:50	1	NULL	0000-00-00 00:00:00	0	1	0	0	0	0	0	0	NULL	NO_REGISTERED_SESSION_SERVER_STOPPED
26326	Erile	401	RNDBOT435	1	5	10	0	1787955286	2026-08-29 00:14:46	1	NULL	0000-00-00 00:00:00	0	1	0	0	0	0	0	0	NULL	NO_REGISTERED_SESSION_SERVER_STOPPED
26327	Caranus	299	RNDBOT436	1	5	10	0	1787955288	2026-08-29 00:14:48	1	NULL	0000-00-00 00:00:00	0	1	0	0	0	0	0	0	NULL	NO_REGISTERED_SESSION_SERVER_STOPPED
26328	Jondihm	299	RNDBOT436	1	2	3	0	1787955273	2026-08-29 00:14:33	1	NULL	0000-00-00 00:00:00	0	1	0	0	0	0	0	0	NULL	NO_REGISTERED_SESSION_SERVER_STOPPED
26329	Gerany	299	RNDBOT436	1	5	5	0	1787955276	2026-08-29 00:14:36	1	NULL	0000-00-00 00:00:00	0	1	0	0	0	0	0	0	NULL	NO_REGISTERED_SESSION_SERVER_STOPPED
26330	Cosephanna	299	RNDBOT436	1	1	5	0	1787955272	2026-08-29 00:14:32	1	NULL	0000-00-00 00:00:00	0	1	0	0	0	0	0	0	NULL	NO_REGISTERED_SESSION_SERVER_STOPPED
26331	Rodrate	299	RNDBOT436	1	1	2	0	1787955273	2026-08-29 00:14:33	1	NULL	0000-00-00 00:00:00	0	1	0	0	0	0	0	0	NULL	NO_REGISTERED_SESSION_SERVER_STOPPED
26332	Appolonia	299	RNDBOT436	1	8	9	0	1787955292	2026-08-29 00:14:52	1	NULL	0000-00-00 00:00:00	0	1	0	0	0	0	0	0	NULL	NO_REGISTERED_SESSION_SERVER_STOPPED
26333	Zanderio	299	RNDBOT436	1	4	5	0	1787955291	2026-08-29 00:14:51	1	NULL	0000-00-00 00:00:00	0	1	0	0	0	0	0	0	NULL	NO_REGISTERED_SESSION_SERVER_STOPPED
26334	Alaind	299	RNDBOT436	1	1	10	0	1787955272	2026-08-29 00:14:32	1	NULL	0000-00-00 00:00:00	0	1	0	0	0	0	0	0	NULL	NO_REGISTERED_SESSION_SERVER_STOPPED
26335	Vietta	299	RNDBOT436	1	1	1	0	1787955281	2026-08-29 00:14:41	1	NULL	0000-00-00 00:00:00	0	1	0	0	0	0	0	0	NULL	NO_REGISTERED_SESSION_SERVER_STOPPED
26336	Melidil	478	RNDBOT437	1	1	4	0	1787955277	2026-08-29 00:14:37	1	NULL	0000-00-00 00:00:00	0	1	0	0	0	0	0	0	NULL	NO_REGISTERED_SESSION_SERVER_STOPPED
26337	Revena	478	RNDBOT437	1	3	1	0	1787955278	2026-08-29 00:14:38	1	NULL	0000-00-00 00:00:00	0	1	0	0	0	0	0	0	NULL	NO_REGISTERED_SESSION_SERVER_STOPPED
26338	Nedraeth	478	RNDBOT437	1	5	4	0	1787955284	2026-08-29 00:14:44	1	NULL	0000-00-00 00:00:00	0	1	0	0	0	0	0	0	NULL	NO_REGISTERED_SESSION_SERVER_STOPPED
26339	Delerine	478	RNDBOT437	1	5	10	0	1787955279	2026-08-29 00:14:39	1	NULL	0000-00-00 00:00:00	0	1	0	0	0	0	0	0	NULL	NO_REGISTERED_SESSION_SERVER_STOPPED
26340	Mopizhe	478	RNDBOT437	1	1	6	0	1787955293	2026-08-29 00:14:53	1	NULL	0000-00-00 00:00:00	0	1	0	0	0	0	0	0	NULL	NO_REGISTERED_SESSION_SERVER_STOPPED
26341	Aranuel	478	RNDBOT437	1	1	10	0	1787955286	2026-08-29 00:14:46	1	NULL	0000-00-00 00:00:00	0	1	0	0	0	0	0	0	NULL	NO_REGISTERED_SESSION_SERVER_STOPPED
26342	Silaedya	478	RNDBOT437	1	4	4	0	1787955275	2026-08-29 00:14:35	1	NULL	0000-00-00 00:00:00	0	1	0	0	0	0	0	0	NULL	NO_REGISTERED_SESSION_SERVER_STOPPED
26343	Ellicia	478	RNDBOT437	1	8	9	0	1787955295	2026-08-29 00:14:55	1	NULL	0000-00-00 00:00:00	0	1	0	0	0	0	0	0	NULL	NO_REGISTERED_SESSION_SERVER_STOPPED
26344	Samund	478	RNDBOT437	1	4	1	0	1787955276	2026-08-29 00:14:36	1	NULL	0000-00-00 00:00:00	0	1	0	0	0	0	0	0	NULL	NO_REGISTERED_SESSION_SERVER_STOPPED
26345	Cassanda	300	RNDBOT438	1	3	10	0	1787955292	2026-08-29 00:14:52	1	NULL	0000-00-00 00:00:00	0	1	0	0	0	0	0	0	NULL	NO_REGISTERED_SESSION_SERVER_STOPPED
26346	Oleango	300	RNDBOT438	1	1	10	0	1787955290	2026-08-29 00:14:50	1	NULL	0000-00-00 00:00:00	0	1	0	0	0	0	0	0	NULL	NO_REGISTERED_SESSION_SERVER_STOPPED
26347	Caralduin	300	RNDBOT438	1	3	9	0	1787955278	2026-08-29 00:14:38	1	NULL	0000-00-00 00:00:00	0	1	0	0	0	0	0	0	NULL	NO_REGISTERED_SESSION_SERVER_STOPPED
26348	Materi	300	RNDBOT438	1	4	1	0	1787955286	2026-08-29 00:14:46	1	NULL	0000-00-00 00:00:00	0	1	0	0	0	0	0	0	NULL	NO_REGISTERED_SESSION_SERVER_STOPPED
26349	Noland	300	RNDBOT438	1	3	10	0	1787955273	2026-08-29 00:14:33	1	NULL	0000-00-00 00:00:00	0	1	0	0	0	0	0	0	NULL	NO_REGISTERED_SESSION_SERVER_STOPPED
26350	Grikzagderm	300	RNDBOT438	1	3	2	0	1787955300	2026-08-29 00:15:00	1	NULL	0000-00-00 00:00:00	0	1	0	0	0	0	0	0	NULL	NO_REGISTERED_SESSION_SERVER_STOPPED
26351	Coriany	300	RNDBOT438	1	4	10	0	1787955296	2026-08-29 00:14:56	1	NULL	0000-00-00 00:00:00	0	1	0	0	0	0	0	0	NULL	NO_REGISTERED_SESSION_SERVER_STOPPED
26352	Zerson	300	RNDBOT438	1	9	9	0	1787955271	2026-08-29 00:14:31	1	NULL	0000-00-00 00:00:00	0	1	0	0	0	0	0	0	NULL	NO_REGISTERED_SESSION_SERVER_STOPPED
26353	Zelah	300	RNDBOT438	1	8	10	0	1787955288	2026-08-29 00:14:48	1	NULL	0000-00-00 00:00:00	0	1	0	0	0	0	0	0	NULL	NO_REGISTERED_SESSION_SERVER_STOPPED
26354	Nukonner	402	RNDBOT439	1	5	8	0	1787955275	2026-08-29 00:14:35	1	NULL	0000-00-00 00:00:00	0	1	0	0	0	0	0	0	NULL	NO_REGISTERED_SESSION_SERVER_STOPPED
26355	Camaria	402	RNDBOT439	1	3	1	0	1787955296	2026-08-29 00:14:56	1	NULL	0000-00-00 00:00:00	0	1	0	0	0	0	0	0	NULL	NO_REGISTERED_SESSION_SERVER_STOPPED
26356	Aimara	402	RNDBOT439	1	11	4	0	1787955289	2026-08-29 00:14:49	1	NULL	0000-00-00 00:00:00	0	1	0	0	0	0	0	0	NULL	NO_REGISTERED_SESSION_SERVER_STOPPED
26357	Amanar	402	RNDBOT439	1	11	4	0	1787955280	2026-08-29 00:14:40	1	NULL	0000-00-00 00:00:00	0	1	0	0	0	0	0	0	NULL	NO_REGISTERED_SESSION_SERVER_STOPPED
26358	Nyriia	402	RNDBOT439	1	1	4	0	1787955298	2026-08-29 00:14:58	1	NULL	0000-00-00 00:00:00	0	1	0	0	0	0	0	0	NULL	NO_REGISTERED_SESSION_SERVER_STOPPED
26359	Hellea	402	RNDBOT439	1	1	10	0	1787955299	2026-08-29 00:14:59	1	NULL	0000-00-00 00:00:00	0	1	0	0	0	0	0	0	NULL	NO_REGISTERED_SESSION_SERVER_STOPPED
26360	Hecaston	402	RNDBOT439	1	3	9	0	1787955274	2026-08-29 00:14:34	1	NULL	0000-00-00 00:00:00	0	1	0	0	0	0	0	0	NULL	NO_REGISTERED_SESSION_SERVER_STOPPED
26361	Dorilylah	402	RNDBOT439	1	3	4	0	1787955285	2026-08-29 00:14:45	1	NULL	0000-00-00 00:00:00	0	1	0	0	0	0	0	0	NULL	NO_REGISTERED_SESSION_SERVER_STOPPED
26362	Thasia	402	RNDBOT439	1	4	4	0	1787955286	2026-08-29 00:14:46	1	NULL	0000-00-00 00:00:00	0	1	0	0	0	0	0	0	NULL	NO_REGISTERED_SESSION_SERVER_STOPPED
26363	Amelania	301	RNDBOT440	1	1	5	0	1787955280	2026-08-29 00:14:40	1	NULL	0000-00-00 00:00:00	0	1	0	0	0	0	0	0	NULL	NO_REGISTERED_SESSION_SERVER_STOPPED
26364	Somoacassi	301	RNDBOT440	1	7	6	0	1787955282	2026-08-29 00:14:42	1	NULL	0000-00-00 00:00:00	0	1	0	0	0	0	0	0	NULL	NO_REGISTERED_SESSION_SERVER_STOPPED
26365	Vestania	301	RNDBOT440	1	8	1	0	1787955285	2026-08-29 00:14:45	1	NULL	0000-00-00 00:00:00	0	1	0	0	0	0	0	0	NULL	NO_REGISTERED_SESSION_SERVER_STOPPED
26366	Terita	301	RNDBOT440	1	2	1	0	1787955277	2026-08-29 00:14:37	1	NULL	0000-00-00 00:00:00	0	1	0	0	0	0	0	0	NULL	NO_REGISTERED_SESSION_SERVER_STOPPED
26367	Dornel	301	RNDBOT440	1	8	1	0	1787955279	2026-08-29 00:14:39	1	NULL	0000-00-00 00:00:00	0	1	0	0	0	0	0	0	NULL	NO_REGISTERED_SESSION_SERVER_STOPPED
26368	Owainero	301	RNDBOT440	1	4	10	0	1787955287	2026-08-29 00:14:47	1	NULL	0000-00-00 00:00:00	0	1	0	0	0	0	0	0	NULL	NO_REGISTERED_SESSION_SERVER_STOPPED
26369	Puthupu	301	RNDBOT440	1	4	8	0	1787955276	2026-08-29 00:14:36	1	NULL	0000-00-00 00:00:00	0	1	0	0	0	0	0	0	NULL	NO_REGISTERED_SESSION_SERVER_STOPPED
26370	Belaniana	301	RNDBOT440	1	5	1	0	1787955283	2026-08-29 00:14:43	1	NULL	0000-00-00 00:00:00	0	1	0	0	0	0	0	0	NULL	NO_REGISTERED_SESSION_SERVER_STOPPED
26371	Tillic	301	RNDBOT440	1	8	7	0	1787955279	2026-08-29 00:14:39	1	NULL	0000-00-00 00:00:00	0	1	0	0	0	0	0	0	NULL	NO_REGISTERED_SESSION_SERVER_STOPPED
26372	Qushissio	453	RNDBOT441	1	7	6	0	1787955282	2026-08-29 00:14:42	1	NULL	0000-00-00 00:00:00	0	1	0	0	0	0	0	0	NULL	NO_REGISTERED_SESSION_SERVER_STOPPED
26373	Miba	453	RNDBOT441	1	3	6	0	1787955293	2026-08-29 00:14:53	1	NULL	0000-00-00 00:00:00	0	1	0	0	0	0	0	0	NULL	NO_REGISTERED_SESSION_SERVER_STOPPED
26374	Lucastino	453	RNDBOT441	1	2	1	0	1787955272	2026-08-29 00:14:32	1	NULL	0000-00-00 00:00:00	0	1	0	0	0	0	0	0	NULL	NO_REGISTERED_SESSION_SERVER_STOPPED
26375	Aralastor	453	RNDBOT441	1	3	1	0	1787955285	2026-08-29 00:14:45	1	NULL	0000-00-00 00:00:00	0	1	0	0	0	0	0	0	NULL	NO_REGISTERED_SESSION_SERVER_STOPPED
26376	Fylercia	453	RNDBOT441	1	4	4	0	1787955296	2026-08-29 00:14:56	1	NULL	0000-00-00 00:00:00	0	1	0	0	0	0	0	0	NULL	NO_REGISTERED_SESSION_SERVER_STOPPED
26377	Emete	453	RNDBOT441	1	3	9	0	1787955299	2026-08-29 00:14:59	1	NULL	0000-00-00 00:00:00	0	1	0	0	0	0	0	0	NULL	NO_REGISTERED_SESSION_SERVER_STOPPED
26378	Thaedarn	453	RNDBOT441	1	11	4	0	1787955284	2026-08-29 00:14:44	1	NULL	0000-00-00 00:00:00	0	1	0	0	0	0	0	0	NULL	NO_REGISTERED_SESSION_SERVER_STOPPED
26379	Walter	453	RNDBOT441	1	2	1	0	1787955277	2026-08-29 00:14:37	1	NULL	0000-00-00 00:00:00	0	1	0	0	0	0	0	0	NULL	NO_REGISTERED_SESSION_SERVER_STOPPED
26380	Basceline	453	RNDBOT441	1	8	1	0	1787955278	2026-08-29 00:14:38	1	NULL	0000-00-00 00:00:00	0	1	0	0	0	0	0	0	NULL	NO_REGISTERED_SESSION_SERVER_STOPPED
26381	Kramek	302	RNDBOT442	1	1	2	0	1787955282	2026-08-29 00:14:42	1	NULL	0000-00-00 00:00:00	0	1	0	0	0	0	0	0	NULL	NO_REGISTERED_SESSION_SERVER_STOPPED
26382	Ninla	302	RNDBOT442	1	7	6	0	1787955274	2026-08-29 00:14:34	1	NULL	0000-00-00 00:00:00	0	1	0	0	0	0	0	0	NULL	NO_REGISTERED_SESSION_SERVER_STOPPED
26383	Shunyahachu	302	RNDBOT442	1	11	6	0	1787955272	2026-08-29 00:14:32	1	NULL	0000-00-00 00:00:00	0	1	0	0	0	0	0	0	NULL	NO_REGISTERED_SESSION_SERVER_STOPPED
26384	Cateriane	302	RNDBOT442	1	2	1	0	1787955286	2026-08-29 00:14:46	1	NULL	0000-00-00 00:00:00	0	1	0	0	0	0	0	0	NULL	NO_REGISTERED_SESSION_SERVER_STOPPED
26385	Arineva	302	RNDBOT442	1	9	9	0	1787955288	2026-08-29 00:14:48	1	NULL	0000-00-00 00:00:00	0	1	0	0	0	0	0	0	NULL	NO_REGISTERED_SESSION_SERVER_STOPPED
26386	Mermes	302	RNDBOT442	1	1	10	0	1787955286	2026-08-29 00:14:46	1	NULL	0000-00-00 00:00:00	0	1	0	0	0	0	0	0	NULL	NO_REGISTERED_SESSION_SERVER_STOPPED
26387	Brekurn	302	RNDBOT442	1	1	2	0	1787955293	2026-08-29 00:14:53	1	NULL	0000-00-00 00:00:00	0	1	0	0	0	0	0	0	NULL	NO_REGISTERED_SESSION_SERVER_STOPPED
26388	Anahkeva	302	RNDBOT442	1	11	6	0	1787955277	2026-08-29 00:14:37	1	NULL	0000-00-00 00:00:00	0	1	0	0	0	0	0	0	NULL	NO_REGISTERED_SESSION_SERVER_STOPPED
26389	Gudi	302	RNDBOT442	1	7	2	0	1787955287	2026-08-29 00:14:47	1	NULL	0000-00-00 00:00:00	0	1	0	0	0	0	0	0	NULL	NO_REGISTERED_SESSION_SERVER_STOPPED
26390	Alycina	303	RNDBOT443	1	1	4	0	1787955285	2026-08-29 00:14:45	1	NULL	0000-00-00 00:00:00	1	1	0	0	0	0	0	0	NULL	NO_REGISTERED_SESSION_SERVER_STOPPED
26391	Frollio	303	RNDBOT443	1	5	10	0	1787955281	2026-08-29 00:14:41	1	NULL	0000-00-00 00:00:00	1	1	0	0	0	0	0	0	NULL	NO_REGISTERED_SESSION_SERVER_STOPPED
26392	Pecimati	303	RNDBOT443	1	7	6	0	1787955300	2026-08-29 00:15:00	1	NULL	0000-00-00 00:00:00	1	1	0	0	0	0	0	0	NULL	NO_REGISTERED_SESSION_SERVER_STOPPED
26393	Catherly	303	RNDBOT443	1	4	1	0	1787955272	2026-08-29 00:14:32	1	NULL	0000-00-00 00:00:00	1	1	0	0	0	0	0	0	NULL	NO_REGISTERED_SESSION_SERVER_STOPPED
26394	Patkesh	303	RNDBOT443	1	8	7	0	1787955287	2026-08-29 00:14:47	1	NULL	0000-00-00 00:00:00	1	1	0	0	0	0	0	0	NULL	NO_REGISTERED_SESSION_SERVER_STOPPED
26395	Martia	303	RNDBOT443	1	5	5	0	1787955275	2026-08-29 00:14:35	1	NULL	0000-00-00 00:00:00	1	1	0	0	0	0	0	0	NULL	NO_REGISTERED_SESSION_SERVER_STOPPED
26396	Landelion	303	RNDBOT443	1	9	5	0	1787955290	2026-08-29 00:14:50	1	NULL	0000-00-00 00:00:00	1	1	0	0	0	0	0	0	NULL	NO_REGISTERED_SESSION_SERVER_STOPPED
26397	Beliane	303	RNDBOT443	1	1	9	0	1787955296	2026-08-29 00:14:56	1	NULL	0000-00-00 00:00:00	1	1	0	0	0	0	0	0	NULL	NO_REGISTERED_SESSION_SERVER_STOPPED
26398	Emmie	303	RNDBOT443	1	1	9	0	1787955292	2026-08-29 00:14:52	1	NULL	0000-00-00 00:00:00	1	1	0	0	0	0	0	0	NULL	NO_REGISTERED_SESSION_SERVER_STOPPED
26399	Zoltan	403	RNDBOT444	1	4	9	0	1787955294	2026-08-29 00:14:54	1	NULL	0000-00-00 00:00:00	0	1	0	0	0	0	0	0	NULL	NO_REGISTERED_SESSION_SERVER_STOPPED
26400	Gweruhmou	403	RNDBOT444	1	3	3	0	1787955281	2026-08-29 00:14:41	1	NULL	0000-00-00 00:00:00	0	1	0	0	0	0	0	0	NULL	NO_REGISTERED_SESSION_SERVER_STOPPED
26401	Samuelin	403	RNDBOT444	1	2	1	0	1787955287	2026-08-29 00:14:47	1	NULL	0000-00-00 00:00:00	0	1	0	0	0	0	0	0	NULL	NO_REGISTERED_SESSION_SERVER_STOPPED
26402	Isto	403	RNDBOT444	1	7	6	0	1787955298	2026-08-29 00:14:58	1	NULL	0000-00-00 00:00:00	0	1	0	0	0	0	0	0	NULL	NO_REGISTERED_SESSION_SERVER_STOPPED
26403	Tuvason	403	RNDBOT444	1	3	8	0	1787955288	2026-08-29 00:14:48	1	NULL	0000-00-00 00:00:00	0	1	0	0	0	0	0	0	NULL	NO_REGISTERED_SESSION_SERVER_STOPPED
26404	Taron	403	RNDBOT444	1	1	10	0	1787955296	2026-08-29 00:14:56	1	NULL	0000-00-00 00:00:00	0	1	0	0	0	0	0	0	NULL	NO_REGISTERED_SESSION_SERVER_STOPPED
26405	Merelyssa	403	RNDBOT444	1	5	4	0	1787955285	2026-08-29 00:14:45	1	NULL	0000-00-00 00:00:00	0	1	0	0	0	0	0	0	NULL	NO_REGISTERED_SESSION_SERVER_STOPPED
26406	Iberent	403	RNDBOT444	1	9	9	0	1787955279	2026-08-29 00:14:39	1	NULL	0000-00-00 00:00:00	0	1	0	0	0	0	0	0	NULL	NO_REGISTERED_SESSION_SERVER_STOPPED
26407	Agzemm	403	RNDBOT444	1	7	2	0	1787955298	2026-08-29 00:14:58	1	NULL	0000-00-00 00:00:00	0	1	0	0	0	0	0	0	NULL	NO_REGISTERED_SESSION_SERVER_STOPPED
26408	Tarena	491	RNDBOT445	1	4	5	0	1787955300	2026-08-29 00:15:00	1	NULL	0000-00-00 00:00:00	0	1	0	0	0	0	0	0	NULL	NO_REGISTERED_SESSION_SERVER_STOPPED
26409	Ohgua	491	RNDBOT445	1	3	3	0	1787955277	2026-08-29 00:14:37	1	NULL	0000-00-00 00:00:00	0	1	0	0	0	0	0	0	NULL	NO_REGISTERED_SESSION_SERVER_STOPPED
26410	Sandoria	491	RNDBOT445	1	4	9	0	1787955273	2026-08-29 00:14:33	1	NULL	0000-00-00 00:00:00	0	1	0	0	0	0	0	0	NULL	NO_REGISTERED_SESSION_SERVER_STOPPED
26411	Otio	491	RNDBOT445	1	1	10	0	1787955299	2026-08-29 00:14:59	1	NULL	0000-00-00 00:00:00	0	1	0	0	0	0	0	0	NULL	NO_REGISTERED_SESSION_SERVER_STOPPED
26412	Trenz	491	RNDBOT445	1	5	10	0	1787955281	2026-08-29 00:14:41	1	NULL	0000-00-00 00:00:00	0	1	0	0	0	0	0	0	NULL	NO_REGISTERED_SESSION_SERVER_STOPPED
26413	Arenz	491	RNDBOT445	1	9	5	0	1787955289	2026-08-29 00:14:49	1	NULL	0000-00-00 00:00:00	0	1	0	0	0	0	0	0	NULL	NO_REGISTERED_SESSION_SERVER_STOPPED
26414	Leclee	491	RNDBOT445	1	9	7	0	1787955274	2026-08-29 00:14:34	1	NULL	0000-00-00 00:00:00	0	1	0	0	0	0	0	0	NULL	NO_REGISTERED_SESSION_SERVER_STOPPED
26415	Malurith	491	RNDBOT445	1	4	4	0	1787955279	2026-08-29 00:14:39	1	NULL	0000-00-00 00:00:00	0	1	0	0	0	0	0	0	NULL	NO_REGISTERED_SESSION_SERVER_STOPPED
26416	Salita	491	RNDBOT445	1	9	5	0	1787955276	2026-08-29 00:14:36	1	NULL	0000-00-00 00:00:00	0	1	0	0	0	0	0	0	NULL	NO_REGISTERED_SESSION_SERVER_STOPPED
26417	Dalahad	404	RNDBOT446	1	1	1	0	1787955277	2026-08-29 00:14:37	1	NULL	0000-00-00 00:00:00	0	1	0	0	0	0	0	0	NULL	NO_REGISTERED_SESSION_SERVER_STOPPED
26418	Idristra	404	RNDBOT446	1	1	4	0	1787955271	2026-08-29 00:14:31	1	NULL	0000-00-00 00:00:00	0	1	0	0	0	0	0	0	NULL	NO_REGISTERED_SESSION_SERVER_STOPPED
26419	Calvin	404	RNDBOT446	1	9	9	0	1787955276	2026-08-29 00:14:36	1	NULL	0000-00-00 00:00:00	0	1	0	0	0	0	0	0	NULL	NO_REGISTERED_SESSION_SERVER_STOPPED
26420	Sush	404	RNDBOT446	1	3	2	0	1787955279	2026-08-29 00:14:39	1	NULL	0000-00-00 00:00:00	0	1	0	0	0	0	0	0	NULL	NO_REGISTERED_SESSION_SERVER_STOPPED
26421	Edisimo	404	RNDBOT446	1	5	10	0	1787955284	2026-08-29 00:14:44	1	NULL	0000-00-00 00:00:00	0	1	0	0	0	0	0	0	NULL	NO_REGISTERED_SESSION_SERVER_STOPPED
26422	Darinek	404	RNDBOT446	1	1	9	0	1787955300	2026-08-29 00:15:00	1	NULL	0000-00-00 00:00:00	0	1	0	0	0	0	0	0	NULL	NO_REGISTERED_SESSION_SERVER_STOPPED
26423	Molande	404	RNDBOT446	1	1	9	0	1787955287	2026-08-29 00:14:47	1	NULL	0000-00-00 00:00:00	0	1	0	0	0	0	0	0	NULL	NO_REGISTERED_SESSION_SERVER_STOPPED
26424	Jomegohm	404	RNDBOT446	1	4	3	0	1787955280	2026-08-29 00:14:40	1	NULL	0000-00-00 00:00:00	0	1	0	0	0	0	0	0	NULL	NO_REGISTERED_SESSION_SERVER_STOPPED
26425	Pohel	404	RNDBOT446	1	1	8	0	1787955290	2026-08-29 00:14:50	1	NULL	0000-00-00 00:00:00	0	1	0	0	0	0	0	0	NULL	NO_REGISTERED_SESSION_SERVER_STOPPED
26426	Camineva	304	RNDBOT447	1	3	9	0	1787955286	2026-08-29 00:14:46	1	NULL	0000-00-00 00:00:00	0	1	0	0	0	0	0	0	NULL	NO_REGISTERED_SESSION_SERVER_STOPPED
26427	Gerosus	304	RNDBOT447	1	3	9	0	1787955277	2026-08-29 00:14:37	1	NULL	0000-00-00 00:00:00	0	1	0	0	0	0	0	0	NULL	NO_REGISTERED_SESSION_SERVER_STOPPED
26428	Alista	304	RNDBOT447	1	11	4	0	1787955284	2026-08-29 00:14:44	1	NULL	0000-00-00 00:00:00	0	1	0	0	0	0	0	0	NULL	NO_REGISTERED_SESSION_SERVER_STOPPED
26429	Philton	304	RNDBOT447	1	4	10	0	1787955300	2026-08-29 00:15:00	1	NULL	0000-00-00 00:00:00	0	1	0	0	0	0	0	0	NULL	NO_REGISTERED_SESSION_SERVER_STOPPED
26430	Tattohe	304	RNDBOT447	1	3	6	0	1787955297	2026-08-29 00:14:57	1	NULL	0000-00-00 00:00:00	0	1	0	0	0	0	0	0	NULL	NO_REGISTERED_SESSION_SERVER_STOPPED
26431	Alianessa	304	RNDBOT447	1	5	10	0	1787955295	2026-08-29 00:14:55	1	NULL	0000-00-00 00:00:00	0	1	0	0	0	0	0	0	NULL	NO_REGISTERED_SESSION_SERVER_STOPPED
26432	Dortos	304	RNDBOT447	1	2	1	0	1787955272	2026-08-29 00:14:32	1	NULL	0000-00-00 00:00:00	0	1	0	0	0	0	0	0	NULL	NO_REGISTERED_SESSION_SERVER_STOPPED
26433	Jorreno	304	RNDBOT447	1	8	1	0	1787955283	2026-08-29 00:14:43	1	NULL	0000-00-00 00:00:00	0	1	0	0	0	0	0	0	NULL	NO_REGISTERED_SESSION_SERVER_STOPPED
26434	Rilena	304	RNDBOT447	1	9	9	0	1787955275	2026-08-29 00:14:35	1	NULL	0000-00-00 00:00:00	0	1	0	0	0	0	0	0	NULL	NO_REGISTERED_SESSION_SERVER_STOPPED
26435	Nelodia	305	RNDBOT448	1	4	10	0	1787955297	2026-08-29 00:14:57	1	NULL	0000-00-00 00:00:00	0	1	0	0	0	0	0	0	NULL	NO_REGISTERED_SESSION_SERVER_STOPPED
26436	Gluthkish	305	RNDBOT448	1	9	7	0	1787955284	2026-08-29 00:14:44	1	NULL	0000-00-00 00:00:00	0	1	0	0	0	0	0	0	NULL	NO_REGISTERED_SESSION_SERVER_STOPPED
26437	Rolander	305	RNDBOT448	1	4	10	0	1787955275	2026-08-29 00:14:35	1	NULL	0000-00-00 00:00:00	0	1	0	0	0	0	0	0	NULL	NO_REGISTERED_SESSION_SERVER_STOPPED
26438	Orgur	305	RNDBOT448	1	1	3	0	1787955300	2026-08-29 00:15:00	1	NULL	0000-00-00 00:00:00	0	1	0	0	0	0	0	0	NULL	NO_REGISTERED_SESSION_SERVER_STOPPED
26439	Lorenaro	305	RNDBOT448	1	8	10	0	1787955271	2026-08-29 00:14:31	1	NULL	0000-00-00 00:00:00	0	1	0	0	0	0	0	0	NULL	NO_REGISTERED_SESSION_SERVER_STOPPED
26440	Cassanna	305	RNDBOT448	1	4	10	0	1787955278	2026-08-29 00:14:38	1	NULL	0000-00-00 00:00:00	0	1	0	0	0	0	0	0	NULL	NO_REGISTERED_SESSION_SERVER_STOPPED
26441	Vicole	305	RNDBOT448	1	9	9	0	1787955281	2026-08-29 00:14:41	1	NULL	0000-00-00 00:00:00	0	1	0	0	0	0	0	0	NULL	NO_REGISTERED_SESSION_SERVER_STOPPED
26442	Donataria	305	RNDBOT448	1	1	10	0	1787955296	2026-08-29 00:14:56	1	NULL	0000-00-00 00:00:00	0	1	0	0	0	0	0	0	NULL	NO_REGISTERED_SESSION_SERVER_STOPPED
26443	Arcano	305	RNDBOT448	1	1	9	0	1787955290	2026-08-29 00:14:50	1	NULL	0000-00-00 00:00:00	0	1	0	0	0	0	0	0	NULL	NO_REGISTERED_SESSION_SERVER_STOPPED
26444	Folok	454	RNDBOT449	1	3	10	0	1787955287	2026-08-29 00:14:47	1	NULL	0000-00-00 00:00:00	0	1	0	0	0	0	0	0	NULL	NO_REGISTERED_SESSION_SERVER_STOPPED
26445	Harim	454	RNDBOT449	1	4	10	0	1787955292	2026-08-29 00:14:52	1	NULL	0000-00-00 00:00:00	0	1	0	0	0	0	0	0	NULL	NO_REGISTERED_SESSION_SERVER_STOPPED
26446	Hellival	454	RNDBOT449	1	9	1	0	1787955277	2026-08-29 00:14:37	1	NULL	0000-00-00 00:00:00	0	1	0	0	0	0	0	0	NULL	NO_REGISTERED_SESSION_SERVER_STOPPED
26447	Elessanne	454	RNDBOT449	1	8	1	0	1787955283	2026-08-29 00:14:43	1	NULL	0000-00-00 00:00:00	0	1	0	0	0	0	0	0	NULL	NO_REGISTERED_SESSION_SERVER_STOPPED
26448	Owaindo	454	RNDBOT449	1	1	1	0	1787955284	2026-08-29 00:14:44	1	NULL	0000-00-00 00:00:00	0	1	0	0	0	0	0	0	NULL	NO_REGISTERED_SESSION_SERVER_STOPPED
26449	Shastren	454	RNDBOT449	1	3	4	0	1787955286	2026-08-29 00:14:46	1	NULL	0000-00-00 00:00:00	0	1	0	0	0	0	0	0	NULL	NO_REGISTERED_SESSION_SERVER_STOPPED
26450	Feladona	454	RNDBOT449	1	4	9	0	1787955279	2026-08-29 00:14:39	1	NULL	0000-00-00 00:00:00	0	1	0	0	0	0	0	0	NULL	NO_REGISTERED_SESSION_SERVER_STOPPED
26451	Peneliane	454	RNDBOT449	1	3	9	0	1787955272	2026-08-29 00:14:32	1	NULL	0000-00-00 00:00:00	0	1	0	0	0	0	0	0	NULL	NO_REGISTERED_SESSION_SERVER_STOPPED
26452	Fabella	454	RNDBOT449	1	8	9	0	1787955282	2026-08-29 00:14:42	1	NULL	0000-00-00 00:00:00	0	1	0	0	0	0	0	0	NULL	NO_REGISTERED_SESSION_SERVER_STOPPED
26453	Oliva	306	RNDBOT450	1	8	10	0	1787955281	2026-08-29 00:14:41	1	NULL	0000-00-00 00:00:00	0	1	0	0	0	0	0	0	NULL	NO_REGISTERED_SESSION_SERVER_STOPPED
26454	Valerald	306	RNDBOT450	1	3	10	0	1787955280	2026-08-29 00:14:40	1	NULL	0000-00-00 00:00:00	0	1	0	0	0	0	0	0	NULL	NO_REGISTERED_SESSION_SERVER_STOPPED
26455	Castorin	306	RNDBOT450	1	9	5	0	1787955272	2026-08-29 00:14:32	1	NULL	0000-00-00 00:00:00	0	1	0	0	0	0	0	0	NULL	NO_REGISTERED_SESSION_SERVER_STOPPED
26456	Kaello	306	RNDBOT450	1	4	9	0	1787955291	2026-08-29 00:14:51	1	NULL	0000-00-00 00:00:00	0	1	0	0	0	0	0	0	NULL	NO_REGISTERED_SESSION_SERVER_STOPPED
26457	Gasgo	306	RNDBOT450	1	1	2	0	1787955287	2026-08-29 00:14:47	1	NULL	0000-00-00 00:00:00	0	1	0	0	0	0	0	0	NULL	NO_REGISTERED_SESSION_SERVER_STOPPED
26458	Liha	306	RNDBOT450	1	3	1	0	1787955288	2026-08-29 00:14:48	1	NULL	0000-00-00 00:00:00	0	1	0	0	0	0	0	0	NULL	NO_REGISTERED_SESSION_SERVER_STOPPED
26459	Leny	306	RNDBOT450	1	9	1	0	1787955279	2026-08-29 00:14:39	1	NULL	0000-00-00 00:00:00	0	1	0	0	0	0	0	0	NULL	NO_REGISTERED_SESSION_SERVER_STOPPED
26460	Valentina	306	RNDBOT450	1	3	1	0	1787955290	2026-08-29 00:14:50	1	NULL	0000-00-00 00:00:00	0	1	0	0	0	0	0	0	NULL	NO_REGISTERED_SESSION_SERVER_STOPPED
26461	Pawo	306	RNDBOT450	1	1	6	0	1787955290	2026-08-29 00:14:50	1	NULL	0000-00-00 00:00:00	0	1	0	0	0	0	0	0	NULL	NO_REGISTERED_SESSION_SERVER_STOPPED
26462	Emilias	405	RNDBOT451	1	4	1	0	1787955296	2026-08-29 00:14:56	1	NULL	0000-00-00 00:00:00	0	1	0	0	0	0	0	0	NULL	NO_REGISTERED_SESSION_SERVER_STOPPED
26463	Hanon	405	RNDBOT451	1	4	10	0	1787955283	2026-08-29 00:14:43	1	NULL	0000-00-00 00:00:00	0	1	0	0	0	0	0	0	NULL	NO_REGISTERED_SESSION_SERVER_STOPPED
26464	Rintash	405	RNDBOT451	1	1	2	0	1787955278	2026-08-29 00:14:38	1	NULL	0000-00-00 00:00:00	0	1	0	0	0	0	0	0	NULL	NO_REGISTERED_SESSION_SERVER_STOPPED
26465	Mesarut	405	RNDBOT451	1	3	2	0	1787955281	2026-08-29 00:14:41	1	NULL	0000-00-00 00:00:00	0	1	0	0	0	0	0	0	NULL	NO_REGISTERED_SESSION_SERVER_STOPPED
26466	Thivank	405	RNDBOT451	1	1	2	0	1787955295	2026-08-29 00:14:55	1	NULL	0000-00-00 00:00:00	0	1	0	0	0	0	0	0	NULL	NO_REGISTERED_SESSION_SERVER_STOPPED
26467	Horto	405	RNDBOT451	1	2	1	0	1787955282	2026-08-29 00:14:42	1	NULL	0000-00-00 00:00:00	0	1	0	0	0	0	0	0	NULL	NO_REGISTERED_SESSION_SERVER_STOPPED
26468	Vehaknenauw	405	RNDBOT451	1	7	6	0	1787955296	2026-08-29 00:14:56	1	NULL	0000-00-00 00:00:00	0	1	0	0	0	0	0	0	NULL	NO_REGISTERED_SESSION_SERVER_STOPPED
26469	Walenno	405	RNDBOT451	1	9	1	0	1787955297	2026-08-29 00:14:57	1	NULL	0000-00-00 00:00:00	0	1	0	0	0	0	0	0	NULL	NO_REGISTERED_SESSION_SERVER_STOPPED
26470	Himilli	405	RNDBOT451	1	4	7	0	1787955293	2026-08-29 00:14:53	1	NULL	0000-00-00 00:00:00	0	1	0	0	0	0	0	0	NULL	NO_REGISTERED_SESSION_SERVER_STOPPED
26471	Emimo	479	RNDBOT452	1	4	10	0	1787955273	2026-08-29 00:14:33	1	NULL	0000-00-00 00:00:00	0	1	0	0	0	0	0	0	NULL	NO_REGISTERED_SESSION_SERVER_STOPPED
26472	Bentiam	479	RNDBOT452	1	5	5	0	1787955295	2026-08-29 00:14:55	1	NULL	0000-00-00 00:00:00	0	1	0	0	0	0	0	0	NULL	NO_REGISTERED_SESSION_SERVER_STOPPED
26473	Antander	479	RNDBOT452	1	3	9	0	1787955276	2026-08-29 00:14:36	1	NULL	0000-00-00 00:00:00	0	1	0	0	0	0	0	0	NULL	NO_REGISTERED_SESSION_SERVER_STOPPED
26474	Annari	479	RNDBOT452	1	3	10	0	1787955284	2026-08-29 00:14:44	1	NULL	0000-00-00 00:00:00	0	1	0	0	0	0	0	0	NULL	NO_REGISTERED_SESSION_SERVER_STOPPED
26475	Neranon	479	RNDBOT452	1	2	1	0	1787955281	2026-08-29 00:14:41	1	NULL	0000-00-00 00:00:00	0	1	0	0	0	0	0	0	NULL	NO_REGISTERED_SESSION_SERVER_STOPPED
26476	Valerna	479	RNDBOT452	1	9	5	0	1787955295	2026-08-29 00:14:55	1	NULL	0000-00-00 00:00:00	0	1	0	0	0	0	0	0	NULL	NO_REGISTERED_SESSION_SERVER_STOPPED
26477	Fabeta	479	RNDBOT452	1	2	1	0	1787955282	2026-08-29 00:14:42	1	NULL	0000-00-00 00:00:00	0	1	0	0	0	0	0	0	NULL	NO_REGISTERED_SESSION_SERVER_STOPPED
26478	Brita	479	RNDBOT452	1	5	10	0	1787955283	2026-08-29 00:14:43	1	NULL	0000-00-00 00:00:00	0	1	0	0	0	0	0	0	NULL	NO_REGISTERED_SESSION_SERVER_STOPPED
26479	Ames	479	RNDBOT452	1	8	10	0	1787955287	2026-08-29 00:14:47	1	NULL	0000-00-00 00:00:00	0	1	0	0	0	0	0	0	NULL	NO_REGISTERED_SESSION_SERVER_STOPPED
26480	Tupowa	308	RNDBOT453	1	7	6	0	1787955298	2026-08-29 00:14:58	1	NULL	0000-00-00 00:00:00	0	1	0	0	0	0	0	0	NULL	NO_REGISTERED_SESSION_SERVER_STOPPED
26481	Grondoril	308	RNDBOT453	1	3	4	0	1787955300	2026-08-29 00:15:00	1	NULL	0000-00-00 00:00:00	0	1	0	0	0	0	0	0	NULL	NO_REGISTERED_SESSION_SERVER_STOPPED
26482	Rinarinia	308	RNDBOT453	1	2	10	0	1787955279	2026-08-29 00:14:39	1	NULL	0000-00-00 00:00:00	0	1	0	0	0	0	0	0	NULL	NO_REGISTERED_SESSION_SERVER_STOPPED
26483	Clasta	308	RNDBOT453	1	3	9	0	1787955278	2026-08-29 00:14:38	1	NULL	0000-00-00 00:00:00	0	1	0	0	0	0	0	0	NULL	NO_REGISTERED_SESSION_SERVER_STOPPED
26484	Veroni	308	RNDBOT453	1	8	10	0	1787955281	2026-08-29 00:14:41	1	NULL	0000-00-00 00:00:00	0	1	0	0	0	0	0	0	NULL	NO_REGISTERED_SESSION_SERVER_STOPPED
26485	Gwene	308	RNDBOT453	1	1	9	0	1787955295	2026-08-29 00:14:55	1	NULL	0000-00-00 00:00:00	0	1	0	0	0	0	0	0	NULL	NO_REGISTERED_SESSION_SERVER_STOPPED
26486	Alenok	308	RNDBOT453	1	1	9	0	1787955279	2026-08-29 00:14:39	1	NULL	0000-00-00 00:00:00	0	1	0	0	0	0	0	0	NULL	NO_REGISTERED_SESSION_SERVER_STOPPED
26487	Alexand	308	RNDBOT453	1	3	1	0	1787955295	2026-08-29 00:14:55	1	NULL	0000-00-00 00:00:00	0	1	0	0	0	0	0	0	NULL	NO_REGISTERED_SESSION_SERVER_STOPPED
26488	Terizio	308	RNDBOT453	1	1	10	0	1787955275	2026-08-29 00:14:35	1	NULL	0000-00-00 00:00:00	0	1	0	0	0	0	0	0	NULL	NO_REGISTERED_SESSION_SERVER_STOPPED
26489	Umghei	406	RNDBOT454	1	5	8	0	1787955300	2026-08-29 00:15:00	1	NULL	0000-00-00 00:00:00	0	1	0	0	0	0	0	0	NULL	NO_REGISTERED_SESSION_SERVER_STOPPED
26490	Zeyosi	406	RNDBOT454	1	7	8	0	1787955282	2026-08-29 00:14:42	1	NULL	0000-00-00 00:00:00	0	1	0	0	0	0	0	0	NULL	NO_REGISTERED_SESSION_SERVER_STOPPED
26491	Dochuhmavia	406	RNDBOT454	1	1	6	0	1787955277	2026-08-29 00:14:37	1	NULL	0000-00-00 00:00:00	0	1	0	0	0	0	0	0	NULL	NO_REGISTERED_SESSION_SERVER_STOPPED
26492	Perinarine	406	RNDBOT454	1	9	1	0	1787955296	2026-08-29 00:14:56	1	NULL	0000-00-00 00:00:00	0	1	0	0	0	0	0	0	NULL	NO_REGISTERED_SESSION_SERVER_STOPPED
26493	Esterva	406	RNDBOT454	1	4	10	0	1787955291	2026-08-29 00:14:51	1	NULL	0000-00-00 00:00:00	0	1	0	0	0	0	0	0	NULL	NO_REGISTERED_SESSION_SERVER_STOPPED
26494	Evenaro	406	RNDBOT454	1	5	5	0	1787955291	2026-08-29 00:14:51	1	NULL	0000-00-00 00:00:00	0	1	0	0	0	0	0	0	NULL	NO_REGISTERED_SESSION_SERVER_STOPPED
26495	Aspario	406	RNDBOT454	1	2	1	0	1787955279	2026-08-29 00:14:39	1	NULL	0000-00-00 00:00:00	0	1	0	0	0	0	0	0	NULL	NO_REGISTERED_SESSION_SERVER_STOPPED
26496	Leonico	406	RNDBOT454	1	3	10	0	1787955293	2026-08-29 00:14:53	1	NULL	0000-00-00 00:00:00	0	1	0	0	0	0	0	0	NULL	NO_REGISTERED_SESSION_SERVER_STOPPED
26497	Kralan	406	RNDBOT454	1	4	1	0	1787955276	2026-08-29 00:14:36	1	NULL	0000-00-00 00:00:00	0	1	0	0	0	0	0	0	NULL	NO_REGISTERED_SESSION_SERVER_STOPPED
26498	Gerina	309	RNDBOT455	1	1	1	0	1787955276	2026-08-29 00:14:36	1	NULL	0000-00-00 00:00:00	0	1	0	0	0	0	0	0	NULL	NO_REGISTERED_SESSION_SERVER_STOPPED
26499	Chaelanda	309	RNDBOT455	1	1	10	0	1787955291	2026-08-29 00:14:51	1	NULL	0000-00-00 00:00:00	0	1	0	0	0	0	0	0	NULL	NO_REGISTERED_SESSION_SERVER_STOPPED
26500	Stallio	309	RNDBOT455	1	4	9	0	1787955291	2026-08-29 00:14:51	1	NULL	0000-00-00 00:00:00	0	1	0	0	0	0	0	0	NULL	NO_REGISTERED_SESSION_SERVER_STOPPED
26501	Vivialania	309	RNDBOT455	1	1	4	0	1787955298	2026-08-29 00:14:58	1	NULL	0000-00-00 00:00:00	0	1	0	0	0	0	0	0	NULL	NO_REGISTERED_SESSION_SERVER_STOPPED
26502	Milaerian	309	RNDBOT455	1	4	4	0	1787955290	2026-08-29 00:14:50	1	NULL	0000-00-00 00:00:00	0	1	0	0	0	0	0	0	NULL	NO_REGISTERED_SESSION_SERVER_STOPPED
26503	Evango	309	RNDBOT455	1	4	1	0	1787955278	2026-08-29 00:14:38	1	NULL	0000-00-00 00:00:00	0	1	0	0	0	0	0	0	NULL	NO_REGISTERED_SESSION_SERVER_STOPPED
26504	Gerolliam	309	RNDBOT455	1	1	5	0	1787955283	2026-08-29 00:14:43	1	NULL	0000-00-00 00:00:00	0	1	0	0	0	0	0	0	NULL	NO_REGISTERED_SESSION_SERVER_STOPPED
26505	Zanderim	309	RNDBOT455	1	3	9	0	1787955286	2026-08-29 00:14:46	1	NULL	0000-00-00 00:00:00	0	1	0	0	0	0	0	0	NULL	NO_REGISTERED_SESSION_SERVER_STOPPED
26506	Beverenata	309	RNDBOT455	1	1	10	0	1787955282	2026-08-29 00:14:42	1	NULL	0000-00-00 00:00:00	0	1	0	0	0	0	0	0	NULL	NO_REGISTERED_SESSION_SERVER_STOPPED
26507	Katerea	455	RNDBOT456	1	5	5	0	1787955293	2026-08-29 00:14:53	1	NULL	0000-00-00 00:00:00	0	1	0	0	0	0	0	0	NULL	NO_REGISTERED_SESSION_SERVER_STOPPED
26508	Sadiney	455	RNDBOT456	1	1	5	0	1787955272	2026-08-29 00:14:32	1	NULL	0000-00-00 00:00:00	0	1	0	0	0	0	0	0	NULL	NO_REGISTERED_SESSION_SERVER_STOPPED
26509	Standa	455	RNDBOT456	1	4	9	0	1787955275	2026-08-29 00:14:35	1	NULL	0000-00-00 00:00:00	0	1	0	0	0	0	0	0	NULL	NO_REGISTERED_SESSION_SERVER_STOPPED
26510	Fricharad	455	RNDBOT456	1	3	10	0	1787955299	2026-08-29 00:14:59	1	NULL	0000-00-00 00:00:00	0	1	0	0	0	0	0	0	NULL	NO_REGISTERED_SESSION_SERVER_STOPPED
26511	Adango	455	RNDBOT456	1	4	9	0	1787955278	2026-08-29 00:14:38	1	NULL	0000-00-00 00:00:00	0	1	0	0	0	0	0	0	NULL	NO_REGISTERED_SESSION_SERVER_STOPPED
26512	Oder	455	RNDBOT456	1	8	10	0	1787955296	2026-08-29 00:14:56	1	NULL	0000-00-00 00:00:00	0	1	0	0	0	0	0	0	NULL	NO_REGISTERED_SESSION_SERVER_STOPPED
26513	Celerie	455	RNDBOT456	1	8	9	0	1787955290	2026-08-29 00:14:50	1	NULL	0000-00-00 00:00:00	0	1	0	0	0	0	0	0	NULL	NO_REGISTERED_SESSION_SERVER_STOPPED
26514	Daehza	455	RNDBOT456	1	8	8	0	1787955279	2026-08-29 00:14:39	1	NULL	0000-00-00 00:00:00	0	1	0	0	0	0	0	0	NULL	NO_REGISTERED_SESSION_SERVER_STOPPED
26515	Valand	455	RNDBOT456	1	9	9	0	1787955280	2026-08-29 00:14:40	1	NULL	0000-00-00 00:00:00	0	1	0	0	0	0	0	0	NULL	NO_REGISTERED_SESSION_SERVER_STOPPED
26516	Stantor	310	RNDBOT457	1	4	9	0	1787955284	2026-08-29 00:14:44	1	NULL	0000-00-00 00:00:00	0	1	0	0	0	0	0	0	NULL	NO_REGISTERED_SESSION_SERVER_STOPPED
26517	Holliano	310	RNDBOT457	1	3	9	0	1787955285	2026-08-29 00:14:45	1	NULL	0000-00-00 00:00:00	0	1	0	0	0	0	0	0	NULL	NO_REGISTERED_SESSION_SERVER_STOPPED
26518	Helineria	310	RNDBOT457	1	5	10	0	1787955295	2026-08-29 00:14:55	1	NULL	0000-00-00 00:00:00	0	1	0	0	0	0	0	0	NULL	NO_REGISTERED_SESSION_SERVER_STOPPED
26519	Adeleri	310	RNDBOT457	1	3	1	0	1787955279	2026-08-29 00:14:39	1	NULL	0000-00-00 00:00:00	0	1	0	0	0	0	0	0	NULL	NO_REGISTERED_SESSION_SERVER_STOPPED
26520	Gretkotza	310	RNDBOT457	1	9	2	0	1787955271	2026-08-29 00:14:31	1	NULL	0000-00-00 00:00:00	0	1	0	0	0	0	0	0	NULL	NO_REGISTERED_SESSION_SERVER_STOPPED
26521	Ketoishi	310	RNDBOT457	1	3	6	0	1787955278	2026-08-29 00:14:38	1	NULL	0000-00-00 00:00:00	0	1	0	0	0	0	0	0	NULL	NO_REGISTERED_SESSION_SERVER_STOPPED
26522	Saliette	310	RNDBOT457	1	9	1	0	1787955293	2026-08-29 00:14:53	1	NULL	0000-00-00 00:00:00	0	1	0	0	0	0	0	0	NULL	NO_REGISTERED_SESSION_SERVER_STOPPED
26523	Moradean	310	RNDBOT457	1	3	4	0	1787955274	2026-08-29 00:14:34	1	NULL	0000-00-00 00:00:00	0	1	0	0	0	0	0	0	NULL	NO_REGISTERED_SESSION_SERVER_STOPPED
26524	Calanderin	310	RNDBOT457	1	8	10	0	1787955274	2026-08-29 00:14:34	1	NULL	0000-00-00 00:00:00	0	1	0	0	0	0	0	0	NULL	NO_REGISTERED_SESSION_SERVER_STOPPED
26525	Elryeth	407	RNDBOT458	1	11	4	0	1787955296	2026-08-29 00:14:56	1	NULL	0000-00-00 00:00:00	1	1	0	0	0	0	0	0	NULL	NO_REGISTERED_SESSION_SERVER_STOPPED
26526	Keldral	407	RNDBOT458	1	11	4	0	1787955276	2026-08-29 00:14:36	1	NULL	0000-00-00 00:00:00	1	1	0	0	0	0	0	0	NULL	NO_REGISTERED_SESSION_SERVER_STOPPED
26527	Fahlorn	407	RNDBOT458	1	3	4	0	1787955296	2026-08-29 00:14:56	1	NULL	0000-00-00 00:00:00	1	1	0	0	0	0	0	0	NULL	NO_REGISTERED_SESSION_SERVER_STOPPED
26528	Damelope	407	RNDBOT458	1	1	1	0	1787955290	2026-08-29 00:14:50	1	NULL	0000-00-00 00:00:00	1	1	0	0	0	0	0	0	NULL	NO_REGISTERED_SESSION_SERVER_STOPPED
26529	Elea	407	RNDBOT458	1	1	9	0	1787955300	2026-08-29 00:15:00	1	NULL	0000-00-00 00:00:00	1	1	0	0	0	0	0	0	NULL	NO_REGISTERED_SESSION_SERVER_STOPPED
26530	Vlaster	407	RNDBOT458	1	1	9	0	1787955280	2026-08-29 00:14:40	1	NULL	0000-00-00 00:00:00	1	1	0	0	0	0	0	0	NULL	NO_REGISTERED_SESSION_SERVER_STOPPED
26531	Darcissa	407	RNDBOT458	1	9	9	0	1787955291	2026-08-29 00:14:51	1	NULL	0000-00-00 00:00:00	1	1	0	0	0	0	0	0	NULL	NO_REGISTERED_SESSION_SERVER_STOPPED
26532	Lowena	407	RNDBOT458	1	1	9	0	1787955294	2026-08-29 00:14:54	1	NULL	0000-00-00 00:00:00	1	1	0	0	0	0	0	0	NULL	NO_REGISTERED_SESSION_SERVER_STOPPED
26533	Thamdags	407	RNDBOT458	1	5	3	0	1787955298	2026-08-29 00:14:58	1	NULL	0000-00-00 00:00:00	1	1	0	0	0	0	0	0	NULL	NO_REGISTERED_SESSION_SERVER_STOPPED
26534	Laida	311	RNDBOT459	1	11	6	0	1787955295	2026-08-29 00:14:55	1	NULL	0000-00-00 00:00:00	0	1	0	0	0	0	0	0	NULL	NO_REGISTERED_SESSION_SERVER_STOPPED
26535	Haviloa	311	RNDBOT459	1	7	6	0	1787955285	2026-08-29 00:14:45	1	NULL	0000-00-00 00:00:00	0	1	0	0	0	0	0	0	NULL	NO_REGISTERED_SESSION_SERVER_STOPPED
26536	Averona	311	RNDBOT459	1	5	1	0	1787955298	2026-08-29 00:14:58	1	NULL	0000-00-00 00:00:00	0	1	0	0	0	0	0	0	NULL	NO_REGISTERED_SESSION_SERVER_STOPPED
26537	Xungulih	311	RNDBOT459	1	7	8	0	1787955300	2026-08-29 00:15:00	1	NULL	0000-00-00 00:00:00	0	1	0	0	0	0	0	0	NULL	NO_REGISTERED_SESSION_SERVER_STOPPED
26538	Kaimo	311	RNDBOT459	1	3	1	0	1787955297	2026-08-29 00:14:57	1	NULL	0000-00-00 00:00:00	0	1	0	0	0	0	0	0	NULL	NO_REGISTERED_SESSION_SERVER_STOPPED
26539	Lotino	311	RNDBOT459	1	1	10	0	1787955277	2026-08-29 00:14:37	1	NULL	0000-00-00 00:00:00	0	1	0	0	0	0	0	0	NULL	NO_REGISTERED_SESSION_SERVER_STOPPED
26540	Eveladona	311	RNDBOT459	1	2	1	0	1787955271	2026-08-29 00:14:31	1	NULL	0000-00-00 00:00:00	0	1	0	0	0	0	0	0	NULL	NO_REGISTERED_SESSION_SERVER_STOPPED
26541	Tukigniund	311	RNDBOT459	1	3	3	0	1787955298	2026-08-29 00:14:58	1	NULL	0000-00-00 00:00:00	0	1	0	0	0	0	0	0	NULL	NO_REGISTERED_SESSION_SERVER_STOPPED
26542	Aeolenai	311	RNDBOT459	1	11	4	0	1787955280	2026-08-29 00:14:40	1	NULL	0000-00-00 00:00:00	0	1	0	0	0	0	0	0	NULL	NO_REGISTERED_SESSION_SERVER_STOPPED
26543	Gwendoly	312	RNDBOT461	1	1	9	0	1787955285	2026-08-29 00:14:45	1	NULL	0000-00-00 00:00:00	0	1	0	0	0	0	0	0	NULL	NO_REGISTERED_SESSION_SERVER_STOPPED
26544	Boreno	312	RNDBOT461	1	3	1	0	1787955274	2026-08-29 00:14:34	1	NULL	0000-00-00 00:00:00	0	1	0	0	0	0	0	0	NULL	NO_REGISTERED_SESSION_SERVER_STOPPED
26545	Poleond	312	RNDBOT461	1	5	1	0	1787955275	2026-08-29 00:14:35	1	NULL	0000-00-00 00:00:00	0	1	0	0	0	0	0	0	NULL	NO_REGISTERED_SESSION_SERVER_STOPPED
26546	Haszold	312	RNDBOT461	1	7	2	0	1787955277	2026-08-29 00:14:37	1	NULL	0000-00-00 00:00:00	0	1	0	0	0	0	0	0	NULL	NO_REGISTERED_SESSION_SERVER_STOPPED
26547	Chellis	312	RNDBOT461	1	8	9	0	1787955293	2026-08-29 00:14:53	1	NULL	0000-00-00 00:00:00	0	1	0	0	0	0	0	0	NULL	NO_REGISTERED_SESSION_SERVER_STOPPED
26548	Sildaryssia	312	RNDBOT461	1	3	4	0	1787955280	2026-08-29 00:14:40	1	NULL	0000-00-00 00:00:00	0	1	0	0	0	0	0	0	NULL	NO_REGISTERED_SESSION_SERVER_STOPPED
26549	Urion	312	RNDBOT461	1	8	5	0	1787955294	2026-08-29 00:14:54	1	NULL	0000-00-00 00:00:00	0	1	0	0	0	0	0	0	NULL	NO_REGISTERED_SESSION_SERVER_STOPPED
26550	Aleneya	312	RNDBOT461	1	3	9	0	1787955293	2026-08-29 00:14:53	1	NULL	0000-00-00 00:00:00	0	1	0	0	0	0	0	0	NULL	NO_REGISTERED_SESSION_SERVER_STOPPED
26551	Ferno	312	RNDBOT461	1	4	1	0	1787955290	2026-08-29 00:14:50	1	NULL	0000-00-00 00:00:00	0	1	0	0	0	0	0	0	NULL	NO_REGISTERED_SESSION_SERVER_STOPPED
26552	Nelicia	408	RNDBOT462	1	3	9	0	1787955280	2026-08-29 00:14:40	1	NULL	0000-00-00 00:00:00	0	1	0	0	0	0	0	0	NULL	NO_REGISTERED_SESSION_SERVER_STOPPED
26553	Hestana	408	RNDBOT462	1	1	1	0	1787955277	2026-08-29 00:14:37	1	NULL	0000-00-00 00:00:00	0	1	0	0	0	0	0	0	NULL	NO_REGISTERED_SESSION_SERVER_STOPPED
26554	Fidi	408	RNDBOT462	1	9	7	0	1787955295	2026-08-29 00:14:55	1	NULL	0000-00-00 00:00:00	0	1	0	0	0	0	0	0	NULL	NO_REGISTERED_SESSION_SERVER_STOPPED
26555	Ilynas	408	RNDBOT462	1	3	4	0	1787955274	2026-08-29 00:14:34	1	NULL	0000-00-00 00:00:00	0	1	0	0	0	0	0	0	NULL	NO_REGISTERED_SESSION_SERVER_STOPPED
26556	Ugank	408	RNDBOT462	1	1	2	0	1787955279	2026-08-29 00:14:39	1	NULL	0000-00-00 00:00:00	0	1	0	0	0	0	0	0	NULL	NO_REGISTERED_SESSION_SERVER_STOPPED
26557	Eustoria	408	RNDBOT462	1	3	1	0	1787955280	2026-08-29 00:14:40	1	NULL	0000-00-00 00:00:00	0	1	0	0	0	0	0	0	NULL	NO_REGISTERED_SESSION_SERVER_STOPPED
26558	Kylysae	408	RNDBOT462	1	1	4	0	1787955294	2026-08-29 00:14:54	1	NULL	0000-00-00 00:00:00	0	1	0	0	0	0	0	0	NULL	NO_REGISTERED_SESSION_SERVER_STOPPED
26559	Naryl	408	RNDBOT462	1	4	5	0	1787955275	2026-08-29 00:14:35	1	NULL	0000-00-00 00:00:00	0	1	0	0	0	0	0	0	NULL	NO_REGISTERED_SESSION_SERVER_STOPPED
26560	Keris	408	RNDBOT462	1	11	4	0	1787955275	2026-08-29 00:14:35	1	NULL	0000-00-00 00:00:00	0	1	0	0	0	0	0	0	NULL	NO_REGISTERED_SESSION_SERVER_STOPPED
26561	Sizjo	313	RNDBOT463	1	3	8	0	1787955274	2026-08-29 00:14:34	1	NULL	0000-00-00 00:00:00	0	1	0	0	0	0	0	0	NULL	NO_REGISTERED_SESSION_SERVER_STOPPED
26562	Ourdim	313	RNDBOT463	1	2	3	0	1787955287	2026-08-29 00:14:47	1	NULL	0000-00-00 00:00:00	0	1	0	0	0	0	0	0	NULL	NO_REGISTERED_SESSION_SERVER_STOPPED
26563	Sherick	313	RNDBOT463	1	4	10	0	1787955289	2026-08-29 00:14:49	1	NULL	0000-00-00 00:00:00	0	1	0	0	0	0	0	0	NULL	NO_REGISTERED_SESSION_SERVER_STOPPED
26564	Armand	313	RNDBOT463	1	2	10	0	1787955292	2026-08-29 00:14:52	1	NULL	0000-00-00 00:00:00	0	1	0	0	0	0	0	0	NULL	NO_REGISTERED_SESSION_SERVER_STOPPED
26565	Irecanna	313	RNDBOT463	1	11	4	0	1787955282	2026-08-29 00:14:42	1	NULL	0000-00-00 00:00:00	0	1	0	0	0	0	0	0	NULL	NO_REGISTERED_SESSION_SERVER_STOPPED
26566	Hameron	313	RNDBOT463	1	2	1	0	1787955297	2026-08-29 00:14:57	1	NULL	0000-00-00 00:00:00	0	1	0	0	0	0	0	0	NULL	NO_REGISTERED_SESSION_SERVER_STOPPED
26567	Olate	313	RNDBOT463	1	1	10	0	1787955275	2026-08-29 00:14:35	1	NULL	0000-00-00 00:00:00	0	1	0	0	0	0	0	0	NULL	NO_REGISTERED_SESSION_SERVER_STOPPED
26568	Verrent	313	RNDBOT463	1	5	10	0	1787955280	2026-08-29 00:14:40	1	NULL	0000-00-00 00:00:00	0	1	0	0	0	0	0	0	NULL	NO_REGISTERED_SESSION_SERVER_STOPPED
26569	Ortino	313	RNDBOT463	1	8	1	0	1787955275	2026-08-29 00:14:35	1	NULL	0000-00-00 00:00:00	0	1	0	0	0	0	0	0	NULL	NO_REGISTERED_SESSION_SERVER_STOPPED
26570	Lorinda	456	RNDBOT464	1	1	9	0	1787955292	2026-08-29 00:14:52	1	NULL	0000-00-00 00:00:00	0	1	0	0	0	0	0	0	NULL	NO_REGISTERED_SESSION_SERVER_STOPPED
26571	Naristeri	456	RNDBOT464	1	3	10	0	1787955283	2026-08-29 00:14:43	1	NULL	0000-00-00 00:00:00	0	1	0	0	0	0	0	0	NULL	NO_REGISTERED_SESSION_SERVER_STOPPED
26572	Eleriela	456	RNDBOT464	1	8	9	0	1787955275	2026-08-29 00:14:35	1	NULL	0000-00-00 00:00:00	0	1	0	0	0	0	0	0	NULL	NO_REGISTERED_SESSION_SERVER_STOPPED
26573	Othard	456	RNDBOT464	1	3	1	0	1787955299	2026-08-29 00:14:59	1	NULL	0000-00-00 00:00:00	0	1	0	0	0	0	0	0	NULL	NO_REGISTERED_SESSION_SERVER_STOPPED
26574	Minarianna	456	RNDBOT464	1	1	9	0	1787955277	2026-08-29 00:14:37	1	NULL	0000-00-00 00:00:00	0	1	0	0	0	0	0	0	NULL	NO_REGISTERED_SESSION_SERVER_STOPPED
26575	Gnindunk	456	RNDBOT464	1	8	7	0	1787955271	2026-08-29 00:14:31	1	NULL	0000-00-00 00:00:00	0	1	0	0	0	0	0	0	NULL	NO_REGISTERED_SESSION_SERVER_STOPPED
26576	Sollenduss	456	RNDBOT464	1	5	3	0	1787955291	2026-08-29 00:14:51	1	NULL	0000-00-00 00:00:00	0	1	0	0	0	0	0	0	NULL	NO_REGISTERED_SESSION_SERVER_STOPPED
26577	Dalorian	456	RNDBOT464	1	8	1	0	1787955293	2026-08-29 00:14:53	1	NULL	0000-00-00 00:00:00	0	1	0	0	0	0	0	0	NULL	NO_REGISTERED_SESSION_SERVER_STOPPED
26578	Janiel	456	RNDBOT464	1	8	10	0	1787955284	2026-08-29 00:14:44	1	NULL	0000-00-00 00:00:00	0	1	0	0	0	0	0	0	NULL	NO_REGISTERED_SESSION_SERVER_STOPPED
26579	Polate	314	RNDBOT465	1	4	9	0	1787955296	2026-08-29 00:14:56	1	NULL	0000-00-00 00:00:00	0	1	0	0	0	0	0	0	NULL	NO_REGISTERED_SESSION_SERVER_STOPPED
26580	Troshan	314	RNDBOT465	1	7	8	0	1787955280	2026-08-29 00:14:40	1	NULL	0000-00-00 00:00:00	0	1	0	0	0	0	0	0	NULL	NO_REGISTERED_SESSION_SERVER_STOPPED
26581	Bukuth	314	RNDBOT465	1	3	8	0	1787955299	2026-08-29 00:14:59	1	NULL	0000-00-00 00:00:00	0	1	0	0	0	0	0	0	NULL	NO_REGISTERED_SESSION_SERVER_STOPPED
26582	Seko	314	RNDBOT465	1	1	6	0	1787955299	2026-08-29 00:14:59	1	NULL	0000-00-00 00:00:00	0	1	0	0	0	0	0	0	NULL	NO_REGISTERED_SESSION_SERVER_STOPPED
26583	Rashar	314	RNDBOT465	1	3	4	0	1787955295	2026-08-29 00:14:55	1	NULL	0000-00-00 00:00:00	0	1	0	0	0	0	0	0	NULL	NO_REGISTERED_SESSION_SERVER_STOPPED
26584	Adamin	314	RNDBOT465	1	1	10	0	1787955290	2026-08-29 00:14:50	1	NULL	0000-00-00 00:00:00	0	1	0	0	0	0	0	0	NULL	NO_REGISTERED_SESSION_SERVER_STOPPED
26585	Vesia	314	RNDBOT465	1	5	10	0	1787955298	2026-08-29 00:14:58	1	NULL	0000-00-00 00:00:00	0	1	0	0	0	0	0	0	NULL	NO_REGISTERED_SESSION_SERVER_STOPPED
26586	Lylaelath	314	RNDBOT465	1	4	4	0	1787955299	2026-08-29 00:14:59	1	NULL	0000-00-00 00:00:00	0	1	0	0	0	0	0	0	NULL	NO_REGISTERED_SESSION_SERVER_STOPPED
26587	Danderion	314	RNDBOT465	1	8	5	0	1787955275	2026-08-29 00:14:35	1	NULL	0000-00-00 00:00:00	0	1	0	0	0	0	0	0	NULL	NO_REGISTERED_SESSION_SERVER_STOPPED
26588	Perane	409	RNDBOT466	1	5	10	0	1787955291	2026-08-29 00:14:51	1	NULL	0000-00-00 00:00:00	0	1	0	0	0	0	0	0	NULL	NO_REGISTERED_SESSION_SERVER_STOPPED
26589	Jokug	409	RNDBOT466	1	3	3	0	1787955297	2026-08-29 00:14:57	1	NULL	0000-00-00 00:00:00	0	1	0	0	0	0	0	0	NULL	NO_REGISTERED_SESSION_SERVER_STOPPED
26590	Grugdum	409	RNDBOT466	1	5	3	0	1787955278	2026-08-29 00:14:38	1	NULL	0000-00-00 00:00:00	0	1	0	0	0	0	0	0	NULL	NO_REGISTERED_SESSION_SERVER_STOPPED
26591	Briannie	409	RNDBOT466	1	1	10	0	1787955298	2026-08-29 00:14:58	1	NULL	0000-00-00 00:00:00	0	1	0	0	0	0	0	0	NULL	NO_REGISTERED_SESSION_SERVER_STOPPED
26592	Saliancy	409	RNDBOT466	1	8	1	0	1787955279	2026-08-29 00:14:39	1	NULL	0000-00-00 00:00:00	0	1	0	0	0	0	0	0	NULL	NO_REGISTERED_SESSION_SERVER_STOPPED
26593	Essa	409	RNDBOT466	1	3	3	0	1787955289	2026-08-29 00:14:49	1	NULL	0000-00-00 00:00:00	0	1	0	0	0	0	0	0	NULL	NO_REGISTERED_SESSION_SERVER_STOPPED
26594	Thanik	409	RNDBOT466	1	8	10	0	1787955299	2026-08-29 00:14:59	1	NULL	0000-00-00 00:00:00	0	1	0	0	0	0	0	0	NULL	NO_REGISTERED_SESSION_SERVER_STOPPED
26595	Dandeand	409	RNDBOT466	1	8	1	0	1787955280	2026-08-29 00:14:40	1	NULL	0000-00-00 00:00:00	0	1	0	0	0	0	0	0	NULL	NO_REGISTERED_SESSION_SERVER_STOPPED
26596	Iltharion	409	RNDBOT466	1	4	4	0	1787955294	2026-08-29 00:14:54	1	NULL	0000-00-00 00:00:00	0	1	0	0	0	0	0	0	NULL	NO_REGISTERED_SESSION_SERVER_STOPPED
26597	Kurduldom	315	RNDBOT467	1	2	3	0	1787955276	2026-08-29 00:14:36	1	NULL	0000-00-00 00:00:00	0	1	0	0	0	0	0	0	NULL	NO_REGISTERED_SESSION_SERVER_STOPPED
26598	Aynyssea	315	RNDBOT467	1	3	4	0	1787955292	2026-08-29 00:14:52	1	NULL	0000-00-00 00:00:00	0	1	0	0	0	0	0	0	NULL	NO_REGISTERED_SESSION_SERVER_STOPPED
26599	Shar	315	RNDBOT467	1	2	10	0	1787955287	2026-08-29 00:14:47	1	NULL	0000-00-00 00:00:00	0	1	0	0	0	0	0	0	NULL	NO_REGISTERED_SESSION_SERVER_STOPPED
26600	Cellily	315	RNDBOT467	1	1	10	0	1787955284	2026-08-29 00:14:44	1	NULL	0000-00-00 00:00:00	0	1	0	0	0	0	0	0	NULL	NO_REGISTERED_SESSION_SERVER_STOPPED
26601	Balastio	315	RNDBOT467	1	1	1	0	1787955289	2026-08-29 00:14:49	1	NULL	0000-00-00 00:00:00	0	1	0	0	0	0	0	0	NULL	NO_REGISTERED_SESSION_SERVER_STOPPED
26602	Travunern	315	RNDBOT467	1	1	2	0	1787955276	2026-08-29 00:14:36	1	NULL	0000-00-00 00:00:00	0	1	0	0	0	0	0	0	NULL	NO_REGISTERED_SESSION_SERVER_STOPPED
26603	Jasmina	315	RNDBOT467	1	9	9	0	1787955291	2026-08-29 00:14:51	1	NULL	0000-00-00 00:00:00	0	1	0	0	0	0	0	0	NULL	NO_REGISTERED_SESSION_SERVER_STOPPED
26604	Nelandero	315	RNDBOT467	1	8	9	0	1787955283	2026-08-29 00:14:43	1	NULL	0000-00-00 00:00:00	0	1	0	0	0	0	0	0	NULL	NO_REGISTERED_SESSION_SERVER_STOPPED
26605	Belianora	315	RNDBOT467	1	4	9	0	1787955297	2026-08-29 00:14:57	1	NULL	0000-00-00 00:00:00	0	1	0	0	0	0	0	0	NULL	NO_REGISTERED_SESSION_SERVER_STOPPED
26606	Ellenora	316	RNDBOT468	1	2	1	0	1787955286	2026-08-29 00:14:46	1	NULL	0000-00-00 00:00:00	0	1	0	0	0	0	0	0	NULL	NO_REGISTERED_SESSION_SERVER_STOPPED
26607	Ohji	316	RNDBOT468	1	5	8	0	1787955286	2026-08-29 00:14:46	1	NULL	0000-00-00 00:00:00	0	1	0	0	0	0	0	0	NULL	NO_REGISTERED_SESSION_SERVER_STOPPED
26608	Santhar	316	RNDBOT468	1	1	9	0	1787955278	2026-08-29 00:14:38	1	NULL	0000-00-00 00:00:00	0	1	0	0	0	0	0	0	NULL	NO_REGISTERED_SESSION_SERVER_STOPPED
26609	Hyrion	316	RNDBOT468	1	1	4	0	1787955276	2026-08-29 00:14:36	1	NULL	0000-00-00 00:00:00	0	1	0	0	0	0	0	0	NULL	NO_REGISTERED_SESSION_SERVER_STOPPED
26610	Saloma	316	RNDBOT468	1	1	9	0	1787955290	2026-08-29 00:14:50	1	NULL	0000-00-00 00:00:00	0	1	0	0	0	0	0	0	NULL	NO_REGISTERED_SESSION_SERVER_STOPPED
26611	Callio	316	RNDBOT468	1	3	9	0	1787955285	2026-08-29 00:14:45	1	NULL	0000-00-00 00:00:00	0	1	0	0	0	0	0	0	NULL	NO_REGISTERED_SESSION_SERVER_STOPPED
26612	Keenonk	316	RNDBOT468	1	8	7	0	1787955272	2026-08-29 00:14:32	1	NULL	0000-00-00 00:00:00	0	1	0	0	0	0	0	0	NULL	NO_REGISTERED_SESSION_SERVER_STOPPED
26613	Pugu	316	RNDBOT468	1	1	6	0	1787955285	2026-08-29 00:14:45	1	NULL	0000-00-00 00:00:00	0	1	0	0	0	0	0	0	NULL	NO_REGISTERED_SESSION_SERVER_STOPPED
26614	Vetune	316	RNDBOT468	1	4	10	0	1787955296	2026-08-29 00:14:56	1	NULL	0000-00-00 00:00:00	0	1	0	0	0	0	0	0	NULL	NO_REGISTERED_SESSION_SERVER_STOPPED
26615	Orgogg	480	RNDBOT469	1	3	3	0	1787955273	2026-08-29 00:14:33	1	NULL	0000-00-00 00:00:00	0	1	0	0	0	0	0	0	NULL	NO_REGISTERED_SESSION_SERVER_STOPPED
26616	Darcis	480	RNDBOT469	1	8	10	0	1787955298	2026-08-29 00:14:58	1	NULL	0000-00-00 00:00:00	0	1	0	0	0	0	0	0	NULL	NO_REGISTERED_SESSION_SERVER_STOPPED
26617	Aramilo	480	RNDBOT469	1	1	10	0	1787955295	2026-08-29 00:14:55	1	NULL	0000-00-00 00:00:00	0	1	0	0	0	0	0	0	NULL	NO_REGISTERED_SESSION_SERVER_STOPPED
26618	Adorianne	480	RNDBOT469	1	3	9	0	1787955289	2026-08-29 00:14:49	1	NULL	0000-00-00 00:00:00	0	1	0	0	0	0	0	0	NULL	NO_REGISTERED_SESSION_SERVER_STOPPED
26619	Stalain	480	RNDBOT469	1	2	1	0	1787955281	2026-08-29 00:14:41	1	NULL	0000-00-00 00:00:00	0	1	0	0	0	0	0	0	NULL	NO_REGISTERED_SESSION_SERVER_STOPPED
26620	Yrdul	480	RNDBOT469	1	4	3	0	1787955298	2026-08-29 00:14:58	1	NULL	0000-00-00 00:00:00	0	1	0	0	0	0	0	0	NULL	NO_REGISTERED_SESSION_SERVER_STOPPED
26621	Kinlania	480	RNDBOT469	1	3	4	0	1787955276	2026-08-29 00:14:36	1	NULL	0000-00-00 00:00:00	0	1	0	0	0	0	0	0	NULL	NO_REGISTERED_SESSION_SERVER_STOPPED
26622	Efaranor	480	RNDBOT469	1	1	10	0	1787955280	2026-08-29 00:14:40	1	NULL	0000-00-00 00:00:00	0	1	0	0	0	0	0	0	NULL	NO_REGISTERED_SESSION_SERVER_STOPPED
26623	Blandel	480	RNDBOT469	1	3	9	0	1787955286	2026-08-29 00:14:46	1	NULL	0000-00-00 00:00:00	0	1	0	0	0	0	0	0	NULL	NO_REGISTERED_SESSION_SERVER_STOPPED
26624	Eliania	410	RNDBOT470	1	3	9	0	1787955291	2026-08-29 00:14:51	1	NULL	0000-00-00 00:00:00	1	1	0	0	0	0	0	0	NULL	NO_REGISTERED_SESSION_SERVER_STOPPED
26625	Camie	410	RNDBOT470	1	1	9	0	1787955279	2026-08-29 00:14:39	1	NULL	0000-00-00 00:00:00	1	1	0	0	0	0	0	0	NULL	NO_REGISTERED_SESSION_SERVER_STOPPED
26626	Lorenz	410	RNDBOT470	1	4	9	0	1787955290	2026-08-29 00:14:50	1	NULL	0000-00-00 00:00:00	1	1	0	0	0	0	0	0	NULL	NO_REGISTERED_SESSION_SERVER_STOPPED
26627	Charadon	410	RNDBOT470	1	4	9	0	1787955285	2026-08-29 00:14:45	1	NULL	0000-00-00 00:00:00	1	1	0	0	0	0	0	0	NULL	NO_REGISTERED_SESSION_SERVER_STOPPED
26628	Astalia	410	RNDBOT470	1	3	10	0	1787955294	2026-08-29 00:14:54	1	NULL	0000-00-00 00:00:00	1	1	0	0	0	0	0	0	NULL	NO_REGISTERED_SESSION_SERVER_STOPPED
26629	Elicele	410	RNDBOT470	1	4	10	0	1787955282	2026-08-29 00:14:42	1	NULL	0000-00-00 00:00:00	1	1	0	0	0	0	0	0	NULL	NO_REGISTERED_SESSION_SERVER_STOPPED
26630	Vinatarii	410	RNDBOT470	1	1	4	0	1787955289	2026-08-29 00:14:49	1	NULL	0000-00-00 00:00:00	1	1	0	0	0	0	0	0	NULL	NO_REGISTERED_SESSION_SERVER_STOPPED
26631	Bolrolas	410	RNDBOT470	1	3	4	0	1787955294	2026-08-29 00:14:54	1	NULL	0000-00-00 00:00:00	1	1	0	0	0	0	0	0	NULL	NO_REGISTERED_SESSION_SERVER_STOPPED
26632	Berondo	410	RNDBOT470	1	2	1	0	1787955293	2026-08-29 00:14:53	1	NULL	0000-00-00 00:00:00	1	1	0	0	0	0	0	0	NULL	NO_REGISTERED_SESSION_SERVER_STOPPED
26633	Kallistacy	317	RNDBOT471	1	8	9	0	1787955279	2026-08-29 00:14:39	1	NULL	0000-00-00 00:00:00	0	1	0	0	0	1	0	0	NULL	NO_REGISTERED_SESSION_SERVER_STOPPED
26634	Genevere	317	RNDBOT471	1	4	1	0	1787955298	2026-08-29 00:14:58	1	NULL	0000-00-00 00:00:00	0	1	0	0	0	1	0	0	NULL	NO_REGISTERED_SESSION_SERVER_STOPPED
26635	Sylaeith	317	RNDBOT471	1	11	4	0	1787955286	2026-08-29 00:14:46	1	NULL	0000-00-00 00:00:00	0	1	0	0	0	1	0	0	NULL	NO_REGISTERED_SESSION_SERVER_STOPPED
26636	Adelia	317	RNDBOT471	1	9	9	0	1787955280	2026-08-29 00:14:40	1	NULL	0000-00-00 00:00:00	0	1	0	0	0	1	0	0	NULL	NO_REGISTERED_SESSION_SERVER_STOPPED
26637	Ugrurm	317	RNDBOT471	1	1	3	0	1787955273	2026-08-29 00:14:33	1	NULL	0000-00-00 00:00:00	0	1	0	0	0	1	0	0	NULL	NO_REGISTERED_SESSION_SERVER_STOPPED
26638	Oberido	317	RNDBOT471	1	3	9	0	1787955297	2026-08-29 00:14:57	1	NULL	0000-00-00 00:00:00	0	1	0	0	0	1	0	0	NULL	NO_REGISTERED_SESSION_SERVER_STOPPED
26639	Fedarin	317	RNDBOT471	1	4	9	0	1787955293	2026-08-29 00:14:53	1	NULL	0000-00-00 00:00:00	0	1	0	0	0	1	0	0	NULL	NO_REGISTERED_SESSION_SERVER_STOPPED
26640	Amane	317	RNDBOT471	1	1	10	0	1787955283	2026-08-29 00:14:43	1	NULL	0000-00-00 00:00:00	0	1	0	0	0	1	0	0	NULL	NO_REGISTERED_SESSION_SERVER_STOPPED
26641	Iristelli	317	RNDBOT471	1	1	9	0	1787955271	2026-08-29 00:14:31	1	NULL	0000-00-00 00:00:00	0	1	0	0	0	1	0	0	NULL	NO_REGISTERED_SESSION_SERVER_STOPPED
26642	Kaily	457	RNDBOT472	1	1	9	0	1787955296	2026-08-29 00:14:56	1	NULL	0000-00-00 00:00:00	0	1	0	0	0	0	0	0	NULL	NO_REGISTERED_SESSION_SERVER_STOPPED
26643	Lumi	457	RNDBOT472	1	4	9	0	1787955282	2026-08-29 00:14:42	1	NULL	0000-00-00 00:00:00	0	1	0	0	0	0	0	0	NULL	NO_REGISTERED_SESSION_SERVER_STOPPED
26644	Brineri	457	RNDBOT472	1	2	10	0	1787955283	2026-08-29 00:14:43	1	NULL	0000-00-00 00:00:00	0	1	0	0	0	0	0	0	NULL	NO_REGISTERED_SESSION_SERVER_STOPPED
26645	Cornessa	457	RNDBOT472	1	1	5	0	1787955278	2026-08-29 00:14:38	1	NULL	0000-00-00 00:00:00	0	1	0	0	0	0	0	0	NULL	NO_REGISTERED_SESSION_SERVER_STOPPED
26646	Chario	457	RNDBOT472	1	4	10	0	1787955281	2026-08-29 00:14:41	1	NULL	0000-00-00 00:00:00	0	1	0	0	0	0	0	0	NULL	NO_REGISTERED_SESSION_SERVER_STOPPED
26647	Posire	457	RNDBOT472	1	4	8	0	1787955288	2026-08-29 00:14:48	1	NULL	0000-00-00 00:00:00	0	1	0	0	0	0	0	0	NULL	NO_REGISTERED_SESSION_SERVER_STOPPED
26648	Ginna	457	RNDBOT472	1	2	3	0	1787955280	2026-08-29 00:14:40	1	NULL	0000-00-00 00:00:00	0	1	0	0	0	0	0	0	NULL	NO_REGISTERED_SESSION_SERVER_STOPPED
26649	Nikolan	457	RNDBOT472	1	3	9	0	1787955288	2026-08-29 00:14:48	1	NULL	0000-00-00 00:00:00	0	1	0	0	0	0	0	0	NULL	NO_REGISTERED_SESSION_SERVER_STOPPED
26650	Pelando	457	RNDBOT472	1	4	10	0	1787955290	2026-08-29 00:14:50	1	NULL	0000-00-00 00:00:00	0	1	0	0	0	0	0	0	NULL	NO_REGISTERED_SESSION_SERVER_STOPPED
26651	Elyreath	318	RNDBOT473	1	5	4	0	1787955274	2026-08-29 00:14:34	1	NULL	0000-00-00 00:00:00	0	1	0	0	0	0	0	0	NULL	NO_REGISTERED_SESSION_SERVER_STOPPED
26652	Munjusan	318	RNDBOT473	1	4	8	0	1787955296	2026-08-29 00:14:56	1	NULL	0000-00-00 00:00:00	0	1	0	0	0	0	0	0	NULL	NO_REGISTERED_SESSION_SERVER_STOPPED
26653	Gerancas	318	RNDBOT473	1	8	9	0	1787955273	2026-08-29 00:14:33	1	NULL	0000-00-00 00:00:00	0	1	0	0	0	0	0	0	NULL	NO_REGISTERED_SESSION_SERVER_STOPPED
26654	Amary	318	RNDBOT473	1	9	9	0	1787955279	2026-08-29 00:14:39	1	NULL	0000-00-00 00:00:00	0	1	0	0	0	0	0	0	NULL	NO_REGISTERED_SESSION_SERVER_STOPPED
26655	Draim	318	RNDBOT473	1	3	9	0	1787955278	2026-08-29 00:14:38	1	NULL	0000-00-00 00:00:00	0	1	0	0	0	0	0	0	NULL	NO_REGISTERED_SESSION_SERVER_STOPPED
26656	Ginera	318	RNDBOT473	1	3	10	0	1787955298	2026-08-29 00:14:58	1	NULL	0000-00-00 00:00:00	0	1	0	0	0	0	0	0	NULL	NO_REGISTERED_SESSION_SERVER_STOPPED
26657	Philianey	318	RNDBOT473	1	8	5	0	1787955279	2026-08-29 00:14:39	1	NULL	0000-00-00 00:00:00	0	1	0	0	0	0	0	0	NULL	NO_REGISTERED_SESSION_SERVER_STOPPED
26658	Lyndero	318	RNDBOT473	1	9	9	0	1787955284	2026-08-29 00:14:44	1	NULL	0000-00-00 00:00:00	0	1	0	0	0	0	0	0	NULL	NO_REGISTERED_SESSION_SERVER_STOPPED
26659	Astacy	318	RNDBOT473	1	5	10	0	1787955285	2026-08-29 00:14:45	1	NULL	0000-00-00 00:00:00	0	1	0	0	0	0	0	0	NULL	NO_REGISTERED_SESSION_SERVER_STOPPED
26660	Eydreath	319	RNDBOT474	1	3	4	0	1787955275	2026-08-29 00:14:35	1	NULL	0000-00-00 00:00:00	0	1	0	0	0	0	0	0	NULL	NO_REGISTERED_SESSION_SERVER_STOPPED
26661	Bendarino	319	RNDBOT474	1	9	5	0	1787955296	2026-08-29 00:14:56	1	NULL	0000-00-00 00:00:00	0	1	0	0	0	0	0	0	NULL	NO_REGISTERED_SESSION_SERVER_STOPPED
26662	Kinlara	319	RNDBOT474	1	3	4	0	1787955275	2026-08-29 00:14:35	1	NULL	0000-00-00 00:00:00	0	1	0	0	0	0	0	0	NULL	NO_REGISTERED_SESSION_SERVER_STOPPED
26663	Linariana	319	RNDBOT474	1	3	1	0	1787955290	2026-08-29 00:14:50	1	NULL	0000-00-00 00:00:00	0	1	0	0	0	0	0	0	NULL	NO_REGISTERED_SESSION_SERVER_STOPPED
26664	Elianon	319	RNDBOT474	1	9	5	0	1787955292	2026-08-29 00:14:52	1	NULL	0000-00-00 00:00:00	0	1	0	0	0	0	0	0	NULL	NO_REGISTERED_SESSION_SERVER_STOPPED
26665	Flavinica	319	RNDBOT474	1	1	10	0	1787955271	2026-08-29 00:14:31	1	NULL	0000-00-00 00:00:00	0	1	0	0	0	0	0	0	NULL	NO_REGISTERED_SESSION_SERVER_STOPPED
26666	Galorn	319	RNDBOT474	1	3	1	0	1787955273	2026-08-29 00:14:33	1	NULL	0000-00-00 00:00:00	0	1	0	0	0	0	0	0	NULL	NO_REGISTERED_SESSION_SERVER_STOPPED
26667	Samdos	319	RNDBOT474	1	2	3	0	1787955289	2026-08-29 00:14:49	1	NULL	0000-00-00 00:00:00	0	1	0	0	0	0	0	0	NULL	NO_REGISTERED_SESSION_SERVER_STOPPED
26668	Onorena	319	RNDBOT474	1	8	9	0	1787955299	2026-08-29 00:14:59	1	NULL	0000-00-00 00:00:00	0	1	0	0	0	0	0	0	NULL	NO_REGISTERED_SESSION_SERVER_STOPPED
26669	Ranco	492	RNDBOT475	1	1	10	0	1787955281	2026-08-29 00:14:41	1	NULL	0000-00-00 00:00:00	1	1	0	0	0	0	0	0	NULL	NO_REGISTERED_SESSION_SERVER_STOPPED
26670	Lelane	492	RNDBOT475	3	5	4	0	1788116560	2026-08-30 21:02:40	1	NULL	0000-00-00 00:00:00	1	1	0	0	0	1	0	0	NULL	NO_REGISTERED_SESSION_SERVER_STOPPED
26671	Erinette	492	RNDBOT475	1	3	10	0	1787955286	2026-08-29 00:14:46	1	NULL	0000-00-00 00:00:00	1	1	0	0	0	0	0	0	NULL	NO_REGISTERED_SESSION_SERVER_STOPPED
26672	Dainero	492	RNDBOT475	1	9	5	0	1787955280	2026-08-29 00:14:40	1	NULL	0000-00-00 00:00:00	1	1	0	0	0	0	0	0	NULL	NO_REGISTERED_SESSION_SERVER_STOPPED
26673	Gnetlibozz	492	RNDBOT475	1	8	7	0	1787955280	2026-08-29 00:14:40	1	NULL	0000-00-00 00:00:00	1	1	0	0	0	0	0	0	NULL	NO_REGISTERED_SESSION_SERVER_STOPPED
26674	Gistina	492	RNDBOT475	3	1	5	0	1788116595	2026-08-30 21:03:15	1	NULL	0000-00-00 00:00:00	1	1	0	0	0	1	0	0	NULL	NO_REGISTERED_SESSION_SERVER_STOPPED
26675	Altherane	492	RNDBOT475	1	4	10	0	1787955276	2026-08-29 00:14:36	1	NULL	0000-00-00 00:00:00	1	1	0	0	0	0	0	0	NULL	NO_REGISTERED_SESSION_SERVER_STOPPED
26676	Salestine	492	RNDBOT475	1	2	1	0	1787955290	2026-08-29 00:14:50	1	NULL	0000-00-00 00:00:00	1	1	0	0	0	0	0	0	NULL	NO_REGISTERED_SESSION_SERVER_STOPPED
26677	Obennor	492	RNDBOT475	1	9	5	0	1787955282	2026-08-29 00:14:42	1	NULL	0000-00-00 00:00:00	1	1	0	0	0	0	0	0	NULL	NO_REGISTERED_SESSION_SERVER_STOPPED
26678	Hacoozheh	320	RNDBOT476	1	3	6	0	1787955298	2026-08-29 00:14:58	1	NULL	0000-00-00 00:00:00	0	1	0	0	0	0	0	0	NULL	NO_REGISTERED_SESSION_SERVER_STOPPED
26679	Bathir	320	RNDBOT476	1	3	4	0	1787955273	2026-08-29 00:14:33	1	NULL	0000-00-00 00:00:00	0	1	0	0	0	0	0	0	NULL	NO_REGISTERED_SESSION_SERVER_STOPPED
26680	Artinius	320	RNDBOT476	1	8	9	0	1787955299	2026-08-29 00:14:59	1	NULL	0000-00-00 00:00:00	0	1	0	0	0	0	0	0	NULL	NO_REGISTERED_SESSION_SERVER_STOPPED
26681	Apollio	320	RNDBOT476	1	1	9	0	1787955284	2026-08-29 00:14:44	1	NULL	0000-00-00 00:00:00	0	1	0	0	0	0	0	0	NULL	NO_REGISTERED_SESSION_SERVER_STOPPED
26682	Fylenna	320	RNDBOT476	1	3	4	0	1787955279	2026-08-29 00:14:39	1	NULL	0000-00-00 00:00:00	0	1	0	0	0	0	0	0	NULL	NO_REGISTERED_SESSION_SERVER_STOPPED
26683	Araderico	320	RNDBOT476	1	5	5	0	1787955279	2026-08-29 00:14:39	1	NULL	0000-00-00 00:00:00	0	1	0	0	0	0	0	0	NULL	NO_REGISTERED_SESSION_SERVER_STOPPED
26684	Everald	320	RNDBOT476	1	1	9	0	1787955295	2026-08-29 00:14:55	1	NULL	0000-00-00 00:00:00	0	1	0	0	0	0	0	0	NULL	NO_REGISTERED_SESSION_SERVER_STOPPED
26685	Vinanar	320	RNDBOT476	1	3	4	0	1787955280	2026-08-29 00:14:40	1	NULL	0000-00-00 00:00:00	0	1	0	0	0	0	0	0	NULL	NO_REGISTERED_SESSION_SERVER_STOPPED
26686	Ugmurun	320	RNDBOT476	1	7	8	0	1787955273	2026-08-29 00:14:33	1	NULL	0000-00-00 00:00:00	0	1	0	0	0	0	0	0	NULL	NO_REGISTERED_SESSION_SERVER_STOPPED
26687	Frevon	412	RNDBOT477	1	1	9	0	1787955294	2026-08-29 00:14:54	1	NULL	0000-00-00 00:00:00	0	1	0	0	0	0	0	0	NULL	NO_REGISTERED_SESSION_SERVER_STOPPED
26688	Jilaess	412	RNDBOT477	1	3	4	0	1787955288	2026-08-29 00:14:48	1	NULL	0000-00-00 00:00:00	0	1	0	0	0	0	0	0	NULL	NO_REGISTERED_SESSION_SERVER_STOPPED
26689	Baphille	412	RNDBOT477	1	9	1	0	1787955287	2026-08-29 00:14:47	1	NULL	0000-00-00 00:00:00	0	1	0	0	0	0	0	0	NULL	NO_REGISTERED_SESSION_SERVER_STOPPED
26690	Nonyooawhi	412	RNDBOT477	1	11	6	0	1787955286	2026-08-29 00:14:46	1	NULL	0000-00-00 00:00:00	0	1	0	0	0	0	0	0	NULL	NO_REGISTERED_SESSION_SERVER_STOPPED
26691	Melannie	412	RNDBOT477	1	3	1	0	1787955274	2026-08-29 00:14:34	1	NULL	0000-00-00 00:00:00	0	1	0	0	0	0	0	0	NULL	NO_REGISTERED_SESSION_SERVER_STOPPED
26692	Domiona	412	RNDBOT477	1	4	9	0	1787955288	2026-08-29 00:14:48	1	NULL	0000-00-00 00:00:00	0	1	0	0	0	0	0	0	NULL	NO_REGISTERED_SESSION_SERVER_STOPPED
26693	Caspasco	412	RNDBOT477	1	9	9	0	1787955271	2026-08-29 00:14:31	1	NULL	0000-00-00 00:00:00	0	1	0	0	0	0	0	0	NULL	NO_REGISTERED_SESSION_SERVER_STOPPED
26694	Kyndira	412	RNDBOT477	1	11	4	0	1787955299	2026-08-29 00:14:59	1	NULL	0000-00-00 00:00:00	0	1	0	0	0	0	0	0	NULL	NO_REGISTERED_SESSION_SERVER_STOPPED
26695	Lenvanna	412	RNDBOT477	1	11	4	0	1787955272	2026-08-29 00:14:32	1	NULL	0000-00-00 00:00:00	0	1	0	0	0	0	0	0	NULL	NO_REGISTERED_SESSION_SERVER_STOPPED
26696	Ason	321	RNDBOT478	1	4	5	0	1787955281	2026-08-29 00:14:41	1	NULL	0000-00-00 00:00:00	1	1	0	0	0	0	0	0	NULL	NO_REGISTERED_SESSION_SERVER_STOPPED
26697	Nileah	321	RNDBOT478	1	8	5	0	1788116578	2026-08-30 21:02:58	1	NULL	0000-00-00 00:00:00	1	1	0	0	0	1	0	0	NULL	NO_REGISTERED_SESSION_SERVER_STOPPED
26698	Penbeek	321	RNDBOT478	1	8	7	0	1787955275	2026-08-29 00:14:35	1	NULL	0000-00-00 00:00:00	1	1	0	0	0	0	0	0	NULL	NO_REGISTERED_SESSION_SERVER_STOPPED
26699	Elantio	321	RNDBOT478	1	8	10	0	1787955290	2026-08-29 00:14:50	1	NULL	0000-00-00 00:00:00	1	1	0	0	0	0	0	0	NULL	NO_REGISTERED_SESSION_SERVER_STOPPED
26700	Acharon	321	RNDBOT478	1	4	9	0	1787955294	2026-08-29 00:14:54	1	NULL	0000-00-00 00:00:00	1	1	0	0	0	0	0	0	NULL	NO_REGISTERED_SESSION_SERVER_STOPPED
26701	Dorany	321	RNDBOT478	1	2	1	0	1787955299	2026-08-29 00:14:59	1	NULL	0000-00-00 00:00:00	1	1	0	0	0	0	0	0	NULL	NO_REGISTERED_SESSION_SERVER_STOPPED
26702	Chelerine	321	RNDBOT478	1	1	10	0	1787955277	2026-08-29 00:14:37	1	NULL	0000-00-00 00:00:00	1	1	0	0	0	0	0	0	NULL	NO_REGISTERED_SESSION_SERVER_STOPPED
26703	Qanoo	321	RNDBOT478	1	1	6	0	1787955283	2026-08-29 00:14:43	1	NULL	0000-00-00 00:00:00	1	1	0	0	0	0	0	0	NULL	NO_REGISTERED_SESSION_SERVER_STOPPED
26704	Sterra	321	RNDBOT478	1	1	9	0	1787955291	2026-08-29 00:14:51	1	NULL	0000-00-00 00:00:00	1	1	0	0	0	0	0	0	NULL	NO_REGISTERED_SESSION_SERVER_STOPPED
26705	Torion	458	RNDBOT479	1	2	1	0	1787955298	2026-08-29 00:14:58	1	NULL	0000-00-00 00:00:00	0	1	0	0	0	0	0	0	NULL	NO_REGISTERED_SESSION_SERVER_STOPPED
26706	Vely	458	RNDBOT479	1	8	10	0	1787955295	2026-08-29 00:14:55	1	NULL	0000-00-00 00:00:00	0	1	0	0	0	0	0	0	NULL	NO_REGISTERED_SESSION_SERVER_STOPPED
26707	Carisy	458	RNDBOT479	1	1	10	0	1787955284	2026-08-29 00:14:44	1	NULL	0000-00-00 00:00:00	0	1	0	0	0	0	0	0	NULL	NO_REGISTERED_SESSION_SERVER_STOPPED
26708	Thyseam	458	RNDBOT479	1	3	4	0	1787955291	2026-08-29 00:14:51	1	NULL	0000-00-00 00:00:00	0	1	0	0	0	0	0	0	NULL	NO_REGISTERED_SESSION_SERVER_STOPPED
26709	Lihayla	458	RNDBOT479	1	3	9	0	1787955295	2026-08-29 00:14:55	1	NULL	0000-00-00 00:00:00	0	1	0	0	0	0	0	0	NULL	NO_REGISTERED_SESSION_SERVER_STOPPED
26710	Zaralea	458	RNDBOT479	1	9	9	0	1787955271	2026-08-29 00:14:31	1	NULL	0000-00-00 00:00:00	0	1	0	0	0	0	0	0	NULL	NO_REGISTERED_SESSION_SERVER_STOPPED
26711	Severenz	458	RNDBOT479	1	3	10	0	1787955297	2026-08-29 00:14:57	1	NULL	0000-00-00 00:00:00	0	1	0	0	0	0	0	0	NULL	NO_REGISTERED_SESSION_SERVER_STOPPED
26712	Begeld	458	RNDBOT479	1	1	2	0	1787955295	2026-08-29 00:14:55	1	NULL	0000-00-00 00:00:00	0	1	0	0	0	0	0	0	NULL	NO_REGISTERED_SESSION_SERVER_STOPPED
26713	Emany	458	RNDBOT479	1	2	1	0	1787955280	2026-08-29 00:14:40	1	NULL	0000-00-00 00:00:00	0	1	0	0	0	0	0	0	NULL	NO_REGISTERED_SESSION_SERVER_STOPPED
26714	Selleneve	322	RNDBOT480	1	2	10	0	1787955284	2026-08-29 00:14:44	1	NULL	0000-00-00 00:00:00	0	1	0	0	0	0	0	0	NULL	NO_REGISTERED_SESSION_SERVER_STOPPED
26715	Vandel	322	RNDBOT480	1	3	10	0	1787955282	2026-08-29 00:14:42	1	NULL	0000-00-00 00:00:00	0	1	0	0	0	0	0	0	NULL	NO_REGISTERED_SESSION_SERVER_STOPPED
26716	Rumm	322	RNDBOT480	1	3	2	0	1787955284	2026-08-29 00:14:44	1	NULL	0000-00-00 00:00:00	0	1	0	0	0	0	0	0	NULL	NO_REGISTERED_SESSION_SERVER_STOPPED
26717	Avineya	322	RNDBOT480	1	4	9	0	1787955279	2026-08-29 00:14:39	1	NULL	0000-00-00 00:00:00	0	1	0	0	0	0	0	0	NULL	NO_REGISTERED_SESSION_SERVER_STOPPED
26718	Eviela	322	RNDBOT480	1	8	1	0	1787955273	2026-08-29 00:14:33	1	NULL	0000-00-00 00:00:00	0	1	0	0	0	0	0	0	NULL	NO_REGISTERED_SESSION_SERVER_STOPPED
26719	Whitney	322	RNDBOT480	1	4	10	0	1787955298	2026-08-29 00:14:58	1	NULL	0000-00-00 00:00:00	0	1	0	0	0	0	0	0	NULL	NO_REGISTERED_SESSION_SERVER_STOPPED
26720	Alea	322	RNDBOT480	1	3	10	0	1787955276	2026-08-29 00:14:36	1	NULL	0000-00-00 00:00:00	0	1	0	0	0	0	0	0	NULL	NO_REGISTERED_SESSION_SERVER_STOPPED
26721	Peldel	322	RNDBOT480	1	11	4	0	1787955273	2026-08-29 00:14:33	1	NULL	0000-00-00 00:00:00	0	1	0	0	0	0	0	0	NULL	NO_REGISTERED_SESSION_SERVER_STOPPED
26722	Castius	322	RNDBOT480	1	3	1	0	1787955294	2026-08-29 00:14:54	1	NULL	0000-00-00 00:00:00	0	1	0	0	0	0	0	0	NULL	NO_REGISTERED_SESSION_SERVER_STOPPED
26723	Micar	413	RNDBOT481	1	4	9	0	1787955275	2026-08-29 00:14:35	1	NULL	0000-00-00 00:00:00	1	1	0	0	0	0	0	0	NULL	NO_REGISTERED_SESSION_SERVER_STOPPED
26724	Dorissanne	413	RNDBOT481	1	4	10	0	1787955298	2026-08-29 00:14:58	1	NULL	0000-00-00 00:00:00	1	1	0	0	0	0	0	0	NULL	NO_REGISTERED_SESSION_SERVER_STOPPED
26725	Talippa	413	RNDBOT481	1	1	10	0	1787955300	2026-08-29 00:15:00	1	NULL	0000-00-00 00:00:00	1	1	0	0	0	0	0	0	NULL	NO_REGISTERED_SESSION_SERVER_STOPPED
26726	Auranu	413	RNDBOT481	1	3	9	0	1787955292	2026-08-29 00:14:52	1	NULL	0000-00-00 00:00:00	1	1	0	0	0	0	0	0	NULL	NO_REGISTERED_SESSION_SERVER_STOPPED
26727	Serona	413	RNDBOT481	1	8	9	0	1787955287	2026-08-29 00:14:47	1	NULL	0000-00-00 00:00:00	1	1	0	0	0	0	0	0	NULL	NO_REGISTERED_SESSION_SERVER_STOPPED
26728	Oscaran	413	RNDBOT481	1	5	1	0	1787955290	2026-08-29 00:14:50	1	NULL	0000-00-00 00:00:00	1	1	0	0	0	0	0	0	NULL	NO_REGISTERED_SESSION_SERVER_STOPPED
26729	Nilek	413	RNDBOT481	1	8	7	0	1787955281	2026-08-29 00:14:41	1	NULL	0000-00-00 00:00:00	1	1	0	0	0	0	0	0	NULL	NO_REGISTERED_SESSION_SERVER_STOPPED
26730	Beriton	413	RNDBOT481	1	4	9	0	1787955274	2026-08-29 00:14:34	1	NULL	0000-00-00 00:00:00	1	1	0	0	0	0	0	0	NULL	NO_REGISTERED_SESSION_SERVER_STOPPED
26731	Ylirannul	413	RNDBOT481	1	11	4	0	1787955287	2026-08-29 00:14:47	1	NULL	0000-00-00 00:00:00	1	1	0	0	0	0	0	0	NULL	NO_REGISTERED_SESSION_SERVER_STOPPED
26732	Chrisanna	323	RNDBOT482	1	8	9	0	1787955271	2026-08-29 00:14:31	1	NULL	0000-00-00 00:00:00	0	1	0	0	0	0	0	0	NULL	NO_REGISTERED_SESSION_SERVER_STOPPED
26733	Rerya	323	RNDBOT482	1	11	4	0	1787955287	2026-08-29 00:14:47	1	NULL	0000-00-00 00:00:00	0	1	0	0	0	0	0	0	NULL	NO_REGISTERED_SESSION_SERVER_STOPPED
26734	Dakturm	323	RNDBOT482	1	1	2	0	1787955293	2026-08-29 00:14:53	1	NULL	0000-00-00 00:00:00	0	1	0	0	0	0	0	0	NULL	NO_REGISTERED_SESSION_SERVER_STOPPED
26735	Ishkonuwhe	323	RNDBOT482	1	11	6	0	1787955296	2026-08-29 00:14:56	1	NULL	0000-00-00 00:00:00	0	1	0	0	0	0	0	0	NULL	NO_REGISTERED_SESSION_SERVER_STOPPED
26736	Achim	323	RNDBOT482	1	2	1	0	1787955272	2026-08-29 00:14:32	1	NULL	0000-00-00 00:00:00	0	1	0	0	0	0	0	0	NULL	NO_REGISTERED_SESSION_SERVER_STOPPED
26737	Ladero	323	RNDBOT482	1	3	3	0	1787955296	2026-08-29 00:14:56	1	NULL	0000-00-00 00:00:00	0	1	0	0	0	0	0	0	NULL	NO_REGISTERED_SESSION_SERVER_STOPPED
26738	Molanze	323	RNDBOT482	1	3	2	0	1787955282	2026-08-29 00:14:42	1	NULL	0000-00-00 00:00:00	0	1	0	0	0	0	0	0	NULL	NO_REGISTERED_SESSION_SERVER_STOPPED
26739	Gloriane	323	RNDBOT482	1	3	1	0	1787955271	2026-08-29 00:14:31	1	NULL	0000-00-00 00:00:00	0	1	0	0	0	0	0	0	NULL	NO_REGISTERED_SESSION_SERVER_STOPPED
26740	Roner	323	RNDBOT482	1	8	10	0	1787955286	2026-08-29 00:14:46	1	NULL	0000-00-00 00:00:00	0	1	0	0	0	0	0	0	NULL	NO_REGISTERED_SESSION_SERVER_STOPPED
26741	Melger	481	RNDBOT483	1	1	2	0	1787955278	2026-08-29 00:14:38	1	NULL	0000-00-00 00:00:00	0	1	0	0	0	0	0	0	NULL	NO_REGISTERED_SESSION_SERVER_STOPPED
26742	Melelor	481	RNDBOT483	1	3	4	0	1787955299	2026-08-29 00:14:59	1	NULL	0000-00-00 00:00:00	0	1	0	0	0	0	0	0	NULL	NO_REGISTERED_SESSION_SERVER_STOPPED
26743	Keanna	481	RNDBOT483	1	4	4	0	1787955273	2026-08-29 00:14:33	1	NULL	0000-00-00 00:00:00	0	1	0	0	0	0	0	0	NULL	NO_REGISTERED_SESSION_SERVER_STOPPED
26744	Ariandra	481	RNDBOT483	1	4	10	0	1787955292	2026-08-29 00:14:52	1	NULL	0000-00-00 00:00:00	0	1	0	0	0	0	0	0	NULL	NO_REGISTERED_SESSION_SERVER_STOPPED
26745	Avelina	481	RNDBOT483	1	1	10	0	1787955289	2026-08-29 00:14:49	1	NULL	0000-00-00 00:00:00	0	1	0	0	0	0	0	0	NULL	NO_REGISTERED_SESSION_SERVER_STOPPED
26746	Yonji	481	RNDBOT483	1	3	8	0	1787955280	2026-08-29 00:14:40	1	NULL	0000-00-00 00:00:00	0	1	0	0	0	0	0	0	NULL	NO_REGISTERED_SESSION_SERVER_STOPPED
26747	Jaruk	481	RNDBOT483	1	2	3	0	1787955286	2026-08-29 00:14:46	1	NULL	0000-00-00 00:00:00	0	1	0	0	0	0	0	0	NULL	NO_REGISTERED_SESSION_SERVER_STOPPED
26748	Gordando	481	RNDBOT483	1	4	10	0	1787955298	2026-08-29 00:14:58	1	NULL	0000-00-00 00:00:00	0	1	0	0	0	0	0	0	NULL	NO_REGISTERED_SESSION_SERVER_STOPPED
26749	Pandora	481	RNDBOT483	1	1	10	0	1787955276	2026-08-29 00:14:36	1	NULL	0000-00-00 00:00:00	0	1	0	0	0	0	0	0	NULL	NO_REGISTERED_SESSION_SERVER_STOPPED
26750	Solt	324	RNDBOT484	1	8	10	0	1787955297	2026-08-29 00:14:57	1	NULL	0000-00-00 00:00:00	0	1	0	0	0	0	0	0	NULL	NO_REGISTERED_SESSION_SERVER_STOPPED
26751	Faragor	324	RNDBOT484	1	3	1	0	1787955279	2026-08-29 00:14:39	1	NULL	0000-00-00 00:00:00	0	1	0	0	0	0	0	0	NULL	NO_REGISTERED_SESSION_SERVER_STOPPED
26752	Dodolar	324	RNDBOT484	1	5	4	0	1787955275	2026-08-29 00:14:35	1	NULL	0000-00-00 00:00:00	0	1	0	0	0	0	0	0	NULL	NO_REGISTERED_SESSION_SERVER_STOPPED
26753	Valene	324	RNDBOT484	1	1	5	0	1787955290	2026-08-29 00:14:50	1	NULL	0000-00-00 00:00:00	0	1	0	0	0	0	0	0	NULL	NO_REGISTERED_SESSION_SERVER_STOPPED
26754	Zalerna	324	RNDBOT484	1	4	5	0	1787955285	2026-08-29 00:14:45	1	NULL	0000-00-00 00:00:00	0	1	0	0	0	0	0	0	NULL	NO_REGISTERED_SESSION_SERVER_STOPPED
26755	Alynrus	324	RNDBOT484	1	3	4	0	1787955298	2026-08-29 00:14:58	1	NULL	0000-00-00 00:00:00	0	1	0	0	0	0	0	0	NULL	NO_REGISTERED_SESSION_SERVER_STOPPED
26756	Electra	324	RNDBOT484	1	3	9	0	1787955298	2026-08-29 00:14:58	1	NULL	0000-00-00 00:00:00	0	1	0	0	0	0	0	0	NULL	NO_REGISTERED_SESSION_SERVER_STOPPED
26757	Murdahr	324	RNDBOT484	1	3	3	0	1787955282	2026-08-29 00:14:42	1	NULL	0000-00-00 00:00:00	0	1	0	0	0	0	0	0	NULL	NO_REGISTERED_SESSION_SERVER_STOPPED
26758	Eleonorah	324	RNDBOT484	1	8	1	0	1787955272	2026-08-29 00:14:32	1	NULL	0000-00-00 00:00:00	0	1	0	0	0	0	0	0	NULL	NO_REGISTERED_SESSION_SERVER_STOPPED
26759	Trohshuri	414	RNDBOT485	1	3	8	0	1787955297	2026-08-29 00:14:57	1	NULL	0000-00-00 00:00:00	0	1	0	0	0	0	0	0	NULL	NO_REGISTERED_SESSION_SERVER_STOPPED
26760	Ardikain	414	RNDBOT485	1	3	8	0	1787955281	2026-08-29 00:14:41	1	NULL	0000-00-00 00:00:00	0	1	0	0	0	0	0	0	NULL	NO_REGISTERED_SESSION_SERVER_STOPPED
26761	Ivanico	414	RNDBOT485	1	9	5	0	1787955286	2026-08-29 00:14:46	1	NULL	0000-00-00 00:00:00	0	1	0	0	0	0	0	0	NULL	NO_REGISTERED_SESSION_SERVER_STOPPED
26762	Olerion	414	RNDBOT485	1	1	10	0	1787955285	2026-08-29 00:14:45	1	NULL	0000-00-00 00:00:00	0	1	0	0	0	0	0	0	NULL	NO_REGISTERED_SESSION_SERVER_STOPPED
26763	Fridon	414	RNDBOT485	1	9	1	0	1787955288	2026-08-29 00:14:48	1	NULL	0000-00-00 00:00:00	0	1	0	0	0	0	0	0	NULL	NO_REGISTERED_SESSION_SERVER_STOPPED
26764	Garines	414	RNDBOT485	1	9	9	0	1787955275	2026-08-29 00:14:35	1	NULL	0000-00-00 00:00:00	0	1	0	0	0	0	0	0	NULL	NO_REGISTERED_SESSION_SERVER_STOPPED
26765	Ladu	414	RNDBOT485	1	3	3	0	1787955291	2026-08-29 00:14:51	1	NULL	0000-00-00 00:00:00	0	1	0	0	0	0	0	0	NULL	NO_REGISTERED_SESSION_SERVER_STOPPED
26766	Oletho	414	RNDBOT485	1	4	1	0	1787955291	2026-08-29 00:14:51	1	NULL	0000-00-00 00:00:00	0	1	0	0	0	0	0	0	NULL	NO_REGISTERED_SESSION_SERVER_STOPPED
26767	Cataliana	414	RNDBOT485	1	8	9	0	1787955289	2026-08-29 00:14:49	1	NULL	0000-00-00 00:00:00	0	1	0	0	0	0	0	0	NULL	NO_REGISTERED_SESSION_SERVER_STOPPED
26768	Sodromdo	325	RNDBOT486	1	9	2	0	1787955281	2026-08-29 00:14:41	1	NULL	0000-00-00 00:00:00	0	1	0	0	0	0	0	0	NULL	NO_REGISTERED_SESSION_SERVER_STOPPED
26769	Baphanna	325	RNDBOT486	1	4	9	0	1787955281	2026-08-29 00:14:41	1	NULL	0000-00-00 00:00:00	0	1	0	0	0	0	0	0	NULL	NO_REGISTERED_SESSION_SERVER_STOPPED
26770	Emomji	325	RNDBOT486	1	4	8	0	1787955297	2026-08-29 00:14:57	1	NULL	0000-00-00 00:00:00	0	1	0	0	0	0	0	0	NULL	NO_REGISTERED_SESSION_SERVER_STOPPED
26771	Udran	325	RNDBOT486	1	11	4	0	1787955294	2026-08-29 00:14:54	1	NULL	0000-00-00 00:00:00	0	1	0	0	0	0	0	0	NULL	NO_REGISTERED_SESSION_SERVER_STOPPED
26772	Gweney	325	RNDBOT486	1	3	1	0	1787955282	2026-08-29 00:14:42	1	NULL	0000-00-00 00:00:00	0	1	0	0	0	0	0	0	NULL	NO_REGISTERED_SESSION_SERVER_STOPPED
26773	Benevaneia	325	RNDBOT486	1	3	1	0	1787955274	2026-08-29 00:14:34	1	NULL	0000-00-00 00:00:00	0	1	0	0	0	0	0	0	NULL	NO_REGISTERED_SESSION_SERVER_STOPPED
26774	Nanysae	325	RNDBOT486	1	11	4	0	1787955300	2026-08-29 00:15:00	1	NULL	0000-00-00 00:00:00	0	1	0	0	0	0	0	0	NULL	NO_REGISTERED_SESSION_SERVER_STOPPED
26775	Galorcan	325	RNDBOT486	1	3	1	0	1787955293	2026-08-29 00:14:53	1	NULL	0000-00-00 00:00:00	0	1	0	0	0	0	0	0	NULL	NO_REGISTERED_SESSION_SERVER_STOPPED
26776	Nutsu	325	RNDBOT486	1	1	6	0	1787955281	2026-08-29 00:14:41	1	NULL	0000-00-00 00:00:00	0	1	0	0	0	0	0	0	NULL	NO_REGISTERED_SESSION_SERVER_STOPPED
26777	Estantin	459	RNDBOT487	1	5	5	0	1787955287	2026-08-29 00:14:47	1	NULL	0000-00-00 00:00:00	0	1	0	0	0	0	0	0	NULL	NO_REGISTERED_SESSION_SERVER_STOPPED
26778	Iygos	459	RNDBOT487	1	11	4	0	1787955279	2026-08-29 00:14:39	1	NULL	0000-00-00 00:00:00	0	1	0	0	0	0	0	0	NULL	NO_REGISTERED_SESSION_SERVER_STOPPED
26779	Camarco	459	RNDBOT487	1	8	9	0	1787955285	2026-08-29 00:14:45	1	NULL	0000-00-00 00:00:00	0	1	0	0	0	0	0	0	NULL	NO_REGISTERED_SESSION_SERVER_STOPPED
26780	Domina	459	RNDBOT487	1	3	10	0	1787955272	2026-08-29 00:14:32	1	NULL	0000-00-00 00:00:00	0	1	0	0	0	0	0	0	NULL	NO_REGISTERED_SESSION_SERVER_STOPPED
26781	Hikolai	459	RNDBOT487	1	9	5	0	1787955294	2026-08-29 00:14:54	1	NULL	0000-00-00 00:00:00	0	1	0	0	0	0	0	0	NULL	NO_REGISTERED_SESSION_SERVER_STOPPED
26782	Deleriana	459	RNDBOT487	1	3	1	0	1787955283	2026-08-29 00:14:43	1	NULL	0000-00-00 00:00:00	0	1	0	0	0	0	0	0	NULL	NO_REGISTERED_SESSION_SERVER_STOPPED
26783	Mery	459	RNDBOT487	1	9	5	0	1787955272	2026-08-29 00:14:32	1	NULL	0000-00-00 00:00:00	0	1	0	0	0	0	0	0	NULL	NO_REGISTERED_SESSION_SERVER_STOPPED
26784	Elick	459	RNDBOT487	1	4	7	0	1787955295	2026-08-29 00:14:55	1	NULL	0000-00-00 00:00:00	0	1	0	0	0	0	0	0	NULL	NO_REGISTERED_SESSION_SERVER_STOPPED
26785	Folander	459	RNDBOT487	1	4	10	0	1787955273	2026-08-29 00:14:33	1	NULL	0000-00-00 00:00:00	0	1	0	0	0	0	0	0	NULL	NO_REGISTERED_SESSION_SERVER_STOPPED
26786	Anvaglun	326	RNDBOT488	1	2	3	0	1787955297	2026-08-29 00:14:57	1	NULL	0000-00-00 00:00:00	0	1	0	0	0	0	0	0	NULL	NO_REGISTERED_SESSION_SERVER_STOPPED
26787	Dongath	326	RNDBOT488	1	3	3	0	1787955297	2026-08-29 00:14:57	1	NULL	0000-00-00 00:00:00	0	1	0	0	0	0	0	0	NULL	NO_REGISTERED_SESSION_SERVER_STOPPED
26788	Velva	326	RNDBOT488	1	8	10	0	1787955294	2026-08-29 00:14:54	1	NULL	0000-00-00 00:00:00	0	1	0	0	0	0	0	0	NULL	NO_REGISTERED_SESSION_SERVER_STOPPED
26789	Tomond	326	RNDBOT488	1	8	9	0	1787955273	2026-08-29 00:14:33	1	NULL	0000-00-00 00:00:00	0	1	0	0	0	0	0	0	NULL	NO_REGISTERED_SESSION_SERVER_STOPPED
26790	Milaelleas	326	RNDBOT488	1	11	4	0	1787955272	2026-08-29 00:14:32	1	NULL	0000-00-00 00:00:00	0	1	0	0	0	0	0	0	NULL	NO_REGISTERED_SESSION_SERVER_STOPPED
26791	Bennarin	326	RNDBOT488	1	8	10	0	1787955298	2026-08-29 00:14:58	1	NULL	0000-00-00 00:00:00	0	1	0	0	0	0	0	0	NULL	NO_REGISTERED_SESSION_SERVER_STOPPED
26792	Joleney	326	RNDBOT488	1	2	1	0	1787955291	2026-08-29 00:14:51	1	NULL	0000-00-00 00:00:00	0	1	0	0	0	0	0	0	NULL	NO_REGISTERED_SESSION_SERVER_STOPPED
26793	Gisola	326	RNDBOT488	1	4	10	0	1787955281	2026-08-29 00:14:41	1	NULL	0000-00-00 00:00:00	0	1	0	0	0	0	0	0	NULL	NO_REGISTERED_SESSION_SERVER_STOPPED
26794	Harado	326	RNDBOT488	1	1	9	0	1787955296	2026-08-29 00:14:56	1	NULL	0000-00-00 00:00:00	0	1	0	0	0	0	0	0	NULL	NO_REGISTERED_SESSION_SERVER_STOPPED
26795	Finariana	498	RNDBOT489	1	5	10	0	1787955285	2026-08-29 00:14:45	1	NULL	0000-00-00 00:00:00	0	1	0	0	0	0	0	0	NULL	NO_REGISTERED_SESSION_SERVER_STOPPED
26796	Cyraei	498	RNDBOT489	1	3	4	0	1787955275	2026-08-29 00:14:35	1	NULL	0000-00-00 00:00:00	0	1	0	0	0	0	0	0	NULL	NO_REGISTERED_SESSION_SERVER_STOPPED
26797	Nute	498	RNDBOT489	1	7	6	0	1787955293	2026-08-29 00:14:53	1	NULL	0000-00-00 00:00:00	0	1	0	0	0	0	0	0	NULL	NO_REGISTERED_SESSION_SERVER_STOPPED
26798	Tirsaanih	498	RNDBOT489	1	4	8	0	1787955271	2026-08-29 00:14:31	1	NULL	0000-00-00 00:00:00	0	1	0	0	0	0	0	0	NULL	NO_REGISTERED_SESSION_SERVER_STOPPED
26799	Elyraei	498	RNDBOT489	1	11	4	0	1787955290	2026-08-29 00:14:50	1	NULL	0000-00-00 00:00:00	0	1	0	0	0	0	0	0	NULL	NO_REGISTERED_SESSION_SERVER_STOPPED
26800	Eriley	498	RNDBOT489	1	4	9	0	1787955286	2026-08-29 00:14:46	1	NULL	0000-00-00 00:00:00	0	1	0	0	0	0	0	0	NULL	NO_REGISTERED_SESSION_SERVER_STOPPED
26801	Erianca	498	RNDBOT489	1	1	10	0	1787955277	2026-08-29 00:14:37	1	NULL	0000-00-00 00:00:00	0	1	0	0	0	0	0	0	NULL	NO_REGISTERED_SESSION_SERVER_STOPPED
26802	Daile	498	RNDBOT489	1	9	1	0	1787955284	2026-08-29 00:14:44	1	NULL	0000-00-00 00:00:00	0	1	0	0	0	0	0	0	NULL	NO_REGISTERED_SESSION_SERVER_STOPPED
26803	Holando	498	RNDBOT489	1	4	10	0	1787955277	2026-08-29 00:14:37	1	NULL	0000-00-00 00:00:00	0	1	0	0	0	0	0	0	NULL	NO_REGISTERED_SESSION_SERVER_STOPPED
26804	Alantheo	415	RNDBOT490	1	8	9	0	1787955272	2026-08-29 00:14:32	1	NULL	0000-00-00 00:00:00	1	1	0	0	0	0	0	0	NULL	NO_REGISTERED_SESSION_SERVER_STOPPED
26805	Nikolin	415	RNDBOT490	1	4	9	0	1787955276	2026-08-29 00:14:36	1	NULL	0000-00-00 00:00:00	1	1	0	0	0	0	0	0	NULL	NO_REGISTERED_SESSION_SERVER_STOPPED
26806	Theresie	415	RNDBOT490	1	1	10	0	1787955273	2026-08-29 00:14:33	1	NULL	0000-00-00 00:00:00	1	1	0	0	0	0	0	0	NULL	NO_REGISTERED_SESSION_SERVER_STOPPED
26807	Rentan	415	RNDBOT490	1	5	10	0	1787955276	2026-08-29 00:14:36	1	NULL	0000-00-00 00:00:00	1	1	0	0	0	0	0	0	NULL	NO_REGISTERED_SESSION_SERVER_STOPPED
26808	Spencer	415	RNDBOT490	1	1	1	0	1787955295	2026-08-29 00:14:55	1	NULL	0000-00-00 00:00:00	1	1	0	0	0	0	0	0	NULL	NO_REGISTERED_SESSION_SERVER_STOPPED
26809	Pance	415	RNDBOT490	1	9	5	0	1787955291	2026-08-29 00:14:51	1	NULL	0000-00-00 00:00:00	1	1	0	0	0	0	0	0	NULL	NO_REGISTERED_SESSION_SERVER_STOPPED
26810	Irerenna	415	RNDBOT490	1	3	4	0	1787955298	2026-08-29 00:14:58	1	NULL	0000-00-00 00:00:00	1	1	0	0	0	0	0	0	NULL	NO_REGISTERED_SESSION_SERVER_STOPPED
26811	Filandiir	415	RNDBOT490	1	1	4	0	1787955279	2026-08-29 00:14:39	1	NULL	0000-00-00 00:00:00	1	1	0	0	0	0	0	0	NULL	NO_REGISTERED_SESSION_SERVER_STOPPED
26812	Tallivand	415	RNDBOT490	1	1	10	0	1787955277	2026-08-29 00:14:37	1	NULL	0000-00-00 00:00:00	1	1	0	0	0	0	0	0	NULL	NO_REGISTERED_SESSION_SERVER_STOPPED
26813	Erinneri	328	RNDBOT491	1	5	10	0	1787955278	2026-08-29 00:14:38	1	NULL	0000-00-00 00:00:00	1	1	0	0	0	0	0	0	NULL	NO_REGISTERED_SESSION_SERVER_STOPPED
26814	Tavoris	328	RNDBOT491	1	3	4	0	1787955276	2026-08-29 00:14:36	1	NULL	0000-00-00 00:00:00	1	1	0	0	0	0	0	0	NULL	NO_REGISTERED_SESSION_SERVER_STOPPED
26815	Sollo	328	RNDBOT491	1	3	6	0	1787955281	2026-08-29 00:14:41	1	NULL	0000-00-00 00:00:00	1	1	0	0	0	0	0	0	NULL	NO_REGISTERED_SESSION_SERVER_STOPPED
26816	Dilena	328	RNDBOT491	1	3	10	0	1787955296	2026-08-29 00:14:56	1	NULL	0000-00-00 00:00:00	1	1	0	0	0	0	0	0	NULL	NO_REGISTERED_SESSION_SERVER_STOPPED
26817	Anderan	328	RNDBOT491	1	4	10	0	1787955290	2026-08-29 00:14:50	1	NULL	0000-00-00 00:00:00	1	1	0	0	0	0	0	0	NULL	NO_REGISTERED_SESSION_SERVER_STOPPED
26818	Kerna	328	RNDBOT491	1	1	10	0	1787955299	2026-08-29 00:14:59	1	NULL	0000-00-00 00:00:00	1	1	0	0	0	0	0	0	NULL	NO_REGISTERED_SESSION_SERVER_STOPPED
26819	Naria	328	RNDBOT491	1	1	10	0	1787955287	2026-08-29 00:14:47	1	NULL	0000-00-00 00:00:00	1	1	0	0	0	0	0	0	NULL	NO_REGISTERED_SESSION_SERVER_STOPPED
26820	Wihti	328	RNDBOT491	1	7	6	0	1787955282	2026-08-29 00:14:42	1	NULL	0000-00-00 00:00:00	1	1	0	0	0	0	0	0	NULL	NO_REGISTERED_SESSION_SERVER_STOPPED
26821	Adreni	328	RNDBOT491	1	5	10	0	1787955294	2026-08-29 00:14:54	1	NULL	0000-00-00 00:00:00	1	1	0	0	0	0	0	0	NULL	NO_REGISTERED_SESSION_SERVER_STOPPED
26822	Elliver	327	RNDBOT492	1	4	5	0	1787955299	2026-08-29 00:14:59	1	NULL	0000-00-00 00:00:00	0	1	0	0	0	0	0	0	NULL	NO_REGISTERED_SESSION_SERVER_STOPPED
26823	Elaro	327	RNDBOT492	1	2	1	0	1787955284	2026-08-29 00:14:44	1	NULL	0000-00-00 00:00:00	0	1	0	0	0	0	0	0	NULL	NO_REGISTERED_SESSION_SERVER_STOPPED
26824	Gloa	327	RNDBOT492	1	2	1	0	1787955281	2026-08-29 00:14:41	1	NULL	0000-00-00 00:00:00	0	1	0	0	0	0	0	0	NULL	NO_REGISTERED_SESSION_SERVER_STOPPED
26825	Arcano	327	RNDBOT492	1	1	1	0	1787955282	2026-08-29 00:14:42	1	NULL	0000-00-00 00:00:00	0	1	0	0	0	0	0	0	NULL	NO_REGISTERED_SESSION_SERVER_STOPPED
26826	Valani	327	RNDBOT492	1	4	9	0	1787955275	2026-08-29 00:14:35	1	NULL	0000-00-00 00:00:00	0	1	0	0	0	0	0	0	NULL	NO_REGISTERED_SESSION_SERVER_STOPPED
26827	Ugdesh	327	RNDBOT492	1	1	2	0	1787955276	2026-08-29 00:14:36	1	NULL	0000-00-00 00:00:00	0	1	0	0	0	0	0	0	NULL	NO_REGISTERED_SESSION_SERVER_STOPPED
26828	Pethea	327	RNDBOT492	1	9	9	0	1787955287	2026-08-29 00:14:47	1	NULL	0000-00-00 00:00:00	0	1	0	0	0	0	0	0	NULL	NO_REGISTERED_SESSION_SERVER_STOPPED
26829	Adorothea	327	RNDBOT492	1	3	10	0	1787955292	2026-08-29 00:14:52	1	NULL	0000-00-00 00:00:00	0	1	0	0	0	0	0	0	NULL	NO_REGISTERED_SESSION_SERVER_STOPPED
26830	Mashar	327	RNDBOT492	1	3	4	0	1787955287	2026-08-29 00:14:47	1	NULL	0000-00-00 00:00:00	0	1	0	0	0	0	0	0	NULL	NO_REGISTERED_SESSION_SERVER_STOPPED
26831	Euru	329	RNDBOT493	1	4	10	0	1787955283	2026-08-29 00:14:43	1	NULL	0000-00-00 00:00:00	0	1	0	0	0	0	0	0	NULL	NO_REGISTERED_SESSION_SERVER_STOPPED
26832	Astereno	329	RNDBOT493	1	1	9	0	1787955288	2026-08-29 00:14:48	1	NULL	0000-00-00 00:00:00	0	1	0	0	0	0	0	0	NULL	NO_REGISTERED_SESSION_SERVER_STOPPED
26833	Hjagdehm	329	RNDBOT493	1	2	3	0	1787955282	2026-08-29 00:14:42	1	NULL	0000-00-00 00:00:00	0	1	0	0	0	0	0	0	NULL	NO_REGISTERED_SESSION_SERVER_STOPPED
26834	Relina	329	RNDBOT493	1	2	10	0	1787955275	2026-08-29 00:14:35	1	NULL	0000-00-00 00:00:00	0	1	0	0	0	0	0	0	NULL	NO_REGISTERED_SESSION_SERVER_STOPPED
26835	Marana	329	RNDBOT493	1	1	10	0	1787955274	2026-08-29 00:14:34	1	NULL	0000-00-00 00:00:00	0	1	0	0	0	0	0	0	NULL	NO_REGISTERED_SESSION_SERVER_STOPPED
26836	Heodora	329	RNDBOT493	1	3	1	0	1787955299	2026-08-29 00:14:59	1	NULL	0000-00-00 00:00:00	0	1	0	0	0	0	0	0	NULL	NO_REGISTERED_SESSION_SERVER_STOPPED
26837	Ibrand	329	RNDBOT493	1	9	9	0	1787955284	2026-08-29 00:14:44	1	NULL	0000-00-00 00:00:00	0	1	0	0	0	0	0	0	NULL	NO_REGISTERED_SESSION_SERVER_STOPPED
26838	Wugikzan	329	RNDBOT493	1	8	8	0	1787955278	2026-08-29 00:14:38	1	NULL	0000-00-00 00:00:00	0	1	0	0	0	0	0	0	NULL	NO_REGISTERED_SESSION_SERVER_STOPPED
26839	Iluna	329	RNDBOT493	1	5	10	0	1787955275	2026-08-29 00:14:35	1	NULL	0000-00-00 00:00:00	0	1	0	0	0	0	0	0	NULL	NO_REGISTERED_SESSION_SERVER_STOPPED
26840	Nikanorton	416	RNDBOT494	1	4	10	0	1787955275	2026-08-29 00:14:35	1	NULL	0000-00-00 00:00:00	0	1	0	0	0	0	0	0	NULL	NO_REGISTERED_SESSION_SERVER_STOPPED
26841	Cereturas	416	RNDBOT494	1	3	4	0	1787955284	2026-08-29 00:14:44	1	NULL	0000-00-00 00:00:00	0	1	0	0	0	0	0	0	NULL	NO_REGISTERED_SESSION_SERVER_STOPPED
26842	Faradalos	416	RNDBOT494	1	3	9	0	1787955299	2026-08-29 00:14:59	1	NULL	0000-00-00 00:00:00	0	1	0	0	0	0	0	0	NULL	NO_REGISTERED_SESSION_SERVER_STOPPED
26843	Teros	416	RNDBOT494	1	1	4	0	1787955274	2026-08-29 00:14:34	1	NULL	0000-00-00 00:00:00	0	1	0	0	0	0	0	0	NULL	NO_REGISTERED_SESSION_SERVER_STOPPED
26844	Aenar	416	RNDBOT494	1	4	4	0	1787955272	2026-08-29 00:14:32	1	NULL	0000-00-00 00:00:00	0	1	0	0	0	0	0	0	NULL	NO_REGISTERED_SESSION_SERVER_STOPPED
26845	Brierek	416	RNDBOT494	1	9	9	0	1787955297	2026-08-29 00:14:57	1	NULL	0000-00-00 00:00:00	0	1	0	0	0	0	0	0	NULL	NO_REGISTERED_SESSION_SERVER_STOPPED
26846	Ancanden	416	RNDBOT494	1	8	9	0	1787955289	2026-08-29 00:14:49	1	NULL	0000-00-00 00:00:00	0	1	0	0	0	0	0	0	NULL	NO_REGISTERED_SESSION_SERVER_STOPPED
26847	Efarano	416	RNDBOT494	1	1	10	0	1787955285	2026-08-29 00:14:45	1	NULL	0000-00-00 00:00:00	0	1	0	0	0	0	0	0	NULL	NO_REGISTERED_SESSION_SERVER_STOPPED
26848	Rirn	416	RNDBOT494	1	1	2	0	1787955273	2026-08-29 00:14:33	1	NULL	0000-00-00 00:00:00	0	1	0	0	0	0	0	0	NULL	NO_REGISTERED_SESSION_SERVER_STOPPED
26849	Nerones	330	RNDBOT495	1	8	5	0	1787955292	2026-08-29 00:14:52	1	NULL	0000-00-00 00:00:00	1	1	0	0	0	0	0	0	NULL	NO_REGISTERED_SESSION_SERVER_STOPPED
26850	Ceylanna	330	RNDBOT495	1	2	10	0	1787955281	2026-08-29 00:14:41	1	NULL	0000-00-00 00:00:00	1	1	0	0	0	0	0	0	NULL	NO_REGISTERED_SESSION_SERVER_STOPPED
26851	Hamilo	330	RNDBOT495	1	8	10	0	1787955298	2026-08-29 00:14:58	1	NULL	0000-00-00 00:00:00	1	1	0	0	0	0	0	0	NULL	NO_REGISTERED_SESSION_SERVER_STOPPED
26852	Dramugs	330	RNDBOT495	1	1	3	0	1787955295	2026-08-29 00:14:55	1	NULL	0000-00-00 00:00:00	1	1	0	0	0	0	0	0	NULL	NO_REGISTERED_SESSION_SERVER_STOPPED
26853	Yreas	330	RNDBOT495	1	5	4	0	1787955290	2026-08-29 00:14:50	1	NULL	0000-00-00 00:00:00	1	1	0	0	0	0	0	0	NULL	NO_REGISTERED_SESSION_SERVER_STOPPED
26854	Sirien	330	RNDBOT495	1	8	1	0	1787955283	2026-08-29 00:14:43	1	NULL	0000-00-00 00:00:00	1	1	0	0	0	0	0	0	NULL	NO_REGISTERED_SESSION_SERVER_STOPPED
26855	Saedant	330	RNDBOT495	1	3	4	0	1787955273	2026-08-29 00:14:33	1	NULL	0000-00-00 00:00:00	1	1	0	0	0	0	0	0	NULL	NO_REGISTERED_SESSION_SERVER_STOPPED
26856	Egorin	330	RNDBOT495	1	3	9	0	1787955288	2026-08-29 00:14:48	1	NULL	0000-00-00 00:00:00	1	1	0	0	0	0	0	0	NULL	NO_REGISTERED_SESSION_SERVER_STOPPED
26857	Kaelarius	330	RNDBOT495	1	1	10	0	1787955291	2026-08-29 00:14:51	1	NULL	0000-00-00 00:00:00	1	1	0	0	0	0	0	0	NULL	NO_REGISTERED_SESSION_SERVER_STOPPED
26858	Kethae	460	RNDBOT496	1	3	4	0	1787955297	2026-08-29 00:14:57	1	NULL	0000-00-00 00:00:00	0	1	0	0	0	0	0	0	NULL	NO_REGISTERED_SESSION_SERVER_STOPPED
26859	Wute	460	RNDBOT496	1	11	6	0	1787955287	2026-08-29 00:14:47	1	NULL	0000-00-00 00:00:00	0	1	0	0	0	0	0	0	NULL	NO_REGISTERED_SESSION_SERVER_STOPPED
26860	Potelo	460	RNDBOT496	1	1	6	0	1787955278	2026-08-29 00:14:38	1	NULL	0000-00-00 00:00:00	0	1	0	0	0	0	0	0	NULL	NO_REGISTERED_SESSION_SERVER_STOPPED
26861	Domentin	460	RNDBOT496	1	5	10	0	1787955292	2026-08-29 00:14:52	1	NULL	0000-00-00 00:00:00	0	1	0	0	0	0	0	0	NULL	NO_REGISTERED_SESSION_SERVER_STOPPED
26862	Andeas	460	RNDBOT496	1	4	10	0	1787955286	2026-08-29 00:14:46	1	NULL	0000-00-00 00:00:00	0	1	0	0	0	0	0	0	NULL	NO_REGISTERED_SESSION_SERVER_STOPPED
26863	Ariano	460	RNDBOT496	1	9	1	0	1787955287	2026-08-29 00:14:47	1	NULL	0000-00-00 00:00:00	0	1	0	0	0	0	0	0	NULL	NO_REGISTERED_SESSION_SERVER_STOPPED
26864	Minadea	460	RNDBOT496	1	5	5	0	1787955286	2026-08-29 00:14:46	1	NULL	0000-00-00 00:00:00	0	1	0	0	0	0	0	0	NULL	NO_REGISTERED_SESSION_SERVER_STOPPED
26865	Ulus	460	RNDBOT496	1	1	3	0	1787955278	2026-08-29 00:14:38	1	NULL	0000-00-00 00:00:00	0	1	0	0	0	0	0	0	NULL	NO_REGISTERED_SESSION_SERVER_STOPPED
26866	Elard	460	RNDBOT496	1	1	10	0	1787955300	2026-08-29 00:15:00	1	NULL	0000-00-00 00:00:00	0	1	0	0	0	0	0	0	NULL	NO_REGISTERED_SESSION_SERVER_STOPPED
26867	Merlion	331	RNDBOT497	1	2	1	0	1787955295	2026-08-29 00:14:55	1	NULL	0000-00-00 00:00:00	0	1	0	0	0	0	0	0	NULL	NO_REGISTERED_SESSION_SERVER_STOPPED
26868	Piyu	331	RNDBOT497	1	7	6	0	1787955286	2026-08-29 00:14:46	1	NULL	0000-00-00 00:00:00	0	1	0	0	0	0	0	0	NULL	NO_REGISTERED_SESSION_SERVER_STOPPED
26869	Lucille	331	RNDBOT497	1	9	5	0	1787955282	2026-08-29 00:14:42	1	NULL	0000-00-00 00:00:00	0	1	0	0	0	0	0	0	NULL	NO_REGISTERED_SESSION_SERVER_STOPPED
26870	Vernon	331	RNDBOT497	1	2	10	0	1787955298	2026-08-29 00:14:58	1	NULL	0000-00-00 00:00:00	0	1	0	0	0	0	0	0	NULL	NO_REGISTERED_SESSION_SERVER_STOPPED
26871	Encabreec	331	RNDBOT497	1	9	7	0	1787955299	2026-08-29 00:14:59	1	NULL	0000-00-00 00:00:00	0	1	0	0	0	0	0	0	NULL	NO_REGISTERED_SESSION_SERVER_STOPPED
26872	Tumos	331	RNDBOT497	1	1	2	0	1787955285	2026-08-29 00:14:45	1	NULL	0000-00-00 00:00:00	0	1	0	0	0	0	0	0	NULL	NO_REGISTERED_SESSION_SERVER_STOPPED
26873	Vetta	331	RNDBOT497	1	4	10	0	1787955296	2026-08-29 00:14:56	1	NULL	0000-00-00 00:00:00	0	1	0	0	0	0	0	0	NULL	NO_REGISTERED_SESSION_SERVER_STOPPED
26874	Ninzu	331	RNDBOT497	1	8	8	0	1787955277	2026-08-29 00:14:37	1	NULL	0000-00-00 00:00:00	0	1	0	0	0	0	0	0	NULL	NO_REGISTERED_SESSION_SERVER_STOPPED
26875	Flaine	331	RNDBOT497	1	2	1	0	1787955293	2026-08-29 00:14:53	1	NULL	0000-00-00 00:00:00	0	1	0	0	0	0	0	0	NULL	NO_REGISTERED_SESSION_SERVER_STOPPED
26876	Amarku	482	RNDBOT498	1	9	2	0	1787955275	2026-08-29 00:14:35	1	NULL	0000-00-00 00:00:00	0	1	0	0	0	0	0	0	NULL	NO_REGISTERED_SESSION_SERVER_STOPPED
26877	Traszerl	482	RNDBOT498	1	1	2	0	1787955275	2026-08-29 00:14:35	1	NULL	0000-00-00 00:00:00	0	1	0	0	0	0	0	0	NULL	NO_REGISTERED_SESSION_SERVER_STOPPED
26878	Vitaria	482	RNDBOT498	1	1	4	0	1787955279	2026-08-29 00:14:39	1	NULL	0000-00-00 00:00:00	0	1	0	0	0	0	0	0	NULL	NO_REGISTERED_SESSION_SERVER_STOPPED
26879	Awassecha	482	RNDBOT498	1	7	6	0	1787955296	2026-08-29 00:14:56	1	NULL	0000-00-00 00:00:00	0	1	0	0	0	0	0	0	NULL	NO_REGISTERED_SESSION_SERVER_STOPPED
26880	Derollos	482	RNDBOT498	1	4	9	0	1787955298	2026-08-29 00:14:58	1	NULL	0000-00-00 00:00:00	0	1	0	0	0	0	0	0	NULL	NO_REGISTERED_SESSION_SERVER_STOPPED
26881	Ginne	482	RNDBOT498	1	8	9	0	1787955275	2026-08-29 00:14:35	1	NULL	0000-00-00 00:00:00	0	1	0	0	0	0	0	0	NULL	NO_REGISTERED_SESSION_SERVER_STOPPED
26882	Tahko	482	RNDBOT498	1	3	8	0	1787955300	2026-08-29 00:15:00	1	NULL	0000-00-00 00:00:00	0	1	0	0	0	0	0	0	NULL	NO_REGISTERED_SESSION_SERVER_STOPPED
26883	Pathera	482	RNDBOT498	1	9	1	0	1787955275	2026-08-29 00:14:35	1	NULL	0000-00-00 00:00:00	0	1	0	0	0	0	0	0	NULL	NO_REGISTERED_SESSION_SERVER_STOPPED
26884	Haeland	482	RNDBOT498	1	3	10	0	1787955284	2026-08-29 00:14:44	1	NULL	0000-00-00 00:00:00	0	1	0	0	0	0	0	0	NULL	NO_REGISTERED_SESSION_SERVER_STOPPED
26885	Idrirela	332	RNDBOT499	1	11	4	0	1787955276	2026-08-29 00:14:36	1	NULL	0000-00-00 00:00:00	0	1	0	0	0	0	0	0	NULL	NO_REGISTERED_SESSION_SERVER_STOPPED
26886	Laranesta	332	RNDBOT499	1	3	10	0	1787955294	2026-08-29 00:14:54	1	NULL	0000-00-00 00:00:00	0	1	0	0	0	0	0	0	NULL	NO_REGISTERED_SESSION_SERVER_STOPPED
26887	Eladoria	332	RNDBOT499	1	8	9	0	1787955295	2026-08-29 00:14:55	1	NULL	0000-00-00 00:00:00	0	1	0	0	0	0	0	0	NULL	NO_REGISTERED_SESSION_SERVER_STOPPED
26888	Kinerine	332	RNDBOT499	1	8	10	0	1787955278	2026-08-29 00:14:38	1	NULL	0000-00-00 00:00:00	0	1	0	0	0	0	0	0	NULL	NO_REGISTERED_SESSION_SERVER_STOPPED
26889	Zandelin	332	RNDBOT499	1	5	5	0	1787955281	2026-08-29 00:14:41	1	NULL	0000-00-00 00:00:00	0	1	0	0	0	0	0	0	NULL	NO_REGISTERED_SESSION_SERVER_STOPPED
26890	Brianno	332	RNDBOT499	1	8	9	0	1787955293	2026-08-29 00:14:53	1	NULL	0000-00-00 00:00:00	0	1	0	0	0	0	0	0	NULL	NO_REGISTERED_SESSION_SERVER_STOPPED
26891	Deleona	332	RNDBOT499	1	1	9	0	1787955294	2026-08-29 00:14:54	1	NULL	0000-00-00 00:00:00	0	1	0	0	0	0	0	0	NULL	NO_REGISTERED_SESSION_SERVER_STOPPED
26892	Berid	332	RNDBOT499	1	3	1	0	1787955286	2026-08-29 00:14:46	1	NULL	0000-00-00 00:00:00	0	1	0	0	0	0	0	0	NULL	NO_REGISTERED_SESSION_SERVER_STOPPED
26893	Avamara	332	RNDBOT499	1	4	4	0	1787955282	2026-08-29 00:14:42	1	NULL	0000-00-00 00:00:00	0	1	0	0	0	0	0	0	NULL	NO_REGISTERED_SESSION_SERVER_STOPPED
26903	Manwo	514	RNDBOT146	1	5	8	0	1788013411	2026-08-29 16:23:31	1	NULL	0000-00-00 00:00:00	0	1	0	0	0	0	0	0	NULL	NO_REGISTERED_SESSION_SERVER_STOPPED
26904	Giarah	514	RNDBOT146	1	3	10	0	1788013411	2026-08-29 16:23:31	1	NULL	0000-00-00 00:00:00	0	1	0	0	0	0	0	0	NULL	NO_REGISTERED_SESSION_SERVER_STOPPED
26905	Geronid	514	RNDBOT146	1	3	10	0	1788013411	2026-08-29 16:23:31	1	NULL	0000-00-00 00:00:00	0	1	0	0	0	0	0	0	NULL	NO_REGISTERED_SESSION_SERVER_STOPPED
26906	Powukoia	514	RNDBOT146	1	3	6	0	1788013411	2026-08-29 16:23:31	1	NULL	0000-00-00 00:00:00	0	1	0	0	0	0	0	0	NULL	NO_REGISTERED_SESSION_SERVER_STOPPED
26907	Ascari	514	RNDBOT146	1	4	9	0	1788013411	2026-08-29 16:23:31	1	NULL	0000-00-00 00:00:00	0	1	0	0	0	0	0	0	NULL	NO_REGISTERED_SESSION_SERVER_STOPPED
26908	Darcelie	514	RNDBOT146	1	9	9	0	1788013411	2026-08-29 16:23:31	1	NULL	0000-00-00 00:00:00	0	1	0	0	0	0	0	0	NULL	NO_REGISTERED_SESSION_SERVER_STOPPED
26909	Eleone	514	RNDBOT146	1	1	10	0	1788013411	2026-08-29 16:23:31	1	NULL	0000-00-00 00:00:00	0	1	0	0	0	0	0	0	NULL	NO_REGISTERED_SESSION_SERVER_STOPPED
26910	Mugsqu	514	RNDBOT146	1	11	6	0	1788013411	2026-08-29 16:23:31	1	NULL	0000-00-00 00:00:00	0	1	0	0	0	0	0	0	NULL	NO_REGISTERED_SESSION_SERVER_STOPPED
26911	Delri	514	RNDBOT146	1	11	4	0	1788013411	2026-08-29 16:23:31	1	NULL	0000-00-00 00:00:00	0	1	0	0	0	0	0	0	NULL	NO_REGISTERED_SESSION_SERVER_STOPPED
26912	Digu	515	RNDBOT209	1	1	2	0	1788013411	2026-08-29 16:23:31	1	NULL	0000-00-00 00:00:00	0	1	0	0	0	0	0	0	NULL	NO_REGISTERED_SESSION_SERVER_STOPPED
26913	Estorn	515	RNDBOT209	1	8	10	0	1788013411	2026-08-29 16:23:31	1	NULL	0000-00-00 00:00:00	0	1	0	0	0	0	0	0	NULL	NO_REGISTERED_SESSION_SERVER_STOPPED
26914	Oscaland	515	RNDBOT209	1	4	10	0	1788013411	2026-08-29 16:23:31	1	NULL	0000-00-00 00:00:00	0	1	0	0	0	0	0	0	NULL	NO_REGISTERED_SESSION_SERVER_STOPPED
26915	Throdutir	515	RNDBOT209	1	1	2	0	1788013411	2026-08-29 16:23:31	1	NULL	0000-00-00 00:00:00	0	1	0	0	0	0	0	0	NULL	NO_REGISTERED_SESSION_SERVER_STOPPED
26916	Fredario	515	RNDBOT209	1	9	9	0	1788013411	2026-08-29 16:23:31	1	NULL	0000-00-00 00:00:00	0	1	0	0	0	0	0	0	NULL	NO_REGISTERED_SESSION_SERVER_STOPPED
26917	Glorini	515	RNDBOT209	1	1	9	0	1788013411	2026-08-29 16:23:31	1	NULL	0000-00-00 00:00:00	0	1	0	0	0	0	0	0	NULL	NO_REGISTERED_SESSION_SERVER_STOPPED
26918	Erineta	515	RNDBOT209	1	8	5	0	1788013411	2026-08-29 16:23:31	1	NULL	0000-00-00 00:00:00	0	1	0	0	0	0	0	0	NULL	NO_REGISTERED_SESSION_SERVER_STOPPED
26919	Nolanko	515	RNDBOT209	1	5	5	0	1788013411	2026-08-29 16:23:31	1	NULL	0000-00-00 00:00:00	0	1	0	0	0	0	0	0	NULL	NO_REGISTERED_SESSION_SERVER_STOPPED
26920	Lotharad	515	RNDBOT209	1	8	9	0	1788013411	2026-08-29 16:23:31	1	NULL	0000-00-00 00:00:00	0	1	0	0	0	0	0	0	NULL	NO_REGISTERED_SESSION_SERVER_STOPPED
26921	Celesterie	516	RNDBOT284	1	3	1	0	1788013411	2026-08-29 16:23:31	1	NULL	0000-00-00 00:00:00	0	1	0	0	0	0	0	0	NULL	NO_REGISTERED_SESSION_SERVER_STOPPED
26922	Evenelor	516	RNDBOT284	1	11	4	0	1788013411	2026-08-29 16:23:31	1	NULL	0000-00-00 00:00:00	0	1	0	0	0	0	0	0	NULL	NO_REGISTERED_SESSION_SERVER_STOPPED
26923	Avahkada	516	RNDBOT284	1	11	6	0	1788013411	2026-08-29 16:23:31	1	NULL	0000-00-00 00:00:00	0	1	0	0	0	0	0	0	NULL	NO_REGISTERED_SESSION_SERVER_STOPPED
26924	Rainek	516	RNDBOT284	1	1	9	0	1788013411	2026-08-29 16:23:31	1	NULL	0000-00-00 00:00:00	0	1	0	0	0	0	0	0	NULL	NO_REGISTERED_SESSION_SERVER_STOPPED
26925	Elynas	516	RNDBOT284	1	3	4	0	1788013411	2026-08-29 16:23:31	1	NULL	0000-00-00 00:00:00	0	1	0	0	0	0	0	0	NULL	NO_REGISTERED_SESSION_SERVER_STOPPED
26926	Ireney	516	RNDBOT284	1	5	5	0	1788013411	2026-08-29 16:23:31	1	NULL	0000-00-00 00:00:00	0	1	0	0	0	0	0	0	NULL	NO_REGISTERED_SESSION_SERVER_STOPPED
26927	Titleenk	516	RNDBOT284	1	8	7	0	1788013411	2026-08-29 16:23:31	1	NULL	0000-00-00 00:00:00	0	1	0	0	0	0	0	0	NULL	NO_REGISTERED_SESSION_SERVER_STOPPED
26928	Ellah	516	RNDBOT284	1	9	9	0	1788013411	2026-08-29 16:23:31	1	NULL	0000-00-00 00:00:00	0	1	0	0	0	0	0	0	NULL	NO_REGISTERED_SESSION_SERVER_STOPPED
26929	Brymda	516	RNDBOT284	1	5	3	0	1788013411	2026-08-29 16:23:31	1	NULL	0000-00-00 00:00:00	0	1	0	0	0	0	0	0	NULL	NO_REGISTERED_SESSION_SERVER_STOPPED
26930	Talastio	517	RNDBOT460	1	4	5	0	1788013411	2026-08-29 16:23:31	1	NULL	0000-00-00 00:00:00	0	1	0	0	0	0	0	0	NULL	NO_REGISTERED_SESSION_SERVER_STOPPED
26931	Alerinne	517	RNDBOT460	1	8	1	0	1788013411	2026-08-29 16:23:31	1	NULL	0000-00-00 00:00:00	0	1	0	0	0	0	0	0	NULL	NO_REGISTERED_SESSION_SERVER_STOPPED
26932	Rapha	517	RNDBOT460	1	3	1	0	1788013411	2026-08-29 16:23:31	1	NULL	0000-00-00 00:00:00	0	1	0	0	0	0	0	0	NULL	NO_REGISTERED_SESSION_SERVER_STOPPED
26933	Gaberenz	517	RNDBOT460	1	3	1	0	1788013411	2026-08-29 16:23:31	1	NULL	0000-00-00 00:00:00	0	1	0	0	0	0	0	0	NULL	NO_REGISTERED_SESSION_SERVER_STOPPED
26934	Martho	517	RNDBOT460	1	4	5	0	1788013411	2026-08-29 16:23:31	1	NULL	0000-00-00 00:00:00	0	1	0	0	0	0	0	0	NULL	NO_REGISTERED_SESSION_SERVER_STOPPED
26935	Lanar	517	RNDBOT460	1	11	4	0	1788013411	2026-08-29 16:23:31	1	NULL	0000-00-00 00:00:00	0	1	0	0	0	0	0	0	NULL	NO_REGISTERED_SESSION_SERVER_STOPPED
26936	Sterenzo	517	RNDBOT460	1	1	1	0	1788013411	2026-08-29 16:23:31	1	NULL	0000-00-00 00:00:00	0	1	0	0	0	0	0	0	NULL	NO_REGISTERED_SESSION_SERVER_STOPPED
26937	Cily	517	RNDBOT460	1	8	10	0	1788013411	2026-08-29 16:23:31	1	NULL	0000-00-00 00:00:00	0	1	0	0	0	0	0	0	NULL	NO_REGISTERED_SESSION_SERVER_STOPPED
26938	Therette	517	RNDBOT460	1	2	10	0	1788013411	2026-08-29 16:23:31	1	NULL	0000-00-00 00:00:00	0	1	0	0	0	0	0	0	NULL	NO_REGISTERED_SESSION_SERVER_STOPPED
active_add_rows	active_add_distinct	active_rndbot	eligible_rndbot	total_rndbot_characters
0	0	0	0	4500
